/* ORIS:    130    Location: 1         Test Type: F2LREF     Test Num: 400-32           SQL Ord:    1 */ delete from camdecmpswks.TEST_SUMMARY where TEST_SUM_ID = 'MCCANX2FNC-2FB566F1BACA4A188DD3791B0DD165DA';
/* ORIS:    130    Location: 1         Test Type: F2LREF     Test Num: 400-32           SQL Ord:    2 */ insert into camdecmpswks.TEST_SUMMARY ( TEST_SUM_ID, MON_LOC_ID, TEST_TYPE_CD, TEST_NUM, MON_SYS_ID, COMPONENT_ID, GP_IND, TEST_REASON_CD, TEST_RESULT_CD, RPT_PERIOD_ID, BEGIN_DATE, BEGIN_HOUR, BEGIN_MIN, END_DATE, END_HOUR, END_MIN, SPAN_SCALE_CD, INJECTION_PROTOCOL_CD, TEST_COMMENT, TEST_DESCRIPTION, CALC_GP_IND, CALC_TEST_RESULT_CD, CALC_SPAN_VALUE, LAST_UPDATED, UPDATED_STATUS_FLG, NEEDS_EVAL_FLG, CHK_SESSION_ID, USERID, ADD_DATE, UPDATE_DATE ) values ( 'MCCANX2FNC-2FB566F1BACA4A188DD3791B0DD165DA', '127', 'F2LREF', '400-32', 'CAMD-11DDB6A1BF08462B8DA831906D598089', NULL, NULL, NULL, NULL, NULL, NULL, NULL, NULL, '2016-02-11', 11, 27, NULL, NULL, NULL, NULL, NULL, NULL, NULL, '2021-12-23 13:16:00', 'Y', 'N', 'CHV-SABER-636CB90749904B0D991DB0E42F97FB27', 'tcurtis', '2016-04-29 13:55:39', '2021-12-23 13:18:01' ) on conflict (TEST_SUM_ID) do update set MON_LOC_ID = EXCLUDED.MON_LOC_ID, TEST_TYPE_CD = EXCLUDED.TEST_TYPE_CD, TEST_NUM = EXCLUDED.TEST_NUM, MON_SYS_ID = EXCLUDED.MON_SYS_ID, COMPONENT_ID = EXCLUDED.COMPONENT_ID, GP_IND = EXCLUDED.GP_IND, TEST_REASON_CD = EXCLUDED.TEST_REASON_CD, TEST_RESULT_CD = EXCLUDED.TEST_RESULT_CD, RPT_PERIOD_ID = EXCLUDED.RPT_PERIOD_ID, BEGIN_DATE = EXCLUDED.BEGIN_DATE, BEGIN_HOUR = EXCLUDED.BEGIN_HOUR, BEGIN_MIN = EXCLUDED.BEGIN_MIN, END_DATE = EXCLUDED.END_DATE, END_HOUR = EXCLUDED.END_HOUR, END_MIN = EXCLUDED.END_MIN, SPAN_SCALE_CD = EXCLUDED.SPAN_SCALE_CD, INJECTION_PROTOCOL_CD = EXCLUDED.INJECTION_PROTOCOL_CD, TEST_COMMENT = EXCLUDED.TEST_COMMENT, TEST_DESCRIPTION = EXCLUDED.TEST_DESCRIPTION, CALC_GP_IND = EXCLUDED.CALC_GP_IND, CALC_TEST_RESULT_CD = EXCLUDED.CALC_TEST_RESULT_CD, CALC_SPAN_VALUE = EXCLUDED.CALC_SPAN_VALUE, LAST_UPDATED = EXCLUDED.LAST_UPDATED, UPDATED_STATUS_FLG = EXCLUDED.UPDATED_STATUS_FLG, NEEDS_EVAL_FLG = EXCLUDED.NEEDS_EVAL_FLG, CHK_SESSION_ID = EXCLUDED.CHK_SESSION_ID, USERID = EXCLUDED.USERID, ADD_DATE = EXCLUDED.ADD_DATE, UPDATE_DATE = EXCLUDED.UPDATE_DATE;
/* ORIS:    130    Location: 1         Test Type: F2LREF     Test Num: 400-32           SQL Ord:    6 */ insert into camdecmpswks.FLOW_TO_LOAD_REFERENCE ( FLOW_LOAD_REF_ID, TEST_SUM_ID, OP_LEVEL_CD, AVG_REF_METHOD_FLOW, CALC_AVG_REF_METHOD_FLOW, RATA_TEST_NUM, AVG_GROSS_UNIT_LOAD, CALC_AVG_GROSS_UNIT_LOAD, REF_FLOW_LOAD_RATIO, CALC_REF_FLOW_LOAD_RATIO, AVG_HRLY_HI_RATE, REF_GHR, CALC_REF_GHR, USERID, ADD_DATE, UPDATE_DATE, CALC_SEP_REF_IND ) values ( 'MCCANX2FNC-8A21B4240BB04889891B8E0162AAF6DC', 'MCCANX2FNC-2FB566F1BACA4A188DD3791B0DD165DA', 'H', 109775000, 109775000, '004-Q1-2016-001', 539, 539, NULL, 2.04, 100.0, 0, 186, 'tcurtis', '2016-04-29 13:55:39', '2021-12-23 13:18:01', NULL ) on conflict (FLOW_LOAD_REF_ID) do update set TEST_SUM_ID = EXCLUDED.TEST_SUM_ID, OP_LEVEL_CD = EXCLUDED.OP_LEVEL_CD, AVG_REF_METHOD_FLOW = EXCLUDED.AVG_REF_METHOD_FLOW, CALC_AVG_REF_METHOD_FLOW = EXCLUDED.CALC_AVG_REF_METHOD_FLOW, RATA_TEST_NUM = EXCLUDED.RATA_TEST_NUM, AVG_GROSS_UNIT_LOAD = EXCLUDED.AVG_GROSS_UNIT_LOAD, CALC_AVG_GROSS_UNIT_LOAD = EXCLUDED.CALC_AVG_GROSS_UNIT_LOAD, REF_FLOW_LOAD_RATIO = EXCLUDED.REF_FLOW_LOAD_RATIO, CALC_REF_FLOW_LOAD_RATIO = EXCLUDED.CALC_REF_FLOW_LOAD_RATIO, AVG_HRLY_HI_RATE = EXCLUDED.AVG_HRLY_HI_RATE, REF_GHR = EXCLUDED.REF_GHR, CALC_REF_GHR = EXCLUDED.CALC_REF_GHR, CALC_SEP_REF_IND = EXCLUDED.CALC_SEP_REF_IND, USERID = EXCLUDED.USERID, ADD_DATE = EXCLUDED.ADD_DATE, UPDATE_DATE = EXCLUDED.UPDATE_DATE;
/* ORIS:    130    Location: 1         Test Type: F2LREF     Test Num: 400-36           SQL Ord:    1 */ delete from camdecmpswks.TEST_SUMMARY where TEST_SUM_ID = 'MCCANX2FNC-51802DAB23C54B86A90276CF664A2225';
/* ORIS:    130    Location: 1         Test Type: F2LREF     Test Num: 400-36           SQL Ord:    2 */ insert into camdecmpswks.TEST_SUMMARY ( TEST_SUM_ID, MON_LOC_ID, TEST_TYPE_CD, TEST_NUM, MON_SYS_ID, COMPONENT_ID, GP_IND, TEST_REASON_CD, TEST_RESULT_CD, RPT_PERIOD_ID, BEGIN_DATE, BEGIN_HOUR, BEGIN_MIN, END_DATE, END_HOUR, END_MIN, SPAN_SCALE_CD, INJECTION_PROTOCOL_CD, TEST_COMMENT, TEST_DESCRIPTION, CALC_GP_IND, CALC_TEST_RESULT_CD, CALC_SPAN_VALUE, LAST_UPDATED, UPDATED_STATUS_FLG, NEEDS_EVAL_FLG, CHK_SESSION_ID, USERID, ADD_DATE, UPDATE_DATE ) values ( 'MCCANX2FNC-51802DAB23C54B86A90276CF664A2225', '127', 'F2LREF', '400-36', 'CAMD-11DDB6A1BF08462B8DA831906D598089', NULL, NULL, NULL, NULL, NULL, NULL, NULL, NULL, '2017-01-05', 6, 55, NULL, NULL, NULL, NULL, NULL, NULL, NULL, '2021-12-23 13:08:10', 'Y', 'N', 'CHV-SABER-C529986847754A4EBAEF3E932B8C695D', 'tcurtis', '2017-04-11 13:27:34', '2021-12-23 13:09:09' ) on conflict (TEST_SUM_ID) do update set MON_LOC_ID = EXCLUDED.MON_LOC_ID, TEST_TYPE_CD = EXCLUDED.TEST_TYPE_CD, TEST_NUM = EXCLUDED.TEST_NUM, MON_SYS_ID = EXCLUDED.MON_SYS_ID, COMPONENT_ID = EXCLUDED.COMPONENT_ID, GP_IND = EXCLUDED.GP_IND, TEST_REASON_CD = EXCLUDED.TEST_REASON_CD, TEST_RESULT_CD = EXCLUDED.TEST_RESULT_CD, RPT_PERIOD_ID = EXCLUDED.RPT_PERIOD_ID, BEGIN_DATE = EXCLUDED.BEGIN_DATE, BEGIN_HOUR = EXCLUDED.BEGIN_HOUR, BEGIN_MIN = EXCLUDED.BEGIN_MIN, END_DATE = EXCLUDED.END_DATE, END_HOUR = EXCLUDED.END_HOUR, END_MIN = EXCLUDED.END_MIN, SPAN_SCALE_CD = EXCLUDED.SPAN_SCALE_CD, INJECTION_PROTOCOL_CD = EXCLUDED.INJECTION_PROTOCOL_CD, TEST_COMMENT = EXCLUDED.TEST_COMMENT, TEST_DESCRIPTION = EXCLUDED.TEST_DESCRIPTION, CALC_GP_IND = EXCLUDED.CALC_GP_IND, CALC_TEST_RESULT_CD = EXCLUDED.CALC_TEST_RESULT_CD, CALC_SPAN_VALUE = EXCLUDED.CALC_SPAN_VALUE, LAST_UPDATED = EXCLUDED.LAST_UPDATED, UPDATED_STATUS_FLG = EXCLUDED.UPDATED_STATUS_FLG, NEEDS_EVAL_FLG = EXCLUDED.NEEDS_EVAL_FLG, CHK_SESSION_ID = EXCLUDED.CHK_SESSION_ID, USERID = EXCLUDED.USERID, ADD_DATE = EXCLUDED.ADD_DATE, UPDATE_DATE = EXCLUDED.UPDATE_DATE;
/* ORIS:    130    Location: 1         Test Type: F2LREF     Test Num: 400-36           SQL Ord:    6 */ insert into camdecmpswks.FLOW_TO_LOAD_REFERENCE ( FLOW_LOAD_REF_ID, TEST_SUM_ID, OP_LEVEL_CD, AVG_REF_METHOD_FLOW, CALC_AVG_REF_METHOD_FLOW, RATA_TEST_NUM, AVG_GROSS_UNIT_LOAD, CALC_AVG_GROSS_UNIT_LOAD, REF_FLOW_LOAD_RATIO, CALC_REF_FLOW_LOAD_RATIO, AVG_HRLY_HI_RATE, REF_GHR, CALC_REF_GHR, USERID, ADD_DATE, UPDATE_DATE, CALC_SEP_REF_IND ) values ( 'MCCANX2FNC-F68F1EE186CE4ADEA31CEF48458E27AE', 'MCCANX2FNC-51802DAB23C54B86A90276CF664A2225', 'H', 105011000, 105010667, '004-Q1-2017-001', NULL, 540, 1.94, NULL, NULL, NULL, NULL, 'tcurtis', '2017-04-11 13:27:34', '2021-12-23 13:09:09', NULL ) on conflict (FLOW_LOAD_REF_ID) do update set TEST_SUM_ID = EXCLUDED.TEST_SUM_ID, OP_LEVEL_CD = EXCLUDED.OP_LEVEL_CD, AVG_REF_METHOD_FLOW = EXCLUDED.AVG_REF_METHOD_FLOW, CALC_AVG_REF_METHOD_FLOW = EXCLUDED.CALC_AVG_REF_METHOD_FLOW, RATA_TEST_NUM = EXCLUDED.RATA_TEST_NUM, AVG_GROSS_UNIT_LOAD = EXCLUDED.AVG_GROSS_UNIT_LOAD, CALC_AVG_GROSS_UNIT_LOAD = EXCLUDED.CALC_AVG_GROSS_UNIT_LOAD, REF_FLOW_LOAD_RATIO = EXCLUDED.REF_FLOW_LOAD_RATIO, CALC_REF_FLOW_LOAD_RATIO = EXCLUDED.CALC_REF_FLOW_LOAD_RATIO, AVG_HRLY_HI_RATE = EXCLUDED.AVG_HRLY_HI_RATE, REF_GHR = EXCLUDED.REF_GHR, CALC_REF_GHR = EXCLUDED.CALC_REF_GHR, CALC_SEP_REF_IND = EXCLUDED.CALC_SEP_REF_IND, USERID = EXCLUDED.USERID, ADD_DATE = EXCLUDED.ADD_DATE, UPDATE_DATE = EXCLUDED.UPDATE_DATE;
/* ORIS:    130    Location: 1         Test Type: F2LREF     Test Num: 400-38           SQL Ord:    1 */ delete from camdecmpswks.TEST_SUMMARY where TEST_SUM_ID = 'MCCANX2FNC-B92A6FE61C614E31B40ACCF8C75FA092';
/* ORIS:    130    Location: 1         Test Type: F2LREF     Test Num: 400-38           SQL Ord:    2 */ insert into camdecmpswks.TEST_SUMMARY ( TEST_SUM_ID, MON_LOC_ID, TEST_TYPE_CD, TEST_NUM, MON_SYS_ID, COMPONENT_ID, GP_IND, TEST_REASON_CD, TEST_RESULT_CD, RPT_PERIOD_ID, BEGIN_DATE, BEGIN_HOUR, BEGIN_MIN, END_DATE, END_HOUR, END_MIN, SPAN_SCALE_CD, INJECTION_PROTOCOL_CD, TEST_COMMENT, TEST_DESCRIPTION, CALC_GP_IND, CALC_TEST_RESULT_CD, CALC_SPAN_VALUE, LAST_UPDATED, UPDATED_STATUS_FLG, NEEDS_EVAL_FLG, CHK_SESSION_ID, USERID, ADD_DATE, UPDATE_DATE ) values ( 'MCCANX2FNC-B92A6FE61C614E31B40ACCF8C75FA092', '127', 'F2LREF', '400-38', 'CAMD-11DDB6A1BF08462B8DA831906D598089', NULL, NULL, NULL, NULL, NULL, NULL, NULL, NULL, '2017-01-04', 14, 24, NULL, NULL, NULL, NULL, NULL, NULL, NULL, '2021-12-23 13:10:36', 'Y', 'N', 'CHV-SABER-1DE50893ED9A462EA213F837A704B3F0', 'tcurtis', '2017-04-11 13:27:40', '2021-12-23 13:11:45' ) on conflict (TEST_SUM_ID) do update set MON_LOC_ID = EXCLUDED.MON_LOC_ID, TEST_TYPE_CD = EXCLUDED.TEST_TYPE_CD, TEST_NUM = EXCLUDED.TEST_NUM, MON_SYS_ID = EXCLUDED.MON_SYS_ID, COMPONENT_ID = EXCLUDED.COMPONENT_ID, GP_IND = EXCLUDED.GP_IND, TEST_REASON_CD = EXCLUDED.TEST_REASON_CD, TEST_RESULT_CD = EXCLUDED.TEST_RESULT_CD, RPT_PERIOD_ID = EXCLUDED.RPT_PERIOD_ID, BEGIN_DATE = EXCLUDED.BEGIN_DATE, BEGIN_HOUR = EXCLUDED.BEGIN_HOUR, BEGIN_MIN = EXCLUDED.BEGIN_MIN, END_DATE = EXCLUDED.END_DATE, END_HOUR = EXCLUDED.END_HOUR, END_MIN = EXCLUDED.END_MIN, SPAN_SCALE_CD = EXCLUDED.SPAN_SCALE_CD, INJECTION_PROTOCOL_CD = EXCLUDED.INJECTION_PROTOCOL_CD, TEST_COMMENT = EXCLUDED.TEST_COMMENT, TEST_DESCRIPTION = EXCLUDED.TEST_DESCRIPTION, CALC_GP_IND = EXCLUDED.CALC_GP_IND, CALC_TEST_RESULT_CD = EXCLUDED.CALC_TEST_RESULT_CD, CALC_SPAN_VALUE = EXCLUDED.CALC_SPAN_VALUE, LAST_UPDATED = EXCLUDED.LAST_UPDATED, UPDATED_STATUS_FLG = EXCLUDED.UPDATED_STATUS_FLG, NEEDS_EVAL_FLG = EXCLUDED.NEEDS_EVAL_FLG, CHK_SESSION_ID = EXCLUDED.CHK_SESSION_ID, USERID = EXCLUDED.USERID, ADD_DATE = EXCLUDED.ADD_DATE, UPDATE_DATE = EXCLUDED.UPDATE_DATE;
/* ORIS:    130    Location: 1         Test Type: F2LREF     Test Num: 400-38           SQL Ord:    6 */ insert into camdecmpswks.FLOW_TO_LOAD_REFERENCE ( FLOW_LOAD_REF_ID, TEST_SUM_ID, OP_LEVEL_CD, AVG_REF_METHOD_FLOW, CALC_AVG_REF_METHOD_FLOW, RATA_TEST_NUM, AVG_GROSS_UNIT_LOAD, CALC_AVG_GROSS_UNIT_LOAD, REF_FLOW_LOAD_RATIO, CALC_REF_FLOW_LOAD_RATIO, AVG_HRLY_HI_RATE, REF_GHR, CALC_REF_GHR, USERID, ADD_DATE, UPDATE_DATE, CALC_SEP_REF_IND ) values ( 'MCCANX2FNC-01FC5AFECC9A473A83884E83ADB08082', 'MCCANX2FNC-B92A6FE61C614E31B40ACCF8C75FA092', 'L', 83896000, 83895556, '004-Q1-2017-001', 313, 312, 0.00, 2.68, NULL, NULL, NULL, 'tcurtis', '2017-04-11 13:27:40', '2021-12-23 13:11:45', NULL ) on conflict (FLOW_LOAD_REF_ID) do update set TEST_SUM_ID = EXCLUDED.TEST_SUM_ID, OP_LEVEL_CD = EXCLUDED.OP_LEVEL_CD, AVG_REF_METHOD_FLOW = EXCLUDED.AVG_REF_METHOD_FLOW, CALC_AVG_REF_METHOD_FLOW = EXCLUDED.CALC_AVG_REF_METHOD_FLOW, RATA_TEST_NUM = EXCLUDED.RATA_TEST_NUM, AVG_GROSS_UNIT_LOAD = EXCLUDED.AVG_GROSS_UNIT_LOAD, CALC_AVG_GROSS_UNIT_LOAD = EXCLUDED.CALC_AVG_GROSS_UNIT_LOAD, REF_FLOW_LOAD_RATIO = EXCLUDED.REF_FLOW_LOAD_RATIO, CALC_REF_FLOW_LOAD_RATIO = EXCLUDED.CALC_REF_FLOW_LOAD_RATIO, AVG_HRLY_HI_RATE = EXCLUDED.AVG_HRLY_HI_RATE, REF_GHR = EXCLUDED.REF_GHR, CALC_REF_GHR = EXCLUDED.CALC_REF_GHR, CALC_SEP_REF_IND = EXCLUDED.CALC_SEP_REF_IND, USERID = EXCLUDED.USERID, ADD_DATE = EXCLUDED.ADD_DATE, UPDATE_DATE = EXCLUDED.UPDATE_DATE;
/* ORIS:    130    Location: 1         Test Type: F2LREF     Test Num: 400-44           SQL Ord:    1 */ delete from camdecmpswks.TEST_SUMMARY where TEST_SUM_ID = 'MCCANX2FNC-4E5BF3CD209C475ABDE479609ED7D73C';
/* ORIS:    130    Location: 1         Test Type: F2LREF     Test Num: 400-44           SQL Ord:    2 */ insert into camdecmpswks.TEST_SUMMARY ( TEST_SUM_ID, MON_LOC_ID, TEST_TYPE_CD, TEST_NUM, MON_SYS_ID, COMPONENT_ID, GP_IND, TEST_REASON_CD, TEST_RESULT_CD, RPT_PERIOD_ID, BEGIN_DATE, BEGIN_HOUR, BEGIN_MIN, END_DATE, END_HOUR, END_MIN, SPAN_SCALE_CD, INJECTION_PROTOCOL_CD, TEST_COMMENT, TEST_DESCRIPTION, CALC_GP_IND, CALC_TEST_RESULT_CD, CALC_SPAN_VALUE, LAST_UPDATED, UPDATED_STATUS_FLG, NEEDS_EVAL_FLG, CHK_SESSION_ID, USERID, ADD_DATE, UPDATE_DATE ) values ( 'MCCANX2FNC-4E5BF3CD209C475ABDE479609ED7D73C', '127', 'F2LREF', '400-44', 'CAMD-11DDB6A1BF08462B8DA831906D598089', NULL, NULL, NULL, NULL, NULL, NULL, NULL, NULL, '2018-03-27', 8, 50, NULL, NULL, NULL, NULL, NULL, NULL, NULL, '2021-12-23 11:19:02', 'Y', 'N', 'CHV-SABER-84627F1DD979484CBBAB7FB29C431449', 'tcurtis', '2018-04-25 11:41:42', '2021-12-23 12:54:16' ) on conflict (TEST_SUM_ID) do update set MON_LOC_ID = EXCLUDED.MON_LOC_ID, TEST_TYPE_CD = EXCLUDED.TEST_TYPE_CD, TEST_NUM = EXCLUDED.TEST_NUM, MON_SYS_ID = EXCLUDED.MON_SYS_ID, COMPONENT_ID = EXCLUDED.COMPONENT_ID, GP_IND = EXCLUDED.GP_IND, TEST_REASON_CD = EXCLUDED.TEST_REASON_CD, TEST_RESULT_CD = EXCLUDED.TEST_RESULT_CD, RPT_PERIOD_ID = EXCLUDED.RPT_PERIOD_ID, BEGIN_DATE = EXCLUDED.BEGIN_DATE, BEGIN_HOUR = EXCLUDED.BEGIN_HOUR, BEGIN_MIN = EXCLUDED.BEGIN_MIN, END_DATE = EXCLUDED.END_DATE, END_HOUR = EXCLUDED.END_HOUR, END_MIN = EXCLUDED.END_MIN, SPAN_SCALE_CD = EXCLUDED.SPAN_SCALE_CD, INJECTION_PROTOCOL_CD = EXCLUDED.INJECTION_PROTOCOL_CD, TEST_COMMENT = EXCLUDED.TEST_COMMENT, TEST_DESCRIPTION = EXCLUDED.TEST_DESCRIPTION, CALC_GP_IND = EXCLUDED.CALC_GP_IND, CALC_TEST_RESULT_CD = EXCLUDED.CALC_TEST_RESULT_CD, CALC_SPAN_VALUE = EXCLUDED.CALC_SPAN_VALUE, LAST_UPDATED = EXCLUDED.LAST_UPDATED, UPDATED_STATUS_FLG = EXCLUDED.UPDATED_STATUS_FLG, NEEDS_EVAL_FLG = EXCLUDED.NEEDS_EVAL_FLG, CHK_SESSION_ID = EXCLUDED.CHK_SESSION_ID, USERID = EXCLUDED.USERID, ADD_DATE = EXCLUDED.ADD_DATE, UPDATE_DATE = EXCLUDED.UPDATE_DATE;
/* ORIS:    130    Location: 1         Test Type: F2LREF     Test Num: 400-44           SQL Ord:    6 */ insert into camdecmpswks.FLOW_TO_LOAD_REFERENCE ( FLOW_LOAD_REF_ID, TEST_SUM_ID, OP_LEVEL_CD, AVG_REF_METHOD_FLOW, CALC_AVG_REF_METHOD_FLOW, RATA_TEST_NUM, AVG_GROSS_UNIT_LOAD, CALC_AVG_GROSS_UNIT_LOAD, REF_FLOW_LOAD_RATIO, CALC_REF_FLOW_LOAD_RATIO, AVG_HRLY_HI_RATE, REF_GHR, CALC_REF_GHR, USERID, ADD_DATE, UPDATE_DATE, CALC_SEP_REF_IND ) values ( 'MCCANX2FNC-128C9A9C063A45FAB4C02818D64B9615', 'MCCANX2FNC-4E5BF3CD209C475ABDE479609ED7D73C', 'H', 108088000, NULL, '004-Q1-2018-002', 531, NULL, 2.04, 2.04, NULL, NULL, NULL, 'tcurtis', '2018-04-25 11:41:42', '2021-12-23 12:54:16', NULL ) on conflict (FLOW_LOAD_REF_ID) do update set TEST_SUM_ID = EXCLUDED.TEST_SUM_ID, OP_LEVEL_CD = EXCLUDED.OP_LEVEL_CD, AVG_REF_METHOD_FLOW = EXCLUDED.AVG_REF_METHOD_FLOW, CALC_AVG_REF_METHOD_FLOW = EXCLUDED.CALC_AVG_REF_METHOD_FLOW, RATA_TEST_NUM = EXCLUDED.RATA_TEST_NUM, AVG_GROSS_UNIT_LOAD = EXCLUDED.AVG_GROSS_UNIT_LOAD, CALC_AVG_GROSS_UNIT_LOAD = EXCLUDED.CALC_AVG_GROSS_UNIT_LOAD, REF_FLOW_LOAD_RATIO = EXCLUDED.REF_FLOW_LOAD_RATIO, CALC_REF_FLOW_LOAD_RATIO = EXCLUDED.CALC_REF_FLOW_LOAD_RATIO, AVG_HRLY_HI_RATE = EXCLUDED.AVG_HRLY_HI_RATE, REF_GHR = EXCLUDED.REF_GHR, CALC_REF_GHR = EXCLUDED.CALC_REF_GHR, CALC_SEP_REF_IND = EXCLUDED.CALC_SEP_REF_IND, USERID = EXCLUDED.USERID, ADD_DATE = EXCLUDED.ADD_DATE, UPDATE_DATE = EXCLUDED.UPDATE_DATE;
/* ORIS:    130    Location: 1         Test Type: F2LREF     Test Num: 400-45           SQL Ord:    1 */ delete from camdecmpswks.TEST_SUMMARY where TEST_SUM_ID = 'MCCANX2FNC-D29F19F75A74438FBAA76B1D8A930364';
/* ORIS:    130    Location: 1         Test Type: F2LREF     Test Num: 400-45           SQL Ord:    2 */ insert into camdecmpswks.TEST_SUMMARY ( TEST_SUM_ID, MON_LOC_ID, TEST_TYPE_CD, TEST_NUM, MON_SYS_ID, COMPONENT_ID, GP_IND, TEST_REASON_CD, TEST_RESULT_CD, RPT_PERIOD_ID, BEGIN_DATE, BEGIN_HOUR, BEGIN_MIN, END_DATE, END_HOUR, END_MIN, SPAN_SCALE_CD, INJECTION_PROTOCOL_CD, TEST_COMMENT, TEST_DESCRIPTION, CALC_GP_IND, CALC_TEST_RESULT_CD, CALC_SPAN_VALUE, LAST_UPDATED, UPDATED_STATUS_FLG, NEEDS_EVAL_FLG, CHK_SESSION_ID, USERID, ADD_DATE, UPDATE_DATE ) values ( 'MCCANX2FNC-D29F19F75A74438FBAA76B1D8A930364', '127', 'F2LREF', '400-45', 'CAMD-11DDB6A1BF08462B8DA831906D598089', NULL, NULL, NULL, NULL, NULL, NULL, NULL, NULL, '2018-03-26', 14, 59, NULL, NULL, NULL, NULL, NULL, NULL, NULL, '2021-12-23 13:05:32', 'Y', 'N', 'CHV-SABER-05A1CD2CB6124037B20F50423B6593DD', 'tcurtis', '2018-04-25 11:41:42', '2021-12-23 13:06:36' ) on conflict (TEST_SUM_ID) do update set MON_LOC_ID = EXCLUDED.MON_LOC_ID, TEST_TYPE_CD = EXCLUDED.TEST_TYPE_CD, TEST_NUM = EXCLUDED.TEST_NUM, MON_SYS_ID = EXCLUDED.MON_SYS_ID, COMPONENT_ID = EXCLUDED.COMPONENT_ID, GP_IND = EXCLUDED.GP_IND, TEST_REASON_CD = EXCLUDED.TEST_REASON_CD, TEST_RESULT_CD = EXCLUDED.TEST_RESULT_CD, RPT_PERIOD_ID = EXCLUDED.RPT_PERIOD_ID, BEGIN_DATE = EXCLUDED.BEGIN_DATE, BEGIN_HOUR = EXCLUDED.BEGIN_HOUR, BEGIN_MIN = EXCLUDED.BEGIN_MIN, END_DATE = EXCLUDED.END_DATE, END_HOUR = EXCLUDED.END_HOUR, END_MIN = EXCLUDED.END_MIN, SPAN_SCALE_CD = EXCLUDED.SPAN_SCALE_CD, INJECTION_PROTOCOL_CD = EXCLUDED.INJECTION_PROTOCOL_CD, TEST_COMMENT = EXCLUDED.TEST_COMMENT, TEST_DESCRIPTION = EXCLUDED.TEST_DESCRIPTION, CALC_GP_IND = EXCLUDED.CALC_GP_IND, CALC_TEST_RESULT_CD = EXCLUDED.CALC_TEST_RESULT_CD, CALC_SPAN_VALUE = EXCLUDED.CALC_SPAN_VALUE, LAST_UPDATED = EXCLUDED.LAST_UPDATED, UPDATED_STATUS_FLG = EXCLUDED.UPDATED_STATUS_FLG, NEEDS_EVAL_FLG = EXCLUDED.NEEDS_EVAL_FLG, CHK_SESSION_ID = EXCLUDED.CHK_SESSION_ID, USERID = EXCLUDED.USERID, ADD_DATE = EXCLUDED.ADD_DATE, UPDATE_DATE = EXCLUDED.UPDATE_DATE;
/* ORIS:    130    Location: 1         Test Type: F2LREF     Test Num: 400-45           SQL Ord:    6 */ insert into camdecmpswks.FLOW_TO_LOAD_REFERENCE ( FLOW_LOAD_REF_ID, TEST_SUM_ID, OP_LEVEL_CD, AVG_REF_METHOD_FLOW, CALC_AVG_REF_METHOD_FLOW, RATA_TEST_NUM, AVG_GROSS_UNIT_LOAD, CALC_AVG_GROSS_UNIT_LOAD, REF_FLOW_LOAD_RATIO, CALC_REF_FLOW_LOAD_RATIO, AVG_HRLY_HI_RATE, REF_GHR, CALC_REF_GHR, USERID, ADD_DATE, UPDATE_DATE, CALC_SEP_REF_IND ) values ( 'MCCANX2FNC-E8091D0BADF94138BA7419950C07303B', 'MCCANX2FNC-D29F19F75A74438FBAA76B1D8A930364', 'L', NULL, 89933000, '004-Q1-2018-002', 361, 360, 2.49, NULL, NULL, NULL, NULL, 'tcurtis', '2018-04-25 11:41:42', '2021-12-23 13:06:36', NULL ) on conflict (FLOW_LOAD_REF_ID) do update set TEST_SUM_ID = EXCLUDED.TEST_SUM_ID, OP_LEVEL_CD = EXCLUDED.OP_LEVEL_CD, AVG_REF_METHOD_FLOW = EXCLUDED.AVG_REF_METHOD_FLOW, CALC_AVG_REF_METHOD_FLOW = EXCLUDED.CALC_AVG_REF_METHOD_FLOW, RATA_TEST_NUM = EXCLUDED.RATA_TEST_NUM, AVG_GROSS_UNIT_LOAD = EXCLUDED.AVG_GROSS_UNIT_LOAD, CALC_AVG_GROSS_UNIT_LOAD = EXCLUDED.CALC_AVG_GROSS_UNIT_LOAD, REF_FLOW_LOAD_RATIO = EXCLUDED.REF_FLOW_LOAD_RATIO, CALC_REF_FLOW_LOAD_RATIO = EXCLUDED.CALC_REF_FLOW_LOAD_RATIO, AVG_HRLY_HI_RATE = EXCLUDED.AVG_HRLY_HI_RATE, REF_GHR = EXCLUDED.REF_GHR, CALC_REF_GHR = EXCLUDED.CALC_REF_GHR, CALC_SEP_REF_IND = EXCLUDED.CALC_SEP_REF_IND, USERID = EXCLUDED.USERID, ADD_DATE = EXCLUDED.ADD_DATE, UPDATE_DATE = EXCLUDED.UPDATE_DATE;
/* ORIS:    130    Location: 1         Test Type: F2LREF     Test Num: 400-52           SQL Ord:    1 */ delete from camdecmpswks.TEST_SUMMARY where TEST_SUM_ID = 'MCA2F23LHK-CC8627FD01594CE482B5AD750A1CD844';
/* ORIS:    130    Location: 1         Test Type: F2LREF     Test Num: 400-52           SQL Ord:    2 */ insert into camdecmpswks.TEST_SUMMARY ( TEST_SUM_ID, MON_LOC_ID, TEST_TYPE_CD, TEST_NUM, MON_SYS_ID, COMPONENT_ID, GP_IND, TEST_REASON_CD, TEST_RESULT_CD, RPT_PERIOD_ID, BEGIN_DATE, BEGIN_HOUR, BEGIN_MIN, END_DATE, END_HOUR, END_MIN, SPAN_SCALE_CD, INJECTION_PROTOCOL_CD, TEST_COMMENT, TEST_DESCRIPTION, CALC_GP_IND, CALC_TEST_RESULT_CD, CALC_SPAN_VALUE, LAST_UPDATED, UPDATED_STATUS_FLG, NEEDS_EVAL_FLG, CHK_SESSION_ID, USERID, ADD_DATE, UPDATE_DATE ) values ( 'MCA2F23LHK-CC8627FD01594CE482B5AD750A1CD844', '127', 'F2LREF', '400-52', 'CAMD-11DDB6A1BF08462B8DA831906D598089', NULL, NULL, NULL, NULL, NULL, NULL, NULL, NULL, '2019-01-30', 10, 9, NULL, NULL, NULL, NULL, NULL, NULL, NULL, '2021-12-23 11:13:50', 'Y', 'N', 'CHV-SABER-56F863BA4BEE44A78FF82917BFAF6C17', 'tcurtis', '2019-04-22 10:34:13', '2021-12-23 12:53:35' ) on conflict (TEST_SUM_ID) do update set MON_LOC_ID = EXCLUDED.MON_LOC_ID, TEST_TYPE_CD = EXCLUDED.TEST_TYPE_CD, TEST_NUM = EXCLUDED.TEST_NUM, MON_SYS_ID = EXCLUDED.MON_SYS_ID, COMPONENT_ID = EXCLUDED.COMPONENT_ID, GP_IND = EXCLUDED.GP_IND, TEST_REASON_CD = EXCLUDED.TEST_REASON_CD, TEST_RESULT_CD = EXCLUDED.TEST_RESULT_CD, RPT_PERIOD_ID = EXCLUDED.RPT_PERIOD_ID, BEGIN_DATE = EXCLUDED.BEGIN_DATE, BEGIN_HOUR = EXCLUDED.BEGIN_HOUR, BEGIN_MIN = EXCLUDED.BEGIN_MIN, END_DATE = EXCLUDED.END_DATE, END_HOUR = EXCLUDED.END_HOUR, END_MIN = EXCLUDED.END_MIN, SPAN_SCALE_CD = EXCLUDED.SPAN_SCALE_CD, INJECTION_PROTOCOL_CD = EXCLUDED.INJECTION_PROTOCOL_CD, TEST_COMMENT = EXCLUDED.TEST_COMMENT, TEST_DESCRIPTION = EXCLUDED.TEST_DESCRIPTION, CALC_GP_IND = EXCLUDED.CALC_GP_IND, CALC_TEST_RESULT_CD = EXCLUDED.CALC_TEST_RESULT_CD, CALC_SPAN_VALUE = EXCLUDED.CALC_SPAN_VALUE, LAST_UPDATED = EXCLUDED.LAST_UPDATED, UPDATED_STATUS_FLG = EXCLUDED.UPDATED_STATUS_FLG, NEEDS_EVAL_FLG = EXCLUDED.NEEDS_EVAL_FLG, CHK_SESSION_ID = EXCLUDED.CHK_SESSION_ID, USERID = EXCLUDED.USERID, ADD_DATE = EXCLUDED.ADD_DATE, UPDATE_DATE = EXCLUDED.UPDATE_DATE;
/* ORIS:    130    Location: 1         Test Type: F2LREF     Test Num: 400-52           SQL Ord:    6 */ insert into camdecmpswks.FLOW_TO_LOAD_REFERENCE ( FLOW_LOAD_REF_ID, TEST_SUM_ID, OP_LEVEL_CD, AVG_REF_METHOD_FLOW, CALC_AVG_REF_METHOD_FLOW, RATA_TEST_NUM, AVG_GROSS_UNIT_LOAD, CALC_AVG_GROSS_UNIT_LOAD, REF_FLOW_LOAD_RATIO, CALC_REF_FLOW_LOAD_RATIO, AVG_HRLY_HI_RATE, REF_GHR, CALC_REF_GHR, USERID, ADD_DATE, UPDATE_DATE, CALC_SEP_REF_IND ) values ( 'MCA2F23LHK-24A88D8A9C364FBAB0777406DC2A7E78', 'MCA2F23LHK-CC8627FD01594CE482B5AD750A1CD844', 'H', 108016000, 108015778, '004-Q1-2019-001', 543, 543, 1.99, 1.99, NULL, NULL, NULL, 'tcurtis', '2019-04-22 10:34:13', '2021-12-23 12:53:35', 1 ) on conflict (FLOW_LOAD_REF_ID) do update set TEST_SUM_ID = EXCLUDED.TEST_SUM_ID, OP_LEVEL_CD = EXCLUDED.OP_LEVEL_CD, AVG_REF_METHOD_FLOW = EXCLUDED.AVG_REF_METHOD_FLOW, CALC_AVG_REF_METHOD_FLOW = EXCLUDED.CALC_AVG_REF_METHOD_FLOW, RATA_TEST_NUM = EXCLUDED.RATA_TEST_NUM, AVG_GROSS_UNIT_LOAD = EXCLUDED.AVG_GROSS_UNIT_LOAD, CALC_AVG_GROSS_UNIT_LOAD = EXCLUDED.CALC_AVG_GROSS_UNIT_LOAD, REF_FLOW_LOAD_RATIO = EXCLUDED.REF_FLOW_LOAD_RATIO, CALC_REF_FLOW_LOAD_RATIO = EXCLUDED.CALC_REF_FLOW_LOAD_RATIO, AVG_HRLY_HI_RATE = EXCLUDED.AVG_HRLY_HI_RATE, REF_GHR = EXCLUDED.REF_GHR, CALC_REF_GHR = EXCLUDED.CALC_REF_GHR, CALC_SEP_REF_IND = EXCLUDED.CALC_SEP_REF_IND, USERID = EXCLUDED.USERID, ADD_DATE = EXCLUDED.ADD_DATE, UPDATE_DATE = EXCLUDED.UPDATE_DATE;
/* ORIS:    130    Location: 1         Test Type: F2LREF     Test Num: 400-53           SQL Ord:    1 */ delete from camdecmpswks.TEST_SUMMARY where TEST_SUM_ID = 'MCA2F23LHK-9C9E8019A3044880AFBBA14EA7BC1E6E';
/* ORIS:    130    Location: 1         Test Type: F2LREF     Test Num: 400-53           SQL Ord:    2 */ insert into camdecmpswks.TEST_SUMMARY ( TEST_SUM_ID, MON_LOC_ID, TEST_TYPE_CD, TEST_NUM, MON_SYS_ID, COMPONENT_ID, GP_IND, TEST_REASON_CD, TEST_RESULT_CD, RPT_PERIOD_ID, BEGIN_DATE, BEGIN_HOUR, BEGIN_MIN, END_DATE, END_HOUR, END_MIN, SPAN_SCALE_CD, INJECTION_PROTOCOL_CD, TEST_COMMENT, TEST_DESCRIPTION, CALC_GP_IND, CALC_TEST_RESULT_CD, CALC_SPAN_VALUE, LAST_UPDATED, UPDATED_STATUS_FLG, NEEDS_EVAL_FLG, CHK_SESSION_ID, USERID, ADD_DATE, UPDATE_DATE ) values ( 'MCA2F23LHK-9C9E8019A3044880AFBBA14EA7BC1E6E', '127', 'F2LREF', '400-53', 'CAMD-11DDB6A1BF08462B8DA831906D598089', NULL, NULL, NULL, NULL, NULL, NULL, NULL, NULL, '2019-01-28', 14, 44, NULL, NULL, NULL, NULL, NULL, NULL, NULL, '2021-12-23 11:15:44', 'Y', 'N', 'CHV-SABER-04262F64491B43B0AB108E6986FDBA23', 'tcurtis', '2019-04-22 10:34:13', '2021-12-23 12:53:53' ) on conflict (TEST_SUM_ID) do update set MON_LOC_ID = EXCLUDED.MON_LOC_ID, TEST_TYPE_CD = EXCLUDED.TEST_TYPE_CD, TEST_NUM = EXCLUDED.TEST_NUM, MON_SYS_ID = EXCLUDED.MON_SYS_ID, COMPONENT_ID = EXCLUDED.COMPONENT_ID, GP_IND = EXCLUDED.GP_IND, TEST_REASON_CD = EXCLUDED.TEST_REASON_CD, TEST_RESULT_CD = EXCLUDED.TEST_RESULT_CD, RPT_PERIOD_ID = EXCLUDED.RPT_PERIOD_ID, BEGIN_DATE = EXCLUDED.BEGIN_DATE, BEGIN_HOUR = EXCLUDED.BEGIN_HOUR, BEGIN_MIN = EXCLUDED.BEGIN_MIN, END_DATE = EXCLUDED.END_DATE, END_HOUR = EXCLUDED.END_HOUR, END_MIN = EXCLUDED.END_MIN, SPAN_SCALE_CD = EXCLUDED.SPAN_SCALE_CD, INJECTION_PROTOCOL_CD = EXCLUDED.INJECTION_PROTOCOL_CD, TEST_COMMENT = EXCLUDED.TEST_COMMENT, TEST_DESCRIPTION = EXCLUDED.TEST_DESCRIPTION, CALC_GP_IND = EXCLUDED.CALC_GP_IND, CALC_TEST_RESULT_CD = EXCLUDED.CALC_TEST_RESULT_CD, CALC_SPAN_VALUE = EXCLUDED.CALC_SPAN_VALUE, LAST_UPDATED = EXCLUDED.LAST_UPDATED, UPDATED_STATUS_FLG = EXCLUDED.UPDATED_STATUS_FLG, NEEDS_EVAL_FLG = EXCLUDED.NEEDS_EVAL_FLG, CHK_SESSION_ID = EXCLUDED.CHK_SESSION_ID, USERID = EXCLUDED.USERID, ADD_DATE = EXCLUDED.ADD_DATE, UPDATE_DATE = EXCLUDED.UPDATE_DATE;
/* ORIS:    130    Location: 1         Test Type: F2LREF     Test Num: 400-53           SQL Ord:    6 */ insert into camdecmpswks.FLOW_TO_LOAD_REFERENCE ( FLOW_LOAD_REF_ID, TEST_SUM_ID, OP_LEVEL_CD, AVG_REF_METHOD_FLOW, CALC_AVG_REF_METHOD_FLOW, RATA_TEST_NUM, AVG_GROSS_UNIT_LOAD, CALC_AVG_GROSS_UNIT_LOAD, REF_FLOW_LOAD_RATIO, CALC_REF_FLOW_LOAD_RATIO, AVG_HRLY_HI_RATE, REF_GHR, CALC_REF_GHR, USERID, ADD_DATE, UPDATE_DATE, CALC_SEP_REF_IND ) values ( 'MCA2F23LHK-0F032007F4FF4A06B2FB5CA383D06FF3', 'MCA2F23LHK-9C9E8019A3044880AFBBA14EA7BC1E6E', 'L', 85213000, 85212667, '004-Q1-2019-001', 295, 295, 2.89, 2.89, 1.0, NULL, 3, 'tcurtis', '2019-04-22 10:34:13', '2021-12-23 12:53:53', NULL ) on conflict (FLOW_LOAD_REF_ID) do update set TEST_SUM_ID = EXCLUDED.TEST_SUM_ID, OP_LEVEL_CD = EXCLUDED.OP_LEVEL_CD, AVG_REF_METHOD_FLOW = EXCLUDED.AVG_REF_METHOD_FLOW, CALC_AVG_REF_METHOD_FLOW = EXCLUDED.CALC_AVG_REF_METHOD_FLOW, RATA_TEST_NUM = EXCLUDED.RATA_TEST_NUM, AVG_GROSS_UNIT_LOAD = EXCLUDED.AVG_GROSS_UNIT_LOAD, CALC_AVG_GROSS_UNIT_LOAD = EXCLUDED.CALC_AVG_GROSS_UNIT_LOAD, REF_FLOW_LOAD_RATIO = EXCLUDED.REF_FLOW_LOAD_RATIO, CALC_REF_FLOW_LOAD_RATIO = EXCLUDED.CALC_REF_FLOW_LOAD_RATIO, AVG_HRLY_HI_RATE = EXCLUDED.AVG_HRLY_HI_RATE, REF_GHR = EXCLUDED.REF_GHR, CALC_REF_GHR = EXCLUDED.CALC_REF_GHR, CALC_SEP_REF_IND = EXCLUDED.CALC_SEP_REF_IND, USERID = EXCLUDED.USERID, ADD_DATE = EXCLUDED.ADD_DATE, UPDATE_DATE = EXCLUDED.UPDATE_DATE;
/* ORIS:    130    Location: 1         Test Type: F2LREF     Test Num: 400-64           SQL Ord:    1 */ delete from camdecmpswks.TEST_SUMMARY where TEST_SUM_ID = 'MCA2F23LHK-07ECA534ED4A4B50B94DE487FC072024';
/* ORIS:    130    Location: 1         Test Type: F2LREF     Test Num: 400-64           SQL Ord:    2 */ insert into camdecmpswks.TEST_SUMMARY ( TEST_SUM_ID, MON_LOC_ID, TEST_TYPE_CD, TEST_NUM, MON_SYS_ID, COMPONENT_ID, GP_IND, TEST_REASON_CD, TEST_RESULT_CD, RPT_PERIOD_ID, BEGIN_DATE, BEGIN_HOUR, BEGIN_MIN, END_DATE, END_HOUR, END_MIN, SPAN_SCALE_CD, INJECTION_PROTOCOL_CD, TEST_COMMENT, TEST_DESCRIPTION, CALC_GP_IND, CALC_TEST_RESULT_CD, CALC_SPAN_VALUE, LAST_UPDATED, UPDATED_STATUS_FLG, NEEDS_EVAL_FLG, CHK_SESSION_ID, USERID, ADD_DATE, UPDATE_DATE ) values ( 'MCA2F23LHK-07ECA534ED4A4B50B94DE487FC072024', '127', 'F2LREF', '400-64', 'CAMD-11DDB6A1BF08462B8DA831906D598089', NULL, NULL, NULL, NULL, NULL, NULL, NULL, NULL, '2020-07-03', 14, 5, NULL, NULL, NULL, NULL, NULL, NULL, NULL, '2021-12-23 11:02:21', 'Y', 'N', 'CHV-SABER-2F5EEEDC1EE6420F8CE7C39EC24C55CA', 'tcurtis', '2020-10-13 08:33:01', '2021-12-23 12:52:53' ) on conflict (TEST_SUM_ID) do update set MON_LOC_ID = EXCLUDED.MON_LOC_ID, TEST_TYPE_CD = EXCLUDED.TEST_TYPE_CD, TEST_NUM = EXCLUDED.TEST_NUM, MON_SYS_ID = EXCLUDED.MON_SYS_ID, COMPONENT_ID = EXCLUDED.COMPONENT_ID, GP_IND = EXCLUDED.GP_IND, TEST_REASON_CD = EXCLUDED.TEST_REASON_CD, TEST_RESULT_CD = EXCLUDED.TEST_RESULT_CD, RPT_PERIOD_ID = EXCLUDED.RPT_PERIOD_ID, BEGIN_DATE = EXCLUDED.BEGIN_DATE, BEGIN_HOUR = EXCLUDED.BEGIN_HOUR, BEGIN_MIN = EXCLUDED.BEGIN_MIN, END_DATE = EXCLUDED.END_DATE, END_HOUR = EXCLUDED.END_HOUR, END_MIN = EXCLUDED.END_MIN, SPAN_SCALE_CD = EXCLUDED.SPAN_SCALE_CD, INJECTION_PROTOCOL_CD = EXCLUDED.INJECTION_PROTOCOL_CD, TEST_COMMENT = EXCLUDED.TEST_COMMENT, TEST_DESCRIPTION = EXCLUDED.TEST_DESCRIPTION, CALC_GP_IND = EXCLUDED.CALC_GP_IND, CALC_TEST_RESULT_CD = EXCLUDED.CALC_TEST_RESULT_CD, CALC_SPAN_VALUE = EXCLUDED.CALC_SPAN_VALUE, LAST_UPDATED = EXCLUDED.LAST_UPDATED, UPDATED_STATUS_FLG = EXCLUDED.UPDATED_STATUS_FLG, NEEDS_EVAL_FLG = EXCLUDED.NEEDS_EVAL_FLG, CHK_SESSION_ID = EXCLUDED.CHK_SESSION_ID, USERID = EXCLUDED.USERID, ADD_DATE = EXCLUDED.ADD_DATE, UPDATE_DATE = EXCLUDED.UPDATE_DATE;
/* ORIS:    130    Location: 1         Test Type: F2LREF     Test Num: 400-64           SQL Ord:    6 */ insert into camdecmpswks.FLOW_TO_LOAD_REFERENCE ( FLOW_LOAD_REF_ID, TEST_SUM_ID, OP_LEVEL_CD, AVG_REF_METHOD_FLOW, CALC_AVG_REF_METHOD_FLOW, RATA_TEST_NUM, AVG_GROSS_UNIT_LOAD, CALC_AVG_GROSS_UNIT_LOAD, REF_FLOW_LOAD_RATIO, CALC_REF_FLOW_LOAD_RATIO, AVG_HRLY_HI_RATE, REF_GHR, CALC_REF_GHR, USERID, ADD_DATE, UPDATE_DATE, CALC_SEP_REF_IND ) values ( 'MCA2F23LHK-2FE68C9F6D274E8192251D8A01766174', 'MCA2F23LHK-07ECA534ED4A4B50B94DE487FC072024', 'M', 117431000, NULL, '004-Q3-2020-001', 597, NULL, 1.97, 1.97, NULL, NULL, NULL, 'tcurtis', '2020-10-13 08:33:01', '2021-12-23 12:52:53', NULL ) on conflict (FLOW_LOAD_REF_ID) do update set TEST_SUM_ID = EXCLUDED.TEST_SUM_ID, OP_LEVEL_CD = EXCLUDED.OP_LEVEL_CD, AVG_REF_METHOD_FLOW = EXCLUDED.AVG_REF_METHOD_FLOW, CALC_AVG_REF_METHOD_FLOW = EXCLUDED.CALC_AVG_REF_METHOD_FLOW, RATA_TEST_NUM = EXCLUDED.RATA_TEST_NUM, AVG_GROSS_UNIT_LOAD = EXCLUDED.AVG_GROSS_UNIT_LOAD, CALC_AVG_GROSS_UNIT_LOAD = EXCLUDED.CALC_AVG_GROSS_UNIT_LOAD, REF_FLOW_LOAD_RATIO = EXCLUDED.REF_FLOW_LOAD_RATIO, CALC_REF_FLOW_LOAD_RATIO = EXCLUDED.CALC_REF_FLOW_LOAD_RATIO, AVG_HRLY_HI_RATE = EXCLUDED.AVG_HRLY_HI_RATE, REF_GHR = EXCLUDED.REF_GHR, CALC_REF_GHR = EXCLUDED.CALC_REF_GHR, CALC_SEP_REF_IND = EXCLUDED.CALC_SEP_REF_IND, USERID = EXCLUDED.USERID, ADD_DATE = EXCLUDED.ADD_DATE, UPDATE_DATE = EXCLUDED.UPDATE_DATE;
/* ORIS:    130    Location: 1         Test Type: F2LREF     Test Num: 400-65           SQL Ord:    1 */ delete from camdecmpswks.TEST_SUMMARY where TEST_SUM_ID = 'MCA2F23LHK-DF48DF5F54BF446C9CAD7F05FE295EA8';
/* ORIS:    130    Location: 1         Test Type: F2LREF     Test Num: 400-65           SQL Ord:    2 */ insert into camdecmpswks.TEST_SUMMARY ( TEST_SUM_ID, MON_LOC_ID, TEST_TYPE_CD, TEST_NUM, MON_SYS_ID, COMPONENT_ID, GP_IND, TEST_REASON_CD, TEST_RESULT_CD, RPT_PERIOD_ID, BEGIN_DATE, BEGIN_HOUR, BEGIN_MIN, END_DATE, END_HOUR, END_MIN, SPAN_SCALE_CD, INJECTION_PROTOCOL_CD, TEST_COMMENT, TEST_DESCRIPTION, CALC_GP_IND, CALC_TEST_RESULT_CD, CALC_SPAN_VALUE, LAST_UPDATED, UPDATED_STATUS_FLG, NEEDS_EVAL_FLG, CHK_SESSION_ID, USERID, ADD_DATE, UPDATE_DATE ) values ( 'MCA2F23LHK-DF48DF5F54BF446C9CAD7F05FE295EA8', '127', 'F2LREF', '400-65', 'CAMD-11DDB6A1BF08462B8DA831906D598089', NULL, NULL, NULL, NULL, NULL, NULL, NULL, NULL, '2020-07-03', 8, 36, NULL, NULL, NULL, NULL, NULL, NULL, NULL, '2021-12-23 11:10:08', 'Y', 'N', 'CHV-SABER-92E185D5E5A341F79146E949F9471F00', 'tcurtis', '2020-10-13 08:33:02', '2021-12-23 12:53:15' ) on conflict (TEST_SUM_ID) do update set MON_LOC_ID = EXCLUDED.MON_LOC_ID, TEST_TYPE_CD = EXCLUDED.TEST_TYPE_CD, TEST_NUM = EXCLUDED.TEST_NUM, MON_SYS_ID = EXCLUDED.MON_SYS_ID, COMPONENT_ID = EXCLUDED.COMPONENT_ID, GP_IND = EXCLUDED.GP_IND, TEST_REASON_CD = EXCLUDED.TEST_REASON_CD, TEST_RESULT_CD = EXCLUDED.TEST_RESULT_CD, RPT_PERIOD_ID = EXCLUDED.RPT_PERIOD_ID, BEGIN_DATE = EXCLUDED.BEGIN_DATE, BEGIN_HOUR = EXCLUDED.BEGIN_HOUR, BEGIN_MIN = EXCLUDED.BEGIN_MIN, END_DATE = EXCLUDED.END_DATE, END_HOUR = EXCLUDED.END_HOUR, END_MIN = EXCLUDED.END_MIN, SPAN_SCALE_CD = EXCLUDED.SPAN_SCALE_CD, INJECTION_PROTOCOL_CD = EXCLUDED.INJECTION_PROTOCOL_CD, TEST_COMMENT = EXCLUDED.TEST_COMMENT, TEST_DESCRIPTION = EXCLUDED.TEST_DESCRIPTION, CALC_GP_IND = EXCLUDED.CALC_GP_IND, CALC_TEST_RESULT_CD = EXCLUDED.CALC_TEST_RESULT_CD, CALC_SPAN_VALUE = EXCLUDED.CALC_SPAN_VALUE, LAST_UPDATED = EXCLUDED.LAST_UPDATED, UPDATED_STATUS_FLG = EXCLUDED.UPDATED_STATUS_FLG, NEEDS_EVAL_FLG = EXCLUDED.NEEDS_EVAL_FLG, CHK_SESSION_ID = EXCLUDED.CHK_SESSION_ID, USERID = EXCLUDED.USERID, ADD_DATE = EXCLUDED.ADD_DATE, UPDATE_DATE = EXCLUDED.UPDATE_DATE;
/* ORIS:    130    Location: 1         Test Type: F2LREF     Test Num: 400-65           SQL Ord:    6 */ insert into camdecmpswks.FLOW_TO_LOAD_REFERENCE ( FLOW_LOAD_REF_ID, TEST_SUM_ID, OP_LEVEL_CD, AVG_REF_METHOD_FLOW, CALC_AVG_REF_METHOD_FLOW, RATA_TEST_NUM, AVG_GROSS_UNIT_LOAD, CALC_AVG_GROSS_UNIT_LOAD, REF_FLOW_LOAD_RATIO, CALC_REF_FLOW_LOAD_RATIO, AVG_HRLY_HI_RATE, REF_GHR, CALC_REF_GHR, USERID, ADD_DATE, UPDATE_DATE, CALC_SEP_REF_IND ) values ( 'MCA2F23LHK-6D1BB23B6E1B445AB0D190917BCA2068', 'MCA2F23LHK-DF48DF5F54BF446C9CAD7F05FE295EA8', 'L', 86541000, 86541222, '004-Q3-2020-001', 334, 333, NULL, NULL, NULL, 1, NULL, 'tcurtis', '2020-10-13 08:33:02', '2021-12-23 12:53:15', NULL ) on conflict (FLOW_LOAD_REF_ID) do update set TEST_SUM_ID = EXCLUDED.TEST_SUM_ID, OP_LEVEL_CD = EXCLUDED.OP_LEVEL_CD, AVG_REF_METHOD_FLOW = EXCLUDED.AVG_REF_METHOD_FLOW, CALC_AVG_REF_METHOD_FLOW = EXCLUDED.CALC_AVG_REF_METHOD_FLOW, RATA_TEST_NUM = EXCLUDED.RATA_TEST_NUM, AVG_GROSS_UNIT_LOAD = EXCLUDED.AVG_GROSS_UNIT_LOAD, CALC_AVG_GROSS_UNIT_LOAD = EXCLUDED.CALC_AVG_GROSS_UNIT_LOAD, REF_FLOW_LOAD_RATIO = EXCLUDED.REF_FLOW_LOAD_RATIO, CALC_REF_FLOW_LOAD_RATIO = EXCLUDED.CALC_REF_FLOW_LOAD_RATIO, AVG_HRLY_HI_RATE = EXCLUDED.AVG_HRLY_HI_RATE, REF_GHR = EXCLUDED.REF_GHR, CALC_REF_GHR = EXCLUDED.CALC_REF_GHR, CALC_SEP_REF_IND = EXCLUDED.CALC_SEP_REF_IND, USERID = EXCLUDED.USERID, ADD_DATE = EXCLUDED.ADD_DATE, UPDATE_DATE = EXCLUDED.UPDATE_DATE;
/* ORIS:    130    Location: 1         Test Type: F2LREF     Test Num: 400-70           SQL Ord:    1 */ delete from camdecmpswks.TEST_SUMMARY where TEST_SUM_ID = 'MCA2F23LHK-11917B3E59334C99BD7F0ECECA2040EB';
/* ORIS:    130    Location: 1         Test Type: F2LREF     Test Num: 400-70           SQL Ord:    2 */ insert into camdecmpswks.TEST_SUMMARY ( TEST_SUM_ID, MON_LOC_ID, TEST_TYPE_CD, TEST_NUM, MON_SYS_ID, COMPONENT_ID, GP_IND, TEST_REASON_CD, TEST_RESULT_CD, RPT_PERIOD_ID, BEGIN_DATE, BEGIN_HOUR, BEGIN_MIN, END_DATE, END_HOUR, END_MIN, SPAN_SCALE_CD, INJECTION_PROTOCOL_CD, TEST_COMMENT, TEST_DESCRIPTION, CALC_GP_IND, CALC_TEST_RESULT_CD, CALC_SPAN_VALUE, LAST_UPDATED, UPDATED_STATUS_FLG, NEEDS_EVAL_FLG, CHK_SESSION_ID, USERID, ADD_DATE, UPDATE_DATE ) values ( 'MCA2F23LHK-11917B3E59334C99BD7F0ECECA2040EB', '127', 'F2LREF', '400-70', 'CAMD-11DDB6A1BF08462B8DA831906D598089', NULL, NULL, NULL, NULL, NULL, NULL, NULL, NULL, '2021-04-29', 16, 15, NULL, NULL, NULL, NULL, NULL, NULL, NULL, NULL, 'N', 'N', 'CHV-SABER-993E55B0CF9E426A988431174B2DF0C5', 'tcurtis', '2021-07-20 11:10:00', '2021-12-23 12:51:52' ) on conflict (TEST_SUM_ID) do update set MON_LOC_ID = EXCLUDED.MON_LOC_ID, TEST_TYPE_CD = EXCLUDED.TEST_TYPE_CD, TEST_NUM = EXCLUDED.TEST_NUM, MON_SYS_ID = EXCLUDED.MON_SYS_ID, COMPONENT_ID = EXCLUDED.COMPONENT_ID, GP_IND = EXCLUDED.GP_IND, TEST_REASON_CD = EXCLUDED.TEST_REASON_CD, TEST_RESULT_CD = EXCLUDED.TEST_RESULT_CD, RPT_PERIOD_ID = EXCLUDED.RPT_PERIOD_ID, BEGIN_DATE = EXCLUDED.BEGIN_DATE, BEGIN_HOUR = EXCLUDED.BEGIN_HOUR, BEGIN_MIN = EXCLUDED.BEGIN_MIN, END_DATE = EXCLUDED.END_DATE, END_HOUR = EXCLUDED.END_HOUR, END_MIN = EXCLUDED.END_MIN, SPAN_SCALE_CD = EXCLUDED.SPAN_SCALE_CD, INJECTION_PROTOCOL_CD = EXCLUDED.INJECTION_PROTOCOL_CD, TEST_COMMENT = EXCLUDED.TEST_COMMENT, TEST_DESCRIPTION = EXCLUDED.TEST_DESCRIPTION, CALC_GP_IND = EXCLUDED.CALC_GP_IND, CALC_TEST_RESULT_CD = EXCLUDED.CALC_TEST_RESULT_CD, CALC_SPAN_VALUE = EXCLUDED.CALC_SPAN_VALUE, LAST_UPDATED = EXCLUDED.LAST_UPDATED, UPDATED_STATUS_FLG = EXCLUDED.UPDATED_STATUS_FLG, NEEDS_EVAL_FLG = EXCLUDED.NEEDS_EVAL_FLG, CHK_SESSION_ID = EXCLUDED.CHK_SESSION_ID, USERID = EXCLUDED.USERID, ADD_DATE = EXCLUDED.ADD_DATE, UPDATE_DATE = EXCLUDED.UPDATE_DATE;
/* ORIS:    130    Location: 1         Test Type: F2LREF     Test Num: 400-70           SQL Ord:    6 */ insert into camdecmpswks.FLOW_TO_LOAD_REFERENCE ( FLOW_LOAD_REF_ID, TEST_SUM_ID, OP_LEVEL_CD, AVG_REF_METHOD_FLOW, CALC_AVG_REF_METHOD_FLOW, RATA_TEST_NUM, AVG_GROSS_UNIT_LOAD, CALC_AVG_GROSS_UNIT_LOAD, REF_FLOW_LOAD_RATIO, CALC_REF_FLOW_LOAD_RATIO, AVG_HRLY_HI_RATE, REF_GHR, CALC_REF_GHR, USERID, ADD_DATE, UPDATE_DATE, CALC_SEP_REF_IND ) values ( 'MCA2F23LHK-EBF1E2247DAD4E168FEA71E1F52B2E2C', 'MCA2F23LHK-11917B3E59334C99BD7F0ECECA2040EB', 'H', 121827000, 121826556, '004-Q2-2021-001', 602, 601, 2.02, 2.02, NULL, NULL, NULL, 'tcurtis', '2021-07-20 11:10:00', '2021-12-23 12:51:52', NULL ) on conflict (FLOW_LOAD_REF_ID) do update set TEST_SUM_ID = EXCLUDED.TEST_SUM_ID, OP_LEVEL_CD = EXCLUDED.OP_LEVEL_CD, AVG_REF_METHOD_FLOW = EXCLUDED.AVG_REF_METHOD_FLOW, CALC_AVG_REF_METHOD_FLOW = EXCLUDED.CALC_AVG_REF_METHOD_FLOW, RATA_TEST_NUM = EXCLUDED.RATA_TEST_NUM, AVG_GROSS_UNIT_LOAD = EXCLUDED.AVG_GROSS_UNIT_LOAD, CALC_AVG_GROSS_UNIT_LOAD = EXCLUDED.CALC_AVG_GROSS_UNIT_LOAD, REF_FLOW_LOAD_RATIO = EXCLUDED.REF_FLOW_LOAD_RATIO, CALC_REF_FLOW_LOAD_RATIO = EXCLUDED.CALC_REF_FLOW_LOAD_RATIO, AVG_HRLY_HI_RATE = EXCLUDED.AVG_HRLY_HI_RATE, REF_GHR = EXCLUDED.REF_GHR, CALC_REF_GHR = EXCLUDED.CALC_REF_GHR, CALC_SEP_REF_IND = EXCLUDED.CALC_SEP_REF_IND, USERID = EXCLUDED.USERID, ADD_DATE = EXCLUDED.ADD_DATE, UPDATE_DATE = EXCLUDED.UPDATE_DATE;
/* ORIS:    130    Location: 1         Test Type: F2LREF     Test Num: 400-71           SQL Ord:    1 */ delete from camdecmpswks.TEST_SUMMARY where TEST_SUM_ID = 'MCA2F23LHK-9ADD34F690504B2DB0EF6261EBC28476';
/* ORIS:    130    Location: 1         Test Type: F2LREF     Test Num: 400-71           SQL Ord:    2 */ insert into camdecmpswks.TEST_SUMMARY ( TEST_SUM_ID, MON_LOC_ID, TEST_TYPE_CD, TEST_NUM, MON_SYS_ID, COMPONENT_ID, GP_IND, TEST_REASON_CD, TEST_RESULT_CD, RPT_PERIOD_ID, BEGIN_DATE, BEGIN_HOUR, BEGIN_MIN, END_DATE, END_HOUR, END_MIN, SPAN_SCALE_CD, INJECTION_PROTOCOL_CD, TEST_COMMENT, TEST_DESCRIPTION, CALC_GP_IND, CALC_TEST_RESULT_CD, CALC_SPAN_VALUE, LAST_UPDATED, UPDATED_STATUS_FLG, NEEDS_EVAL_FLG, CHK_SESSION_ID, USERID, ADD_DATE, UPDATE_DATE ) values ( 'MCA2F23LHK-9ADD34F690504B2DB0EF6261EBC28476', '127', 'F2LREF', '400-71', 'CAMD-11DDB6A1BF08462B8DA831906D598089', NULL, NULL, NULL, NULL, NULL, NULL, NULL, NULL, '2021-04-28', 10, 18, NULL, NULL, NULL, NULL, NULL, NULL, NULL, '2021-12-23 10:59:48', 'Y', 'N', 'CHV-SABER-78007EAE45664409889C4FDAE9A26CF5', 'tcurtis', '2021-07-20 11:10:00', '2021-12-23 12:52:32' ) on conflict (TEST_SUM_ID) do update set MON_LOC_ID = EXCLUDED.MON_LOC_ID, TEST_TYPE_CD = EXCLUDED.TEST_TYPE_CD, TEST_NUM = EXCLUDED.TEST_NUM, MON_SYS_ID = EXCLUDED.MON_SYS_ID, COMPONENT_ID = EXCLUDED.COMPONENT_ID, GP_IND = EXCLUDED.GP_IND, TEST_REASON_CD = EXCLUDED.TEST_REASON_CD, TEST_RESULT_CD = EXCLUDED.TEST_RESULT_CD, RPT_PERIOD_ID = EXCLUDED.RPT_PERIOD_ID, BEGIN_DATE = EXCLUDED.BEGIN_DATE, BEGIN_HOUR = EXCLUDED.BEGIN_HOUR, BEGIN_MIN = EXCLUDED.BEGIN_MIN, END_DATE = EXCLUDED.END_DATE, END_HOUR = EXCLUDED.END_HOUR, END_MIN = EXCLUDED.END_MIN, SPAN_SCALE_CD = EXCLUDED.SPAN_SCALE_CD, INJECTION_PROTOCOL_CD = EXCLUDED.INJECTION_PROTOCOL_CD, TEST_COMMENT = EXCLUDED.TEST_COMMENT, TEST_DESCRIPTION = EXCLUDED.TEST_DESCRIPTION, CALC_GP_IND = EXCLUDED.CALC_GP_IND, CALC_TEST_RESULT_CD = EXCLUDED.CALC_TEST_RESULT_CD, CALC_SPAN_VALUE = EXCLUDED.CALC_SPAN_VALUE, LAST_UPDATED = EXCLUDED.LAST_UPDATED, UPDATED_STATUS_FLG = EXCLUDED.UPDATED_STATUS_FLG, NEEDS_EVAL_FLG = EXCLUDED.NEEDS_EVAL_FLG, CHK_SESSION_ID = EXCLUDED.CHK_SESSION_ID, USERID = EXCLUDED.USERID, ADD_DATE = EXCLUDED.ADD_DATE, UPDATE_DATE = EXCLUDED.UPDATE_DATE;
/* ORIS:    130    Location: 1         Test Type: F2LREF     Test Num: 400-71           SQL Ord:    6 */ insert into camdecmpswks.FLOW_TO_LOAD_REFERENCE ( FLOW_LOAD_REF_ID, TEST_SUM_ID, OP_LEVEL_CD, AVG_REF_METHOD_FLOW, CALC_AVG_REF_METHOD_FLOW, RATA_TEST_NUM, AVG_GROSS_UNIT_LOAD, CALC_AVG_GROSS_UNIT_LOAD, REF_FLOW_LOAD_RATIO, CALC_REF_FLOW_LOAD_RATIO, AVG_HRLY_HI_RATE, REF_GHR, CALC_REF_GHR, USERID, ADD_DATE, UPDATE_DATE, CALC_SEP_REF_IND ) values ( 'MCA2F23LHK-B9A1C55DB2CC4372A7F2131EECED2F88', 'MCA2F23LHK-9ADD34F690504B2DB0EF6261EBC28476', 'L', 92257000, NULL, NULL, 355, NULL, 2.60, 2.60, NULL, NULL, NULL, 'tcurtis', '2021-07-20 11:10:00', '2021-12-23 12:52:32', NULL ) on conflict (FLOW_LOAD_REF_ID) do update set TEST_SUM_ID = EXCLUDED.TEST_SUM_ID, OP_LEVEL_CD = EXCLUDED.OP_LEVEL_CD, AVG_REF_METHOD_FLOW = EXCLUDED.AVG_REF_METHOD_FLOW, CALC_AVG_REF_METHOD_FLOW = EXCLUDED.CALC_AVG_REF_METHOD_FLOW, RATA_TEST_NUM = EXCLUDED.RATA_TEST_NUM, AVG_GROSS_UNIT_LOAD = EXCLUDED.AVG_GROSS_UNIT_LOAD, CALC_AVG_GROSS_UNIT_LOAD = EXCLUDED.CALC_AVG_GROSS_UNIT_LOAD, REF_FLOW_LOAD_RATIO = EXCLUDED.REF_FLOW_LOAD_RATIO, CALC_REF_FLOW_LOAD_RATIO = EXCLUDED.CALC_REF_FLOW_LOAD_RATIO, AVG_HRLY_HI_RATE = EXCLUDED.AVG_HRLY_HI_RATE, REF_GHR = EXCLUDED.REF_GHR, CALC_REF_GHR = EXCLUDED.CALC_REF_GHR, CALC_SEP_REF_IND = EXCLUDED.CALC_SEP_REF_IND, USERID = EXCLUDED.USERID, ADD_DATE = EXCLUDED.ADD_DATE, UPDATE_DATE = EXCLUDED.UPDATE_DATE;
/* ORIS:    130    Location: 1         Test Type: F2LREF     Test Num: AAA           SQL Ord:    1 */ delete from camdecmpswks.TEST_SUMMARY where TEST_SUM_ID = 'CHV-SABER-F0098559523641328B59D538A1354863';
/* ORIS:    130    Location: 1         Test Type: F2LREF     Test Num: AAA           SQL Ord:    2 */ insert into camdecmpswks.TEST_SUMMARY ( TEST_SUM_ID, MON_LOC_ID, TEST_TYPE_CD, TEST_NUM, MON_SYS_ID, COMPONENT_ID, GP_IND, TEST_REASON_CD, TEST_RESULT_CD, RPT_PERIOD_ID, BEGIN_DATE, BEGIN_HOUR, BEGIN_MIN, END_DATE, END_HOUR, END_MIN, SPAN_SCALE_CD, INJECTION_PROTOCOL_CD, TEST_COMMENT, TEST_DESCRIPTION, CALC_GP_IND, CALC_TEST_RESULT_CD, CALC_SPAN_VALUE, LAST_UPDATED, UPDATED_STATUS_FLG, NEEDS_EVAL_FLG, CHK_SESSION_ID, USERID, ADD_DATE, UPDATE_DATE ) values ( 'CHV-SABER-F0098559523641328B59D538A1354863', '127', 'F2LREF', 'AAA', 'CAMD-11DDB6A1BF08462B8DA831906D598089', NULL, NULL, NULL, NULL, NULL, NULL, NULL, NULL, '2018-04-01', 15, 59, NULL, NULL, NULL, NULL, NULL, NULL, NULL, '2021-12-23 11:55:04', 'Y', 'N', 'CHV-SABER-23591C117D944EC6BC883164A15CBC52', 'tcurtis', '2021-12-23 11:49:32', '2021-12-23 12:03:59' ) on conflict (TEST_SUM_ID) do update set MON_LOC_ID = EXCLUDED.MON_LOC_ID, TEST_TYPE_CD = EXCLUDED.TEST_TYPE_CD, TEST_NUM = EXCLUDED.TEST_NUM, MON_SYS_ID = EXCLUDED.MON_SYS_ID, COMPONENT_ID = EXCLUDED.COMPONENT_ID, GP_IND = EXCLUDED.GP_IND, TEST_REASON_CD = EXCLUDED.TEST_REASON_CD, TEST_RESULT_CD = EXCLUDED.TEST_RESULT_CD, RPT_PERIOD_ID = EXCLUDED.RPT_PERIOD_ID, BEGIN_DATE = EXCLUDED.BEGIN_DATE, BEGIN_HOUR = EXCLUDED.BEGIN_HOUR, BEGIN_MIN = EXCLUDED.BEGIN_MIN, END_DATE = EXCLUDED.END_DATE, END_HOUR = EXCLUDED.END_HOUR, END_MIN = EXCLUDED.END_MIN, SPAN_SCALE_CD = EXCLUDED.SPAN_SCALE_CD, INJECTION_PROTOCOL_CD = EXCLUDED.INJECTION_PROTOCOL_CD, TEST_COMMENT = EXCLUDED.TEST_COMMENT, TEST_DESCRIPTION = EXCLUDED.TEST_DESCRIPTION, CALC_GP_IND = EXCLUDED.CALC_GP_IND, CALC_TEST_RESULT_CD = EXCLUDED.CALC_TEST_RESULT_CD, CALC_SPAN_VALUE = EXCLUDED.CALC_SPAN_VALUE, LAST_UPDATED = EXCLUDED.LAST_UPDATED, UPDATED_STATUS_FLG = EXCLUDED.UPDATED_STATUS_FLG, NEEDS_EVAL_FLG = EXCLUDED.NEEDS_EVAL_FLG, CHK_SESSION_ID = EXCLUDED.CHK_SESSION_ID, USERID = EXCLUDED.USERID, ADD_DATE = EXCLUDED.ADD_DATE, UPDATE_DATE = EXCLUDED.UPDATE_DATE;
/* ORIS:    130    Location: 1         Test Type: F2LREF     Test Num: AAA           SQL Ord:    6 */ insert into camdecmpswks.FLOW_TO_LOAD_REFERENCE ( FLOW_LOAD_REF_ID, TEST_SUM_ID, OP_LEVEL_CD, AVG_REF_METHOD_FLOW, CALC_AVG_REF_METHOD_FLOW, RATA_TEST_NUM, AVG_GROSS_UNIT_LOAD, CALC_AVG_GROSS_UNIT_LOAD, REF_FLOW_LOAD_RATIO, CALC_REF_FLOW_LOAD_RATIO, AVG_HRLY_HI_RATE, REF_GHR, CALC_REF_GHR, USERID, ADD_DATE, UPDATE_DATE, CALC_SEP_REF_IND ) values ( 'CHV-SABER-35612585CE254E6BABDE916ED6412DE5', 'CHV-SABER-F0098559523641328B59D538A1354863', 'L', 89933000, NULL, 'AAA', 361, NULL, 2.49, 2.49, NULL, NULL, NULL, 'tcurtis', '2021-12-23 11:49:32', '2021-12-23 12:03:59', NULL ) on conflict (FLOW_LOAD_REF_ID) do update set TEST_SUM_ID = EXCLUDED.TEST_SUM_ID, OP_LEVEL_CD = EXCLUDED.OP_LEVEL_CD, AVG_REF_METHOD_FLOW = EXCLUDED.AVG_REF_METHOD_FLOW, CALC_AVG_REF_METHOD_FLOW = EXCLUDED.CALC_AVG_REF_METHOD_FLOW, RATA_TEST_NUM = EXCLUDED.RATA_TEST_NUM, AVG_GROSS_UNIT_LOAD = EXCLUDED.AVG_GROSS_UNIT_LOAD, CALC_AVG_GROSS_UNIT_LOAD = EXCLUDED.CALC_AVG_GROSS_UNIT_LOAD, REF_FLOW_LOAD_RATIO = EXCLUDED.REF_FLOW_LOAD_RATIO, CALC_REF_FLOW_LOAD_RATIO = EXCLUDED.CALC_REF_FLOW_LOAD_RATIO, AVG_HRLY_HI_RATE = EXCLUDED.AVG_HRLY_HI_RATE, REF_GHR = EXCLUDED.REF_GHR, CALC_REF_GHR = EXCLUDED.CALC_REF_GHR, CALC_SEP_REF_IND = EXCLUDED.CALC_SEP_REF_IND, USERID = EXCLUDED.USERID, ADD_DATE = EXCLUDED.ADD_DATE, UPDATE_DATE = EXCLUDED.UPDATE_DATE;
/* ORIS:    130    Location: 1         Test Type: RATA       Test Num: AAA           SQL Ord:    1 */ delete from camdecmpswks.TEST_SUMMARY where TEST_SUM_ID = 'CHV-SABER-88B0B970AC8848CD92FCCA64032108E6';
/* ORIS:    130    Location: 1         Test Type: RATA       Test Num: AAA           SQL Ord:    2 */ insert into camdecmpswks.TEST_SUMMARY ( TEST_SUM_ID, MON_LOC_ID, TEST_TYPE_CD, TEST_NUM, MON_SYS_ID, COMPONENT_ID, GP_IND, TEST_REASON_CD, TEST_RESULT_CD, RPT_PERIOD_ID, BEGIN_DATE, BEGIN_HOUR, BEGIN_MIN, END_DATE, END_HOUR, END_MIN, SPAN_SCALE_CD, INJECTION_PROTOCOL_CD, TEST_COMMENT, TEST_DESCRIPTION, CALC_GP_IND, CALC_TEST_RESULT_CD, CALC_SPAN_VALUE, LAST_UPDATED, UPDATED_STATUS_FLG, NEEDS_EVAL_FLG, CHK_SESSION_ID, USERID, ADD_DATE, UPDATE_DATE ) values ( 'CHV-SABER-88B0B970AC8848CD92FCCA64032108E6', '127', 'RATA', 'AAA', 'CAMD-11DDB6A1BF08462B8DA831906D598089', NULL, 0, 'QA', 'PASSED', NULL, '2018-04-01', 12, 35, '2018-04-02', 7, 50, NULL, NULL, NULL, NULL, NULL, NULL, NULL, '2021-12-23 12:00:18', 'Y', 'N', 'CHV-SABER-14013344A588416BAF153BDA9BCF561B', 'tcurtis', '2021-12-23 11:59:55', '2021-12-23 12:03:34' ) on conflict (TEST_SUM_ID) do update set MON_LOC_ID = EXCLUDED.MON_LOC_ID, TEST_TYPE_CD = EXCLUDED.TEST_TYPE_CD, TEST_NUM = EXCLUDED.TEST_NUM, MON_SYS_ID = EXCLUDED.MON_SYS_ID, COMPONENT_ID = EXCLUDED.COMPONENT_ID, GP_IND = EXCLUDED.GP_IND, TEST_REASON_CD = EXCLUDED.TEST_REASON_CD, TEST_RESULT_CD = EXCLUDED.TEST_RESULT_CD, RPT_PERIOD_ID = EXCLUDED.RPT_PERIOD_ID, BEGIN_DATE = EXCLUDED.BEGIN_DATE, BEGIN_HOUR = EXCLUDED.BEGIN_HOUR, BEGIN_MIN = EXCLUDED.BEGIN_MIN, END_DATE = EXCLUDED.END_DATE, END_HOUR = EXCLUDED.END_HOUR, END_MIN = EXCLUDED.END_MIN, SPAN_SCALE_CD = EXCLUDED.SPAN_SCALE_CD, INJECTION_PROTOCOL_CD = EXCLUDED.INJECTION_PROTOCOL_CD, TEST_COMMENT = EXCLUDED.TEST_COMMENT, TEST_DESCRIPTION = EXCLUDED.TEST_DESCRIPTION, CALC_GP_IND = EXCLUDED.CALC_GP_IND, CALC_TEST_RESULT_CD = EXCLUDED.CALC_TEST_RESULT_CD, CALC_SPAN_VALUE = EXCLUDED.CALC_SPAN_VALUE, LAST_UPDATED = EXCLUDED.LAST_UPDATED, UPDATED_STATUS_FLG = EXCLUDED.UPDATED_STATUS_FLG, NEEDS_EVAL_FLG = EXCLUDED.NEEDS_EVAL_FLG, CHK_SESSION_ID = EXCLUDED.CHK_SESSION_ID, USERID = EXCLUDED.USERID, ADD_DATE = EXCLUDED.ADD_DATE, UPDATE_DATE = EXCLUDED.UPDATE_DATE;
/* ORIS:    130    Location: 1         Test Type: RATA       Test Num: AAA           SQL Ord:    4 */ insert into camdecmpswks.AIR_EMISSION_TESTING ( AIR_EMISSION_TEST_ID, TEST_SUM_ID, QI_LAST_NAME, QI_FIRST_NAME, QI_MIDDLE_INITIAL, AETB_NAME, AETB_PHONE_NUMBER, AETB_EMAIL, EXAM_DATE, PROVIDER_NAME, PROVIDER_EMAIL, ADD_DATE, UPDATE_DATE, USERID ) values ( 'CHV-SABER-2EDDF715719844A7B282A32D1EB332D4', 'CHV-SABER-88B0B970AC8848CD92FCCA64032108E6', 'Smith', 'Joshua', 'R', 'Air Quality Unit Test Crew', '843-761-8000', 'dpmundy@santeecooper.com', '2014-05-01', 'Source Evaluation Society', 'gstiprogram@gmail.com', '2021-12-23 11:59:55', NULL, 'tcurtis' ) on conflict (AIR_EMISSION_TEST_ID) do update set TEST_SUM_ID = EXCLUDED.TEST_SUM_ID, QI_LAST_NAME = EXCLUDED.QI_LAST_NAME, QI_FIRST_NAME = EXCLUDED.QI_FIRST_NAME, QI_MIDDLE_INITIAL = EXCLUDED.QI_MIDDLE_INITIAL, AETB_NAME = EXCLUDED.AETB_NAME, AETB_PHONE_NUMBER = EXCLUDED.AETB_PHONE_NUMBER, AETB_EMAIL = EXCLUDED.AETB_EMAIL, EXAM_DATE = EXCLUDED.EXAM_DATE, PROVIDER_NAME = EXCLUDED.PROVIDER_NAME, PROVIDER_EMAIL = EXCLUDED.PROVIDER_EMAIL, ADD_DATE = EXCLUDED.ADD_DATE, UPDATE_DATE = EXCLUDED.UPDATE_DATE, USERID = EXCLUDED.USERID;
/* ORIS:    130    Location: 1         Test Type: RATA       Test Num: AAA           SQL Ord:    6 */ insert into camdecmpswks.RATA ( RATA_ID, TEST_SUM_ID, RATA_FREQUENCY_CD, CALC_RATA_FREQUENCY_CD, RELATIVE_ACCURACY, CALC_RELATIVE_ACCURACY, OVERALL_BIAS_ADJ_FACTOR, CALC_OVERALL_BIAS_ADJ_FACTOR, NUM_LOAD_LEVEL, CALC_NUM_LOAD_LEVEL, USERID, ADD_DATE, UPDATE_DATE ) values ( 'CHV-SABER-347B1AD27C584B67BCE226636041D1EB', 'CHV-SABER-88B0B970AC8848CD92FCCA64032108E6', '4QTRS', NULL, 3.98, NULL, 1.000, NULL, 2, 2, 'tcurtis', '2021-12-23 11:59:55', '2021-12-23 12:03:34' ) on conflict (RATA_ID) do update set TEST_SUM_ID = EXCLUDED.TEST_SUM_ID, RATA_FREQUENCY_CD = EXCLUDED.RATA_FREQUENCY_CD, CALC_RATA_FREQUENCY_CD = EXCLUDED.CALC_RATA_FREQUENCY_CD, RELATIVE_ACCURACY = EXCLUDED.RELATIVE_ACCURACY, CALC_RELATIVE_ACCURACY = EXCLUDED.CALC_RELATIVE_ACCURACY, OVERALL_BIAS_ADJ_FACTOR = EXCLUDED.OVERALL_BIAS_ADJ_FACTOR, CALC_OVERALL_BIAS_ADJ_FACTOR = EXCLUDED.CALC_OVERALL_BIAS_ADJ_FACTOR, NUM_LOAD_LEVEL = EXCLUDED.NUM_LOAD_LEVEL, CALC_NUM_LOAD_LEVEL = EXCLUDED.CALC_NUM_LOAD_LEVEL, USERID = EXCLUDED.USERID, ADD_DATE = EXCLUDED.ADD_DATE, UPDATE_DATE = EXCLUDED.UPDATE_DATE;
/* ORIS:    130    Location: 1         Test Type: RATA       Test Num: AAA           SQL Ord:    7 */ insert into camdecmpswks.RATA_SUMMARY ( RATA_SUM_ID, RATA_ID, RELATIVE_ACCURACY, CALC_RELATIVE_ACCURACY, BIAS_ADJ_FACTOR, CALC_BIAS_ADJ_FACTOR, MEAN_CEM_VALUE, CALC_MEAN_CEM_VALUE, MEAN_RATA_REF_VALUE, CALC_MEAN_RATA_REF_VALUE, OP_LEVEL_CD, MEAN_DIFF, CALC_MEAN_DIFF, DEFAULT_WAF, AVG_GROSS_UNIT_LOAD, CALC_AVG_GROSS_UNIT_LOAD, APS_IND, CALC_APS_IND, STND_DEV_DIFF, CALC_STND_DEV_DIFF, CONFIDENCE_COEF, CALC_CONFIDENCE_COEF, CO2_O2_REF_METHOD_CD, REF_METHOD_CD, T_VALUE, CALC_T_VALUE, STACK_DIAMETER, STACK_AREA, CALC_STACK_AREA, CALC_WAF, CALC_CALC_WAF, NUM_TRAVERSE_POINT, USERID, ADD_DATE, UPDATE_DATE, APS_CD ) values ( 'CHV-SABER-4010FF6A856D4B15885F66B271747BEE', 'CHV-SABER-347B1AD27C584B67BCE226636041D1EB', 3.98, 3.98, 1.000, 1.000, 111472666.66700, 111472666.66700, 108087888.88900, 108087888.88900, 'H', -3384777.77800, -3384777.77800, 0.9950, 531, 531, 0, 0, 1195503.63600, 1195503.63600, 918943.79500, 918943.79500, NULL, 'D2H', 2.306, 2.306, NULL, NULL, NULL, NULL, NULL, NULL, 'tcurtis', '2021-12-23 11:59:55', '2021-12-23 12:03:34', NULL ) on conflict (RATA_SUM_ID) do update set RATA_ID = EXCLUDED.RATA_ID, RELATIVE_ACCURACY = EXCLUDED.RELATIVE_ACCURACY, CALC_RELATIVE_ACCURACY = EXCLUDED.CALC_RELATIVE_ACCURACY, BIAS_ADJ_FACTOR = EXCLUDED.BIAS_ADJ_FACTOR, CALC_BIAS_ADJ_FACTOR = EXCLUDED.CALC_BIAS_ADJ_FACTOR, MEAN_CEM_VALUE = EXCLUDED.MEAN_CEM_VALUE, CALC_MEAN_CEM_VALUE = EXCLUDED.CALC_MEAN_CEM_VALUE, MEAN_RATA_REF_VALUE = EXCLUDED.MEAN_RATA_REF_VALUE, CALC_MEAN_RATA_REF_VALUE = EXCLUDED.CALC_MEAN_RATA_REF_VALUE, OP_LEVEL_CD = EXCLUDED.OP_LEVEL_CD, MEAN_DIFF = EXCLUDED.MEAN_DIFF, CALC_MEAN_DIFF = EXCLUDED.CALC_MEAN_DIFF, DEFAULT_WAF = EXCLUDED.DEFAULT_WAF, AVG_GROSS_UNIT_LOAD = EXCLUDED.AVG_GROSS_UNIT_LOAD, CALC_AVG_GROSS_UNIT_LOAD = EXCLUDED.CALC_AVG_GROSS_UNIT_LOAD, APS_IND = EXCLUDED.APS_IND, CALC_APS_IND = EXCLUDED.CALC_APS_IND, STND_DEV_DIFF = EXCLUDED.STND_DEV_DIFF, CALC_STND_DEV_DIFF = EXCLUDED.CALC_STND_DEV_DIFF, CONFIDENCE_COEF = EXCLUDED.CONFIDENCE_COEF, CALC_CONFIDENCE_COEF = EXCLUDED.CALC_CONFIDENCE_COEF, CO2_O2_REF_METHOD_CD = EXCLUDED.CO2_O2_REF_METHOD_CD, REF_METHOD_CD = EXCLUDED.REF_METHOD_CD, T_VALUE = EXCLUDED.T_VALUE, CALC_T_VALUE = EXCLUDED.CALC_T_VALUE, STACK_DIAMETER = EXCLUDED.STACK_DIAMETER, STACK_AREA = EXCLUDED.STACK_AREA, CALC_STACK_AREA = EXCLUDED.CALC_STACK_AREA, CALC_WAF = EXCLUDED.CALC_WAF, CALC_CALC_WAF = EXCLUDED.CALC_CALC_WAF, NUM_TRAVERSE_POINT = EXCLUDED.NUM_TRAVERSE_POINT, APS_CD = EXCLUDED.APS_CD, USERID = EXCLUDED.USERID, ADD_DATE = EXCLUDED.ADD_DATE, UPDATE_DATE = EXCLUDED.UPDATE_DATE;
/* ORIS:    130    Location: 1         Test Type: RATA       Test Num: AAA           SQL Ord:    7 */ insert into camdecmpswks.RATA_SUMMARY ( RATA_SUM_ID, RATA_ID, RELATIVE_ACCURACY, CALC_RELATIVE_ACCURACY, BIAS_ADJ_FACTOR, CALC_BIAS_ADJ_FACTOR, MEAN_CEM_VALUE, CALC_MEAN_CEM_VALUE, MEAN_RATA_REF_VALUE, CALC_MEAN_RATA_REF_VALUE, OP_LEVEL_CD, MEAN_DIFF, CALC_MEAN_DIFF, DEFAULT_WAF, AVG_GROSS_UNIT_LOAD, CALC_AVG_GROSS_UNIT_LOAD, APS_IND, CALC_APS_IND, STND_DEV_DIFF, CALC_STND_DEV_DIFF, CONFIDENCE_COEF, CALC_CONFIDENCE_COEF, CO2_O2_REF_METHOD_CD, REF_METHOD_CD, T_VALUE, CALC_T_VALUE, STACK_DIAMETER, STACK_AREA, CALC_STACK_AREA, CALC_WAF, CALC_CALC_WAF, NUM_TRAVERSE_POINT, USERID, ADD_DATE, UPDATE_DATE, APS_CD ) values ( 'CHV-SABER-F46F843605E348EF95B00846C78D96DA', 'CHV-SABER-347B1AD27C584B67BCE226636041D1EB', 1.27, NULL, 1.000, NULL, 90545444.44400, NULL, 89933000.00000, NULL, 'L', -612444.44400, NULL, 0.9950, 361, NULL, 0, NULL, 685244.50200, NULL, 526724.60700, NULL, NULL, 'D2H', 2.306, NULL, NULL, NULL, NULL, NULL, NULL, NULL, 'tcurtis', '2021-12-23 11:59:55', '2021-12-23 12:03:34', NULL ) on conflict (RATA_SUM_ID) do update set RATA_ID = EXCLUDED.RATA_ID, RELATIVE_ACCURACY = EXCLUDED.RELATIVE_ACCURACY, CALC_RELATIVE_ACCURACY = EXCLUDED.CALC_RELATIVE_ACCURACY, BIAS_ADJ_FACTOR = EXCLUDED.BIAS_ADJ_FACTOR, CALC_BIAS_ADJ_FACTOR = EXCLUDED.CALC_BIAS_ADJ_FACTOR, MEAN_CEM_VALUE = EXCLUDED.MEAN_CEM_VALUE, CALC_MEAN_CEM_VALUE = EXCLUDED.CALC_MEAN_CEM_VALUE, MEAN_RATA_REF_VALUE = EXCLUDED.MEAN_RATA_REF_VALUE, CALC_MEAN_RATA_REF_VALUE = EXCLUDED.CALC_MEAN_RATA_REF_VALUE, OP_LEVEL_CD = EXCLUDED.OP_LEVEL_CD, MEAN_DIFF = EXCLUDED.MEAN_DIFF, CALC_MEAN_DIFF = EXCLUDED.CALC_MEAN_DIFF, DEFAULT_WAF = EXCLUDED.DEFAULT_WAF, AVG_GROSS_UNIT_LOAD = EXCLUDED.AVG_GROSS_UNIT_LOAD, CALC_AVG_GROSS_UNIT_LOAD = EXCLUDED.CALC_AVG_GROSS_UNIT_LOAD, APS_IND = EXCLUDED.APS_IND, CALC_APS_IND = EXCLUDED.CALC_APS_IND, STND_DEV_DIFF = EXCLUDED.STND_DEV_DIFF, CALC_STND_DEV_DIFF = EXCLUDED.CALC_STND_DEV_DIFF, CONFIDENCE_COEF = EXCLUDED.CONFIDENCE_COEF, CALC_CONFIDENCE_COEF = EXCLUDED.CALC_CONFIDENCE_COEF, CO2_O2_REF_METHOD_CD = EXCLUDED.CO2_O2_REF_METHOD_CD, REF_METHOD_CD = EXCLUDED.REF_METHOD_CD, T_VALUE = EXCLUDED.T_VALUE, CALC_T_VALUE = EXCLUDED.CALC_T_VALUE, STACK_DIAMETER = EXCLUDED.STACK_DIAMETER, STACK_AREA = EXCLUDED.STACK_AREA, CALC_STACK_AREA = EXCLUDED.CALC_STACK_AREA, CALC_WAF = EXCLUDED.CALC_WAF, CALC_CALC_WAF = EXCLUDED.CALC_CALC_WAF, NUM_TRAVERSE_POINT = EXCLUDED.NUM_TRAVERSE_POINT, APS_CD = EXCLUDED.APS_CD, USERID = EXCLUDED.USERID, ADD_DATE = EXCLUDED.ADD_DATE, UPDATE_DATE = EXCLUDED.UPDATE_DATE;
/* ORIS:    130    Location: 1         Test Type: RATA       Test Num: AAA           SQL Ord:    8 */ insert into camdecmpswks.RATA_RUN ( RATA_RUN_ID, RATA_SUM_ID, GROSS_UNIT_LOAD, RUN_NUM, CEM_VALUE, RATA_REF_VALUE, CALC_RATA_REF_VALUE, RUN_STATUS_CD, BEGIN_DATE, BEGIN_HOUR, BEGIN_MIN, END_DATE, END_HOUR, END_MIN, USERID, ADD_DATE, UPDATE_DATE ) values ( 'CHV-SABER-0076F84ED4824B1ABFEB59278F871DB2', 'CHV-SABER-4010FF6A856D4B15885F66B271747BEE', 514, 5, 108685000.00000, 106193000.00000, NULL, 'RUNUSED', '2018-04-02', 7, 18, '2018-04-02', 7, 24, 'tcurtis', '2021-12-23 11:59:55', '2021-12-23 12:03:34' ) on conflict (RATA_RUN_ID) do update set RATA_SUM_ID = EXCLUDED.RATA_SUM_ID, GROSS_UNIT_LOAD = EXCLUDED.GROSS_UNIT_LOAD, RUN_NUM = EXCLUDED.RUN_NUM, CEM_VALUE = EXCLUDED.CEM_VALUE, RATA_REF_VALUE = EXCLUDED.RATA_REF_VALUE, CALC_RATA_REF_VALUE = EXCLUDED.CALC_RATA_REF_VALUE, RUN_STATUS_CD = EXCLUDED.RUN_STATUS_CD, BEGIN_DATE = EXCLUDED.BEGIN_DATE, BEGIN_HOUR = EXCLUDED.BEGIN_HOUR, BEGIN_MIN = EXCLUDED.BEGIN_MIN, END_DATE = EXCLUDED.END_DATE, END_HOUR = EXCLUDED.END_HOUR, END_MIN = EXCLUDED.END_MIN, USERID = EXCLUDED.USERID, ADD_DATE = EXCLUDED.ADD_DATE, UPDATE_DATE = EXCLUDED.UPDATE_DATE;
/* ORIS:    130    Location: 1         Test Type: RATA       Test Num: AAA           SQL Ord:    8 */ insert into camdecmpswks.RATA_RUN ( RATA_RUN_ID, RATA_SUM_ID, GROSS_UNIT_LOAD, RUN_NUM, CEM_VALUE, RATA_REF_VALUE, CALC_RATA_REF_VALUE, RUN_STATUS_CD, BEGIN_DATE, BEGIN_HOUR, BEGIN_MIN, END_DATE, END_HOUR, END_MIN, USERID, ADD_DATE, UPDATE_DATE ) values ( 'CHV-SABER-05C6B4232E144197ADBA7516B09F3F15', 'CHV-SABER-4010FF6A856D4B15885F66B271747BEE', 512, 8, 108716000.00000, 106664000.00000, NULL, 'RUNUSED', '2018-04-02', 7, 39, '2018-04-02', 7, 44, 'tcurtis', '2021-12-23 11:59:55', '2021-12-23 12:03:34' ) on conflict (RATA_RUN_ID) do update set RATA_SUM_ID = EXCLUDED.RATA_SUM_ID, GROSS_UNIT_LOAD = EXCLUDED.GROSS_UNIT_LOAD, RUN_NUM = EXCLUDED.RUN_NUM, CEM_VALUE = EXCLUDED.CEM_VALUE, RATA_REF_VALUE = EXCLUDED.RATA_REF_VALUE, CALC_RATA_REF_VALUE = EXCLUDED.CALC_RATA_REF_VALUE, RUN_STATUS_CD = EXCLUDED.RUN_STATUS_CD, BEGIN_DATE = EXCLUDED.BEGIN_DATE, BEGIN_HOUR = EXCLUDED.BEGIN_HOUR, BEGIN_MIN = EXCLUDED.BEGIN_MIN, END_DATE = EXCLUDED.END_DATE, END_HOUR = EXCLUDED.END_HOUR, END_MIN = EXCLUDED.END_MIN, USERID = EXCLUDED.USERID, ADD_DATE = EXCLUDED.ADD_DATE, UPDATE_DATE = EXCLUDED.UPDATE_DATE;
/* ORIS:    130    Location: 1         Test Type: RATA       Test Num: AAA           SQL Ord:    8 */ insert into camdecmpswks.RATA_RUN ( RATA_RUN_ID, RATA_SUM_ID, GROSS_UNIT_LOAD, RUN_NUM, CEM_VALUE, RATA_REF_VALUE, CALC_RATA_REF_VALUE, RUN_STATUS_CD, BEGIN_DATE, BEGIN_HOUR, BEGIN_MIN, END_DATE, END_HOUR, END_MIN, USERID, ADD_DATE, UPDATE_DATE ) values ( 'CHV-SABER-12BF95AF51A44F24BBDE26B1C144ACF2', 'CHV-SABER-F46F843605E348EF95B00846C78D96DA', 357, 5, 90791000.00000, 90318000.00000, NULL, 'RUNUSED', '2018-04-01', 13, 43, '2018-04-01', 13, 50, 'tcurtis', '2021-12-23 11:59:55', '2021-12-23 12:03:34' ) on conflict (RATA_RUN_ID) do update set RATA_SUM_ID = EXCLUDED.RATA_SUM_ID, GROSS_UNIT_LOAD = EXCLUDED.GROSS_UNIT_LOAD, RUN_NUM = EXCLUDED.RUN_NUM, CEM_VALUE = EXCLUDED.CEM_VALUE, RATA_REF_VALUE = EXCLUDED.RATA_REF_VALUE, CALC_RATA_REF_VALUE = EXCLUDED.CALC_RATA_REF_VALUE, RUN_STATUS_CD = EXCLUDED.RUN_STATUS_CD, BEGIN_DATE = EXCLUDED.BEGIN_DATE, BEGIN_HOUR = EXCLUDED.BEGIN_HOUR, BEGIN_MIN = EXCLUDED.BEGIN_MIN, END_DATE = EXCLUDED.END_DATE, END_HOUR = EXCLUDED.END_HOUR, END_MIN = EXCLUDED.END_MIN, USERID = EXCLUDED.USERID, ADD_DATE = EXCLUDED.ADD_DATE, UPDATE_DATE = EXCLUDED.UPDATE_DATE;
/* ORIS:    130    Location: 1         Test Type: RATA       Test Num: AAA           SQL Ord:    8 */ insert into camdecmpswks.RATA_RUN ( RATA_RUN_ID, RATA_SUM_ID, GROSS_UNIT_LOAD, RUN_NUM, CEM_VALUE, RATA_REF_VALUE, CALC_RATA_REF_VALUE, RUN_STATUS_CD, BEGIN_DATE, BEGIN_HOUR, BEGIN_MIN, END_DATE, END_HOUR, END_MIN, USERID, ADD_DATE, UPDATE_DATE ) values ( 'CHV-SABER-14B5480FA4FC48D7A3EB96AA697E6403', 'CHV-SABER-4010FF6A856D4B15885F66B271747BEE', 513, 6, 108548000.00000, 105321000.00000, NULL, 'RUNUSED', '2018-04-02', 7, 25, '2018-04-02', 7, 31, 'tcurtis', '2021-12-23 11:59:55', '2021-12-23 12:03:34' ) on conflict (RATA_RUN_ID) do update set RATA_SUM_ID = EXCLUDED.RATA_SUM_ID, GROSS_UNIT_LOAD = EXCLUDED.GROSS_UNIT_LOAD, RUN_NUM = EXCLUDED.RUN_NUM, CEM_VALUE = EXCLUDED.CEM_VALUE, RATA_REF_VALUE = EXCLUDED.RATA_REF_VALUE, CALC_RATA_REF_VALUE = EXCLUDED.CALC_RATA_REF_VALUE, RUN_STATUS_CD = EXCLUDED.RUN_STATUS_CD, BEGIN_DATE = EXCLUDED.BEGIN_DATE, BEGIN_HOUR = EXCLUDED.BEGIN_HOUR, BEGIN_MIN = EXCLUDED.BEGIN_MIN, END_DATE = EXCLUDED.END_DATE, END_HOUR = EXCLUDED.END_HOUR, END_MIN = EXCLUDED.END_MIN, USERID = EXCLUDED.USERID, ADD_DATE = EXCLUDED.ADD_DATE, UPDATE_DATE = EXCLUDED.UPDATE_DATE;
/* ORIS:    130    Location: 1         Test Type: RATA       Test Num: AAA           SQL Ord:    8 */ insert into camdecmpswks.RATA_RUN ( RATA_RUN_ID, RATA_SUM_ID, GROSS_UNIT_LOAD, RUN_NUM, CEM_VALUE, RATA_REF_VALUE, CALC_RATA_REF_VALUE, RUN_STATUS_CD, BEGIN_DATE, BEGIN_HOUR, BEGIN_MIN, END_DATE, END_HOUR, END_MIN, USERID, ADD_DATE, UPDATE_DATE ) values ( 'CHV-SABER-23961242032D4798BC0F04B87E55BB5F', 'CHV-SABER-F46F843605E348EF95B00846C78D96DA', 362, 4, 90757000.00000, 89897000.00000, NULL, 'RUNUSED', '2018-04-01', 13, 17, '2018-04-01', 13, 23, 'tcurtis', '2021-12-23 11:59:55', '2021-12-23 12:03:34' ) on conflict (RATA_RUN_ID) do update set RATA_SUM_ID = EXCLUDED.RATA_SUM_ID, GROSS_UNIT_LOAD = EXCLUDED.GROSS_UNIT_LOAD, RUN_NUM = EXCLUDED.RUN_NUM, CEM_VALUE = EXCLUDED.CEM_VALUE, RATA_REF_VALUE = EXCLUDED.RATA_REF_VALUE, CALC_RATA_REF_VALUE = EXCLUDED.CALC_RATA_REF_VALUE, RUN_STATUS_CD = EXCLUDED.RUN_STATUS_CD, BEGIN_DATE = EXCLUDED.BEGIN_DATE, BEGIN_HOUR = EXCLUDED.BEGIN_HOUR, BEGIN_MIN = EXCLUDED.BEGIN_MIN, END_DATE = EXCLUDED.END_DATE, END_HOUR = EXCLUDED.END_HOUR, END_MIN = EXCLUDED.END_MIN, USERID = EXCLUDED.USERID, ADD_DATE = EXCLUDED.ADD_DATE, UPDATE_DATE = EXCLUDED.UPDATE_DATE;
/* ORIS:    130    Location: 1         Test Type: RATA       Test Num: AAA           SQL Ord:    8 */ insert into camdecmpswks.RATA_RUN ( RATA_RUN_ID, RATA_SUM_ID, GROSS_UNIT_LOAD, RUN_NUM, CEM_VALUE, RATA_REF_VALUE, CALC_RATA_REF_VALUE, RUN_STATUS_CD, BEGIN_DATE, BEGIN_HOUR, BEGIN_MIN, END_DATE, END_HOUR, END_MIN, USERID, ADD_DATE, UPDATE_DATE ) values ( 'CHV-SABER-341D9A306B7844EEA54DAC86565DA0CA', 'CHV-SABER-4010FF6A856D4B15885F66B271747BEE', 518, 4, 109322000.00000, 107507000.00000, NULL, 'RUNUSED', '2018-04-02', 7, 11, '2018-04-02', 7, 17, 'tcurtis', '2021-12-23 11:59:55', '2021-12-23 12:03:34' ) on conflict (RATA_RUN_ID) do update set RATA_SUM_ID = EXCLUDED.RATA_SUM_ID, GROSS_UNIT_LOAD = EXCLUDED.GROSS_UNIT_LOAD, RUN_NUM = EXCLUDED.RUN_NUM, CEM_VALUE = EXCLUDED.CEM_VALUE, RATA_REF_VALUE = EXCLUDED.RATA_REF_VALUE, CALC_RATA_REF_VALUE = EXCLUDED.CALC_RATA_REF_VALUE, RUN_STATUS_CD = EXCLUDED.RUN_STATUS_CD, BEGIN_DATE = EXCLUDED.BEGIN_DATE, BEGIN_HOUR = EXCLUDED.BEGIN_HOUR, BEGIN_MIN = EXCLUDED.BEGIN_MIN, END_DATE = EXCLUDED.END_DATE, END_HOUR = EXCLUDED.END_HOUR, END_MIN = EXCLUDED.END_MIN, USERID = EXCLUDED.USERID, ADD_DATE = EXCLUDED.ADD_DATE, UPDATE_DATE = EXCLUDED.UPDATE_DATE;
/* ORIS:    130    Location: 1         Test Type: RATA       Test Num: AAA           SQL Ord:    8 */ insert into camdecmpswks.RATA_RUN ( RATA_RUN_ID, RATA_SUM_ID, GROSS_UNIT_LOAD, RUN_NUM, CEM_VALUE, RATA_REF_VALUE, CALC_RATA_REF_VALUE, RUN_STATUS_CD, BEGIN_DATE, BEGIN_HOUR, BEGIN_MIN, END_DATE, END_HOUR, END_MIN, USERID, ADD_DATE, UPDATE_DATE ) values ( 'CHV-SABER-5024420583184B0485C52C6EA7712F80', 'CHV-SABER-F46F843605E348EF95B00846C78D96DA', 360, 6, 90212000.00000, 90703000.00000, NULL, 'RUNUSED', '2018-04-01', 13, 51, '2018-04-01', 13, 58, 'tcurtis', '2021-12-23 11:59:55', '2021-12-23 12:03:34' ) on conflict (RATA_RUN_ID) do update set RATA_SUM_ID = EXCLUDED.RATA_SUM_ID, GROSS_UNIT_LOAD = EXCLUDED.GROSS_UNIT_LOAD, RUN_NUM = EXCLUDED.RUN_NUM, CEM_VALUE = EXCLUDED.CEM_VALUE, RATA_REF_VALUE = EXCLUDED.RATA_REF_VALUE, CALC_RATA_REF_VALUE = EXCLUDED.CALC_RATA_REF_VALUE, RUN_STATUS_CD = EXCLUDED.RUN_STATUS_CD, BEGIN_DATE = EXCLUDED.BEGIN_DATE, BEGIN_HOUR = EXCLUDED.BEGIN_HOUR, BEGIN_MIN = EXCLUDED.BEGIN_MIN, END_DATE = EXCLUDED.END_DATE, END_HOUR = EXCLUDED.END_HOUR, END_MIN = EXCLUDED.END_MIN, USERID = EXCLUDED.USERID, ADD_DATE = EXCLUDED.ADD_DATE, UPDATE_DATE = EXCLUDED.UPDATE_DATE;
/* ORIS:    130    Location: 1         Test Type: RATA       Test Num: AAA           SQL Ord:    8 */ insert into camdecmpswks.RATA_RUN ( RATA_RUN_ID, RATA_SUM_ID, GROSS_UNIT_LOAD, RUN_NUM, CEM_VALUE, RATA_REF_VALUE, CALC_RATA_REF_VALUE, RUN_STATUS_CD, BEGIN_DATE, BEGIN_HOUR, BEGIN_MIN, END_DATE, END_HOUR, END_MIN, USERID, ADD_DATE, UPDATE_DATE ) values ( 'CHV-SABER-57F2DBF965D346119F11E9039840810F', 'CHV-SABER-F46F843605E348EF95B00846C78D96DA', 361, 8, 90848000.00000, 90795000.00000, NULL, 'RUNUSED', '2018-04-01', 14, 26, '2018-04-01', 14, 33, 'tcurtis', '2021-12-23 11:59:55', '2021-12-23 12:03:34' ) on conflict (RATA_RUN_ID) do update set RATA_SUM_ID = EXCLUDED.RATA_SUM_ID, GROSS_UNIT_LOAD = EXCLUDED.GROSS_UNIT_LOAD, RUN_NUM = EXCLUDED.RUN_NUM, CEM_VALUE = EXCLUDED.CEM_VALUE, RATA_REF_VALUE = EXCLUDED.RATA_REF_VALUE, CALC_RATA_REF_VALUE = EXCLUDED.CALC_RATA_REF_VALUE, RUN_STATUS_CD = EXCLUDED.RUN_STATUS_CD, BEGIN_DATE = EXCLUDED.BEGIN_DATE, BEGIN_HOUR = EXCLUDED.BEGIN_HOUR, BEGIN_MIN = EXCLUDED.BEGIN_MIN, END_DATE = EXCLUDED.END_DATE, END_HOUR = EXCLUDED.END_HOUR, END_MIN = EXCLUDED.END_MIN, USERID = EXCLUDED.USERID, ADD_DATE = EXCLUDED.ADD_DATE, UPDATE_DATE = EXCLUDED.UPDATE_DATE;
/* ORIS:    130    Location: 1         Test Type: RATA       Test Num: AAA           SQL Ord:    8 */ insert into camdecmpswks.RATA_RUN ( RATA_RUN_ID, RATA_SUM_ID, GROSS_UNIT_LOAD, RUN_NUM, CEM_VALUE, RATA_REF_VALUE, CALC_RATA_REF_VALUE, RUN_STATUS_CD, BEGIN_DATE, BEGIN_HOUR, BEGIN_MIN, END_DATE, END_HOUR, END_MIN, USERID, ADD_DATE, UPDATE_DATE ) values ( 'CHV-SABER-686F5F14436745C7ABBBF45841117E88', 'CHV-SABER-F46F843605E348EF95B00846C78D96DA', 365, 9, 90682000.00000, 88797000.00000, NULL, 'RUNUSED', '2018-04-01', 14, 52, '2018-04-01', 14, 59, 'tcurtis', '2021-12-23 11:59:55', '2021-12-23 12:03:34' ) on conflict (RATA_RUN_ID) do update set RATA_SUM_ID = EXCLUDED.RATA_SUM_ID, GROSS_UNIT_LOAD = EXCLUDED.GROSS_UNIT_LOAD, RUN_NUM = EXCLUDED.RUN_NUM, CEM_VALUE = EXCLUDED.CEM_VALUE, RATA_REF_VALUE = EXCLUDED.RATA_REF_VALUE, CALC_RATA_REF_VALUE = EXCLUDED.CALC_RATA_REF_VALUE, RUN_STATUS_CD = EXCLUDED.RUN_STATUS_CD, BEGIN_DATE = EXCLUDED.BEGIN_DATE, BEGIN_HOUR = EXCLUDED.BEGIN_HOUR, BEGIN_MIN = EXCLUDED.BEGIN_MIN, END_DATE = EXCLUDED.END_DATE, END_HOUR = EXCLUDED.END_HOUR, END_MIN = EXCLUDED.END_MIN, USERID = EXCLUDED.USERID, ADD_DATE = EXCLUDED.ADD_DATE, UPDATE_DATE = EXCLUDED.UPDATE_DATE;
/* ORIS:    130    Location: 1         Test Type: RATA       Test Num: AAA           SQL Ord:    8 */ insert into camdecmpswks.RATA_RUN ( RATA_RUN_ID, RATA_SUM_ID, GROSS_UNIT_LOAD, RUN_NUM, CEM_VALUE, RATA_REF_VALUE, CALC_RATA_REF_VALUE, RUN_STATUS_CD, BEGIN_DATE, BEGIN_HOUR, BEGIN_MIN, END_DATE, END_HOUR, END_MIN, USERID, ADD_DATE, UPDATE_DATE ) values ( 'CHV-SABER-6A002062D73046A7A63D945DBC56EC8A', 'CHV-SABER-F46F843605E348EF95B00846C78D96DA', 357, 1, 90962000.00000, 90167000.00000, NULL, 'NOTUSED', '2018-04-01', 12, 35, '2018-04-01', 12, 43, 'tcurtis', '2021-12-23 11:59:55', '2021-12-23 12:03:34' ) on conflict (RATA_RUN_ID) do update set RATA_SUM_ID = EXCLUDED.RATA_SUM_ID, GROSS_UNIT_LOAD = EXCLUDED.GROSS_UNIT_LOAD, RUN_NUM = EXCLUDED.RUN_NUM, CEM_VALUE = EXCLUDED.CEM_VALUE, RATA_REF_VALUE = EXCLUDED.RATA_REF_VALUE, CALC_RATA_REF_VALUE = EXCLUDED.CALC_RATA_REF_VALUE, RUN_STATUS_CD = EXCLUDED.RUN_STATUS_CD, BEGIN_DATE = EXCLUDED.BEGIN_DATE, BEGIN_HOUR = EXCLUDED.BEGIN_HOUR, BEGIN_MIN = EXCLUDED.BEGIN_MIN, END_DATE = EXCLUDED.END_DATE, END_HOUR = EXCLUDED.END_HOUR, END_MIN = EXCLUDED.END_MIN, USERID = EXCLUDED.USERID, ADD_DATE = EXCLUDED.ADD_DATE, UPDATE_DATE = EXCLUDED.UPDATE_DATE;
/* ORIS:    130    Location: 1         Test Type: RATA       Test Num: AAA           SQL Ord:    8 */ insert into camdecmpswks.RATA_RUN ( RATA_RUN_ID, RATA_SUM_ID, GROSS_UNIT_LOAD, RUN_NUM, CEM_VALUE, RATA_REF_VALUE, CALC_RATA_REF_VALUE, RUN_STATUS_CD, BEGIN_DATE, BEGIN_HOUR, BEGIN_MIN, END_DATE, END_HOUR, END_MIN, USERID, ADD_DATE, UPDATE_DATE ) values ( 'CHV-SABER-6BC7F3E9D680479EBA3A8AFDFD994D9C', 'CHV-SABER-F46F843605E348EF95B00846C78D96DA', 362, 7, 90529000.00000, 89891000.00000, NULL, 'RUNUSED', '2018-04-01', 14, 18, '2018-04-01', 14, 25, 'tcurtis', '2021-12-23 11:59:55', '2021-12-23 12:03:34' ) on conflict (RATA_RUN_ID) do update set RATA_SUM_ID = EXCLUDED.RATA_SUM_ID, GROSS_UNIT_LOAD = EXCLUDED.GROSS_UNIT_LOAD, RUN_NUM = EXCLUDED.RUN_NUM, CEM_VALUE = EXCLUDED.CEM_VALUE, RATA_REF_VALUE = EXCLUDED.RATA_REF_VALUE, CALC_RATA_REF_VALUE = EXCLUDED.CALC_RATA_REF_VALUE, RUN_STATUS_CD = EXCLUDED.RUN_STATUS_CD, BEGIN_DATE = EXCLUDED.BEGIN_DATE, BEGIN_HOUR = EXCLUDED.BEGIN_HOUR, BEGIN_MIN = EXCLUDED.BEGIN_MIN, END_DATE = EXCLUDED.END_DATE, END_HOUR = EXCLUDED.END_HOUR, END_MIN = EXCLUDED.END_MIN, USERID = EXCLUDED.USERID, ADD_DATE = EXCLUDED.ADD_DATE, UPDATE_DATE = EXCLUDED.UPDATE_DATE;
/* ORIS:    130    Location: 1         Test Type: RATA       Test Num: AAA           SQL Ord:    8 */ insert into camdecmpswks.RATA_RUN ( RATA_RUN_ID, RATA_SUM_ID, GROSS_UNIT_LOAD, RUN_NUM, CEM_VALUE, RATA_REF_VALUE, CALC_RATA_REF_VALUE, RUN_STATUS_CD, BEGIN_DATE, BEGIN_HOUR, BEGIN_MIN, END_DATE, END_HOUR, END_MIN, USERID, ADD_DATE, UPDATE_DATE ) values ( 'CHV-SABER-8C43E1DD32804BA5AF5F0536AF449042', 'CHV-SABER-F46F843605E348EF95B00846C78D96DA', 362, 3, 90137000.00000, 89982000.00000, NULL, 'RUNUSED', '2018-04-01', 13, 9, '2018-04-01', 13, 16, 'tcurtis', '2021-12-23 11:59:55', '2021-12-23 12:03:34' ) on conflict (RATA_RUN_ID) do update set RATA_SUM_ID = EXCLUDED.RATA_SUM_ID, GROSS_UNIT_LOAD = EXCLUDED.GROSS_UNIT_LOAD, RUN_NUM = EXCLUDED.RUN_NUM, CEM_VALUE = EXCLUDED.CEM_VALUE, RATA_REF_VALUE = EXCLUDED.RATA_REF_VALUE, CALC_RATA_REF_VALUE = EXCLUDED.CALC_RATA_REF_VALUE, RUN_STATUS_CD = EXCLUDED.RUN_STATUS_CD, BEGIN_DATE = EXCLUDED.BEGIN_DATE, BEGIN_HOUR = EXCLUDED.BEGIN_HOUR, BEGIN_MIN = EXCLUDED.BEGIN_MIN, END_DATE = EXCLUDED.END_DATE, END_HOUR = EXCLUDED.END_HOUR, END_MIN = EXCLUDED.END_MIN, USERID = EXCLUDED.USERID, ADD_DATE = EXCLUDED.ADD_DATE, UPDATE_DATE = EXCLUDED.UPDATE_DATE;
/* ORIS:    130    Location: 1         Test Type: RATA       Test Num: AAA           SQL Ord:    8 */ insert into camdecmpswks.RATA_RUN ( RATA_RUN_ID, RATA_SUM_ID, GROSS_UNIT_LOAD, RUN_NUM, CEM_VALUE, RATA_REF_VALUE, CALC_RATA_REF_VALUE, RUN_STATUS_CD, BEGIN_DATE, BEGIN_HOUR, BEGIN_MIN, END_DATE, END_HOUR, END_MIN, USERID, ADD_DATE, UPDATE_DATE ) values ( 'CHV-SABER-96B6DC15D74A469AB4BB791664FD510B', 'CHV-SABER-4010FF6A856D4B15885F66B271747BEE', 564, 1, 116687000.00000, 111369000.00000, NULL, 'RUNUSED', '2018-04-02', 6, 33, '2018-04-02', 6, 40, 'tcurtis', '2021-12-23 11:59:55', '2021-12-23 12:03:34' ) on conflict (RATA_RUN_ID) do update set RATA_SUM_ID = EXCLUDED.RATA_SUM_ID, GROSS_UNIT_LOAD = EXCLUDED.GROSS_UNIT_LOAD, RUN_NUM = EXCLUDED.RUN_NUM, CEM_VALUE = EXCLUDED.CEM_VALUE, RATA_REF_VALUE = EXCLUDED.RATA_REF_VALUE, CALC_RATA_REF_VALUE = EXCLUDED.CALC_RATA_REF_VALUE, RUN_STATUS_CD = EXCLUDED.RUN_STATUS_CD, BEGIN_DATE = EXCLUDED.BEGIN_DATE, BEGIN_HOUR = EXCLUDED.BEGIN_HOUR, BEGIN_MIN = EXCLUDED.BEGIN_MIN, END_DATE = EXCLUDED.END_DATE, END_HOUR = EXCLUDED.END_HOUR, END_MIN = EXCLUDED.END_MIN, USERID = EXCLUDED.USERID, ADD_DATE = EXCLUDED.ADD_DATE, UPDATE_DATE = EXCLUDED.UPDATE_DATE;
/* ORIS:    130    Location: 1         Test Type: RATA       Test Num: AAA           SQL Ord:    8 */ insert into camdecmpswks.RATA_RUN ( RATA_RUN_ID, RATA_SUM_ID, GROSS_UNIT_LOAD, RUN_NUM, CEM_VALUE, RATA_REF_VALUE, CALC_RATA_REF_VALUE, RUN_STATUS_CD, BEGIN_DATE, BEGIN_HOUR, BEGIN_MIN, END_DATE, END_HOUR, END_MIN, USERID, ADD_DATE, UPDATE_DATE ) values ( 'CHV-SABER-AF730419561F4007B5CE3B406161FCA0', 'CHV-SABER-4010FF6A856D4B15885F66B271747BEE', 515, 9, 109656000.00000, 106731000.00000, NULL, 'RUNUSED', '2018-04-02', 7, 45, '2018-04-02', 7, 50, 'tcurtis', '2021-12-23 11:59:55', '2021-12-23 12:03:34' ) on conflict (RATA_RUN_ID) do update set RATA_SUM_ID = EXCLUDED.RATA_SUM_ID, GROSS_UNIT_LOAD = EXCLUDED.GROSS_UNIT_LOAD, RUN_NUM = EXCLUDED.RUN_NUM, CEM_VALUE = EXCLUDED.CEM_VALUE, RATA_REF_VALUE = EXCLUDED.RATA_REF_VALUE, CALC_RATA_REF_VALUE = EXCLUDED.CALC_RATA_REF_VALUE, RUN_STATUS_CD = EXCLUDED.RUN_STATUS_CD, BEGIN_DATE = EXCLUDED.BEGIN_DATE, BEGIN_HOUR = EXCLUDED.BEGIN_HOUR, BEGIN_MIN = EXCLUDED.BEGIN_MIN, END_DATE = EXCLUDED.END_DATE, END_HOUR = EXCLUDED.END_HOUR, END_MIN = EXCLUDED.END_MIN, USERID = EXCLUDED.USERID, ADD_DATE = EXCLUDED.ADD_DATE, UPDATE_DATE = EXCLUDED.UPDATE_DATE;
/* ORIS:    130    Location: 1         Test Type: RATA       Test Num: AAA           SQL Ord:    8 */ insert into camdecmpswks.RATA_RUN ( RATA_RUN_ID, RATA_SUM_ID, GROSS_UNIT_LOAD, RUN_NUM, CEM_VALUE, RATA_REF_VALUE, CALC_RATA_REF_VALUE, RUN_STATUS_CD, BEGIN_DATE, BEGIN_HOUR, BEGIN_MIN, END_DATE, END_HOUR, END_MIN, USERID, ADD_DATE, UPDATE_DATE ) values ( 'CHV-SABER-CE0429A575F54DD38A3A39CB33284854', 'CHV-SABER-4010FF6A856D4B15885F66B271747BEE', 568, 3, 116519000.00000, 111954000.00000, NULL, 'RUNUSED', '2018-04-02', 6, 48, '2018-04-02', 6, 55, 'tcurtis', '2021-12-23 11:59:55', '2021-12-23 12:03:34' ) on conflict (RATA_RUN_ID) do update set RATA_SUM_ID = EXCLUDED.RATA_SUM_ID, GROSS_UNIT_LOAD = EXCLUDED.GROSS_UNIT_LOAD, RUN_NUM = EXCLUDED.RUN_NUM, CEM_VALUE = EXCLUDED.CEM_VALUE, RATA_REF_VALUE = EXCLUDED.RATA_REF_VALUE, CALC_RATA_REF_VALUE = EXCLUDED.CALC_RATA_REF_VALUE, RUN_STATUS_CD = EXCLUDED.RUN_STATUS_CD, BEGIN_DATE = EXCLUDED.BEGIN_DATE, BEGIN_HOUR = EXCLUDED.BEGIN_HOUR, BEGIN_MIN = EXCLUDED.BEGIN_MIN, END_DATE = EXCLUDED.END_DATE, END_HOUR = EXCLUDED.END_HOUR, END_MIN = EXCLUDED.END_MIN, USERID = EXCLUDED.USERID, ADD_DATE = EXCLUDED.ADD_DATE, UPDATE_DATE = EXCLUDED.UPDATE_DATE;
/* ORIS:    130    Location: 1         Test Type: RATA       Test Num: AAA           SQL Ord:    8 */ insert into camdecmpswks.RATA_RUN ( RATA_RUN_ID, RATA_SUM_ID, GROSS_UNIT_LOAD, RUN_NUM, CEM_VALUE, RATA_REF_VALUE, CALC_RATA_REF_VALUE, RUN_STATUS_CD, BEGIN_DATE, BEGIN_HOUR, BEGIN_MIN, END_DATE, END_HOUR, END_MIN, USERID, ADD_DATE, UPDATE_DATE ) values ( 'CHV-SABER-E8CFCB183972419097AC7659DC9CCAA9', 'CHV-SABER-4010FF6A856D4B15885F66B271747BEE', 515, 7, 108492000.00000, 104762000.00000, NULL, 'RUNUSED', '2018-04-02', 7, 32, '2018-04-02', 7, 38, 'tcurtis', '2021-12-23 11:59:55', '2021-12-23 12:03:34' ) on conflict (RATA_RUN_ID) do update set RATA_SUM_ID = EXCLUDED.RATA_SUM_ID, GROSS_UNIT_LOAD = EXCLUDED.GROSS_UNIT_LOAD, RUN_NUM = EXCLUDED.RUN_NUM, CEM_VALUE = EXCLUDED.CEM_VALUE, RATA_REF_VALUE = EXCLUDED.RATA_REF_VALUE, CALC_RATA_REF_VALUE = EXCLUDED.CALC_RATA_REF_VALUE, RUN_STATUS_CD = EXCLUDED.RUN_STATUS_CD, BEGIN_DATE = EXCLUDED.BEGIN_DATE, BEGIN_HOUR = EXCLUDED.BEGIN_HOUR, BEGIN_MIN = EXCLUDED.BEGIN_MIN, END_DATE = EXCLUDED.END_DATE, END_HOUR = EXCLUDED.END_HOUR, END_MIN = EXCLUDED.END_MIN, USERID = EXCLUDED.USERID, ADD_DATE = EXCLUDED.ADD_DATE, UPDATE_DATE = EXCLUDED.UPDATE_DATE;
/* ORIS:    130    Location: 1         Test Type: RATA       Test Num: AAA           SQL Ord:    8 */ insert into camdecmpswks.RATA_RUN ( RATA_RUN_ID, RATA_SUM_ID, GROSS_UNIT_LOAD, RUN_NUM, CEM_VALUE, RATA_REF_VALUE, CALC_RATA_REF_VALUE, RUN_STATUS_CD, BEGIN_DATE, BEGIN_HOUR, BEGIN_MIN, END_DATE, END_HOUR, END_MIN, USERID, ADD_DATE, UPDATE_DATE ) values ( 'CHV-SABER-F297720102D94959BBAEED997DEF76D2', 'CHV-SABER-F46F843605E348EF95B00846C78D96DA', 361, 2, 89991000.00000, 88847000.00000, NULL, 'RUNUSED', '2018-04-01', 12, 44, '2018-04-01', 12, 51, 'tcurtis', '2021-12-23 11:59:55', '2021-12-23 12:03:34' ) on conflict (RATA_RUN_ID) do update set RATA_SUM_ID = EXCLUDED.RATA_SUM_ID, GROSS_UNIT_LOAD = EXCLUDED.GROSS_UNIT_LOAD, RUN_NUM = EXCLUDED.RUN_NUM, CEM_VALUE = EXCLUDED.CEM_VALUE, RATA_REF_VALUE = EXCLUDED.RATA_REF_VALUE, CALC_RATA_REF_VALUE = EXCLUDED.CALC_RATA_REF_VALUE, RUN_STATUS_CD = EXCLUDED.RUN_STATUS_CD, BEGIN_DATE = EXCLUDED.BEGIN_DATE, BEGIN_HOUR = EXCLUDED.BEGIN_HOUR, BEGIN_MIN = EXCLUDED.BEGIN_MIN, END_DATE = EXCLUDED.END_DATE, END_HOUR = EXCLUDED.END_HOUR, END_MIN = EXCLUDED.END_MIN, USERID = EXCLUDED.USERID, ADD_DATE = EXCLUDED.ADD_DATE, UPDATE_DATE = EXCLUDED.UPDATE_DATE;
/* ORIS:    130    Location: 1         Test Type: RATA       Test Num: AAA           SQL Ord:    8 */ insert into camdecmpswks.RATA_RUN ( RATA_RUN_ID, RATA_SUM_ID, GROSS_UNIT_LOAD, RUN_NUM, CEM_VALUE, RATA_REF_VALUE, CALC_RATA_REF_VALUE, RUN_STATUS_CD, BEGIN_DATE, BEGIN_HOUR, BEGIN_MIN, END_DATE, END_HOUR, END_MIN, USERID, ADD_DATE, UPDATE_DATE ) values ( 'CHV-SABER-FAD694C156294FE682371F425E43C9A6', 'CHV-SABER-4010FF6A856D4B15885F66B271747BEE', 562, 2, 116629000.00000, 112290000.00000, NULL, 'RUNUSED', '2018-04-02', 6, 41, '2018-04-02', 6, 47, 'tcurtis', '2021-12-23 11:59:55', '2021-12-23 12:03:34' ) on conflict (RATA_RUN_ID) do update set RATA_SUM_ID = EXCLUDED.RATA_SUM_ID, GROSS_UNIT_LOAD = EXCLUDED.GROSS_UNIT_LOAD, RUN_NUM = EXCLUDED.RUN_NUM, CEM_VALUE = EXCLUDED.CEM_VALUE, RATA_REF_VALUE = EXCLUDED.RATA_REF_VALUE, CALC_RATA_REF_VALUE = EXCLUDED.CALC_RATA_REF_VALUE, RUN_STATUS_CD = EXCLUDED.RUN_STATUS_CD, BEGIN_DATE = EXCLUDED.BEGIN_DATE, BEGIN_HOUR = EXCLUDED.BEGIN_HOUR, BEGIN_MIN = EXCLUDED.BEGIN_MIN, END_DATE = EXCLUDED.END_DATE, END_HOUR = EXCLUDED.END_HOUR, END_MIN = EXCLUDED.END_MIN, USERID = EXCLUDED.USERID, ADD_DATE = EXCLUDED.ADD_DATE, UPDATE_DATE = EXCLUDED.UPDATE_DATE;
/* ORIS:   2442    Location: 4         Test Type: F2LREF     Test Num: F43-Q2-2021-1         SQL Ord:    1 */ delete from camdecmpswks.TEST_SUMMARY where TEST_SUM_ID = 'PC49096-389AF24B880A4839B7D1041D3B973F5E';
/* ORIS:   2442    Location: 4         Test Type: F2LREF     Test Num: F43-Q2-2021-1         SQL Ord:    2 */ insert into camdecmpswks.TEST_SUMMARY ( TEST_SUM_ID, MON_LOC_ID, TEST_TYPE_CD, TEST_NUM, MON_SYS_ID, COMPONENT_ID, GP_IND, TEST_REASON_CD, TEST_RESULT_CD, RPT_PERIOD_ID, BEGIN_DATE, BEGIN_HOUR, BEGIN_MIN, END_DATE, END_HOUR, END_MIN, SPAN_SCALE_CD, INJECTION_PROTOCOL_CD, TEST_COMMENT, TEST_DESCRIPTION, CALC_GP_IND, CALC_TEST_RESULT_CD, CALC_SPAN_VALUE, LAST_UPDATED, UPDATED_STATUS_FLG, NEEDS_EVAL_FLG, CHK_SESSION_ID, USERID, ADD_DATE, UPDATE_DATE ) values ( 'PC49096-389AF24B880A4839B7D1041D3B973F5E', '1146', 'F2LREF', 'F43-Q2-2021-1', 'PC49096-AC84176C0E2A4211A5A5A9C9E4BCBAF3', NULL, NULL, NULL, NULL, NULL, NULL, NULL, NULL, '2021-06-21', 16, 38, NULL, NULL, NULL, NULL, NULL, NULL, NULL, NULL, 'N', 'N', 'CHV-SABER-8B9FE17F83CB4552B7D4B575B44EB3E2', 'cgrall', '2021-07-21 00:53:12', '2021-12-23 10:54:08' ) on conflict (TEST_SUM_ID) do update set MON_LOC_ID = EXCLUDED.MON_LOC_ID, TEST_TYPE_CD = EXCLUDED.TEST_TYPE_CD, TEST_NUM = EXCLUDED.TEST_NUM, MON_SYS_ID = EXCLUDED.MON_SYS_ID, COMPONENT_ID = EXCLUDED.COMPONENT_ID, GP_IND = EXCLUDED.GP_IND, TEST_REASON_CD = EXCLUDED.TEST_REASON_CD, TEST_RESULT_CD = EXCLUDED.TEST_RESULT_CD, RPT_PERIOD_ID = EXCLUDED.RPT_PERIOD_ID, BEGIN_DATE = EXCLUDED.BEGIN_DATE, BEGIN_HOUR = EXCLUDED.BEGIN_HOUR, BEGIN_MIN = EXCLUDED.BEGIN_MIN, END_DATE = EXCLUDED.END_DATE, END_HOUR = EXCLUDED.END_HOUR, END_MIN = EXCLUDED.END_MIN, SPAN_SCALE_CD = EXCLUDED.SPAN_SCALE_CD, INJECTION_PROTOCOL_CD = EXCLUDED.INJECTION_PROTOCOL_CD, TEST_COMMENT = EXCLUDED.TEST_COMMENT, TEST_DESCRIPTION = EXCLUDED.TEST_DESCRIPTION, CALC_GP_IND = EXCLUDED.CALC_GP_IND, CALC_TEST_RESULT_CD = EXCLUDED.CALC_TEST_RESULT_CD, CALC_SPAN_VALUE = EXCLUDED.CALC_SPAN_VALUE, LAST_UPDATED = EXCLUDED.LAST_UPDATED, UPDATED_STATUS_FLG = EXCLUDED.UPDATED_STATUS_FLG, NEEDS_EVAL_FLG = EXCLUDED.NEEDS_EVAL_FLG, CHK_SESSION_ID = EXCLUDED.CHK_SESSION_ID, USERID = EXCLUDED.USERID, ADD_DATE = EXCLUDED.ADD_DATE, UPDATE_DATE = EXCLUDED.UPDATE_DATE;
/* ORIS:   2442    Location: 4         Test Type: F2LREF     Test Num: F43-Q2-2021-1         SQL Ord:    6 */ insert into camdecmpswks.FLOW_TO_LOAD_REFERENCE ( FLOW_LOAD_REF_ID, TEST_SUM_ID, OP_LEVEL_CD, AVG_REF_METHOD_FLOW, CALC_AVG_REF_METHOD_FLOW, RATA_TEST_NUM, AVG_GROSS_UNIT_LOAD, CALC_AVG_GROSS_UNIT_LOAD, REF_FLOW_LOAD_RATIO, CALC_REF_FLOW_LOAD_RATIO, AVG_HRLY_HI_RATE, REF_GHR, CALC_REF_GHR, USERID, ADD_DATE, UPDATE_DATE, CALC_SEP_REF_IND ) values ( 'PC49096-B9608019C86B4EC2B718C806A6090CBB', 'PC49096-389AF24B880A4839B7D1041D3B973F5E', 'H', 106321889, NULL, 'F43-Q2-2021-1', 779, NULL, 1.36, NULL, NULL, NULL, NULL, 'cgrall', '2021-07-21 00:53:12', '2021-12-23 10:54:08', NULL ) on conflict (FLOW_LOAD_REF_ID) do update set TEST_SUM_ID = EXCLUDED.TEST_SUM_ID, OP_LEVEL_CD = EXCLUDED.OP_LEVEL_CD, AVG_REF_METHOD_FLOW = EXCLUDED.AVG_REF_METHOD_FLOW, CALC_AVG_REF_METHOD_FLOW = EXCLUDED.CALC_AVG_REF_METHOD_FLOW, RATA_TEST_NUM = EXCLUDED.RATA_TEST_NUM, AVG_GROSS_UNIT_LOAD = EXCLUDED.AVG_GROSS_UNIT_LOAD, CALC_AVG_GROSS_UNIT_LOAD = EXCLUDED.CALC_AVG_GROSS_UNIT_LOAD, REF_FLOW_LOAD_RATIO = EXCLUDED.REF_FLOW_LOAD_RATIO, CALC_REF_FLOW_LOAD_RATIO = EXCLUDED.CALC_REF_FLOW_LOAD_RATIO, AVG_HRLY_HI_RATE = EXCLUDED.AVG_HRLY_HI_RATE, REF_GHR = EXCLUDED.REF_GHR, CALC_REF_GHR = EXCLUDED.CALC_REF_GHR, CALC_SEP_REF_IND = EXCLUDED.CALC_SEP_REF_IND, USERID = EXCLUDED.USERID, ADD_DATE = EXCLUDED.ADD_DATE, UPDATE_DATE = EXCLUDED.UPDATE_DATE;