/* ORIS:      3    Location: 4         Test Type: 7DAY       Test Num: 201501250645CO2       SQL Ord:    1 */ delete from camdecmpswks.TEST_SUMMARY where TEST_SUM_ID = 'TWCORNEL5-9987DDF633104765B9AA755E1EA15E90';
/* ORIS:      3    Location: 4         Test Type: 7DAY       Test Num: 201501250645CO2       SQL Ord:    2 */ insert into camdecmpswks.TEST_SUMMARY ( TEST_SUM_ID, MON_LOC_ID, TEST_TYPE_CD, TEST_NUM, MON_SYS_ID, COMPONENT_ID, GP_IND, TEST_REASON_CD, TEST_RESULT_CD, RPT_PERIOD_ID, BEGIN_DATE, BEGIN_HOUR, BEGIN_MIN, END_DATE, END_HOUR, END_MIN, SPAN_SCALE_CD, INJECTION_PROTOCOL_CD, TEST_COMMENT, TEST_DESCRIPTION, CALC_GP_IND, CALC_TEST_RESULT_CD, CALC_SPAN_VALUE, LAST_UPDATED, UPDATED_STATUS_FLG, NEEDS_EVAL_FLG, CHK_SESSION_ID, USERID, ADD_DATE, UPDATE_DATE ) values ( 'TWCORNEL5-9987DDF633104765B9AA755E1EA15E90', '4', '7DAY', '201501250645CO2', NULL, 'TWCORNEL5-3326B79E170147AD9E204DDB4ECAD6D4', NULL, 'INITIAL', 'PASSED', NULL, '2015-01-25', 6, 45, '2015-01-31', 6, 50, NULL, NULL, NULL, NULL, NULL, NULL, NULL, '2021-12-27 08:22:18', 'Y', 'N', 'CHV-LGIANN-233E617C505C4C55B61C5A8B76D4D407', 'esupport', '2015-04-21 15:07:32', '2021-12-27 08:22:24' ) on conflict (TEST_SUM_ID) do update set MON_LOC_ID = EXCLUDED.MON_LOC_ID, TEST_TYPE_CD = EXCLUDED.TEST_TYPE_CD, TEST_NUM = EXCLUDED.TEST_NUM, MON_SYS_ID = EXCLUDED.MON_SYS_ID, COMPONENT_ID = EXCLUDED.COMPONENT_ID, GP_IND = EXCLUDED.GP_IND, TEST_REASON_CD = EXCLUDED.TEST_REASON_CD, TEST_RESULT_CD = EXCLUDED.TEST_RESULT_CD, RPT_PERIOD_ID = EXCLUDED.RPT_PERIOD_ID, BEGIN_DATE = EXCLUDED.BEGIN_DATE, BEGIN_HOUR = EXCLUDED.BEGIN_HOUR, BEGIN_MIN = EXCLUDED.BEGIN_MIN, END_DATE = EXCLUDED.END_DATE, END_HOUR = EXCLUDED.END_HOUR, END_MIN = EXCLUDED.END_MIN, SPAN_SCALE_CD = EXCLUDED.SPAN_SCALE_CD, INJECTION_PROTOCOL_CD = EXCLUDED.INJECTION_PROTOCOL_CD, TEST_COMMENT = EXCLUDED.TEST_COMMENT, TEST_DESCRIPTION = EXCLUDED.TEST_DESCRIPTION, CALC_GP_IND = EXCLUDED.CALC_GP_IND, CALC_TEST_RESULT_CD = EXCLUDED.CALC_TEST_RESULT_CD, CALC_SPAN_VALUE = EXCLUDED.CALC_SPAN_VALUE, LAST_UPDATED = EXCLUDED.LAST_UPDATED, UPDATED_STATUS_FLG = EXCLUDED.UPDATED_STATUS_FLG, NEEDS_EVAL_FLG = EXCLUDED.NEEDS_EVAL_FLG, CHK_SESSION_ID = EXCLUDED.CHK_SESSION_ID, USERID = EXCLUDED.USERID, ADD_DATE = EXCLUDED.ADD_DATE, UPDATE_DATE = EXCLUDED.UPDATE_DATE;
/* ORIS:      3    Location: 4         Test Type: 7DAY       Test Num: 201501250645CO2       SQL Ord:    6 */ insert into camdecmpswks.CALIBRATION_INJECTION ( CAL_INJ_ID, TEST_SUM_ID, ONLINE_OFFLINE_IND, ZERO_REF_VALUE, ZERO_CAL_ERROR, CALC_ZERO_CAL_ERROR, ZERO_APS_IND, CALC_ZERO_APS_IND, ZERO_INJECTION_DATE, ZERO_INJECTION_HOUR, ZERO_INJECTION_MIN, UPSCALE_REF_VALUE, ZERO_MEASURED_VALUE, UPSCALE_GAS_LEVEL_CD, UPSCALE_MEASURED_VALUE, UPSCALE_CAL_ERROR, CALC_UPSCALE_CAL_ERROR, UPSCALE_APS_IND, CALC_UPSCALE_APS_IND, UPSCALE_INJECTION_DATE, UPSCALE_INJECTION_HOUR, UPSCALE_INJECTION_MIN, USERID, ADD_DATE, UPDATE_DATE ) values ( 'TWCORNEL5-04F1EDC296DA4265A400BBEDC51BE800', 'TWCORNEL5-9987DDF633104765B9AA755E1EA15E90', 1, 0.000, 0.00, NULL, 0, NULL, '2015-01-27', 6, 45, 11.100, 0.000, 'MID', 11.400, 0.30, NULL, 0, NULL, '2015-01-27', 6, 50, 'esupport', '2015-04-21 15:07:32', '2021-12-27 08:22:24' ) on conflict (CAL_INJ_ID) do update set TEST_SUM_ID = EXCLUDED.TEST_SUM_ID, ONLINE_OFFLINE_IND = EXCLUDED.ONLINE_OFFLINE_IND, ZERO_REF_VALUE = EXCLUDED.ZERO_REF_VALUE, ZERO_CAL_ERROR = EXCLUDED.ZERO_CAL_ERROR, CALC_ZERO_CAL_ERROR = EXCLUDED.CALC_ZERO_CAL_ERROR, ZERO_APS_IND = EXCLUDED.ZERO_APS_IND, CALC_ZERO_APS_IND = EXCLUDED.CALC_ZERO_APS_IND, ZERO_INJECTION_DATE = EXCLUDED.ZERO_INJECTION_DATE, ZERO_INJECTION_HOUR = EXCLUDED.ZERO_INJECTION_HOUR, ZERO_INJECTION_MIN = EXCLUDED.ZERO_INJECTION_MIN, UPSCALE_REF_VALUE = EXCLUDED.UPSCALE_REF_VALUE, ZERO_MEASURED_VALUE = EXCLUDED.ZERO_MEASURED_VALUE, UPSCALE_GAS_LEVEL_CD = EXCLUDED.UPSCALE_GAS_LEVEL_CD, UPSCALE_MEASURED_VALUE = EXCLUDED.UPSCALE_MEASURED_VALUE, UPSCALE_CAL_ERROR = EXCLUDED.UPSCALE_CAL_ERROR, CALC_UPSCALE_CAL_ERROR = EXCLUDED.CALC_UPSCALE_CAL_ERROR, UPSCALE_APS_IND = EXCLUDED.UPSCALE_APS_IND, CALC_UPSCALE_APS_IND = EXCLUDED.CALC_UPSCALE_APS_IND, UPSCALE_INJECTION_DATE = EXCLUDED.UPSCALE_INJECTION_DATE, UPSCALE_INJECTION_HOUR = EXCLUDED.UPSCALE_INJECTION_HOUR, UPSCALE_INJECTION_MIN = EXCLUDED.UPSCALE_INJECTION_MIN, USERID = EXCLUDED.USERID, ADD_DATE = EXCLUDED.ADD_DATE, UPDATE_DATE = EXCLUDED.UPDATE_DATE;
/* ORIS:      3    Location: 4         Test Type: 7DAY       Test Num: 201501250645CO2       SQL Ord:    6 */ insert into camdecmpswks.CALIBRATION_INJECTION ( CAL_INJ_ID, TEST_SUM_ID, ONLINE_OFFLINE_IND, ZERO_REF_VALUE, ZERO_CAL_ERROR, CALC_ZERO_CAL_ERROR, ZERO_APS_IND, CALC_ZERO_APS_IND, ZERO_INJECTION_DATE, ZERO_INJECTION_HOUR, ZERO_INJECTION_MIN, UPSCALE_REF_VALUE, ZERO_MEASURED_VALUE, UPSCALE_GAS_LEVEL_CD, UPSCALE_MEASURED_VALUE, UPSCALE_CAL_ERROR, CALC_UPSCALE_CAL_ERROR, UPSCALE_APS_IND, CALC_UPSCALE_APS_IND, UPSCALE_INJECTION_DATE, UPSCALE_INJECTION_HOUR, UPSCALE_INJECTION_MIN, USERID, ADD_DATE, UPDATE_DATE ) values ( 'TWCORNEL5-090BC9A4702140C78AC95D4F74C71B40', 'TWCORNEL5-9987DDF633104765B9AA755E1EA15E90', 1, 0.000, 0.10, NULL, 0, NULL, '2015-01-30', 6, 45, 11.100, 0.100, 'MID', 11.500, 0.40, NULL, 0, NULL, '2015-01-30', 6, 50, 'esupport', '2015-04-21 15:07:32', '2021-12-27 08:22:24' ) on conflict (CAL_INJ_ID) do update set TEST_SUM_ID = EXCLUDED.TEST_SUM_ID, ONLINE_OFFLINE_IND = EXCLUDED.ONLINE_OFFLINE_IND, ZERO_REF_VALUE = EXCLUDED.ZERO_REF_VALUE, ZERO_CAL_ERROR = EXCLUDED.ZERO_CAL_ERROR, CALC_ZERO_CAL_ERROR = EXCLUDED.CALC_ZERO_CAL_ERROR, ZERO_APS_IND = EXCLUDED.ZERO_APS_IND, CALC_ZERO_APS_IND = EXCLUDED.CALC_ZERO_APS_IND, ZERO_INJECTION_DATE = EXCLUDED.ZERO_INJECTION_DATE, ZERO_INJECTION_HOUR = EXCLUDED.ZERO_INJECTION_HOUR, ZERO_INJECTION_MIN = EXCLUDED.ZERO_INJECTION_MIN, UPSCALE_REF_VALUE = EXCLUDED.UPSCALE_REF_VALUE, ZERO_MEASURED_VALUE = EXCLUDED.ZERO_MEASURED_VALUE, UPSCALE_GAS_LEVEL_CD = EXCLUDED.UPSCALE_GAS_LEVEL_CD, UPSCALE_MEASURED_VALUE = EXCLUDED.UPSCALE_MEASURED_VALUE, UPSCALE_CAL_ERROR = EXCLUDED.UPSCALE_CAL_ERROR, CALC_UPSCALE_CAL_ERROR = EXCLUDED.CALC_UPSCALE_CAL_ERROR, UPSCALE_APS_IND = EXCLUDED.UPSCALE_APS_IND, CALC_UPSCALE_APS_IND = EXCLUDED.CALC_UPSCALE_APS_IND, UPSCALE_INJECTION_DATE = EXCLUDED.UPSCALE_INJECTION_DATE, UPSCALE_INJECTION_HOUR = EXCLUDED.UPSCALE_INJECTION_HOUR, UPSCALE_INJECTION_MIN = EXCLUDED.UPSCALE_INJECTION_MIN, USERID = EXCLUDED.USERID, ADD_DATE = EXCLUDED.ADD_DATE, UPDATE_DATE = EXCLUDED.UPDATE_DATE;
/* ORIS:      3    Location: 4         Test Type: 7DAY       Test Num: 201501250645CO2       SQL Ord:    6 */ insert into camdecmpswks.CALIBRATION_INJECTION ( CAL_INJ_ID, TEST_SUM_ID, ONLINE_OFFLINE_IND, ZERO_REF_VALUE, ZERO_CAL_ERROR, CALC_ZERO_CAL_ERROR, ZERO_APS_IND, CALC_ZERO_APS_IND, ZERO_INJECTION_DATE, ZERO_INJECTION_HOUR, ZERO_INJECTION_MIN, UPSCALE_REF_VALUE, ZERO_MEASURED_VALUE, UPSCALE_GAS_LEVEL_CD, UPSCALE_MEASURED_VALUE, UPSCALE_CAL_ERROR, CALC_UPSCALE_CAL_ERROR, UPSCALE_APS_IND, CALC_UPSCALE_APS_IND, UPSCALE_INJECTION_DATE, UPSCALE_INJECTION_HOUR, UPSCALE_INJECTION_MIN, USERID, ADD_DATE, UPDATE_DATE ) values ( 'TWCORNEL5-26A2CA409B9147EB8E50213AADF58551', 'TWCORNEL5-9987DDF633104765B9AA755E1EA15E90', 1, 0.000, 0.10, NULL, 0, NULL, '2015-01-28', 6, 45, 11.100, 0.100, 'MID', 11.400, 0.30, NULL, 0, NULL, '2015-01-28', 6, 51, 'esupport', '2015-04-21 15:07:32', '2021-12-27 08:22:24' ) on conflict (CAL_INJ_ID) do update set TEST_SUM_ID = EXCLUDED.TEST_SUM_ID, ONLINE_OFFLINE_IND = EXCLUDED.ONLINE_OFFLINE_IND, ZERO_REF_VALUE = EXCLUDED.ZERO_REF_VALUE, ZERO_CAL_ERROR = EXCLUDED.ZERO_CAL_ERROR, CALC_ZERO_CAL_ERROR = EXCLUDED.CALC_ZERO_CAL_ERROR, ZERO_APS_IND = EXCLUDED.ZERO_APS_IND, CALC_ZERO_APS_IND = EXCLUDED.CALC_ZERO_APS_IND, ZERO_INJECTION_DATE = EXCLUDED.ZERO_INJECTION_DATE, ZERO_INJECTION_HOUR = EXCLUDED.ZERO_INJECTION_HOUR, ZERO_INJECTION_MIN = EXCLUDED.ZERO_INJECTION_MIN, UPSCALE_REF_VALUE = EXCLUDED.UPSCALE_REF_VALUE, ZERO_MEASURED_VALUE = EXCLUDED.ZERO_MEASURED_VALUE, UPSCALE_GAS_LEVEL_CD = EXCLUDED.UPSCALE_GAS_LEVEL_CD, UPSCALE_MEASURED_VALUE = EXCLUDED.UPSCALE_MEASURED_VALUE, UPSCALE_CAL_ERROR = EXCLUDED.UPSCALE_CAL_ERROR, CALC_UPSCALE_CAL_ERROR = EXCLUDED.CALC_UPSCALE_CAL_ERROR, UPSCALE_APS_IND = EXCLUDED.UPSCALE_APS_IND, CALC_UPSCALE_APS_IND = EXCLUDED.CALC_UPSCALE_APS_IND, UPSCALE_INJECTION_DATE = EXCLUDED.UPSCALE_INJECTION_DATE, UPSCALE_INJECTION_HOUR = EXCLUDED.UPSCALE_INJECTION_HOUR, UPSCALE_INJECTION_MIN = EXCLUDED.UPSCALE_INJECTION_MIN, USERID = EXCLUDED.USERID, ADD_DATE = EXCLUDED.ADD_DATE, UPDATE_DATE = EXCLUDED.UPDATE_DATE;
/* ORIS:      3    Location: 4         Test Type: 7DAY       Test Num: 201501250645CO2       SQL Ord:    6 */ insert into camdecmpswks.CALIBRATION_INJECTION ( CAL_INJ_ID, TEST_SUM_ID, ONLINE_OFFLINE_IND, ZERO_REF_VALUE, ZERO_CAL_ERROR, CALC_ZERO_CAL_ERROR, ZERO_APS_IND, CALC_ZERO_APS_IND, ZERO_INJECTION_DATE, ZERO_INJECTION_HOUR, ZERO_INJECTION_MIN, UPSCALE_REF_VALUE, ZERO_MEASURED_VALUE, UPSCALE_GAS_LEVEL_CD, UPSCALE_MEASURED_VALUE, UPSCALE_CAL_ERROR, CALC_UPSCALE_CAL_ERROR, UPSCALE_APS_IND, CALC_UPSCALE_APS_IND, UPSCALE_INJECTION_DATE, UPSCALE_INJECTION_HOUR, UPSCALE_INJECTION_MIN, USERID, ADD_DATE, UPDATE_DATE ) values ( 'TWCORNEL5-9332716365B448AB9087BB713727A69E', 'TWCORNEL5-9987DDF633104765B9AA755E1EA15E90', 1, 0.000, 0.00, NULL, 0, NULL, '2015-01-31', 6, 45, 11.100, 0.000, 'MID', 11.300, 0.20, NULL, 0, NULL, '2015-01-31', 6, 50, 'esupport', '2015-04-21 15:07:32', '2021-12-27 08:22:24' ) on conflict (CAL_INJ_ID) do update set TEST_SUM_ID = EXCLUDED.TEST_SUM_ID, ONLINE_OFFLINE_IND = EXCLUDED.ONLINE_OFFLINE_IND, ZERO_REF_VALUE = EXCLUDED.ZERO_REF_VALUE, ZERO_CAL_ERROR = EXCLUDED.ZERO_CAL_ERROR, CALC_ZERO_CAL_ERROR = EXCLUDED.CALC_ZERO_CAL_ERROR, ZERO_APS_IND = EXCLUDED.ZERO_APS_IND, CALC_ZERO_APS_IND = EXCLUDED.CALC_ZERO_APS_IND, ZERO_INJECTION_DATE = EXCLUDED.ZERO_INJECTION_DATE, ZERO_INJECTION_HOUR = EXCLUDED.ZERO_INJECTION_HOUR, ZERO_INJECTION_MIN = EXCLUDED.ZERO_INJECTION_MIN, UPSCALE_REF_VALUE = EXCLUDED.UPSCALE_REF_VALUE, ZERO_MEASURED_VALUE = EXCLUDED.ZERO_MEASURED_VALUE, UPSCALE_GAS_LEVEL_CD = EXCLUDED.UPSCALE_GAS_LEVEL_CD, UPSCALE_MEASURED_VALUE = EXCLUDED.UPSCALE_MEASURED_VALUE, UPSCALE_CAL_ERROR = EXCLUDED.UPSCALE_CAL_ERROR, CALC_UPSCALE_CAL_ERROR = EXCLUDED.CALC_UPSCALE_CAL_ERROR, UPSCALE_APS_IND = EXCLUDED.UPSCALE_APS_IND, CALC_UPSCALE_APS_IND = EXCLUDED.CALC_UPSCALE_APS_IND, UPSCALE_INJECTION_DATE = EXCLUDED.UPSCALE_INJECTION_DATE, UPSCALE_INJECTION_HOUR = EXCLUDED.UPSCALE_INJECTION_HOUR, UPSCALE_INJECTION_MIN = EXCLUDED.UPSCALE_INJECTION_MIN, USERID = EXCLUDED.USERID, ADD_DATE = EXCLUDED.ADD_DATE, UPDATE_DATE = EXCLUDED.UPDATE_DATE;
/* ORIS:      3    Location: 4         Test Type: 7DAY       Test Num: 201501250645CO2       SQL Ord:    6 */ insert into camdecmpswks.CALIBRATION_INJECTION ( CAL_INJ_ID, TEST_SUM_ID, ONLINE_OFFLINE_IND, ZERO_REF_VALUE, ZERO_CAL_ERROR, CALC_ZERO_CAL_ERROR, ZERO_APS_IND, CALC_ZERO_APS_IND, ZERO_INJECTION_DATE, ZERO_INJECTION_HOUR, ZERO_INJECTION_MIN, UPSCALE_REF_VALUE, ZERO_MEASURED_VALUE, UPSCALE_GAS_LEVEL_CD, UPSCALE_MEASURED_VALUE, UPSCALE_CAL_ERROR, CALC_UPSCALE_CAL_ERROR, UPSCALE_APS_IND, CALC_UPSCALE_APS_IND, UPSCALE_INJECTION_DATE, UPSCALE_INJECTION_HOUR, UPSCALE_INJECTION_MIN, USERID, ADD_DATE, UPDATE_DATE ) values ( 'TWCORNEL5-BC456CF81BBE450D9C6F0E3DD4A08891', 'TWCORNEL5-9987DDF633104765B9AA755E1EA15E90', 1, 0.000, 0.00, NULL, 0, NULL, '2015-01-26', 6, 45, 11.100, 0.000, 'MID', 11.500, 0.40, NULL, 0, NULL, '2015-01-26', 6, 51, 'esupport', '2015-04-21 15:07:32', '2021-12-27 08:22:24' ) on conflict (CAL_INJ_ID) do update set TEST_SUM_ID = EXCLUDED.TEST_SUM_ID, ONLINE_OFFLINE_IND = EXCLUDED.ONLINE_OFFLINE_IND, ZERO_REF_VALUE = EXCLUDED.ZERO_REF_VALUE, ZERO_CAL_ERROR = EXCLUDED.ZERO_CAL_ERROR, CALC_ZERO_CAL_ERROR = EXCLUDED.CALC_ZERO_CAL_ERROR, ZERO_APS_IND = EXCLUDED.ZERO_APS_IND, CALC_ZERO_APS_IND = EXCLUDED.CALC_ZERO_APS_IND, ZERO_INJECTION_DATE = EXCLUDED.ZERO_INJECTION_DATE, ZERO_INJECTION_HOUR = EXCLUDED.ZERO_INJECTION_HOUR, ZERO_INJECTION_MIN = EXCLUDED.ZERO_INJECTION_MIN, UPSCALE_REF_VALUE = EXCLUDED.UPSCALE_REF_VALUE, ZERO_MEASURED_VALUE = EXCLUDED.ZERO_MEASURED_VALUE, UPSCALE_GAS_LEVEL_CD = EXCLUDED.UPSCALE_GAS_LEVEL_CD, UPSCALE_MEASURED_VALUE = EXCLUDED.UPSCALE_MEASURED_VALUE, UPSCALE_CAL_ERROR = EXCLUDED.UPSCALE_CAL_ERROR, CALC_UPSCALE_CAL_ERROR = EXCLUDED.CALC_UPSCALE_CAL_ERROR, UPSCALE_APS_IND = EXCLUDED.UPSCALE_APS_IND, CALC_UPSCALE_APS_IND = EXCLUDED.CALC_UPSCALE_APS_IND, UPSCALE_INJECTION_DATE = EXCLUDED.UPSCALE_INJECTION_DATE, UPSCALE_INJECTION_HOUR = EXCLUDED.UPSCALE_INJECTION_HOUR, UPSCALE_INJECTION_MIN = EXCLUDED.UPSCALE_INJECTION_MIN, USERID = EXCLUDED.USERID, ADD_DATE = EXCLUDED.ADD_DATE, UPDATE_DATE = EXCLUDED.UPDATE_DATE;
/* ORIS:      3    Location: 4         Test Type: 7DAY       Test Num: 201501250645CO2       SQL Ord:    6 */ insert into camdecmpswks.CALIBRATION_INJECTION ( CAL_INJ_ID, TEST_SUM_ID, ONLINE_OFFLINE_IND, ZERO_REF_VALUE, ZERO_CAL_ERROR, CALC_ZERO_CAL_ERROR, ZERO_APS_IND, CALC_ZERO_APS_IND, ZERO_INJECTION_DATE, ZERO_INJECTION_HOUR, ZERO_INJECTION_MIN, UPSCALE_REF_VALUE, ZERO_MEASURED_VALUE, UPSCALE_GAS_LEVEL_CD, UPSCALE_MEASURED_VALUE, UPSCALE_CAL_ERROR, CALC_UPSCALE_CAL_ERROR, UPSCALE_APS_IND, CALC_UPSCALE_APS_IND, UPSCALE_INJECTION_DATE, UPSCALE_INJECTION_HOUR, UPSCALE_INJECTION_MIN, USERID, ADD_DATE, UPDATE_DATE ) values ( 'TWCORNEL5-C30692CC10DB47528D2734C22F65C6A1', 'TWCORNEL5-9987DDF633104765B9AA755E1EA15E90', 1, 0.000, 0.10, NULL, 0, NULL, '2015-01-25', 6, 45, 11.100, -0.100, 'MID', 11.300, 0.20, NULL, 0, NULL, '2015-01-25', 6, 51, 'esupport', '2015-04-21 15:07:32', '2021-12-27 08:22:24' ) on conflict (CAL_INJ_ID) do update set TEST_SUM_ID = EXCLUDED.TEST_SUM_ID, ONLINE_OFFLINE_IND = EXCLUDED.ONLINE_OFFLINE_IND, ZERO_REF_VALUE = EXCLUDED.ZERO_REF_VALUE, ZERO_CAL_ERROR = EXCLUDED.ZERO_CAL_ERROR, CALC_ZERO_CAL_ERROR = EXCLUDED.CALC_ZERO_CAL_ERROR, ZERO_APS_IND = EXCLUDED.ZERO_APS_IND, CALC_ZERO_APS_IND = EXCLUDED.CALC_ZERO_APS_IND, ZERO_INJECTION_DATE = EXCLUDED.ZERO_INJECTION_DATE, ZERO_INJECTION_HOUR = EXCLUDED.ZERO_INJECTION_HOUR, ZERO_INJECTION_MIN = EXCLUDED.ZERO_INJECTION_MIN, UPSCALE_REF_VALUE = EXCLUDED.UPSCALE_REF_VALUE, ZERO_MEASURED_VALUE = EXCLUDED.ZERO_MEASURED_VALUE, UPSCALE_GAS_LEVEL_CD = EXCLUDED.UPSCALE_GAS_LEVEL_CD, UPSCALE_MEASURED_VALUE = EXCLUDED.UPSCALE_MEASURED_VALUE, UPSCALE_CAL_ERROR = EXCLUDED.UPSCALE_CAL_ERROR, CALC_UPSCALE_CAL_ERROR = EXCLUDED.CALC_UPSCALE_CAL_ERROR, UPSCALE_APS_IND = EXCLUDED.UPSCALE_APS_IND, CALC_UPSCALE_APS_IND = EXCLUDED.CALC_UPSCALE_APS_IND, UPSCALE_INJECTION_DATE = EXCLUDED.UPSCALE_INJECTION_DATE, UPSCALE_INJECTION_HOUR = EXCLUDED.UPSCALE_INJECTION_HOUR, UPSCALE_INJECTION_MIN = EXCLUDED.UPSCALE_INJECTION_MIN, USERID = EXCLUDED.USERID, ADD_DATE = EXCLUDED.ADD_DATE, UPDATE_DATE = EXCLUDED.UPDATE_DATE;
/* ORIS:      3    Location: 4         Test Type: 7DAY       Test Num: 201501250645CO2       SQL Ord:    6 */ insert into camdecmpswks.CALIBRATION_INJECTION ( CAL_INJ_ID, TEST_SUM_ID, ONLINE_OFFLINE_IND, ZERO_REF_VALUE, ZERO_CAL_ERROR, CALC_ZERO_CAL_ERROR, ZERO_APS_IND, CALC_ZERO_APS_IND, ZERO_INJECTION_DATE, ZERO_INJECTION_HOUR, ZERO_INJECTION_MIN, UPSCALE_REF_VALUE, ZERO_MEASURED_VALUE, UPSCALE_GAS_LEVEL_CD, UPSCALE_MEASURED_VALUE, UPSCALE_CAL_ERROR, CALC_UPSCALE_CAL_ERROR, UPSCALE_APS_IND, CALC_UPSCALE_APS_IND, UPSCALE_INJECTION_DATE, UPSCALE_INJECTION_HOUR, UPSCALE_INJECTION_MIN, USERID, ADD_DATE, UPDATE_DATE ) values ( 'TWCORNEL5-F883B6DF165A43389A396729C3688D1E', 'TWCORNEL5-9987DDF633104765B9AA755E1EA15E90', 1, 0.000, 0.10, NULL, 0, NULL, '2015-01-29', 6, 45, 11.100, 0.100, 'MID', 11.400, 0.30, NULL, 0, NULL, '2015-01-29', 6, 50, 'esupport', '2015-04-21 15:07:32', '2021-12-27 08:22:24' ) on conflict (CAL_INJ_ID) do update set TEST_SUM_ID = EXCLUDED.TEST_SUM_ID, ONLINE_OFFLINE_IND = EXCLUDED.ONLINE_OFFLINE_IND, ZERO_REF_VALUE = EXCLUDED.ZERO_REF_VALUE, ZERO_CAL_ERROR = EXCLUDED.ZERO_CAL_ERROR, CALC_ZERO_CAL_ERROR = EXCLUDED.CALC_ZERO_CAL_ERROR, ZERO_APS_IND = EXCLUDED.ZERO_APS_IND, CALC_ZERO_APS_IND = EXCLUDED.CALC_ZERO_APS_IND, ZERO_INJECTION_DATE = EXCLUDED.ZERO_INJECTION_DATE, ZERO_INJECTION_HOUR = EXCLUDED.ZERO_INJECTION_HOUR, ZERO_INJECTION_MIN = EXCLUDED.ZERO_INJECTION_MIN, UPSCALE_REF_VALUE = EXCLUDED.UPSCALE_REF_VALUE, ZERO_MEASURED_VALUE = EXCLUDED.ZERO_MEASURED_VALUE, UPSCALE_GAS_LEVEL_CD = EXCLUDED.UPSCALE_GAS_LEVEL_CD, UPSCALE_MEASURED_VALUE = EXCLUDED.UPSCALE_MEASURED_VALUE, UPSCALE_CAL_ERROR = EXCLUDED.UPSCALE_CAL_ERROR, CALC_UPSCALE_CAL_ERROR = EXCLUDED.CALC_UPSCALE_CAL_ERROR, UPSCALE_APS_IND = EXCLUDED.UPSCALE_APS_IND, CALC_UPSCALE_APS_IND = EXCLUDED.CALC_UPSCALE_APS_IND, UPSCALE_INJECTION_DATE = EXCLUDED.UPSCALE_INJECTION_DATE, UPSCALE_INJECTION_HOUR = EXCLUDED.UPSCALE_INJECTION_HOUR, UPSCALE_INJECTION_MIN = EXCLUDED.UPSCALE_INJECTION_MIN, USERID = EXCLUDED.USERID, ADD_DATE = EXCLUDED.ADD_DATE, UPDATE_DATE = EXCLUDED.UPDATE_DATE;
/* ORIS:      3    Location: 4         Test Type: 7DAY       Test Num: AAA           SQL Ord:    1 */ delete from camdecmpswks.TEST_SUMMARY where TEST_SUM_ID = 'CHV-LGIANN-30584F105CE4476CB35F1E1BC7DF280E';
/* ORIS:      3    Location: 4         Test Type: 7DAY       Test Num: AAA           SQL Ord:    2 */ insert into camdecmpswks.TEST_SUMMARY ( TEST_SUM_ID, MON_LOC_ID, TEST_TYPE_CD, TEST_NUM, MON_SYS_ID, COMPONENT_ID, GP_IND, TEST_REASON_CD, TEST_RESULT_CD, RPT_PERIOD_ID, BEGIN_DATE, BEGIN_HOUR, BEGIN_MIN, END_DATE, END_HOUR, END_MIN, SPAN_SCALE_CD, INJECTION_PROTOCOL_CD, TEST_COMMENT, TEST_DESCRIPTION, CALC_GP_IND, CALC_TEST_RESULT_CD, CALC_SPAN_VALUE, LAST_UPDATED, UPDATED_STATUS_FLG, NEEDS_EVAL_FLG, CHK_SESSION_ID, USERID, ADD_DATE, UPDATE_DATE ) values ( 'CHV-LGIANN-30584F105CE4476CB35F1E1BC7DF280E', '4', '7DAY', 'AAA', NULL, 'CHV-LGIANN-D93E81B5E6BE4DC8BE2F51AEC0EAB197', NULL, 'INITIAL', 'PASSED', NULL, '2015-01-25', 0, 0, '2015-01-31', 0, 0, 'H', NULL, NULL, NULL, NULL, NULL, NULL, '2021-12-22 18:43:30', 'Y', 'N', 'CHV-LGIANN-BDED1B9BB16F43AF97569B772F9EACCC', 'esupport', '2021-12-22 18:43:30', '2021-12-27 08:12:09' ) on conflict (TEST_SUM_ID) do update set MON_LOC_ID = EXCLUDED.MON_LOC_ID, TEST_TYPE_CD = EXCLUDED.TEST_TYPE_CD, TEST_NUM = EXCLUDED.TEST_NUM, MON_SYS_ID = EXCLUDED.MON_SYS_ID, COMPONENT_ID = EXCLUDED.COMPONENT_ID, GP_IND = EXCLUDED.GP_IND, TEST_REASON_CD = EXCLUDED.TEST_REASON_CD, TEST_RESULT_CD = EXCLUDED.TEST_RESULT_CD, RPT_PERIOD_ID = EXCLUDED.RPT_PERIOD_ID, BEGIN_DATE = EXCLUDED.BEGIN_DATE, BEGIN_HOUR = EXCLUDED.BEGIN_HOUR, BEGIN_MIN = EXCLUDED.BEGIN_MIN, END_DATE = EXCLUDED.END_DATE, END_HOUR = EXCLUDED.END_HOUR, END_MIN = EXCLUDED.END_MIN, SPAN_SCALE_CD = EXCLUDED.SPAN_SCALE_CD, INJECTION_PROTOCOL_CD = EXCLUDED.INJECTION_PROTOCOL_CD, TEST_COMMENT = EXCLUDED.TEST_COMMENT, TEST_DESCRIPTION = EXCLUDED.TEST_DESCRIPTION, CALC_GP_IND = EXCLUDED.CALC_GP_IND, CALC_TEST_RESULT_CD = EXCLUDED.CALC_TEST_RESULT_CD, CALC_SPAN_VALUE = EXCLUDED.CALC_SPAN_VALUE, LAST_UPDATED = EXCLUDED.LAST_UPDATED, UPDATED_STATUS_FLG = EXCLUDED.UPDATED_STATUS_FLG, NEEDS_EVAL_FLG = EXCLUDED.NEEDS_EVAL_FLG, CHK_SESSION_ID = EXCLUDED.CHK_SESSION_ID, USERID = EXCLUDED.USERID, ADD_DATE = EXCLUDED.ADD_DATE, UPDATE_DATE = EXCLUDED.UPDATE_DATE;
/* ORIS:      3    Location: 4         Test Type: LINE       Test Num: 20210713113539NOX     SQL Ord:    1 */ delete from camdecmpswks.TEST_SUMMARY where TEST_SUM_ID = 'TWCORNEL5-C42757B58FA54F92A3A178BB053C2E78';
/* ORIS:      3    Location: 4         Test Type: LINE       Test Num: 20210713113539NOX     SQL Ord:    2 */ insert into camdecmpswks.TEST_SUMMARY ( TEST_SUM_ID, MON_LOC_ID, TEST_TYPE_CD, TEST_NUM, MON_SYS_ID, COMPONENT_ID, GP_IND, TEST_REASON_CD, TEST_RESULT_CD, RPT_PERIOD_ID, BEGIN_DATE, BEGIN_HOUR, BEGIN_MIN, END_DATE, END_HOUR, END_MIN, SPAN_SCALE_CD, INJECTION_PROTOCOL_CD, TEST_COMMENT, TEST_DESCRIPTION, CALC_GP_IND, CALC_TEST_RESULT_CD, CALC_SPAN_VALUE, LAST_UPDATED, UPDATED_STATUS_FLG, NEEDS_EVAL_FLG, CHK_SESSION_ID, USERID, ADD_DATE, UPDATE_DATE ) values ( 'TWCORNEL5-C42757B58FA54F92A3A178BB053C2E78', '4', 'LINE', '20210713113539NOX', NULL, 'TWCORNEL5-88CCACCD8A3147EA898771B6BDFF4B01', 0, 'QA', 'PASSED', NULL, NULL, 11, 34, '2021-07-13', 12, 48, 'H', NULL, NULL, NULL, NULL, NULL, NULL, '2021-12-22 16:46:40', 'Y', 'N', 'CHV-LGIANN-D3CA6C7E8C504578A11800C2D9559724', 'esupport', '2021-10-22 12:04:26', '2021-12-27 08:12:20' ) on conflict (TEST_SUM_ID) do update set MON_LOC_ID = EXCLUDED.MON_LOC_ID, TEST_TYPE_CD = EXCLUDED.TEST_TYPE_CD, TEST_NUM = EXCLUDED.TEST_NUM, MON_SYS_ID = EXCLUDED.MON_SYS_ID, COMPONENT_ID = EXCLUDED.COMPONENT_ID, GP_IND = EXCLUDED.GP_IND, TEST_REASON_CD = EXCLUDED.TEST_REASON_CD, TEST_RESULT_CD = EXCLUDED.TEST_RESULT_CD, RPT_PERIOD_ID = EXCLUDED.RPT_PERIOD_ID, BEGIN_DATE = EXCLUDED.BEGIN_DATE, BEGIN_HOUR = EXCLUDED.BEGIN_HOUR, BEGIN_MIN = EXCLUDED.BEGIN_MIN, END_DATE = EXCLUDED.END_DATE, END_HOUR = EXCLUDED.END_HOUR, END_MIN = EXCLUDED.END_MIN, SPAN_SCALE_CD = EXCLUDED.SPAN_SCALE_CD, INJECTION_PROTOCOL_CD = EXCLUDED.INJECTION_PROTOCOL_CD, TEST_COMMENT = EXCLUDED.TEST_COMMENT, TEST_DESCRIPTION = EXCLUDED.TEST_DESCRIPTION, CALC_GP_IND = EXCLUDED.CALC_GP_IND, CALC_TEST_RESULT_CD = EXCLUDED.CALC_TEST_RESULT_CD, CALC_SPAN_VALUE = EXCLUDED.CALC_SPAN_VALUE, LAST_UPDATED = EXCLUDED.LAST_UPDATED, UPDATED_STATUS_FLG = EXCLUDED.UPDATED_STATUS_FLG, NEEDS_EVAL_FLG = EXCLUDED.NEEDS_EVAL_FLG, CHK_SESSION_ID = EXCLUDED.CHK_SESSION_ID, USERID = EXCLUDED.USERID, ADD_DATE = EXCLUDED.ADD_DATE, UPDATE_DATE = EXCLUDED.UPDATE_DATE;
/* ORIS:      3    Location: 4         Test Type: LINE       Test Num: 20210713113539NOX     SQL Ord:    3 */ insert into camdecmpswks.PROTOCOL_GAS ( PROTOCOL_GAS_ID, TEST_SUM_ID, GAS_LEVEL_CD, GAS_TYPE_CD, VENDOR_ID, CYLINDER_ID, EXPIRATION_DATE, USERID, ADD_DATE, UPDATE_DATE ) values ( 'TWCORNEL5-4A7B90389C9749118558F26248012332', 'TWCORNEL5-C42757B58FA54F92A3A178BB053C2E78', 'LOW', 'CO2,NO,NOX,SO2,BALN', 'B22018', 'ALM-025741', '2026-10-09', 'bvick', '2021-10-22 12:04:27', NULL ) on conflict (PROTOCOL_GAS_ID) do update set TEST_SUM_ID = EXCLUDED.TEST_SUM_ID, GAS_LEVEL_CD = EXCLUDED.GAS_LEVEL_CD, GAS_TYPE_CD = EXCLUDED.GAS_TYPE_CD, VENDOR_ID = EXCLUDED.VENDOR_ID, CYLINDER_ID = EXCLUDED.CYLINDER_ID, EXPIRATION_DATE = EXCLUDED.EXPIRATION_DATE, USERID = EXCLUDED.USERID, ADD_DATE = EXCLUDED.ADD_DATE, UPDATE_DATE = EXCLUDED.UPDATE_DATE;
/* ORIS:      3    Location: 4         Test Type: LINE       Test Num: 20210713113539NOX     SQL Ord:    3 */ insert into camdecmpswks.PROTOCOL_GAS ( PROTOCOL_GAS_ID, TEST_SUM_ID, GAS_LEVEL_CD, GAS_TYPE_CD, VENDOR_ID, CYLINDER_ID, EXPIRATION_DATE, USERID, ADD_DATE, UPDATE_DATE ) values ( 'TWCORNEL5-5C1FB160001B45B7BEEA8571678FD7D9', 'TWCORNEL5-C42757B58FA54F92A3A178BB053C2E78', 'MID', 'CO2,NO,NOX,SO2,BALN', 'B22018', 'CC255467', '2026-04-02', 'bvick', '2021-10-22 12:04:27', NULL ) on conflict (PROTOCOL_GAS_ID) do update set TEST_SUM_ID = EXCLUDED.TEST_SUM_ID, GAS_LEVEL_CD = EXCLUDED.GAS_LEVEL_CD, GAS_TYPE_CD = EXCLUDED.GAS_TYPE_CD, VENDOR_ID = EXCLUDED.VENDOR_ID, CYLINDER_ID = EXCLUDED.CYLINDER_ID, EXPIRATION_DATE = EXCLUDED.EXPIRATION_DATE, USERID = EXCLUDED.USERID, ADD_DATE = EXCLUDED.ADD_DATE, UPDATE_DATE = EXCLUDED.UPDATE_DATE;
/* ORIS:      3    Location: 4         Test Type: LINE       Test Num: 20210713113539NOX     SQL Ord:    3 */ insert into camdecmpswks.PROTOCOL_GAS ( PROTOCOL_GAS_ID, TEST_SUM_ID, GAS_LEVEL_CD, GAS_TYPE_CD, VENDOR_ID, CYLINDER_ID, EXPIRATION_DATE, USERID, ADD_DATE, UPDATE_DATE ) values ( 'TWCORNEL5-AEDB464C8C774B238ED8F477E4AB32F9', 'TWCORNEL5-C42757B58FA54F92A3A178BB053C2E78', 'HIGH', 'CO2,NO,NOX,SO2,BALN', 'B22018', 'CC124086', '2026-04-02', 'bvick', '2021-10-22 12:04:27', NULL ) on conflict (PROTOCOL_GAS_ID) do update set TEST_SUM_ID = EXCLUDED.TEST_SUM_ID, GAS_LEVEL_CD = EXCLUDED.GAS_LEVEL_CD, GAS_TYPE_CD = EXCLUDED.GAS_TYPE_CD, VENDOR_ID = EXCLUDED.VENDOR_ID, CYLINDER_ID = EXCLUDED.CYLINDER_ID, EXPIRATION_DATE = EXCLUDED.EXPIRATION_DATE, USERID = EXCLUDED.USERID, ADD_DATE = EXCLUDED.ADD_DATE, UPDATE_DATE = EXCLUDED.UPDATE_DATE;
/* ORIS:      3    Location: 4         Test Type: LINE       Test Num: 20210713113539NOX     SQL Ord:    6 */ insert into camdecmpswks.LINEARITY_SUMMARY ( LIN_SUM_ID, TEST_SUM_ID, MEAN_REF_VALUE, MEAN_MEASURED_VALUE, PERCENT_ERROR, APS_IND, GAS_LEVEL_CD, CALC_MEAN_REF_VALUE, CALC_MEAN_MEASURED_VALUE, CALC_PERCENT_ERROR, CALC_APS_IND, USERID, ADD_DATE, UPDATE_DATE ) values ( 'TWCORNEL5-1BB255F82E7A4B2F923F4A2B2DA1A5ED', 'TWCORNEL5-C42757B58FA54F92A3A178BB053C2E78', 489.600, 471.533, 3.7, 0, 'HIGH', 489.600, 471.533, 3.7, 0, 'esupport', '2021-10-22 12:04:26', '2021-12-27 08:12:20' ) on conflict (LIN_SUM_ID) do update set TEST_SUM_ID = EXCLUDED.TEST_SUM_ID, MEAN_REF_VALUE = EXCLUDED.MEAN_REF_VALUE, MEAN_MEASURED_VALUE = EXCLUDED.MEAN_MEASURED_VALUE, PERCENT_ERROR = EXCLUDED.PERCENT_ERROR, APS_IND = EXCLUDED.APS_IND, GAS_LEVEL_CD = EXCLUDED.GAS_LEVEL_CD, CALC_MEAN_REF_VALUE = EXCLUDED.CALC_MEAN_REF_VALUE, CALC_MEAN_MEASURED_VALUE = EXCLUDED.CALC_MEAN_MEASURED_VALUE, CALC_PERCENT_ERROR = EXCLUDED.CALC_PERCENT_ERROR, CALC_APS_IND = EXCLUDED.CALC_APS_IND, USERID = EXCLUDED.USERID, ADD_DATE = EXCLUDED.ADD_DATE, UPDATE_DATE = EXCLUDED.UPDATE_DATE;
/* ORIS:      3    Location: 4         Test Type: LINE       Test Num: 20210713113539NOX     SQL Ord:    6 */ insert into camdecmpswks.LINEARITY_SUMMARY ( LIN_SUM_ID, TEST_SUM_ID, MEAN_REF_VALUE, MEAN_MEASURED_VALUE, PERCENT_ERROR, APS_IND, GAS_LEVEL_CD, CALC_MEAN_REF_VALUE, CALC_MEAN_MEASURED_VALUE, CALC_PERCENT_ERROR, CALC_APS_IND, USERID, ADD_DATE, UPDATE_DATE ) values ( 'TWCORNEL5-278DD5AC5D1845BF89DADE69BBC8D87B', 'TWCORNEL5-C42757B58FA54F92A3A178BB053C2E78', 262.300, 260.100, 0.8, 0, 'MID', 262.300, 260.100, 0.8, 0, 'esupport', '2021-10-22 12:04:26', '2021-12-27 08:12:20' ) on conflict (LIN_SUM_ID) do update set TEST_SUM_ID = EXCLUDED.TEST_SUM_ID, MEAN_REF_VALUE = EXCLUDED.MEAN_REF_VALUE, MEAN_MEASURED_VALUE = EXCLUDED.MEAN_MEASURED_VALUE, PERCENT_ERROR = EXCLUDED.PERCENT_ERROR, APS_IND = EXCLUDED.APS_IND, GAS_LEVEL_CD = EXCLUDED.GAS_LEVEL_CD, CALC_MEAN_REF_VALUE = EXCLUDED.CALC_MEAN_REF_VALUE, CALC_MEAN_MEASURED_VALUE = EXCLUDED.CALC_MEAN_MEASURED_VALUE, CALC_PERCENT_ERROR = EXCLUDED.CALC_PERCENT_ERROR, CALC_APS_IND = EXCLUDED.CALC_APS_IND, USERID = EXCLUDED.USERID, ADD_DATE = EXCLUDED.ADD_DATE, UPDATE_DATE = EXCLUDED.UPDATE_DATE;
/* ORIS:      3    Location: 4         Test Type: LINE       Test Num: 20210713113539NOX     SQL Ord:    6 */ insert into camdecmpswks.LINEARITY_SUMMARY ( LIN_SUM_ID, TEST_SUM_ID, MEAN_REF_VALUE, MEAN_MEASURED_VALUE, PERCENT_ERROR, APS_IND, GAS_LEVEL_CD, CALC_MEAN_REF_VALUE, CALC_MEAN_MEASURED_VALUE, CALC_PERCENT_ERROR, CALC_APS_IND, USERID, ADD_DATE, UPDATE_DATE ) values ( 'TWCORNEL5-449B853425104219946D761E3D40DA56', 'TWCORNEL5-C42757B58FA54F92A3A178BB053C2E78', 125.000, 123.133, 1.5, 0, 'LOW', 125.000, 123.133, 1.5, 0, 'esupport', '2021-10-22 12:04:26', '2021-12-27 08:12:20' ) on conflict (LIN_SUM_ID) do update set TEST_SUM_ID = EXCLUDED.TEST_SUM_ID, MEAN_REF_VALUE = EXCLUDED.MEAN_REF_VALUE, MEAN_MEASURED_VALUE = EXCLUDED.MEAN_MEASURED_VALUE, PERCENT_ERROR = EXCLUDED.PERCENT_ERROR, APS_IND = EXCLUDED.APS_IND, GAS_LEVEL_CD = EXCLUDED.GAS_LEVEL_CD, CALC_MEAN_REF_VALUE = EXCLUDED.CALC_MEAN_REF_VALUE, CALC_MEAN_MEASURED_VALUE = EXCLUDED.CALC_MEAN_MEASURED_VALUE, CALC_PERCENT_ERROR = EXCLUDED.CALC_PERCENT_ERROR, CALC_APS_IND = EXCLUDED.CALC_APS_IND, USERID = EXCLUDED.USERID, ADD_DATE = EXCLUDED.ADD_DATE, UPDATE_DATE = EXCLUDED.UPDATE_DATE;
/* ORIS:      3    Location: 4         Test Type: LINE       Test Num: 20210713113539NOX     SQL Ord:    7 */ insert into camdecmpswks.LINEARITY_INJECTION ( LIN_INJ_ID, LIN_SUM_ID, INJECTION_DATE, INJECTION_HOUR, INJECTION_MIN, MEASURED_VALUE, REF_VALUE, USERID, ADD_DATE, UPDATE_DATE ) values ( 'TWCORNEL5-03D2E780BA35485B9E108D00889A6E85', 'TWCORNEL5-449B853425104219946D761E3D40DA56', '2021-07-13', 11, 34, 119.300, 125.000, 'bvick', '2021-10-22 12:04:26', NULL ) on conflict (LIN_INJ_ID) do update set LIN_SUM_ID = EXCLUDED.LIN_SUM_ID, INJECTION_DATE = EXCLUDED.INJECTION_DATE, INJECTION_HOUR = EXCLUDED.INJECTION_HOUR, INJECTION_MIN = EXCLUDED.INJECTION_MIN, MEASURED_VALUE = EXCLUDED.MEASURED_VALUE, REF_VALUE = EXCLUDED.REF_VALUE, USERID = EXCLUDED.USERID, ADD_DATE = EXCLUDED.ADD_DATE, UPDATE_DATE = EXCLUDED.UPDATE_DATE;
/* ORIS:      3    Location: 4         Test Type: LINE       Test Num: 20210713113539NOX     SQL Ord:    7 */ insert into camdecmpswks.LINEARITY_INJECTION ( LIN_INJ_ID, LIN_SUM_ID, INJECTION_DATE, INJECTION_HOUR, INJECTION_MIN, MEASURED_VALUE, REF_VALUE, USERID, ADD_DATE, UPDATE_DATE ) values ( 'TWCORNEL5-4F2AB37332BF438181F56533A2AE9F24', 'TWCORNEL5-278DD5AC5D1845BF89DADE69BBC8D87B', '2021-07-13', 12, 18, 259.900, 262.300, 'bvick', '2021-10-22 12:04:26', NULL ) on conflict (LIN_INJ_ID) do update set LIN_SUM_ID = EXCLUDED.LIN_SUM_ID, INJECTION_DATE = EXCLUDED.INJECTION_DATE, INJECTION_HOUR = EXCLUDED.INJECTION_HOUR, INJECTION_MIN = EXCLUDED.INJECTION_MIN, MEASURED_VALUE = EXCLUDED.MEASURED_VALUE, REF_VALUE = EXCLUDED.REF_VALUE, USERID = EXCLUDED.USERID, ADD_DATE = EXCLUDED.ADD_DATE, UPDATE_DATE = EXCLUDED.UPDATE_DATE;
/* ORIS:      3    Location: 4         Test Type: LINE       Test Num: 20210713113539NOX     SQL Ord:    7 */ insert into camdecmpswks.LINEARITY_INJECTION ( LIN_INJ_ID, LIN_SUM_ID, INJECTION_DATE, INJECTION_HOUR, INJECTION_MIN, MEASURED_VALUE, REF_VALUE, USERID, ADD_DATE, UPDATE_DATE ) values ( 'TWCORNEL5-6E47BC5CCE3D49A49A9DF3A30ACAC5D2', 'TWCORNEL5-278DD5AC5D1845BF89DADE69BBC8D87B', '2021-07-13', 12, 45, 259.700, 262.300, 'bvick', '2021-10-22 12:04:26', NULL ) on conflict (LIN_INJ_ID) do update set LIN_SUM_ID = EXCLUDED.LIN_SUM_ID, INJECTION_DATE = EXCLUDED.INJECTION_DATE, INJECTION_HOUR = EXCLUDED.INJECTION_HOUR, INJECTION_MIN = EXCLUDED.INJECTION_MIN, MEASURED_VALUE = EXCLUDED.MEASURED_VALUE, REF_VALUE = EXCLUDED.REF_VALUE, USERID = EXCLUDED.USERID, ADD_DATE = EXCLUDED.ADD_DATE, UPDATE_DATE = EXCLUDED.UPDATE_DATE;
/* ORIS:      3    Location: 4         Test Type: LINE       Test Num: 20210713113539NOX     SQL Ord:    7 */ insert into camdecmpswks.LINEARITY_INJECTION ( LIN_INJ_ID, LIN_SUM_ID, INJECTION_DATE, INJECTION_HOUR, INJECTION_MIN, MEASURED_VALUE, REF_VALUE, USERID, ADD_DATE, UPDATE_DATE ) values ( 'TWCORNEL5-A03B053FBDB74935ADE13AF4358776BE', 'TWCORNEL5-1BB255F82E7A4B2F923F4A2B2DA1A5ED', '2021-07-13', 12, 48, 471.700, 489.600, 'bvick', '2021-10-22 12:04:26', NULL ) on conflict (LIN_INJ_ID) do update set LIN_SUM_ID = EXCLUDED.LIN_SUM_ID, INJECTION_DATE = EXCLUDED.INJECTION_DATE, INJECTION_HOUR = EXCLUDED.INJECTION_HOUR, INJECTION_MIN = EXCLUDED.INJECTION_MIN, MEASURED_VALUE = EXCLUDED.MEASURED_VALUE, REF_VALUE = EXCLUDED.REF_VALUE, USERID = EXCLUDED.USERID, ADD_DATE = EXCLUDED.ADD_DATE, UPDATE_DATE = EXCLUDED.UPDATE_DATE;
/* ORIS:      3    Location: 4         Test Type: LINE       Test Num: 20210713113539NOX     SQL Ord:    7 */ insert into camdecmpswks.LINEARITY_INJECTION ( LIN_INJ_ID, LIN_SUM_ID, INJECTION_DATE, INJECTION_HOUR, INJECTION_MIN, MEASURED_VALUE, REF_VALUE, USERID, ADD_DATE, UPDATE_DATE ) values ( 'TWCORNEL5-AC915F0DF4E645C283DA22F9DAEAFD3C', 'TWCORNEL5-1BB255F82E7A4B2F923F4A2B2DA1A5ED', '2021-07-13', 12, 35, 472.700, 489.600, 'bvick', '2021-10-22 12:04:26', NULL ) on conflict (LIN_INJ_ID) do update set LIN_SUM_ID = EXCLUDED.LIN_SUM_ID, INJECTION_DATE = EXCLUDED.INJECTION_DATE, INJECTION_HOUR = EXCLUDED.INJECTION_HOUR, INJECTION_MIN = EXCLUDED.INJECTION_MIN, MEASURED_VALUE = EXCLUDED.MEASURED_VALUE, REF_VALUE = EXCLUDED.REF_VALUE, USERID = EXCLUDED.USERID, ADD_DATE = EXCLUDED.ADD_DATE, UPDATE_DATE = EXCLUDED.UPDATE_DATE;
/* ORIS:      3    Location: 4         Test Type: LINE       Test Num: 20210713113539NOX     SQL Ord:    7 */ insert into camdecmpswks.LINEARITY_INJECTION ( LIN_INJ_ID, LIN_SUM_ID, INJECTION_DATE, INJECTION_HOUR, INJECTION_MIN, MEASURED_VALUE, REF_VALUE, USERID, ADD_DATE, UPDATE_DATE ) values ( 'TWCORNEL5-CA13782B8C4845728C0D98E43AA51F17', 'TWCORNEL5-278DD5AC5D1845BF89DADE69BBC8D87B', '2021-07-13', 12, 6, 260.700, 262.300, 'bvick', '2021-10-22 12:04:26', NULL ) on conflict (LIN_INJ_ID) do update set LIN_SUM_ID = EXCLUDED.LIN_SUM_ID, INJECTION_DATE = EXCLUDED.INJECTION_DATE, INJECTION_HOUR = EXCLUDED.INJECTION_HOUR, INJECTION_MIN = EXCLUDED.INJECTION_MIN, MEASURED_VALUE = EXCLUDED.MEASURED_VALUE, REF_VALUE = EXCLUDED.REF_VALUE, USERID = EXCLUDED.USERID, ADD_DATE = EXCLUDED.ADD_DATE, UPDATE_DATE = EXCLUDED.UPDATE_DATE;
/* ORIS:      3    Location: 4         Test Type: LINE       Test Num: 20210713113539NOX     SQL Ord:    7 */ insert into camdecmpswks.LINEARITY_INJECTION ( LIN_INJ_ID, LIN_SUM_ID, INJECTION_DATE, INJECTION_HOUR, INJECTION_MIN, MEASURED_VALUE, REF_VALUE, USERID, ADD_DATE, UPDATE_DATE ) values ( 'TWCORNEL5-E4DBB974EF3440D1BFE4AAA501631D19', 'TWCORNEL5-449B853425104219946D761E3D40DA56', '2021-07-13', 12, 13, 125.400, 125.000, 'bvick', '2021-10-22 12:04:26', NULL ) on conflict (LIN_INJ_ID) do update set LIN_SUM_ID = EXCLUDED.LIN_SUM_ID, INJECTION_DATE = EXCLUDED.INJECTION_DATE, INJECTION_HOUR = EXCLUDED.INJECTION_HOUR, INJECTION_MIN = EXCLUDED.INJECTION_MIN, MEASURED_VALUE = EXCLUDED.MEASURED_VALUE, REF_VALUE = EXCLUDED.REF_VALUE, USERID = EXCLUDED.USERID, ADD_DATE = EXCLUDED.ADD_DATE, UPDATE_DATE = EXCLUDED.UPDATE_DATE;
/* ORIS:      3    Location: 4         Test Type: LINE       Test Num: 20210713113539NOX     SQL Ord:    7 */ insert into camdecmpswks.LINEARITY_INJECTION ( LIN_INJ_ID, LIN_SUM_ID, INJECTION_DATE, INJECTION_HOUR, INJECTION_MIN, MEASURED_VALUE, REF_VALUE, USERID, ADD_DATE, UPDATE_DATE ) values ( 'TWCORNEL5-EDA167C4AFBD481A84D9A3899B270FCC', 'TWCORNEL5-1BB255F82E7A4B2F923F4A2B2DA1A5ED', '2021-07-13', 12, 0, 470.200, 489.600, 'bvick', '2021-10-22 12:04:26', NULL ) on conflict (LIN_INJ_ID) do update set LIN_SUM_ID = EXCLUDED.LIN_SUM_ID, INJECTION_DATE = EXCLUDED.INJECTION_DATE, INJECTION_HOUR = EXCLUDED.INJECTION_HOUR, INJECTION_MIN = EXCLUDED.INJECTION_MIN, MEASURED_VALUE = EXCLUDED.MEASURED_VALUE, REF_VALUE = EXCLUDED.REF_VALUE, USERID = EXCLUDED.USERID, ADD_DATE = EXCLUDED.ADD_DATE, UPDATE_DATE = EXCLUDED.UPDATE_DATE;
/* ORIS:      3    Location: 4         Test Type: LINE       Test Num: 20210713113539NOX     SQL Ord:    7 */ insert into camdecmpswks.LINEARITY_INJECTION ( LIN_INJ_ID, LIN_SUM_ID, INJECTION_DATE, INJECTION_HOUR, INJECTION_MIN, MEASURED_VALUE, REF_VALUE, USERID, ADD_DATE, UPDATE_DATE ) values ( 'TWCORNEL5-F46D1F7DC3A84F0DA138092C33869F29', 'TWCORNEL5-449B853425104219946D761E3D40DA56', '2021-07-13', 12, 41, 124.700, 125.000, 'bvick', '2021-10-22 12:04:26', NULL ) on conflict (LIN_INJ_ID) do update set LIN_SUM_ID = EXCLUDED.LIN_SUM_ID, INJECTION_DATE = EXCLUDED.INJECTION_DATE, INJECTION_HOUR = EXCLUDED.INJECTION_HOUR, INJECTION_MIN = EXCLUDED.INJECTION_MIN, MEASURED_VALUE = EXCLUDED.MEASURED_VALUE, REF_VALUE = EXCLUDED.REF_VALUE, USERID = EXCLUDED.USERID, ADD_DATE = EXCLUDED.ADD_DATE, UPDATE_DATE = EXCLUDED.UPDATE_DATE;
/* ORIS:      3    Location: 4         Test Type: LINE       Test Num: 20210713113539SO2     SQL Ord:    1 */ delete from camdecmpswks.TEST_SUMMARY where TEST_SUM_ID = 'TWCORNEL5-3C64FBE60DAA4767B39FF0C0F24A0E4A';
/* ORIS:      3    Location: 4         Test Type: LINE       Test Num: 20210713113539SO2     SQL Ord:    2 */ insert into camdecmpswks.TEST_SUMMARY ( TEST_SUM_ID, MON_LOC_ID, TEST_TYPE_CD, TEST_NUM, MON_SYS_ID, COMPONENT_ID, GP_IND, TEST_REASON_CD, TEST_RESULT_CD, RPT_PERIOD_ID, BEGIN_DATE, BEGIN_HOUR, BEGIN_MIN, END_DATE, END_HOUR, END_MIN, SPAN_SCALE_CD, INJECTION_PROTOCOL_CD, TEST_COMMENT, TEST_DESCRIPTION, CALC_GP_IND, CALC_TEST_RESULT_CD, CALC_SPAN_VALUE, LAST_UPDATED, UPDATED_STATUS_FLG, NEEDS_EVAL_FLG, CHK_SESSION_ID, USERID, ADD_DATE, UPDATE_DATE ) values ( 'TWCORNEL5-3C64FBE60DAA4767B39FF0C0F24A0E4A', '4', 'LINE', '20210713113539SO2', NULL, 'TWCORNEL5-B87B58B0FB48444DB2A0C8ED44ACAC19', 0, 'QA', 'PASSED', NULL, '2021-07-13', 24, 34, '2021-07-13', 12, 48, 'H', NULL, NULL, NULL, NULL, NULL, NULL, '2021-12-22 17:34:19', 'Y', 'N', 'CHV-LGIANN-4C49F542406B427E9AEA046EE7D7558F', 'esupport', '2021-10-22 12:04:27', '2021-12-27 08:12:28' ) on conflict (TEST_SUM_ID) do update set MON_LOC_ID = EXCLUDED.MON_LOC_ID, TEST_TYPE_CD = EXCLUDED.TEST_TYPE_CD, TEST_NUM = EXCLUDED.TEST_NUM, MON_SYS_ID = EXCLUDED.MON_SYS_ID, COMPONENT_ID = EXCLUDED.COMPONENT_ID, GP_IND = EXCLUDED.GP_IND, TEST_REASON_CD = EXCLUDED.TEST_REASON_CD, TEST_RESULT_CD = EXCLUDED.TEST_RESULT_CD, RPT_PERIOD_ID = EXCLUDED.RPT_PERIOD_ID, BEGIN_DATE = EXCLUDED.BEGIN_DATE, BEGIN_HOUR = EXCLUDED.BEGIN_HOUR, BEGIN_MIN = EXCLUDED.BEGIN_MIN, END_DATE = EXCLUDED.END_DATE, END_HOUR = EXCLUDED.END_HOUR, END_MIN = EXCLUDED.END_MIN, SPAN_SCALE_CD = EXCLUDED.SPAN_SCALE_CD, INJECTION_PROTOCOL_CD = EXCLUDED.INJECTION_PROTOCOL_CD, TEST_COMMENT = EXCLUDED.TEST_COMMENT, TEST_DESCRIPTION = EXCLUDED.TEST_DESCRIPTION, CALC_GP_IND = EXCLUDED.CALC_GP_IND, CALC_TEST_RESULT_CD = EXCLUDED.CALC_TEST_RESULT_CD, CALC_SPAN_VALUE = EXCLUDED.CALC_SPAN_VALUE, LAST_UPDATED = EXCLUDED.LAST_UPDATED, UPDATED_STATUS_FLG = EXCLUDED.UPDATED_STATUS_FLG, NEEDS_EVAL_FLG = EXCLUDED.NEEDS_EVAL_FLG, CHK_SESSION_ID = EXCLUDED.CHK_SESSION_ID, USERID = EXCLUDED.USERID, ADD_DATE = EXCLUDED.ADD_DATE, UPDATE_DATE = EXCLUDED.UPDATE_DATE;
/* ORIS:      3    Location: 4         Test Type: LINE       Test Num: 20210713113539SO2     SQL Ord:    3 */ insert into camdecmpswks.PROTOCOL_GAS ( PROTOCOL_GAS_ID, TEST_SUM_ID, GAS_LEVEL_CD, GAS_TYPE_CD, VENDOR_ID, CYLINDER_ID, EXPIRATION_DATE, USERID, ADD_DATE, UPDATE_DATE ) values ( 'TWCORNEL5-1894929B05A14C4EBC0E6F02007E058A', 'TWCORNEL5-3C64FBE60DAA4767B39FF0C0F24A0E4A', 'LOW', 'CO2,NO,NOX,SO2,BALN', 'B22018', 'ALM-025741', '2026-10-09', 'bvick', '2021-10-22 12:04:27', NULL ) on conflict (PROTOCOL_GAS_ID) do update set TEST_SUM_ID = EXCLUDED.TEST_SUM_ID, GAS_LEVEL_CD = EXCLUDED.GAS_LEVEL_CD, GAS_TYPE_CD = EXCLUDED.GAS_TYPE_CD, VENDOR_ID = EXCLUDED.VENDOR_ID, CYLINDER_ID = EXCLUDED.CYLINDER_ID, EXPIRATION_DATE = EXCLUDED.EXPIRATION_DATE, USERID = EXCLUDED.USERID, ADD_DATE = EXCLUDED.ADD_DATE, UPDATE_DATE = EXCLUDED.UPDATE_DATE;
/* ORIS:      3    Location: 4         Test Type: LINE       Test Num: 20210713113539SO2     SQL Ord:    3 */ insert into camdecmpswks.PROTOCOL_GAS ( PROTOCOL_GAS_ID, TEST_SUM_ID, GAS_LEVEL_CD, GAS_TYPE_CD, VENDOR_ID, CYLINDER_ID, EXPIRATION_DATE, USERID, ADD_DATE, UPDATE_DATE ) values ( 'TWCORNEL5-4445B35F49E348508CD913ECD527E8B8', 'TWCORNEL5-3C64FBE60DAA4767B39FF0C0F24A0E4A', 'HIGH', 'CO2,NO,NOX,SO2,BALN', 'B22018', 'CC124086', '2026-04-02', 'bvick', '2021-10-22 12:04:27', NULL ) on conflict (PROTOCOL_GAS_ID) do update set TEST_SUM_ID = EXCLUDED.TEST_SUM_ID, GAS_LEVEL_CD = EXCLUDED.GAS_LEVEL_CD, GAS_TYPE_CD = EXCLUDED.GAS_TYPE_CD, VENDOR_ID = EXCLUDED.VENDOR_ID, CYLINDER_ID = EXCLUDED.CYLINDER_ID, EXPIRATION_DATE = EXCLUDED.EXPIRATION_DATE, USERID = EXCLUDED.USERID, ADD_DATE = EXCLUDED.ADD_DATE, UPDATE_DATE = EXCLUDED.UPDATE_DATE;
/* ORIS:      3    Location: 4         Test Type: LINE       Test Num: 20210713113539SO2     SQL Ord:    3 */ insert into camdecmpswks.PROTOCOL_GAS ( PROTOCOL_GAS_ID, TEST_SUM_ID, GAS_LEVEL_CD, GAS_TYPE_CD, VENDOR_ID, CYLINDER_ID, EXPIRATION_DATE, USERID, ADD_DATE, UPDATE_DATE ) values ( 'TWCORNEL5-86A7AC98C94A4C769363884FE1D12076', 'TWCORNEL5-3C64FBE60DAA4767B39FF0C0F24A0E4A', 'MID', 'CO2,NO,NOX,SO2,BALN', 'B22018', 'CC255467', '2026-04-02', 'bvick', '2021-10-22 12:04:27', NULL ) on conflict (PROTOCOL_GAS_ID) do update set TEST_SUM_ID = EXCLUDED.TEST_SUM_ID, GAS_LEVEL_CD = EXCLUDED.GAS_LEVEL_CD, GAS_TYPE_CD = EXCLUDED.GAS_TYPE_CD, VENDOR_ID = EXCLUDED.VENDOR_ID, CYLINDER_ID = EXCLUDED.CYLINDER_ID, EXPIRATION_DATE = EXCLUDED.EXPIRATION_DATE, USERID = EXCLUDED.USERID, ADD_DATE = EXCLUDED.ADD_DATE, UPDATE_DATE = EXCLUDED.UPDATE_DATE;
/* ORIS:      3    Location: 4         Test Type: LINE       Test Num: 20210713113539SO2     SQL Ord:    6 */ insert into camdecmpswks.LINEARITY_SUMMARY ( LIN_SUM_ID, TEST_SUM_ID, MEAN_REF_VALUE, MEAN_MEASURED_VALUE, PERCENT_ERROR, APS_IND, GAS_LEVEL_CD, CALC_MEAN_REF_VALUE, CALC_MEAN_MEASURED_VALUE, CALC_PERCENT_ERROR, CALC_APS_IND, USERID, ADD_DATE, UPDATE_DATE ) values ( 'TWCORNEL5-086D363D77C2472BB9B4099882B405AF', 'TWCORNEL5-3C64FBE60DAA4767B39FF0C0F24A0E4A', 179.600, 180.300, 0.4, 0, 'LOW', 179.600, 180.300, 0.4, 0, 'esupport', '2021-10-22 12:04:27', '2021-12-27 08:12:28' ) on conflict (LIN_SUM_ID) do update set TEST_SUM_ID = EXCLUDED.TEST_SUM_ID, MEAN_REF_VALUE = EXCLUDED.MEAN_REF_VALUE, MEAN_MEASURED_VALUE = EXCLUDED.MEAN_MEASURED_VALUE, PERCENT_ERROR = EXCLUDED.PERCENT_ERROR, APS_IND = EXCLUDED.APS_IND, GAS_LEVEL_CD = EXCLUDED.GAS_LEVEL_CD, CALC_MEAN_REF_VALUE = EXCLUDED.CALC_MEAN_REF_VALUE, CALC_MEAN_MEASURED_VALUE = EXCLUDED.CALC_MEAN_MEASURED_VALUE, CALC_PERCENT_ERROR = EXCLUDED.CALC_PERCENT_ERROR, CALC_APS_IND = EXCLUDED.CALC_APS_IND, USERID = EXCLUDED.USERID, ADD_DATE = EXCLUDED.ADD_DATE, UPDATE_DATE = EXCLUDED.UPDATE_DATE;
/* ORIS:      3    Location: 4         Test Type: LINE       Test Num: 20210713113539SO2     SQL Ord:    6 */ insert into camdecmpswks.LINEARITY_SUMMARY ( LIN_SUM_ID, TEST_SUM_ID, MEAN_REF_VALUE, MEAN_MEASURED_VALUE, PERCENT_ERROR, APS_IND, GAS_LEVEL_CD, CALC_MEAN_REF_VALUE, CALC_MEAN_MEASURED_VALUE, CALC_PERCENT_ERROR, CALC_APS_IND, USERID, ADD_DATE, UPDATE_DATE ) values ( 'TWCORNEL5-9C371FC18AFB422D9ACA3708A17747DA', 'TWCORNEL5-3C64FBE60DAA4767B39FF0C0F24A0E4A', 402.000, 399.700, 0.6, 0, 'MID', 402.000, 399.700, 0.6, 0, 'esupport', '2021-10-22 12:04:27', '2021-12-27 08:12:28' ) on conflict (LIN_SUM_ID) do update set TEST_SUM_ID = EXCLUDED.TEST_SUM_ID, MEAN_REF_VALUE = EXCLUDED.MEAN_REF_VALUE, MEAN_MEASURED_VALUE = EXCLUDED.MEAN_MEASURED_VALUE, PERCENT_ERROR = EXCLUDED.PERCENT_ERROR, APS_IND = EXCLUDED.APS_IND, GAS_LEVEL_CD = EXCLUDED.GAS_LEVEL_CD, CALC_MEAN_REF_VALUE = EXCLUDED.CALC_MEAN_REF_VALUE, CALC_MEAN_MEASURED_VALUE = EXCLUDED.CALC_MEAN_MEASURED_VALUE, CALC_PERCENT_ERROR = EXCLUDED.CALC_PERCENT_ERROR, CALC_APS_IND = EXCLUDED.CALC_APS_IND, USERID = EXCLUDED.USERID, ADD_DATE = EXCLUDED.ADD_DATE, UPDATE_DATE = EXCLUDED.UPDATE_DATE;
/* ORIS:      3    Location: 4         Test Type: LINE       Test Num: 20210713113539SO2     SQL Ord:    6 */ insert into camdecmpswks.LINEARITY_SUMMARY ( LIN_SUM_ID, TEST_SUM_ID, MEAN_REF_VALUE, MEAN_MEASURED_VALUE, PERCENT_ERROR, APS_IND, GAS_LEVEL_CD, CALC_MEAN_REF_VALUE, CALC_MEAN_MEASURED_VALUE, CALC_PERCENT_ERROR, CALC_APS_IND, USERID, ADD_DATE, UPDATE_DATE ) values ( 'TWCORNEL5-D3057EA90371459EBF7E199A51CB291C', 'TWCORNEL5-3C64FBE60DAA4767B39FF0C0F24A0E4A', 709.100, 684.333, 3.5, 0, 'HIGH', 709.100, 684.333, 3.5, 0, 'esupport', '2021-10-22 12:04:27', '2021-12-27 08:12:28' ) on conflict (LIN_SUM_ID) do update set TEST_SUM_ID = EXCLUDED.TEST_SUM_ID, MEAN_REF_VALUE = EXCLUDED.MEAN_REF_VALUE, MEAN_MEASURED_VALUE = EXCLUDED.MEAN_MEASURED_VALUE, PERCENT_ERROR = EXCLUDED.PERCENT_ERROR, APS_IND = EXCLUDED.APS_IND, GAS_LEVEL_CD = EXCLUDED.GAS_LEVEL_CD, CALC_MEAN_REF_VALUE = EXCLUDED.CALC_MEAN_REF_VALUE, CALC_MEAN_MEASURED_VALUE = EXCLUDED.CALC_MEAN_MEASURED_VALUE, CALC_PERCENT_ERROR = EXCLUDED.CALC_PERCENT_ERROR, CALC_APS_IND = EXCLUDED.CALC_APS_IND, USERID = EXCLUDED.USERID, ADD_DATE = EXCLUDED.ADD_DATE, UPDATE_DATE = EXCLUDED.UPDATE_DATE;
/* ORIS:      3    Location: 4         Test Type: LINE       Test Num: 20210713113539SO2     SQL Ord:    7 */ insert into camdecmpswks.LINEARITY_INJECTION ( LIN_INJ_ID, LIN_SUM_ID, INJECTION_DATE, INJECTION_HOUR, INJECTION_MIN, MEASURED_VALUE, REF_VALUE, USERID, ADD_DATE, UPDATE_DATE ) values ( 'TWCORNEL5-0443BCE3F347474AB26B25DA32E44677', 'TWCORNEL5-D3057EA90371459EBF7E199A51CB291C', '2021-07-13', 12, 0, 678.700, 709.100, 'bvick', '2021-10-22 12:04:27', NULL ) on conflict (LIN_INJ_ID) do update set LIN_SUM_ID = EXCLUDED.LIN_SUM_ID, INJECTION_DATE = EXCLUDED.INJECTION_DATE, INJECTION_HOUR = EXCLUDED.INJECTION_HOUR, INJECTION_MIN = EXCLUDED.INJECTION_MIN, MEASURED_VALUE = EXCLUDED.MEASURED_VALUE, REF_VALUE = EXCLUDED.REF_VALUE, USERID = EXCLUDED.USERID, ADD_DATE = EXCLUDED.ADD_DATE, UPDATE_DATE = EXCLUDED.UPDATE_DATE;
/* ORIS:      3    Location: 4         Test Type: LINE       Test Num: 20210713113539SO2     SQL Ord:    7 */ insert into camdecmpswks.LINEARITY_INJECTION ( LIN_INJ_ID, LIN_SUM_ID, INJECTION_DATE, INJECTION_HOUR, INJECTION_MIN, MEASURED_VALUE, REF_VALUE, USERID, ADD_DATE, UPDATE_DATE ) values ( 'TWCORNEL5-15E4C31AB1AA41F68CDAD11EC55209D2', 'TWCORNEL5-D3057EA90371459EBF7E199A51CB291C', '2021-07-13', 12, 35, 687.900, 709.100, 'bvick', '2021-10-22 12:04:27', NULL ) on conflict (LIN_INJ_ID) do update set LIN_SUM_ID = EXCLUDED.LIN_SUM_ID, INJECTION_DATE = EXCLUDED.INJECTION_DATE, INJECTION_HOUR = EXCLUDED.INJECTION_HOUR, INJECTION_MIN = EXCLUDED.INJECTION_MIN, MEASURED_VALUE = EXCLUDED.MEASURED_VALUE, REF_VALUE = EXCLUDED.REF_VALUE, USERID = EXCLUDED.USERID, ADD_DATE = EXCLUDED.ADD_DATE, UPDATE_DATE = EXCLUDED.UPDATE_DATE;
/* ORIS:      3    Location: 4         Test Type: LINE       Test Num: 20210713113539SO2     SQL Ord:    7 */ insert into camdecmpswks.LINEARITY_INJECTION ( LIN_INJ_ID, LIN_SUM_ID, INJECTION_DATE, INJECTION_HOUR, INJECTION_MIN, MEASURED_VALUE, REF_VALUE, USERID, ADD_DATE, UPDATE_DATE ) values ( 'TWCORNEL5-39B112787ECC4956A27515D47F14CDAB', 'TWCORNEL5-086D363D77C2472BB9B4099882B405AF', '2021-07-13', 12, 13, 181.700, 179.600, 'bvick', '2021-10-22 12:04:27', NULL ) on conflict (LIN_INJ_ID) do update set LIN_SUM_ID = EXCLUDED.LIN_SUM_ID, INJECTION_DATE = EXCLUDED.INJECTION_DATE, INJECTION_HOUR = EXCLUDED.INJECTION_HOUR, INJECTION_MIN = EXCLUDED.INJECTION_MIN, MEASURED_VALUE = EXCLUDED.MEASURED_VALUE, REF_VALUE = EXCLUDED.REF_VALUE, USERID = EXCLUDED.USERID, ADD_DATE = EXCLUDED.ADD_DATE, UPDATE_DATE = EXCLUDED.UPDATE_DATE;
/* ORIS:      3    Location: 4         Test Type: LINE       Test Num: 20210713113539SO2     SQL Ord:    7 */ insert into camdecmpswks.LINEARITY_INJECTION ( LIN_INJ_ID, LIN_SUM_ID, INJECTION_DATE, INJECTION_HOUR, INJECTION_MIN, MEASURED_VALUE, REF_VALUE, USERID, ADD_DATE, UPDATE_DATE ) values ( 'TWCORNEL5-4D20696DDC594DA5BBF3E9C8C85C4058', 'TWCORNEL5-D3057EA90371459EBF7E199A51CB291C', '2021-07-13', 12, 48, 686.400, 709.100, 'bvick', '2021-10-22 12:04:27', NULL ) on conflict (LIN_INJ_ID) do update set LIN_SUM_ID = EXCLUDED.LIN_SUM_ID, INJECTION_DATE = EXCLUDED.INJECTION_DATE, INJECTION_HOUR = EXCLUDED.INJECTION_HOUR, INJECTION_MIN = EXCLUDED.INJECTION_MIN, MEASURED_VALUE = EXCLUDED.MEASURED_VALUE, REF_VALUE = EXCLUDED.REF_VALUE, USERID = EXCLUDED.USERID, ADD_DATE = EXCLUDED.ADD_DATE, UPDATE_DATE = EXCLUDED.UPDATE_DATE;
/* ORIS:      3    Location: 4         Test Type: LINE       Test Num: 20210713113539SO2     SQL Ord:    7 */ insert into camdecmpswks.LINEARITY_INJECTION ( LIN_INJ_ID, LIN_SUM_ID, INJECTION_DATE, INJECTION_HOUR, INJECTION_MIN, MEASURED_VALUE, REF_VALUE, USERID, ADD_DATE, UPDATE_DATE ) values ( 'TWCORNEL5-65038D32FB754C158AAA26741BEC2365', 'TWCORNEL5-086D363D77C2472BB9B4099882B405AF', '2021-07-13', 11, 34, 176.900, 179.600, 'bvick', '2021-10-22 12:04:27', NULL ) on conflict (LIN_INJ_ID) do update set LIN_SUM_ID = EXCLUDED.LIN_SUM_ID, INJECTION_DATE = EXCLUDED.INJECTION_DATE, INJECTION_HOUR = EXCLUDED.INJECTION_HOUR, INJECTION_MIN = EXCLUDED.INJECTION_MIN, MEASURED_VALUE = EXCLUDED.MEASURED_VALUE, REF_VALUE = EXCLUDED.REF_VALUE, USERID = EXCLUDED.USERID, ADD_DATE = EXCLUDED.ADD_DATE, UPDATE_DATE = EXCLUDED.UPDATE_DATE;
/* ORIS:      3    Location: 4         Test Type: LINE       Test Num: 20210713113539SO2     SQL Ord:    7 */ insert into camdecmpswks.LINEARITY_INJECTION ( LIN_INJ_ID, LIN_SUM_ID, INJECTION_DATE, INJECTION_HOUR, INJECTION_MIN, MEASURED_VALUE, REF_VALUE, USERID, ADD_DATE, UPDATE_DATE ) values ( 'TWCORNEL5-9D39962B1A8D46B2BBAF62E42775620C', 'TWCORNEL5-9C371FC18AFB422D9ACA3708A17747DA', '2021-07-13', 12, 18, 397.900, 402.000, 'bvick', '2021-10-22 12:04:27', NULL ) on conflict (LIN_INJ_ID) do update set LIN_SUM_ID = EXCLUDED.LIN_SUM_ID, INJECTION_DATE = EXCLUDED.INJECTION_DATE, INJECTION_HOUR = EXCLUDED.INJECTION_HOUR, INJECTION_MIN = EXCLUDED.INJECTION_MIN, MEASURED_VALUE = EXCLUDED.MEASURED_VALUE, REF_VALUE = EXCLUDED.REF_VALUE, USERID = EXCLUDED.USERID, ADD_DATE = EXCLUDED.ADD_DATE, UPDATE_DATE = EXCLUDED.UPDATE_DATE;
/* ORIS:      3    Location: 4         Test Type: LINE       Test Num: 20210713113539SO2     SQL Ord:    7 */ insert into camdecmpswks.LINEARITY_INJECTION ( LIN_INJ_ID, LIN_SUM_ID, INJECTION_DATE, INJECTION_HOUR, INJECTION_MIN, MEASURED_VALUE, REF_VALUE, USERID, ADD_DATE, UPDATE_DATE ) values ( 'TWCORNEL5-A2F682371135475EB1096D04945E3F54', 'TWCORNEL5-9C371FC18AFB422D9ACA3708A17747DA', '2021-07-13', 12, 6, 401.900, 402.000, 'bvick', '2021-10-22 12:04:27', NULL ) on conflict (LIN_INJ_ID) do update set LIN_SUM_ID = EXCLUDED.LIN_SUM_ID, INJECTION_DATE = EXCLUDED.INJECTION_DATE, INJECTION_HOUR = EXCLUDED.INJECTION_HOUR, INJECTION_MIN = EXCLUDED.INJECTION_MIN, MEASURED_VALUE = EXCLUDED.MEASURED_VALUE, REF_VALUE = EXCLUDED.REF_VALUE, USERID = EXCLUDED.USERID, ADD_DATE = EXCLUDED.ADD_DATE, UPDATE_DATE = EXCLUDED.UPDATE_DATE;
/* ORIS:      3    Location: 4         Test Type: LINE       Test Num: 20210713113539SO2     SQL Ord:    7 */ insert into camdecmpswks.LINEARITY_INJECTION ( LIN_INJ_ID, LIN_SUM_ID, INJECTION_DATE, INJECTION_HOUR, INJECTION_MIN, MEASURED_VALUE, REF_VALUE, USERID, ADD_DATE, UPDATE_DATE ) values ( 'TWCORNEL5-C9246E29CD6D422AA58086CAA1B798CE', 'TWCORNEL5-086D363D77C2472BB9B4099882B405AF', '2021-07-13', 12, 41, 182.300, 179.600, 'bvick', '2021-10-22 12:04:27', NULL ) on conflict (LIN_INJ_ID) do update set LIN_SUM_ID = EXCLUDED.LIN_SUM_ID, INJECTION_DATE = EXCLUDED.INJECTION_DATE, INJECTION_HOUR = EXCLUDED.INJECTION_HOUR, INJECTION_MIN = EXCLUDED.INJECTION_MIN, MEASURED_VALUE = EXCLUDED.MEASURED_VALUE, REF_VALUE = EXCLUDED.REF_VALUE, USERID = EXCLUDED.USERID, ADD_DATE = EXCLUDED.ADD_DATE, UPDATE_DATE = EXCLUDED.UPDATE_DATE;
/* ORIS:      3    Location: 4         Test Type: LINE       Test Num: 20210713113539SO2     SQL Ord:    7 */ insert into camdecmpswks.LINEARITY_INJECTION ( LIN_INJ_ID, LIN_SUM_ID, INJECTION_DATE, INJECTION_HOUR, INJECTION_MIN, MEASURED_VALUE, REF_VALUE, USERID, ADD_DATE, UPDATE_DATE ) values ( 'TWCORNEL5-FCDE55037D0A435C985F17CC4C4CC823', 'TWCORNEL5-9C371FC18AFB422D9ACA3708A17747DA', '2021-07-13', 12, 45, 399.300, 402.000, 'bvick', '2021-10-22 12:04:27', NULL ) on conflict (LIN_INJ_ID) do update set LIN_SUM_ID = EXCLUDED.LIN_SUM_ID, INJECTION_DATE = EXCLUDED.INJECTION_DATE, INJECTION_HOUR = EXCLUDED.INJECTION_HOUR, INJECTION_MIN = EXCLUDED.INJECTION_MIN, MEASURED_VALUE = EXCLUDED.MEASURED_VALUE, REF_VALUE = EXCLUDED.REF_VALUE, USERID = EXCLUDED.USERID, ADD_DATE = EXCLUDED.ADD_DATE, UPDATE_DATE = EXCLUDED.UPDATE_DATE;
/* ORIS:      3    Location: 4         Test Type: ONOFF      Test Num: 1           SQL Ord:    1 */ delete from camdecmpswks.TEST_SUMMARY where TEST_SUM_ID = 'TWCORNEL5-BB24791354734E67B2CBA5BC85A46F12';
/* ORIS:      3    Location: 4         Test Type: ONOFF      Test Num: 1           SQL Ord:    2 */ insert into camdecmpswks.TEST_SUMMARY ( TEST_SUM_ID, MON_LOC_ID, TEST_TYPE_CD, TEST_NUM, MON_SYS_ID, COMPONENT_ID, GP_IND, TEST_REASON_CD, TEST_RESULT_CD, RPT_PERIOD_ID, BEGIN_DATE, BEGIN_HOUR, BEGIN_MIN, END_DATE, END_HOUR, END_MIN, SPAN_SCALE_CD, INJECTION_PROTOCOL_CD, TEST_COMMENT, TEST_DESCRIPTION, CALC_GP_IND, CALC_TEST_RESULT_CD, CALC_SPAN_VALUE, LAST_UPDATED, UPDATED_STATUS_FLG, NEEDS_EVAL_FLG, CHK_SESSION_ID, USERID, ADD_DATE, UPDATE_DATE ) values ( 'TWCORNEL5-BB24791354734E67B2CBA5BC85A46F12', '4', 'ONOFF', '1', NULL, 'TWCORNEL5-3326B79E170147AD9E204DDB4ECAD6D4', NULL, 'INITIAL', 'PASSED', NULL, '2015-03-22', 6, NULL, '2015-03-23', 6, NULL, 'H', NULL, NULL, NULL, NULL, NULL, NULL, NULL, 'N', 'N', 'CHV-LGIANN-BF093C6E77E44E5DB1B2FB0D6CEF2D32', 'esupport', '2015-04-21 15:07:33', '2021-12-27 08:12:32' ) on conflict (TEST_SUM_ID) do update set MON_LOC_ID = EXCLUDED.MON_LOC_ID, TEST_TYPE_CD = EXCLUDED.TEST_TYPE_CD, TEST_NUM = EXCLUDED.TEST_NUM, MON_SYS_ID = EXCLUDED.MON_SYS_ID, COMPONENT_ID = EXCLUDED.COMPONENT_ID, GP_IND = EXCLUDED.GP_IND, TEST_REASON_CD = EXCLUDED.TEST_REASON_CD, TEST_RESULT_CD = EXCLUDED.TEST_RESULT_CD, RPT_PERIOD_ID = EXCLUDED.RPT_PERIOD_ID, BEGIN_DATE = EXCLUDED.BEGIN_DATE, BEGIN_HOUR = EXCLUDED.BEGIN_HOUR, BEGIN_MIN = EXCLUDED.BEGIN_MIN, END_DATE = EXCLUDED.END_DATE, END_HOUR = EXCLUDED.END_HOUR, END_MIN = EXCLUDED.END_MIN, SPAN_SCALE_CD = EXCLUDED.SPAN_SCALE_CD, INJECTION_PROTOCOL_CD = EXCLUDED.INJECTION_PROTOCOL_CD, TEST_COMMENT = EXCLUDED.TEST_COMMENT, TEST_DESCRIPTION = EXCLUDED.TEST_DESCRIPTION, CALC_GP_IND = EXCLUDED.CALC_GP_IND, CALC_TEST_RESULT_CD = EXCLUDED.CALC_TEST_RESULT_CD, CALC_SPAN_VALUE = EXCLUDED.CALC_SPAN_VALUE, LAST_UPDATED = EXCLUDED.LAST_UPDATED, UPDATED_STATUS_FLG = EXCLUDED.UPDATED_STATUS_FLG, NEEDS_EVAL_FLG = EXCLUDED.NEEDS_EVAL_FLG, CHK_SESSION_ID = EXCLUDED.CHK_SESSION_ID, USERID = EXCLUDED.USERID, ADD_DATE = EXCLUDED.ADD_DATE, UPDATE_DATE = EXCLUDED.UPDATE_DATE;
/* ORIS:      3    Location: 4         Test Type: ONOFF      Test Num: 1           SQL Ord:    6 */ insert into camdecmpswks.ON_OFF_CAL ( ON_OFF_CAL_ID, TEST_SUM_ID, ONLINE_ZERO_INJECTION_DATE, ONLINE_ZERO_INJECTION_HOUR, ONLINE_ZERO_APS_IND, CALC_ONLINE_ZERO_APS_IND, ONLINE_ZERO_CAL_ERROR, CALC_ONLINE_ZERO_CAL_ERROR, ONLINE_ZERO_MEASURED_VALUE, ONLINE_ZERO_REF_VALUE, ONLINE_UPSCALE_APS_IND, CALC_ONLINE_UPSCALE_APS_IND, ONLINE_UPSCALE_CAL_ERROR, CALC_ONLINE_UPSCALE_CAL_ERROR, ONLINE_UPSCALE_INJECTION_DATE, ONLINE_UPSCALE_INJECTION_HOUR, ONLINE_UPSCALE_MEASURED_VALUE, ONLINE_UPSCALE_REF_VALUE, OFFLINE_ZERO_APS_IND, CALC_OFFLINE_ZERO_APS_IND, OFFLINE_ZERO_CAL_ERROR, CALC_OFFLINE_ZERO_CAL_ERROR, OFFLINE_ZERO_INJECTION_DATE, OFFLINE_ZERO_INJECTION_HOUR, OFFLINE_ZERO_MEASURED_VALUE, OFFLINE_ZERO_REF_VALUE, OFFLINE_UPSCALE_APS_IND, CALC_OFFLINE_UPSCALE_APS_IND, OFFLINE_UPSCALE_CAL_ERROR, CALC_OFFLINE_UPSCALE_CAL_ERROR, OFFLINE_UPSCALE_INJECTION_DATE, OFFLINE_UPSCALE_INJECTION_HOUR, OFFLINE_UPSCALE_MEASURED_VALUE, OFFLINE_UPSCALE_REF_VALUE, UPSCALE_GAS_LEVEL_CD, USERID, ADD_DATE, UPDATE_DATE ) values ( 'TWCORNEL5-5C0CF50159774381BC6CCB32949310DF', 'TWCORNEL5-BB24791354734E67B2CBA5BC85A46F12', '2015-03-23', 6, 0, 0, 0.20, 0.20, -0.200, 0.000, 0, 0, 0.00, 0.00, '2015-03-23', 6, 11.000, 11.000, 0, 0, 0.20, 0.20, '2015-03-22', 6, -0.200, 0.000, 0, 0, 0.00, 0.00, '2015-03-22', 6, 11.000, 11.000, 'MID', 'esupport', '2015-04-21 15:07:33', '2021-12-27 08:12:32' ) on conflict (ON_OFF_CAL_ID) do update set TEST_SUM_ID = EXCLUDED.TEST_SUM_ID, ONLINE_ZERO_INJECTION_DATE = EXCLUDED.ONLINE_ZERO_INJECTION_DATE, ONLINE_ZERO_INJECTION_HOUR = EXCLUDED.ONLINE_ZERO_INJECTION_HOUR, ONLINE_ZERO_APS_IND = EXCLUDED.ONLINE_ZERO_APS_IND, CALC_ONLINE_ZERO_APS_IND = EXCLUDED.CALC_ONLINE_ZERO_APS_IND, ONLINE_ZERO_CAL_ERROR = EXCLUDED.ONLINE_ZERO_CAL_ERROR, CALC_ONLINE_ZERO_CAL_ERROR = EXCLUDED.CALC_ONLINE_ZERO_CAL_ERROR, ONLINE_ZERO_MEASURED_VALUE = EXCLUDED.ONLINE_ZERO_MEASURED_VALUE, ONLINE_ZERO_REF_VALUE = EXCLUDED.ONLINE_ZERO_REF_VALUE, ONLINE_UPSCALE_APS_IND = EXCLUDED.ONLINE_UPSCALE_APS_IND, CALC_ONLINE_UPSCALE_APS_IND = EXCLUDED.CALC_ONLINE_UPSCALE_APS_IND, ONLINE_UPSCALE_CAL_ERROR = EXCLUDED.ONLINE_UPSCALE_CAL_ERROR, CALC_ONLINE_UPSCALE_CAL_ERROR = EXCLUDED.CALC_ONLINE_UPSCALE_CAL_ERROR, ONLINE_UPSCALE_INJECTION_DATE = EXCLUDED.ONLINE_UPSCALE_INJECTION_DATE, ONLINE_UPSCALE_INJECTION_HOUR = EXCLUDED.ONLINE_UPSCALE_INJECTION_HOUR, ONLINE_UPSCALE_MEASURED_VALUE = EXCLUDED.ONLINE_UPSCALE_MEASURED_VALUE, ONLINE_UPSCALE_REF_VALUE = EXCLUDED.ONLINE_UPSCALE_REF_VALUE, OFFLINE_ZERO_APS_IND = EXCLUDED.OFFLINE_ZERO_APS_IND, CALC_OFFLINE_ZERO_APS_IND = EXCLUDED.CALC_OFFLINE_ZERO_APS_IND, OFFLINE_ZERO_CAL_ERROR = EXCLUDED.OFFLINE_ZERO_CAL_ERROR, CALC_OFFLINE_ZERO_CAL_ERROR = EXCLUDED.CALC_OFFLINE_ZERO_CAL_ERROR, OFFLINE_ZERO_INJECTION_DATE = EXCLUDED.OFFLINE_ZERO_INJECTION_DATE, OFFLINE_ZERO_INJECTION_HOUR = EXCLUDED.OFFLINE_ZERO_INJECTION_HOUR, OFFLINE_ZERO_MEASURED_VALUE = EXCLUDED.OFFLINE_ZERO_MEASURED_VALUE, OFFLINE_ZERO_REF_VALUE = EXCLUDED.OFFLINE_ZERO_REF_VALUE, OFFLINE_UPSCALE_APS_IND = EXCLUDED.OFFLINE_UPSCALE_APS_IND, CALC_OFFLINE_UPSCALE_APS_IND = EXCLUDED.CALC_OFFLINE_UPSCALE_APS_IND, OFFLINE_UPSCALE_CAL_ERROR = EXCLUDED.OFFLINE_UPSCALE_CAL_ERROR, CALC_OFFLINE_UPSCALE_CAL_ERROR = EXCLUDED.CALC_OFFLINE_UPSCALE_CAL_ERROR, OFFLINE_UPSCALE_INJECTION_DATE = EXCLUDED.OFFLINE_UPSCALE_INJECTION_DATE, OFFLINE_UPSCALE_INJECTION_HOUR = EXCLUDED.OFFLINE_UPSCALE_INJECTION_HOUR, OFFLINE_UPSCALE_MEASURED_VALUE = EXCLUDED.OFFLINE_UPSCALE_MEASURED_VALUE, OFFLINE_UPSCALE_REF_VALUE = EXCLUDED.OFFLINE_UPSCALE_REF_VALUE, UPSCALE_GAS_LEVEL_CD = EXCLUDED.UPSCALE_GAS_LEVEL_CD, USERID = EXCLUDED.USERID, ADD_DATE = EXCLUDED.ADD_DATE, UPDATE_DATE = EXCLUDED.UPDATE_DATE;
/* ORIS:      3    Location: 4         Test Type: ONOFF      Test Num: 2           SQL Ord:    1 */ delete from camdecmpswks.TEST_SUMMARY where TEST_SUM_ID = 'TWCORNEL5-EBBFBA13973A41A69A9DDD246386BD10';
/* ORIS:      3    Location: 4         Test Type: ONOFF      Test Num: 2           SQL Ord:    2 */ insert into camdecmpswks.TEST_SUMMARY ( TEST_SUM_ID, MON_LOC_ID, TEST_TYPE_CD, TEST_NUM, MON_SYS_ID, COMPONENT_ID, GP_IND, TEST_REASON_CD, TEST_RESULT_CD, RPT_PERIOD_ID, BEGIN_DATE, BEGIN_HOUR, BEGIN_MIN, END_DATE, END_HOUR, END_MIN, SPAN_SCALE_CD, INJECTION_PROTOCOL_CD, TEST_COMMENT, TEST_DESCRIPTION, CALC_GP_IND, CALC_TEST_RESULT_CD, CALC_SPAN_VALUE, LAST_UPDATED, UPDATED_STATUS_FLG, NEEDS_EVAL_FLG, CHK_SESSION_ID, USERID, ADD_DATE, UPDATE_DATE ) values ( 'TWCORNEL5-EBBFBA13973A41A69A9DDD246386BD10', '4', 'ONOFF', '2', NULL, 'TWCORNEL5-88CCACCD8A3147EA898771B6BDFF4B01', NULL, 'INITIAL', 'PASSED', NULL, '2015-03-22', 6, NULL, '2015-03-23', 6, NULL, 'H', NULL, NULL, NULL, NULL, NULL, NULL, NULL, 'N', 'N', 'CHV-LGIANN-8144DEB9709740AB8B3D72602B9B3408', 'esupport', '2015-04-21 15:07:33', '2021-12-27 08:12:33' ) on conflict (TEST_SUM_ID) do update set MON_LOC_ID = EXCLUDED.MON_LOC_ID, TEST_TYPE_CD = EXCLUDED.TEST_TYPE_CD, TEST_NUM = EXCLUDED.TEST_NUM, MON_SYS_ID = EXCLUDED.MON_SYS_ID, COMPONENT_ID = EXCLUDED.COMPONENT_ID, GP_IND = EXCLUDED.GP_IND, TEST_REASON_CD = EXCLUDED.TEST_REASON_CD, TEST_RESULT_CD = EXCLUDED.TEST_RESULT_CD, RPT_PERIOD_ID = EXCLUDED.RPT_PERIOD_ID, BEGIN_DATE = EXCLUDED.BEGIN_DATE, BEGIN_HOUR = EXCLUDED.BEGIN_HOUR, BEGIN_MIN = EXCLUDED.BEGIN_MIN, END_DATE = EXCLUDED.END_DATE, END_HOUR = EXCLUDED.END_HOUR, END_MIN = EXCLUDED.END_MIN, SPAN_SCALE_CD = EXCLUDED.SPAN_SCALE_CD, INJECTION_PROTOCOL_CD = EXCLUDED.INJECTION_PROTOCOL_CD, TEST_COMMENT = EXCLUDED.TEST_COMMENT, TEST_DESCRIPTION = EXCLUDED.TEST_DESCRIPTION, CALC_GP_IND = EXCLUDED.CALC_GP_IND, CALC_TEST_RESULT_CD = EXCLUDED.CALC_TEST_RESULT_CD, CALC_SPAN_VALUE = EXCLUDED.CALC_SPAN_VALUE, LAST_UPDATED = EXCLUDED.LAST_UPDATED, UPDATED_STATUS_FLG = EXCLUDED.UPDATED_STATUS_FLG, NEEDS_EVAL_FLG = EXCLUDED.NEEDS_EVAL_FLG, CHK_SESSION_ID = EXCLUDED.CHK_SESSION_ID, USERID = EXCLUDED.USERID, ADD_DATE = EXCLUDED.ADD_DATE, UPDATE_DATE = EXCLUDED.UPDATE_DATE;
/* ORIS:      3    Location: 4         Test Type: ONOFF      Test Num: 2           SQL Ord:    6 */ insert into camdecmpswks.ON_OFF_CAL ( ON_OFF_CAL_ID, TEST_SUM_ID, ONLINE_ZERO_INJECTION_DATE, ONLINE_ZERO_INJECTION_HOUR, ONLINE_ZERO_APS_IND, CALC_ONLINE_ZERO_APS_IND, ONLINE_ZERO_CAL_ERROR, CALC_ONLINE_ZERO_CAL_ERROR, ONLINE_ZERO_MEASURED_VALUE, ONLINE_ZERO_REF_VALUE, ONLINE_UPSCALE_APS_IND, CALC_ONLINE_UPSCALE_APS_IND, ONLINE_UPSCALE_CAL_ERROR, CALC_ONLINE_UPSCALE_CAL_ERROR, ONLINE_UPSCALE_INJECTION_DATE, ONLINE_UPSCALE_INJECTION_HOUR, ONLINE_UPSCALE_MEASURED_VALUE, ONLINE_UPSCALE_REF_VALUE, OFFLINE_ZERO_APS_IND, CALC_OFFLINE_ZERO_APS_IND, OFFLINE_ZERO_CAL_ERROR, CALC_OFFLINE_ZERO_CAL_ERROR, OFFLINE_ZERO_INJECTION_DATE, OFFLINE_ZERO_INJECTION_HOUR, OFFLINE_ZERO_MEASURED_VALUE, OFFLINE_ZERO_REF_VALUE, OFFLINE_UPSCALE_APS_IND, CALC_OFFLINE_UPSCALE_APS_IND, OFFLINE_UPSCALE_CAL_ERROR, CALC_OFFLINE_UPSCALE_CAL_ERROR, OFFLINE_UPSCALE_INJECTION_DATE, OFFLINE_UPSCALE_INJECTION_HOUR, OFFLINE_UPSCALE_MEASURED_VALUE, OFFLINE_UPSCALE_REF_VALUE, UPSCALE_GAS_LEVEL_CD, USERID, ADD_DATE, UPDATE_DATE ) values ( 'TWCORNEL5-DC8B39214EED4CEA80B66798C40FB2D0', 'TWCORNEL5-EBBFBA13973A41A69A9DDD246386BD10', '2015-03-23', 6, 0, 0, 0.00, 0.00, 0.000, 0.000, 0, 0, 1.90, 1.90, '2015-03-23', 6, 273.900, 283.400, 0, 0, 0.00, 0.00, '2015-03-22', 6, 0.100, 0.000, 0, 0, 1.90, 1.90, '2015-03-22', 6, 283.400, 274.100, 'MID', 'esupport', '2015-04-21 15:07:33', '2021-12-27 08:12:33' ) on conflict (ON_OFF_CAL_ID) do update set TEST_SUM_ID = EXCLUDED.TEST_SUM_ID, ONLINE_ZERO_INJECTION_DATE = EXCLUDED.ONLINE_ZERO_INJECTION_DATE, ONLINE_ZERO_INJECTION_HOUR = EXCLUDED.ONLINE_ZERO_INJECTION_HOUR, ONLINE_ZERO_APS_IND = EXCLUDED.ONLINE_ZERO_APS_IND, CALC_ONLINE_ZERO_APS_IND = EXCLUDED.CALC_ONLINE_ZERO_APS_IND, ONLINE_ZERO_CAL_ERROR = EXCLUDED.ONLINE_ZERO_CAL_ERROR, CALC_ONLINE_ZERO_CAL_ERROR = EXCLUDED.CALC_ONLINE_ZERO_CAL_ERROR, ONLINE_ZERO_MEASURED_VALUE = EXCLUDED.ONLINE_ZERO_MEASURED_VALUE, ONLINE_ZERO_REF_VALUE = EXCLUDED.ONLINE_ZERO_REF_VALUE, ONLINE_UPSCALE_APS_IND = EXCLUDED.ONLINE_UPSCALE_APS_IND, CALC_ONLINE_UPSCALE_APS_IND = EXCLUDED.CALC_ONLINE_UPSCALE_APS_IND, ONLINE_UPSCALE_CAL_ERROR = EXCLUDED.ONLINE_UPSCALE_CAL_ERROR, CALC_ONLINE_UPSCALE_CAL_ERROR = EXCLUDED.CALC_ONLINE_UPSCALE_CAL_ERROR, ONLINE_UPSCALE_INJECTION_DATE = EXCLUDED.ONLINE_UPSCALE_INJECTION_DATE, ONLINE_UPSCALE_INJECTION_HOUR = EXCLUDED.ONLINE_UPSCALE_INJECTION_HOUR, ONLINE_UPSCALE_MEASURED_VALUE = EXCLUDED.ONLINE_UPSCALE_MEASURED_VALUE, ONLINE_UPSCALE_REF_VALUE = EXCLUDED.ONLINE_UPSCALE_REF_VALUE, OFFLINE_ZERO_APS_IND = EXCLUDED.OFFLINE_ZERO_APS_IND, CALC_OFFLINE_ZERO_APS_IND = EXCLUDED.CALC_OFFLINE_ZERO_APS_IND, OFFLINE_ZERO_CAL_ERROR = EXCLUDED.OFFLINE_ZERO_CAL_ERROR, CALC_OFFLINE_ZERO_CAL_ERROR = EXCLUDED.CALC_OFFLINE_ZERO_CAL_ERROR, OFFLINE_ZERO_INJECTION_DATE = EXCLUDED.OFFLINE_ZERO_INJECTION_DATE, OFFLINE_ZERO_INJECTION_HOUR = EXCLUDED.OFFLINE_ZERO_INJECTION_HOUR, OFFLINE_ZERO_MEASURED_VALUE = EXCLUDED.OFFLINE_ZERO_MEASURED_VALUE, OFFLINE_ZERO_REF_VALUE = EXCLUDED.OFFLINE_ZERO_REF_VALUE, OFFLINE_UPSCALE_APS_IND = EXCLUDED.OFFLINE_UPSCALE_APS_IND, CALC_OFFLINE_UPSCALE_APS_IND = EXCLUDED.CALC_OFFLINE_UPSCALE_APS_IND, OFFLINE_UPSCALE_CAL_ERROR = EXCLUDED.OFFLINE_UPSCALE_CAL_ERROR, CALC_OFFLINE_UPSCALE_CAL_ERROR = EXCLUDED.CALC_OFFLINE_UPSCALE_CAL_ERROR, OFFLINE_UPSCALE_INJECTION_DATE = EXCLUDED.OFFLINE_UPSCALE_INJECTION_DATE, OFFLINE_UPSCALE_INJECTION_HOUR = EXCLUDED.OFFLINE_UPSCALE_INJECTION_HOUR, OFFLINE_UPSCALE_MEASURED_VALUE = EXCLUDED.OFFLINE_UPSCALE_MEASURED_VALUE, OFFLINE_UPSCALE_REF_VALUE = EXCLUDED.OFFLINE_UPSCALE_REF_VALUE, UPSCALE_GAS_LEVEL_CD = EXCLUDED.UPSCALE_GAS_LEVEL_CD, USERID = EXCLUDED.USERID, ADD_DATE = EXCLUDED.ADD_DATE, UPDATE_DATE = EXCLUDED.UPDATE_DATE;
/* ORIS:      3    Location: 4         Test Type: ONOFF      Test Num: 3           SQL Ord:    1 */ delete from camdecmpswks.TEST_SUMMARY where TEST_SUM_ID = 'TWCORNEL5-F87E825735454405A0FD60065958452D';
/* ORIS:      3    Location: 4         Test Type: ONOFF      Test Num: 3           SQL Ord:    2 */ insert into camdecmpswks.TEST_SUMMARY ( TEST_SUM_ID, MON_LOC_ID, TEST_TYPE_CD, TEST_NUM, MON_SYS_ID, COMPONENT_ID, GP_IND, TEST_REASON_CD, TEST_RESULT_CD, RPT_PERIOD_ID, BEGIN_DATE, BEGIN_HOUR, BEGIN_MIN, END_DATE, END_HOUR, END_MIN, SPAN_SCALE_CD, INJECTION_PROTOCOL_CD, TEST_COMMENT, TEST_DESCRIPTION, CALC_GP_IND, CALC_TEST_RESULT_CD, CALC_SPAN_VALUE, LAST_UPDATED, UPDATED_STATUS_FLG, NEEDS_EVAL_FLG, CHK_SESSION_ID, USERID, ADD_DATE, UPDATE_DATE ) values ( 'TWCORNEL5-F87E825735454405A0FD60065958452D', '4', 'ONOFF', '3', NULL, 'TWCORNEL5-B87B58B0FB48444DB2A0C8ED44ACAC19', NULL, 'INITIAL', 'PASSED', NULL, '2015-03-22', 6, NULL, '2015-03-23', 6, NULL, 'H', NULL, NULL, NULL, NULL, NULL, NULL, NULL, 'N', 'N', 'CHV-LGIANN-7776270C66C44FA299C7C89D9087468A', 'esupport', '2015-04-21 15:07:33', '2021-12-27 08:12:35' ) on conflict (TEST_SUM_ID) do update set MON_LOC_ID = EXCLUDED.MON_LOC_ID, TEST_TYPE_CD = EXCLUDED.TEST_TYPE_CD, TEST_NUM = EXCLUDED.TEST_NUM, MON_SYS_ID = EXCLUDED.MON_SYS_ID, COMPONENT_ID = EXCLUDED.COMPONENT_ID, GP_IND = EXCLUDED.GP_IND, TEST_REASON_CD = EXCLUDED.TEST_REASON_CD, TEST_RESULT_CD = EXCLUDED.TEST_RESULT_CD, RPT_PERIOD_ID = EXCLUDED.RPT_PERIOD_ID, BEGIN_DATE = EXCLUDED.BEGIN_DATE, BEGIN_HOUR = EXCLUDED.BEGIN_HOUR, BEGIN_MIN = EXCLUDED.BEGIN_MIN, END_DATE = EXCLUDED.END_DATE, END_HOUR = EXCLUDED.END_HOUR, END_MIN = EXCLUDED.END_MIN, SPAN_SCALE_CD = EXCLUDED.SPAN_SCALE_CD, INJECTION_PROTOCOL_CD = EXCLUDED.INJECTION_PROTOCOL_CD, TEST_COMMENT = EXCLUDED.TEST_COMMENT, TEST_DESCRIPTION = EXCLUDED.TEST_DESCRIPTION, CALC_GP_IND = EXCLUDED.CALC_GP_IND, CALC_TEST_RESULT_CD = EXCLUDED.CALC_TEST_RESULT_CD, CALC_SPAN_VALUE = EXCLUDED.CALC_SPAN_VALUE, LAST_UPDATED = EXCLUDED.LAST_UPDATED, UPDATED_STATUS_FLG = EXCLUDED.UPDATED_STATUS_FLG, NEEDS_EVAL_FLG = EXCLUDED.NEEDS_EVAL_FLG, CHK_SESSION_ID = EXCLUDED.CHK_SESSION_ID, USERID = EXCLUDED.USERID, ADD_DATE = EXCLUDED.ADD_DATE, UPDATE_DATE = EXCLUDED.UPDATE_DATE;
/* ORIS:      3    Location: 4         Test Type: ONOFF      Test Num: 3           SQL Ord:    6 */ insert into camdecmpswks.ON_OFF_CAL ( ON_OFF_CAL_ID, TEST_SUM_ID, ONLINE_ZERO_INJECTION_DATE, ONLINE_ZERO_INJECTION_HOUR, ONLINE_ZERO_APS_IND, CALC_ONLINE_ZERO_APS_IND, ONLINE_ZERO_CAL_ERROR, CALC_ONLINE_ZERO_CAL_ERROR, ONLINE_ZERO_MEASURED_VALUE, ONLINE_ZERO_REF_VALUE, ONLINE_UPSCALE_APS_IND, CALC_ONLINE_UPSCALE_APS_IND, ONLINE_UPSCALE_CAL_ERROR, CALC_ONLINE_UPSCALE_CAL_ERROR, ONLINE_UPSCALE_INJECTION_DATE, ONLINE_UPSCALE_INJECTION_HOUR, ONLINE_UPSCALE_MEASURED_VALUE, ONLINE_UPSCALE_REF_VALUE, OFFLINE_ZERO_APS_IND, CALC_OFFLINE_ZERO_APS_IND, OFFLINE_ZERO_CAL_ERROR, CALC_OFFLINE_ZERO_CAL_ERROR, OFFLINE_ZERO_INJECTION_DATE, OFFLINE_ZERO_INJECTION_HOUR, OFFLINE_ZERO_MEASURED_VALUE, OFFLINE_ZERO_REF_VALUE, OFFLINE_UPSCALE_APS_IND, CALC_OFFLINE_UPSCALE_APS_IND, OFFLINE_UPSCALE_CAL_ERROR, CALC_OFFLINE_UPSCALE_CAL_ERROR, OFFLINE_UPSCALE_INJECTION_DATE, OFFLINE_UPSCALE_INJECTION_HOUR, OFFLINE_UPSCALE_MEASURED_VALUE, OFFLINE_UPSCALE_REF_VALUE, UPSCALE_GAS_LEVEL_CD, USERID, ADD_DATE, UPDATE_DATE ) values ( 'TWCORNEL5-279059E643244DEE843531A844BE5A80', 'TWCORNEL5-F87E825735454405A0FD60065958452D', '2015-03-23', 6, 0, 0, 0.00, 0.00, 0.200, 0.000, 0, 0, 0.20, 0.20, '2015-03-23', 6, 413.800, 415.300, 0, 0, 0.00, 0.00, '2015-03-22', 6, 0.300, 0.000, 0, 0, 0.10, 0.10, '2015-03-22', 6, 416.400, 415.300, 'MID', 'esupport', '2015-04-21 15:07:33', '2021-12-27 08:12:35' ) on conflict (ON_OFF_CAL_ID) do update set TEST_SUM_ID = EXCLUDED.TEST_SUM_ID, ONLINE_ZERO_INJECTION_DATE = EXCLUDED.ONLINE_ZERO_INJECTION_DATE, ONLINE_ZERO_INJECTION_HOUR = EXCLUDED.ONLINE_ZERO_INJECTION_HOUR, ONLINE_ZERO_APS_IND = EXCLUDED.ONLINE_ZERO_APS_IND, CALC_ONLINE_ZERO_APS_IND = EXCLUDED.CALC_ONLINE_ZERO_APS_IND, ONLINE_ZERO_CAL_ERROR = EXCLUDED.ONLINE_ZERO_CAL_ERROR, CALC_ONLINE_ZERO_CAL_ERROR = EXCLUDED.CALC_ONLINE_ZERO_CAL_ERROR, ONLINE_ZERO_MEASURED_VALUE = EXCLUDED.ONLINE_ZERO_MEASURED_VALUE, ONLINE_ZERO_REF_VALUE = EXCLUDED.ONLINE_ZERO_REF_VALUE, ONLINE_UPSCALE_APS_IND = EXCLUDED.ONLINE_UPSCALE_APS_IND, CALC_ONLINE_UPSCALE_APS_IND = EXCLUDED.CALC_ONLINE_UPSCALE_APS_IND, ONLINE_UPSCALE_CAL_ERROR = EXCLUDED.ONLINE_UPSCALE_CAL_ERROR, CALC_ONLINE_UPSCALE_CAL_ERROR = EXCLUDED.CALC_ONLINE_UPSCALE_CAL_ERROR, ONLINE_UPSCALE_INJECTION_DATE = EXCLUDED.ONLINE_UPSCALE_INJECTION_DATE, ONLINE_UPSCALE_INJECTION_HOUR = EXCLUDED.ONLINE_UPSCALE_INJECTION_HOUR, ONLINE_UPSCALE_MEASURED_VALUE = EXCLUDED.ONLINE_UPSCALE_MEASURED_VALUE, ONLINE_UPSCALE_REF_VALUE = EXCLUDED.ONLINE_UPSCALE_REF_VALUE, OFFLINE_ZERO_APS_IND = EXCLUDED.OFFLINE_ZERO_APS_IND, CALC_OFFLINE_ZERO_APS_IND = EXCLUDED.CALC_OFFLINE_ZERO_APS_IND, OFFLINE_ZERO_CAL_ERROR = EXCLUDED.OFFLINE_ZERO_CAL_ERROR, CALC_OFFLINE_ZERO_CAL_ERROR = EXCLUDED.CALC_OFFLINE_ZERO_CAL_ERROR, OFFLINE_ZERO_INJECTION_DATE = EXCLUDED.OFFLINE_ZERO_INJECTION_DATE, OFFLINE_ZERO_INJECTION_HOUR = EXCLUDED.OFFLINE_ZERO_INJECTION_HOUR, OFFLINE_ZERO_MEASURED_VALUE = EXCLUDED.OFFLINE_ZERO_MEASURED_VALUE, OFFLINE_ZERO_REF_VALUE = EXCLUDED.OFFLINE_ZERO_REF_VALUE, OFFLINE_UPSCALE_APS_IND = EXCLUDED.OFFLINE_UPSCALE_APS_IND, CALC_OFFLINE_UPSCALE_APS_IND = EXCLUDED.CALC_OFFLINE_UPSCALE_APS_IND, OFFLINE_UPSCALE_CAL_ERROR = EXCLUDED.OFFLINE_UPSCALE_CAL_ERROR, CALC_OFFLINE_UPSCALE_CAL_ERROR = EXCLUDED.CALC_OFFLINE_UPSCALE_CAL_ERROR, OFFLINE_UPSCALE_INJECTION_DATE = EXCLUDED.OFFLINE_UPSCALE_INJECTION_DATE, OFFLINE_UPSCALE_INJECTION_HOUR = EXCLUDED.OFFLINE_UPSCALE_INJECTION_HOUR, OFFLINE_UPSCALE_MEASURED_VALUE = EXCLUDED.OFFLINE_UPSCALE_MEASURED_VALUE, OFFLINE_UPSCALE_REF_VALUE = EXCLUDED.OFFLINE_UPSCALE_REF_VALUE, UPSCALE_GAS_LEVEL_CD = EXCLUDED.UPSCALE_GAS_LEVEL_CD, USERID = EXCLUDED.USERID, ADD_DATE = EXCLUDED.ADD_DATE, UPDATE_DATE = EXCLUDED.UPDATE_DATE;
/* ORIS:      3    Location: 4         Test Type: ONOFF      Test Num: 4           SQL Ord:    1 */ delete from camdecmpswks.TEST_SUMMARY where TEST_SUM_ID = 'TWCORNEL5-F90C099FDA694744AF3C24D64E2A5DE3';
/* ORIS:      3    Location: 4         Test Type: ONOFF      Test Num: 4           SQL Ord:    2 */ insert into camdecmpswks.TEST_SUMMARY ( TEST_SUM_ID, MON_LOC_ID, TEST_TYPE_CD, TEST_NUM, MON_SYS_ID, COMPONENT_ID, GP_IND, TEST_REASON_CD, TEST_RESULT_CD, RPT_PERIOD_ID, BEGIN_DATE, BEGIN_HOUR, BEGIN_MIN, END_DATE, END_HOUR, END_MIN, SPAN_SCALE_CD, INJECTION_PROTOCOL_CD, TEST_COMMENT, TEST_DESCRIPTION, CALC_GP_IND, CALC_TEST_RESULT_CD, CALC_SPAN_VALUE, LAST_UPDATED, UPDATED_STATUS_FLG, NEEDS_EVAL_FLG, CHK_SESSION_ID, USERID, ADD_DATE, UPDATE_DATE ) values ( 'TWCORNEL5-F90C099FDA694744AF3C24D64E2A5DE3', '4', 'ONOFF', '4', NULL, 'TWCORNEL5-6543C9D154154D799A2DCE583C14C6F5', NULL, 'INITIAL', 'PASSED', NULL, '2015-03-22', 5, NULL, '2015-03-23', 5, NULL, NULL, NULL, NULL, NULL, NULL, NULL, NULL, NULL, 'N', 'N', 'CHV-LGIANN-DDDAA5128EF84974B41EA33E23D07155', 'esupport', '2015-04-21 15:07:33', '2021-12-27 08:12:36' ) on conflict (TEST_SUM_ID) do update set MON_LOC_ID = EXCLUDED.MON_LOC_ID, TEST_TYPE_CD = EXCLUDED.TEST_TYPE_CD, TEST_NUM = EXCLUDED.TEST_NUM, MON_SYS_ID = EXCLUDED.MON_SYS_ID, COMPONENT_ID = EXCLUDED.COMPONENT_ID, GP_IND = EXCLUDED.GP_IND, TEST_REASON_CD = EXCLUDED.TEST_REASON_CD, TEST_RESULT_CD = EXCLUDED.TEST_RESULT_CD, RPT_PERIOD_ID = EXCLUDED.RPT_PERIOD_ID, BEGIN_DATE = EXCLUDED.BEGIN_DATE, BEGIN_HOUR = EXCLUDED.BEGIN_HOUR, BEGIN_MIN = EXCLUDED.BEGIN_MIN, END_DATE = EXCLUDED.END_DATE, END_HOUR = EXCLUDED.END_HOUR, END_MIN = EXCLUDED.END_MIN, SPAN_SCALE_CD = EXCLUDED.SPAN_SCALE_CD, INJECTION_PROTOCOL_CD = EXCLUDED.INJECTION_PROTOCOL_CD, TEST_COMMENT = EXCLUDED.TEST_COMMENT, TEST_DESCRIPTION = EXCLUDED.TEST_DESCRIPTION, CALC_GP_IND = EXCLUDED.CALC_GP_IND, CALC_TEST_RESULT_CD = EXCLUDED.CALC_TEST_RESULT_CD, CALC_SPAN_VALUE = EXCLUDED.CALC_SPAN_VALUE, LAST_UPDATED = EXCLUDED.LAST_UPDATED, UPDATED_STATUS_FLG = EXCLUDED.UPDATED_STATUS_FLG, NEEDS_EVAL_FLG = EXCLUDED.NEEDS_EVAL_FLG, CHK_SESSION_ID = EXCLUDED.CHK_SESSION_ID, USERID = EXCLUDED.USERID, ADD_DATE = EXCLUDED.ADD_DATE, UPDATE_DATE = EXCLUDED.UPDATE_DATE;
/* ORIS:      3    Location: 4         Test Type: ONOFF      Test Num: 4           SQL Ord:    6 */ insert into camdecmpswks.ON_OFF_CAL ( ON_OFF_CAL_ID, TEST_SUM_ID, ONLINE_ZERO_INJECTION_DATE, ONLINE_ZERO_INJECTION_HOUR, ONLINE_ZERO_APS_IND, CALC_ONLINE_ZERO_APS_IND, ONLINE_ZERO_CAL_ERROR, CALC_ONLINE_ZERO_CAL_ERROR, ONLINE_ZERO_MEASURED_VALUE, ONLINE_ZERO_REF_VALUE, ONLINE_UPSCALE_APS_IND, CALC_ONLINE_UPSCALE_APS_IND, ONLINE_UPSCALE_CAL_ERROR, CALC_ONLINE_UPSCALE_CAL_ERROR, ONLINE_UPSCALE_INJECTION_DATE, ONLINE_UPSCALE_INJECTION_HOUR, ONLINE_UPSCALE_MEASURED_VALUE, ONLINE_UPSCALE_REF_VALUE, OFFLINE_ZERO_APS_IND, CALC_OFFLINE_ZERO_APS_IND, OFFLINE_ZERO_CAL_ERROR, CALC_OFFLINE_ZERO_CAL_ERROR, OFFLINE_ZERO_INJECTION_DATE, OFFLINE_ZERO_INJECTION_HOUR, OFFLINE_ZERO_MEASURED_VALUE, OFFLINE_ZERO_REF_VALUE, OFFLINE_UPSCALE_APS_IND, CALC_OFFLINE_UPSCALE_APS_IND, OFFLINE_UPSCALE_CAL_ERROR, CALC_OFFLINE_UPSCALE_CAL_ERROR, OFFLINE_UPSCALE_INJECTION_DATE, OFFLINE_UPSCALE_INJECTION_HOUR, OFFLINE_UPSCALE_MEASURED_VALUE, OFFLINE_UPSCALE_REF_VALUE, UPSCALE_GAS_LEVEL_CD, USERID, ADD_DATE, UPDATE_DATE ) values ( 'TWCORNEL5-F736AA191AB94018A13EDE2898E6DE19', 'TWCORNEL5-F90C099FDA694744AF3C24D64E2A5DE3', '2015-03-23', 5, 0, 0, 0.10, 0.10, -0.800, 0.000, 0, 0, 0.10, 0.10, '2015-03-23', 5, 901.700, 900.000, 0, 0, 0.00, 0.00, '2015-03-22', 5, -0.500, 0.000, 0, 0, 0.10, 0.10, '2015-03-22', 5, 900.900, 900.000, 'HIGH', 'esupport', '2015-04-21 15:07:33', '2021-12-27 08:12:36' ) on conflict (ON_OFF_CAL_ID) do update set TEST_SUM_ID = EXCLUDED.TEST_SUM_ID, ONLINE_ZERO_INJECTION_DATE = EXCLUDED.ONLINE_ZERO_INJECTION_DATE, ONLINE_ZERO_INJECTION_HOUR = EXCLUDED.ONLINE_ZERO_INJECTION_HOUR, ONLINE_ZERO_APS_IND = EXCLUDED.ONLINE_ZERO_APS_IND, CALC_ONLINE_ZERO_APS_IND = EXCLUDED.CALC_ONLINE_ZERO_APS_IND, ONLINE_ZERO_CAL_ERROR = EXCLUDED.ONLINE_ZERO_CAL_ERROR, CALC_ONLINE_ZERO_CAL_ERROR = EXCLUDED.CALC_ONLINE_ZERO_CAL_ERROR, ONLINE_ZERO_MEASURED_VALUE = EXCLUDED.ONLINE_ZERO_MEASURED_VALUE, ONLINE_ZERO_REF_VALUE = EXCLUDED.ONLINE_ZERO_REF_VALUE, ONLINE_UPSCALE_APS_IND = EXCLUDED.ONLINE_UPSCALE_APS_IND, CALC_ONLINE_UPSCALE_APS_IND = EXCLUDED.CALC_ONLINE_UPSCALE_APS_IND, ONLINE_UPSCALE_CAL_ERROR = EXCLUDED.ONLINE_UPSCALE_CAL_ERROR, CALC_ONLINE_UPSCALE_CAL_ERROR = EXCLUDED.CALC_ONLINE_UPSCALE_CAL_ERROR, ONLINE_UPSCALE_INJECTION_DATE = EXCLUDED.ONLINE_UPSCALE_INJECTION_DATE, ONLINE_UPSCALE_INJECTION_HOUR = EXCLUDED.ONLINE_UPSCALE_INJECTION_HOUR, ONLINE_UPSCALE_MEASURED_VALUE = EXCLUDED.ONLINE_UPSCALE_MEASURED_VALUE, ONLINE_UPSCALE_REF_VALUE = EXCLUDED.ONLINE_UPSCALE_REF_VALUE, OFFLINE_ZERO_APS_IND = EXCLUDED.OFFLINE_ZERO_APS_IND, CALC_OFFLINE_ZERO_APS_IND = EXCLUDED.CALC_OFFLINE_ZERO_APS_IND, OFFLINE_ZERO_CAL_ERROR = EXCLUDED.OFFLINE_ZERO_CAL_ERROR, CALC_OFFLINE_ZERO_CAL_ERROR = EXCLUDED.CALC_OFFLINE_ZERO_CAL_ERROR, OFFLINE_ZERO_INJECTION_DATE = EXCLUDED.OFFLINE_ZERO_INJECTION_DATE, OFFLINE_ZERO_INJECTION_HOUR = EXCLUDED.OFFLINE_ZERO_INJECTION_HOUR, OFFLINE_ZERO_MEASURED_VALUE = EXCLUDED.OFFLINE_ZERO_MEASURED_VALUE, OFFLINE_ZERO_REF_VALUE = EXCLUDED.OFFLINE_ZERO_REF_VALUE, OFFLINE_UPSCALE_APS_IND = EXCLUDED.OFFLINE_UPSCALE_APS_IND, CALC_OFFLINE_UPSCALE_APS_IND = EXCLUDED.CALC_OFFLINE_UPSCALE_APS_IND, OFFLINE_UPSCALE_CAL_ERROR = EXCLUDED.OFFLINE_UPSCALE_CAL_ERROR, CALC_OFFLINE_UPSCALE_CAL_ERROR = EXCLUDED.CALC_OFFLINE_UPSCALE_CAL_ERROR, OFFLINE_UPSCALE_INJECTION_DATE = EXCLUDED.OFFLINE_UPSCALE_INJECTION_DATE, OFFLINE_UPSCALE_INJECTION_HOUR = EXCLUDED.OFFLINE_UPSCALE_INJECTION_HOUR, OFFLINE_UPSCALE_MEASURED_VALUE = EXCLUDED.OFFLINE_UPSCALE_MEASURED_VALUE, OFFLINE_UPSCALE_REF_VALUE = EXCLUDED.OFFLINE_UPSCALE_REF_VALUE, UPSCALE_GAS_LEVEL_CD = EXCLUDED.UPSCALE_GAS_LEVEL_CD, USERID = EXCLUDED.USERID, ADD_DATE = EXCLUDED.ADD_DATE, UPDATE_DATE = EXCLUDED.UPDATE_DATE;
/* ORIS:      3    Location: 4         Test Type: RATA       Test Num: 202107260542ABF       SQL Ord:    1 */ delete from camdecmpswks.TEST_SUMMARY where TEST_SUM_ID = 'TWCORNEL5-8FB13601DDC24D7081C8B72028566EA5';
/* ORIS:      3    Location: 4         Test Type: RATA       Test Num: 202107260542ABF       SQL Ord:    2 */ insert into camdecmpswks.TEST_SUMMARY ( TEST_SUM_ID, MON_LOC_ID, TEST_TYPE_CD, TEST_NUM, MON_SYS_ID, COMPONENT_ID, GP_IND, TEST_REASON_CD, TEST_RESULT_CD, RPT_PERIOD_ID, BEGIN_DATE, BEGIN_HOUR, BEGIN_MIN, END_DATE, END_HOUR, END_MIN, SPAN_SCALE_CD, INJECTION_PROTOCOL_CD, TEST_COMMENT, TEST_DESCRIPTION, CALC_GP_IND, CALC_TEST_RESULT_CD, CALC_SPAN_VALUE, LAST_UPDATED, UPDATED_STATUS_FLG, NEEDS_EVAL_FLG, CHK_SESSION_ID, USERID, ADD_DATE, UPDATE_DATE ) values ( 'TWCORNEL5-8FB13601DDC24D7081C8B72028566EA5', '4', 'RATA', '202107260542ABF', 'TWCORNEL5-326CABDF8092462E86C04EB31CB6AE0B', NULL, 0, 'QA', 'PASSAPS', NULL, '2021-07-26', 5, 42, '2021-08-02', 3, 22, NULL, NULL, NULL, NULL, NULL, NULL, NULL, NULL, 'N', 'N', 'CHV-LGIANN-C4C59EF5055143E0A858307536213161', 'esupport', '2021-10-22 12:04:27', '2021-12-27 08:11:35' ) on conflict (TEST_SUM_ID) do update set MON_LOC_ID = EXCLUDED.MON_LOC_ID, TEST_TYPE_CD = EXCLUDED.TEST_TYPE_CD, TEST_NUM = EXCLUDED.TEST_NUM, MON_SYS_ID = EXCLUDED.MON_SYS_ID, COMPONENT_ID = EXCLUDED.COMPONENT_ID, GP_IND = EXCLUDED.GP_IND, TEST_REASON_CD = EXCLUDED.TEST_REASON_CD, TEST_RESULT_CD = EXCLUDED.TEST_RESULT_CD, RPT_PERIOD_ID = EXCLUDED.RPT_PERIOD_ID, BEGIN_DATE = EXCLUDED.BEGIN_DATE, BEGIN_HOUR = EXCLUDED.BEGIN_HOUR, BEGIN_MIN = EXCLUDED.BEGIN_MIN, END_DATE = EXCLUDED.END_DATE, END_HOUR = EXCLUDED.END_HOUR, END_MIN = EXCLUDED.END_MIN, SPAN_SCALE_CD = EXCLUDED.SPAN_SCALE_CD, INJECTION_PROTOCOL_CD = EXCLUDED.INJECTION_PROTOCOL_CD, TEST_COMMENT = EXCLUDED.TEST_COMMENT, TEST_DESCRIPTION = EXCLUDED.TEST_DESCRIPTION, CALC_GP_IND = EXCLUDED.CALC_GP_IND, CALC_TEST_RESULT_CD = EXCLUDED.CALC_TEST_RESULT_CD, CALC_SPAN_VALUE = EXCLUDED.CALC_SPAN_VALUE, LAST_UPDATED = EXCLUDED.LAST_UPDATED, UPDATED_STATUS_FLG = EXCLUDED.UPDATED_STATUS_FLG, NEEDS_EVAL_FLG = EXCLUDED.NEEDS_EVAL_FLG, CHK_SESSION_ID = EXCLUDED.CHK_SESSION_ID, USERID = EXCLUDED.USERID, ADD_DATE = EXCLUDED.ADD_DATE, UPDATE_DATE = EXCLUDED.UPDATE_DATE;
/* ORIS:      3    Location: 4         Test Type: RATA       Test Num: 202107260542ABF       SQL Ord:    6 */ insert into camdecmpswks.RATA ( RATA_ID, TEST_SUM_ID, RATA_FREQUENCY_CD, CALC_RATA_FREQUENCY_CD, RELATIVE_ACCURACY, CALC_RELATIVE_ACCURACY, OVERALL_BIAS_ADJ_FACTOR, CALC_OVERALL_BIAS_ADJ_FACTOR, NUM_LOAD_LEVEL, CALC_NUM_LOAD_LEVEL, USERID, ADD_DATE, UPDATE_DATE ) values ( 'TWCORNEL5-903DB10BD7354C59ADC7AC9C92CF49FF', 'TWCORNEL5-8FB13601DDC24D7081C8B72028566EA5', '4QTRS', '4QTRS', 72.33, 72.33, 1.000, 1.000, 1, 1, 'esupport', '2021-10-22 12:04:27', '2021-12-27 08:11:35' ) on conflict (RATA_ID) do update set TEST_SUM_ID = EXCLUDED.TEST_SUM_ID, RATA_FREQUENCY_CD = EXCLUDED.RATA_FREQUENCY_CD, CALC_RATA_FREQUENCY_CD = EXCLUDED.CALC_RATA_FREQUENCY_CD, RELATIVE_ACCURACY = EXCLUDED.RELATIVE_ACCURACY, CALC_RELATIVE_ACCURACY = EXCLUDED.CALC_RELATIVE_ACCURACY, OVERALL_BIAS_ADJ_FACTOR = EXCLUDED.OVERALL_BIAS_ADJ_FACTOR, CALC_OVERALL_BIAS_ADJ_FACTOR = EXCLUDED.CALC_OVERALL_BIAS_ADJ_FACTOR, NUM_LOAD_LEVEL = EXCLUDED.NUM_LOAD_LEVEL, CALC_NUM_LOAD_LEVEL = EXCLUDED.CALC_NUM_LOAD_LEVEL, USERID = EXCLUDED.USERID, ADD_DATE = EXCLUDED.ADD_DATE, UPDATE_DATE = EXCLUDED.UPDATE_DATE;
/* ORIS:      3    Location: 4         Test Type: RATA       Test Num: 202107260542ABF       SQL Ord:    7 */ insert into camdecmpswks.RATA_SUMMARY ( RATA_SUM_ID, RATA_ID, RELATIVE_ACCURACY, CALC_RELATIVE_ACCURACY, BIAS_ADJ_FACTOR, CALC_BIAS_ADJ_FACTOR, MEAN_CEM_VALUE, CALC_MEAN_CEM_VALUE, MEAN_RATA_REF_VALUE, CALC_MEAN_RATA_REF_VALUE, OP_LEVEL_CD, MEAN_DIFF, CALC_MEAN_DIFF, DEFAULT_WAF, AVG_GROSS_UNIT_LOAD, CALC_AVG_GROSS_UNIT_LOAD, APS_IND, CALC_APS_IND, STND_DEV_DIFF, CALC_STND_DEV_DIFF, CONFIDENCE_COEF, CALC_CONFIDENCE_COEF, CO2_O2_REF_METHOD_CD, REF_METHOD_CD, T_VALUE, CALC_T_VALUE, STACK_DIAMETER, STACK_AREA, CALC_STACK_AREA, CALC_WAF, CALC_CALC_WAF, NUM_TRAVERSE_POINT, USERID, ADD_DATE, UPDATE_DATE, APS_CD ) values ( 'TWCORNEL5-0A579299E0454DA89D2DDA81824D798E', 'TWCORNEL5-903DB10BD7354C59ADC7AC9C92CF49FF', 72.33, 72.33, 1.000, 1.000, 0.23378, 0.23378, 0.36100, 0.36100, 'M', 0.12722, 0.12722, NULL, 275, 275, 1, 1, 0.17421, 0.17421, 0.13391, 0.13391, NULL, '30B', 2.306, 2.306, NULL, NULL, NULL, NULL, NULL, NULL, 'esupport', '2021-10-22 12:04:27', '2021-12-27 08:11:35', NULL ) on conflict (RATA_SUM_ID) do update set RATA_ID = EXCLUDED.RATA_ID, RELATIVE_ACCURACY = EXCLUDED.RELATIVE_ACCURACY, CALC_RELATIVE_ACCURACY = EXCLUDED.CALC_RELATIVE_ACCURACY, BIAS_ADJ_FACTOR = EXCLUDED.BIAS_ADJ_FACTOR, CALC_BIAS_ADJ_FACTOR = EXCLUDED.CALC_BIAS_ADJ_FACTOR, MEAN_CEM_VALUE = EXCLUDED.MEAN_CEM_VALUE, CALC_MEAN_CEM_VALUE = EXCLUDED.CALC_MEAN_CEM_VALUE, MEAN_RATA_REF_VALUE = EXCLUDED.MEAN_RATA_REF_VALUE, CALC_MEAN_RATA_REF_VALUE = EXCLUDED.CALC_MEAN_RATA_REF_VALUE, OP_LEVEL_CD = EXCLUDED.OP_LEVEL_CD, MEAN_DIFF = EXCLUDED.MEAN_DIFF, CALC_MEAN_DIFF = EXCLUDED.CALC_MEAN_DIFF, DEFAULT_WAF = EXCLUDED.DEFAULT_WAF, AVG_GROSS_UNIT_LOAD = EXCLUDED.AVG_GROSS_UNIT_LOAD, CALC_AVG_GROSS_UNIT_LOAD = EXCLUDED.CALC_AVG_GROSS_UNIT_LOAD, APS_IND = EXCLUDED.APS_IND, CALC_APS_IND = EXCLUDED.CALC_APS_IND, STND_DEV_DIFF = EXCLUDED.STND_DEV_DIFF, CALC_STND_DEV_DIFF = EXCLUDED.CALC_STND_DEV_DIFF, CONFIDENCE_COEF = EXCLUDED.CONFIDENCE_COEF, CALC_CONFIDENCE_COEF = EXCLUDED.CALC_CONFIDENCE_COEF, CO2_O2_REF_METHOD_CD = EXCLUDED.CO2_O2_REF_METHOD_CD, REF_METHOD_CD = EXCLUDED.REF_METHOD_CD, T_VALUE = EXCLUDED.T_VALUE, CALC_T_VALUE = EXCLUDED.CALC_T_VALUE, STACK_DIAMETER = EXCLUDED.STACK_DIAMETER, STACK_AREA = EXCLUDED.STACK_AREA, CALC_STACK_AREA = EXCLUDED.CALC_STACK_AREA, CALC_WAF = EXCLUDED.CALC_WAF, CALC_CALC_WAF = EXCLUDED.CALC_CALC_WAF, NUM_TRAVERSE_POINT = EXCLUDED.NUM_TRAVERSE_POINT, APS_CD = EXCLUDED.APS_CD, USERID = EXCLUDED.USERID, ADD_DATE = EXCLUDED.ADD_DATE, UPDATE_DATE = EXCLUDED.UPDATE_DATE;
/* ORIS:      3    Location: 4         Test Type: RATA       Test Num: 202107260542ABF       SQL Ord:    8 */ insert into camdecmpswks.RATA_RUN ( RATA_RUN_ID, RATA_SUM_ID, GROSS_UNIT_LOAD, RUN_NUM, CEM_VALUE, RATA_REF_VALUE, CALC_RATA_REF_VALUE, RUN_STATUS_CD, BEGIN_DATE, BEGIN_HOUR, BEGIN_MIN, END_DATE, END_HOUR, END_MIN, USERID, ADD_DATE, UPDATE_DATE ) values ( 'TWCORNEL5-084520A4D96C449EB498035E052E82D9', 'TWCORNEL5-0A579299E0454DA89D2DDA81824D798E', 273, 3, 0.34600, 0.37400, NULL, 'RUNUSED', '2021-07-26', 7, 43, '2021-07-26', 8, 13, 'bvick', '2021-10-22 12:04:27', NULL ) on conflict (RATA_RUN_ID) do update set RATA_SUM_ID = EXCLUDED.RATA_SUM_ID, GROSS_UNIT_LOAD = EXCLUDED.GROSS_UNIT_LOAD, RUN_NUM = EXCLUDED.RUN_NUM, CEM_VALUE = EXCLUDED.CEM_VALUE, RATA_REF_VALUE = EXCLUDED.RATA_REF_VALUE, CALC_RATA_REF_VALUE = EXCLUDED.CALC_RATA_REF_VALUE, RUN_STATUS_CD = EXCLUDED.RUN_STATUS_CD, BEGIN_DATE = EXCLUDED.BEGIN_DATE, BEGIN_HOUR = EXCLUDED.BEGIN_HOUR, BEGIN_MIN = EXCLUDED.BEGIN_MIN, END_DATE = EXCLUDED.END_DATE, END_HOUR = EXCLUDED.END_HOUR, END_MIN = EXCLUDED.END_MIN, USERID = EXCLUDED.USERID, ADD_DATE = EXCLUDED.ADD_DATE, UPDATE_DATE = EXCLUDED.UPDATE_DATE;
/* ORIS:      3    Location: 4         Test Type: RATA       Test Num: 202107260542ABF       SQL Ord:    8 */ insert into camdecmpswks.RATA_RUN ( RATA_RUN_ID, RATA_SUM_ID, GROSS_UNIT_LOAD, RUN_NUM, CEM_VALUE, RATA_REF_VALUE, CALC_RATA_REF_VALUE, RUN_STATUS_CD, BEGIN_DATE, BEGIN_HOUR, BEGIN_MIN, END_DATE, END_HOUR, END_MIN, USERID, ADD_DATE, UPDATE_DATE ) values ( 'TWCORNEL5-13EFA6FBE8EC49B9AA0DF291A0C3EB53', 'TWCORNEL5-0A579299E0454DA89D2DDA81824D798E', 275, 1, 0.32400, 0.31900, NULL, 'RUNUSED', '2021-07-26', 5, 42, '2021-07-26', 6, 12, 'bvick', '2021-10-22 12:04:27', NULL ) on conflict (RATA_RUN_ID) do update set RATA_SUM_ID = EXCLUDED.RATA_SUM_ID, GROSS_UNIT_LOAD = EXCLUDED.GROSS_UNIT_LOAD, RUN_NUM = EXCLUDED.RUN_NUM, CEM_VALUE = EXCLUDED.CEM_VALUE, RATA_REF_VALUE = EXCLUDED.RATA_REF_VALUE, CALC_RATA_REF_VALUE = EXCLUDED.CALC_RATA_REF_VALUE, RUN_STATUS_CD = EXCLUDED.RUN_STATUS_CD, BEGIN_DATE = EXCLUDED.BEGIN_DATE, BEGIN_HOUR = EXCLUDED.BEGIN_HOUR, BEGIN_MIN = EXCLUDED.BEGIN_MIN, END_DATE = EXCLUDED.END_DATE, END_HOUR = EXCLUDED.END_HOUR, END_MIN = EXCLUDED.END_MIN, USERID = EXCLUDED.USERID, ADD_DATE = EXCLUDED.ADD_DATE, UPDATE_DATE = EXCLUDED.UPDATE_DATE;
/* ORIS:      3    Location: 4         Test Type: RATA       Test Num: 202107260542ABF       SQL Ord:    8 */ insert into camdecmpswks.RATA_RUN ( RATA_RUN_ID, RATA_SUM_ID, GROSS_UNIT_LOAD, RUN_NUM, CEM_VALUE, RATA_REF_VALUE, CALC_RATA_REF_VALUE, RUN_STATUS_CD, BEGIN_DATE, BEGIN_HOUR, BEGIN_MIN, END_DATE, END_HOUR, END_MIN, USERID, ADD_DATE, UPDATE_DATE ) values ( 'TWCORNEL5-5A0FF5DDF9354D9093C2FAA675958C58', 'TWCORNEL5-0A579299E0454DA89D2DDA81824D798E', 272, 2, 0.34700, 0.35200, NULL, 'RUNUSED', '2021-07-26', 6, 22, '2021-07-26', 6, 52, 'bvick', '2021-10-22 12:04:27', NULL ) on conflict (RATA_RUN_ID) do update set RATA_SUM_ID = EXCLUDED.RATA_SUM_ID, GROSS_UNIT_LOAD = EXCLUDED.GROSS_UNIT_LOAD, RUN_NUM = EXCLUDED.RUN_NUM, CEM_VALUE = EXCLUDED.CEM_VALUE, RATA_REF_VALUE = EXCLUDED.RATA_REF_VALUE, CALC_RATA_REF_VALUE = EXCLUDED.CALC_RATA_REF_VALUE, RUN_STATUS_CD = EXCLUDED.RUN_STATUS_CD, BEGIN_DATE = EXCLUDED.BEGIN_DATE, BEGIN_HOUR = EXCLUDED.BEGIN_HOUR, BEGIN_MIN = EXCLUDED.BEGIN_MIN, END_DATE = EXCLUDED.END_DATE, END_HOUR = EXCLUDED.END_HOUR, END_MIN = EXCLUDED.END_MIN, USERID = EXCLUDED.USERID, ADD_DATE = EXCLUDED.ADD_DATE, UPDATE_DATE = EXCLUDED.UPDATE_DATE;
/* ORIS:      3    Location: 4         Test Type: RATA       Test Num: 202107260542ABF       SQL Ord:    8 */ insert into camdecmpswks.RATA_RUN ( RATA_RUN_ID, RATA_SUM_ID, GROSS_UNIT_LOAD, RUN_NUM, CEM_VALUE, RATA_REF_VALUE, CALC_RATA_REF_VALUE, RUN_STATUS_CD, BEGIN_DATE, BEGIN_HOUR, BEGIN_MIN, END_DATE, END_HOUR, END_MIN, USERID, ADD_DATE, UPDATE_DATE ) values ( 'TWCORNEL5-7B56805202ED4F789F92E31C1488BBCF', 'TWCORNEL5-0A579299E0454DA89D2DDA81824D798E', 279, 7, 0.06100, 0.42400, NULL, 'RUNUSED', '2021-07-26', 12, 16, '2021-07-26', 12, 46, 'bvick', '2021-10-22 12:04:27', NULL ) on conflict (RATA_RUN_ID) do update set RATA_SUM_ID = EXCLUDED.RATA_SUM_ID, GROSS_UNIT_LOAD = EXCLUDED.GROSS_UNIT_LOAD, RUN_NUM = EXCLUDED.RUN_NUM, CEM_VALUE = EXCLUDED.CEM_VALUE, RATA_REF_VALUE = EXCLUDED.RATA_REF_VALUE, CALC_RATA_REF_VALUE = EXCLUDED.CALC_RATA_REF_VALUE, RUN_STATUS_CD = EXCLUDED.RUN_STATUS_CD, BEGIN_DATE = EXCLUDED.BEGIN_DATE, BEGIN_HOUR = EXCLUDED.BEGIN_HOUR, BEGIN_MIN = EXCLUDED.BEGIN_MIN, END_DATE = EXCLUDED.END_DATE, END_HOUR = EXCLUDED.END_HOUR, END_MIN = EXCLUDED.END_MIN, USERID = EXCLUDED.USERID, ADD_DATE = EXCLUDED.ADD_DATE, UPDATE_DATE = EXCLUDED.UPDATE_DATE;
/* ORIS:      3    Location: 4         Test Type: RATA       Test Num: 202107260542ABF       SQL Ord:    8 */ insert into camdecmpswks.RATA_RUN ( RATA_RUN_ID, RATA_SUM_ID, GROSS_UNIT_LOAD, RUN_NUM, CEM_VALUE, RATA_REF_VALUE, CALC_RATA_REF_VALUE, RUN_STATUS_CD, BEGIN_DATE, BEGIN_HOUR, BEGIN_MIN, END_DATE, END_HOUR, END_MIN, USERID, ADD_DATE, UPDATE_DATE ) values ( 'TWCORNEL5-8D85C314D96A41C4BE4B5C131B106C26', 'TWCORNEL5-0A579299E0454DA89D2DDA81824D798E', 279, 8, 0.03300, 0.36800, NULL, 'RUNUSED', '2021-08-02', 1, 2, '2021-08-02', 1, 32, 'bvick', '2021-10-22 12:04:27', NULL ) on conflict (RATA_RUN_ID) do update set RATA_SUM_ID = EXCLUDED.RATA_SUM_ID, GROSS_UNIT_LOAD = EXCLUDED.GROSS_UNIT_LOAD, RUN_NUM = EXCLUDED.RUN_NUM, CEM_VALUE = EXCLUDED.CEM_VALUE, RATA_REF_VALUE = EXCLUDED.RATA_REF_VALUE, CALC_RATA_REF_VALUE = EXCLUDED.CALC_RATA_REF_VALUE, RUN_STATUS_CD = EXCLUDED.RUN_STATUS_CD, BEGIN_DATE = EXCLUDED.BEGIN_DATE, BEGIN_HOUR = EXCLUDED.BEGIN_HOUR, BEGIN_MIN = EXCLUDED.BEGIN_MIN, END_DATE = EXCLUDED.END_DATE, END_HOUR = EXCLUDED.END_HOUR, END_MIN = EXCLUDED.END_MIN, USERID = EXCLUDED.USERID, ADD_DATE = EXCLUDED.ADD_DATE, UPDATE_DATE = EXCLUDED.UPDATE_DATE;
/* ORIS:      3    Location: 4         Test Type: RATA       Test Num: 202107260542ABF       SQL Ord:    8 */ insert into camdecmpswks.RATA_RUN ( RATA_RUN_ID, RATA_SUM_ID, GROSS_UNIT_LOAD, RUN_NUM, CEM_VALUE, RATA_REF_VALUE, CALC_RATA_REF_VALUE, RUN_STATUS_CD, BEGIN_DATE, BEGIN_HOUR, BEGIN_MIN, END_DATE, END_HOUR, END_MIN, USERID, ADD_DATE, UPDATE_DATE ) values ( 'TWCORNEL5-A7862A691D8C4169B9C0ECA4D3AAE536', 'TWCORNEL5-0A579299E0454DA89D2DDA81824D798E', 278, 9, 0.00700, 0.38300, NULL, 'RUNUSED', '2021-08-02', 1, 41, '2021-08-02', 2, 11, 'bvick', '2021-10-22 12:04:27', NULL ) on conflict (RATA_RUN_ID) do update set RATA_SUM_ID = EXCLUDED.RATA_SUM_ID, GROSS_UNIT_LOAD = EXCLUDED.GROSS_UNIT_LOAD, RUN_NUM = EXCLUDED.RUN_NUM, CEM_VALUE = EXCLUDED.CEM_VALUE, RATA_REF_VALUE = EXCLUDED.RATA_REF_VALUE, CALC_RATA_REF_VALUE = EXCLUDED.CALC_RATA_REF_VALUE, RUN_STATUS_CD = EXCLUDED.RUN_STATUS_CD, BEGIN_DATE = EXCLUDED.BEGIN_DATE, BEGIN_HOUR = EXCLUDED.BEGIN_HOUR, BEGIN_MIN = EXCLUDED.BEGIN_MIN, END_DATE = EXCLUDED.END_DATE, END_HOUR = EXCLUDED.END_HOUR, END_MIN = EXCLUDED.END_MIN, USERID = EXCLUDED.USERID, ADD_DATE = EXCLUDED.ADD_DATE, UPDATE_DATE = EXCLUDED.UPDATE_DATE;
/* ORIS:      3    Location: 4         Test Type: RATA       Test Num: 202107260542ABF       SQL Ord:    8 */ insert into camdecmpswks.RATA_RUN ( RATA_RUN_ID, RATA_SUM_ID, GROSS_UNIT_LOAD, RUN_NUM, CEM_VALUE, RATA_REF_VALUE, CALC_RATA_REF_VALUE, RUN_STATUS_CD, BEGIN_DATE, BEGIN_HOUR, BEGIN_MIN, END_DATE, END_HOUR, END_MIN, USERID, ADD_DATE, UPDATE_DATE ) values ( 'TWCORNEL5-C5E19B0722E9491B9204DF484D58EA72', 'TWCORNEL5-0A579299E0454DA89D2DDA81824D798E', 279, 10, 0.04200, 0.39400, NULL, 'NOTUSED', '2021-08-02', 2, 52, '2021-08-02', 3, 22, 'bvick', '2021-10-22 12:04:27', NULL ) on conflict (RATA_RUN_ID) do update set RATA_SUM_ID = EXCLUDED.RATA_SUM_ID, GROSS_UNIT_LOAD = EXCLUDED.GROSS_UNIT_LOAD, RUN_NUM = EXCLUDED.RUN_NUM, CEM_VALUE = EXCLUDED.CEM_VALUE, RATA_REF_VALUE = EXCLUDED.RATA_REF_VALUE, CALC_RATA_REF_VALUE = EXCLUDED.CALC_RATA_REF_VALUE, RUN_STATUS_CD = EXCLUDED.RUN_STATUS_CD, BEGIN_DATE = EXCLUDED.BEGIN_DATE, BEGIN_HOUR = EXCLUDED.BEGIN_HOUR, BEGIN_MIN = EXCLUDED.BEGIN_MIN, END_DATE = EXCLUDED.END_DATE, END_HOUR = EXCLUDED.END_HOUR, END_MIN = EXCLUDED.END_MIN, USERID = EXCLUDED.USERID, ADD_DATE = EXCLUDED.ADD_DATE, UPDATE_DATE = EXCLUDED.UPDATE_DATE;
/* ORIS:      3    Location: 4         Test Type: RATA       Test Num: 202107260542ABF       SQL Ord:    8 */ insert into camdecmpswks.RATA_RUN ( RATA_RUN_ID, RATA_SUM_ID, GROSS_UNIT_LOAD, RUN_NUM, CEM_VALUE, RATA_REF_VALUE, CALC_RATA_REF_VALUE, RUN_STATUS_CD, BEGIN_DATE, BEGIN_HOUR, BEGIN_MIN, END_DATE, END_HOUR, END_MIN, USERID, ADD_DATE, UPDATE_DATE ) values ( 'TWCORNEL5-C6D7694793604CCFA969EEBBD828D700', 'TWCORNEL5-0A579299E0454DA89D2DDA81824D798E', 274, 5, 0.33400, 0.35900, NULL, 'RUNUSED', '2021-07-26', 9, 23, '2021-07-26', 9, 53, 'bvick', '2021-10-22 12:04:27', NULL ) on conflict (RATA_RUN_ID) do update set RATA_SUM_ID = EXCLUDED.RATA_SUM_ID, GROSS_UNIT_LOAD = EXCLUDED.GROSS_UNIT_LOAD, RUN_NUM = EXCLUDED.RUN_NUM, CEM_VALUE = EXCLUDED.CEM_VALUE, RATA_REF_VALUE = EXCLUDED.RATA_REF_VALUE, CALC_RATA_REF_VALUE = EXCLUDED.CALC_RATA_REF_VALUE, RUN_STATUS_CD = EXCLUDED.RUN_STATUS_CD, BEGIN_DATE = EXCLUDED.BEGIN_DATE, BEGIN_HOUR = EXCLUDED.BEGIN_HOUR, BEGIN_MIN = EXCLUDED.BEGIN_MIN, END_DATE = EXCLUDED.END_DATE, END_HOUR = EXCLUDED.END_HOUR, END_MIN = EXCLUDED.END_MIN, USERID = EXCLUDED.USERID, ADD_DATE = EXCLUDED.ADD_DATE, UPDATE_DATE = EXCLUDED.UPDATE_DATE;
/* ORIS:      3    Location: 4         Test Type: RATA       Test Num: 202107260542ABF       SQL Ord:    8 */ insert into camdecmpswks.RATA_RUN ( RATA_RUN_ID, RATA_SUM_ID, GROSS_UNIT_LOAD, RUN_NUM, CEM_VALUE, RATA_REF_VALUE, CALC_RATA_REF_VALUE, RUN_STATUS_CD, BEGIN_DATE, BEGIN_HOUR, BEGIN_MIN, END_DATE, END_HOUR, END_MIN, USERID, ADD_DATE, UPDATE_DATE ) values ( 'TWCORNEL5-D65D53D6073F45AD8E93AEE98CC0C41C', 'TWCORNEL5-0A579299E0454DA89D2DDA81824D798E', 274, 6, 0.33400, 0.31600, NULL, 'RUNUSED', '2021-07-26', 10, 8, '2021-07-26', 10, 38, 'bvick', '2021-10-22 12:04:27', NULL ) on conflict (RATA_RUN_ID) do update set RATA_SUM_ID = EXCLUDED.RATA_SUM_ID, GROSS_UNIT_LOAD = EXCLUDED.GROSS_UNIT_LOAD, RUN_NUM = EXCLUDED.RUN_NUM, CEM_VALUE = EXCLUDED.CEM_VALUE, RATA_REF_VALUE = EXCLUDED.RATA_REF_VALUE, CALC_RATA_REF_VALUE = EXCLUDED.CALC_RATA_REF_VALUE, RUN_STATUS_CD = EXCLUDED.RUN_STATUS_CD, BEGIN_DATE = EXCLUDED.BEGIN_DATE, BEGIN_HOUR = EXCLUDED.BEGIN_HOUR, BEGIN_MIN = EXCLUDED.BEGIN_MIN, END_DATE = EXCLUDED.END_DATE, END_HOUR = EXCLUDED.END_HOUR, END_MIN = EXCLUDED.END_MIN, USERID = EXCLUDED.USERID, ADD_DATE = EXCLUDED.ADD_DATE, UPDATE_DATE = EXCLUDED.UPDATE_DATE;
/* ORIS:      3    Location: 4         Test Type: RATA       Test Num: 202107260542ABF       SQL Ord:    8 */ insert into camdecmpswks.RATA_RUN ( RATA_RUN_ID, RATA_SUM_ID, GROSS_UNIT_LOAD, RUN_NUM, CEM_VALUE, RATA_REF_VALUE, CALC_RATA_REF_VALUE, RUN_STATUS_CD, BEGIN_DATE, BEGIN_HOUR, BEGIN_MIN, END_DATE, END_HOUR, END_MIN, USERID, ADD_DATE, UPDATE_DATE ) values ( 'TWCORNEL5-FA324CE944EC47A6BCB99351FD3875DA', 'TWCORNEL5-0A579299E0454DA89D2DDA81824D798E', 273, 4, 0.31800, 0.35400, NULL, 'RUNUSED', '2021-07-26', 8, 24, '2021-07-26', 8, 54, 'bvick', '2021-10-22 12:04:27', NULL ) on conflict (RATA_RUN_ID) do update set RATA_SUM_ID = EXCLUDED.RATA_SUM_ID, GROSS_UNIT_LOAD = EXCLUDED.GROSS_UNIT_LOAD, RUN_NUM = EXCLUDED.RUN_NUM, CEM_VALUE = EXCLUDED.CEM_VALUE, RATA_REF_VALUE = EXCLUDED.RATA_REF_VALUE, CALC_RATA_REF_VALUE = EXCLUDED.CALC_RATA_REF_VALUE, RUN_STATUS_CD = EXCLUDED.RUN_STATUS_CD, BEGIN_DATE = EXCLUDED.BEGIN_DATE, BEGIN_HOUR = EXCLUDED.BEGIN_HOUR, BEGIN_MIN = EXCLUDED.BEGIN_MIN, END_DATE = EXCLUDED.END_DATE, END_HOUR = EXCLUDED.END_HOUR, END_MIN = EXCLUDED.END_MIN, USERID = EXCLUDED.USERID, ADD_DATE = EXCLUDED.ADD_DATE, UPDATE_DATE = EXCLUDED.UPDATE_DATE;
/* ORIS:      3    Location: 4         Test Type: RATA       Test Num: 202107260833ABA       SQL Ord:    1 */ delete from camdecmpswks.TEST_SUMMARY where TEST_SUM_ID = 'TWCORNEL5-8BBA59FEDD3444FF8EA22BEBA0358471';
/* ORIS:      3    Location: 4         Test Type: RATA       Test Num: 202107260833ABA       SQL Ord:    2 */ insert into camdecmpswks.TEST_SUMMARY ( TEST_SUM_ID, MON_LOC_ID, TEST_TYPE_CD, TEST_NUM, MON_SYS_ID, COMPONENT_ID, GP_IND, TEST_REASON_CD, TEST_RESULT_CD, RPT_PERIOD_ID, BEGIN_DATE, BEGIN_HOUR, BEGIN_MIN, END_DATE, END_HOUR, END_MIN, SPAN_SCALE_CD, INJECTION_PROTOCOL_CD, TEST_COMMENT, TEST_DESCRIPTION, CALC_GP_IND, CALC_TEST_RESULT_CD, CALC_SPAN_VALUE, LAST_UPDATED, UPDATED_STATUS_FLG, NEEDS_EVAL_FLG, CHK_SESSION_ID, USERID, ADD_DATE, UPDATE_DATE ) values ( 'TWCORNEL5-8BBA59FEDD3444FF8EA22BEBA0358471', '4', 'RATA', '202107260833ABA', 'TWCORNEL5-4A7B04B851B0471B8E55DC826736569E', NULL, 0, 'QA', 'PASSED', NULL, '2021-07-26', 8, 61, '2021-08-02', 16, 1, NULL, NULL, NULL, NULL, NULL, NULL, NULL, '2021-12-22 17:57:35', 'Y', 'N', 'CHV-LGIANN-E74EEF35F66E48CBB6C14006F949FD29', 'esupport', '2021-10-22 12:04:28', '2021-12-27 08:11:43' ) on conflict (TEST_SUM_ID) do update set MON_LOC_ID = EXCLUDED.MON_LOC_ID, TEST_TYPE_CD = EXCLUDED.TEST_TYPE_CD, TEST_NUM = EXCLUDED.TEST_NUM, MON_SYS_ID = EXCLUDED.MON_SYS_ID, COMPONENT_ID = EXCLUDED.COMPONENT_ID, GP_IND = EXCLUDED.GP_IND, TEST_REASON_CD = EXCLUDED.TEST_REASON_CD, TEST_RESULT_CD = EXCLUDED.TEST_RESULT_CD, RPT_PERIOD_ID = EXCLUDED.RPT_PERIOD_ID, BEGIN_DATE = EXCLUDED.BEGIN_DATE, BEGIN_HOUR = EXCLUDED.BEGIN_HOUR, BEGIN_MIN = EXCLUDED.BEGIN_MIN, END_DATE = EXCLUDED.END_DATE, END_HOUR = EXCLUDED.END_HOUR, END_MIN = EXCLUDED.END_MIN, SPAN_SCALE_CD = EXCLUDED.SPAN_SCALE_CD, INJECTION_PROTOCOL_CD = EXCLUDED.INJECTION_PROTOCOL_CD, TEST_COMMENT = EXCLUDED.TEST_COMMENT, TEST_DESCRIPTION = EXCLUDED.TEST_DESCRIPTION, CALC_GP_IND = EXCLUDED.CALC_GP_IND, CALC_TEST_RESULT_CD = EXCLUDED.CALC_TEST_RESULT_CD, CALC_SPAN_VALUE = EXCLUDED.CALC_SPAN_VALUE, LAST_UPDATED = EXCLUDED.LAST_UPDATED, UPDATED_STATUS_FLG = EXCLUDED.UPDATED_STATUS_FLG, NEEDS_EVAL_FLG = EXCLUDED.NEEDS_EVAL_FLG, CHK_SESSION_ID = EXCLUDED.CHK_SESSION_ID, USERID = EXCLUDED.USERID, ADD_DATE = EXCLUDED.ADD_DATE, UPDATE_DATE = EXCLUDED.UPDATE_DATE;
/* ORIS:      3    Location: 4         Test Type: RATA       Test Num: 202107260833ABA       SQL Ord:    3 */ insert into camdecmpswks.PROTOCOL_GAS ( PROTOCOL_GAS_ID, TEST_SUM_ID, GAS_LEVEL_CD, GAS_TYPE_CD, VENDOR_ID, CYLINDER_ID, EXPIRATION_DATE, USERID, ADD_DATE, UPDATE_DATE ) values ( 'TWCORNEL5-44408F7D78874A55A046662DD5E30623', 'TWCORNEL5-8BBA59FEDD3444FF8EA22BEBA0358471', 'HIGH', 'CO2,NO,NOX,SO2,BALN', 'B22018', 'CC124086', '2026-04-02', 'bvick', '2021-10-22 12:04:28', NULL ) on conflict (PROTOCOL_GAS_ID) do update set TEST_SUM_ID = EXCLUDED.TEST_SUM_ID, GAS_LEVEL_CD = EXCLUDED.GAS_LEVEL_CD, GAS_TYPE_CD = EXCLUDED.GAS_TYPE_CD, VENDOR_ID = EXCLUDED.VENDOR_ID, CYLINDER_ID = EXCLUDED.CYLINDER_ID, EXPIRATION_DATE = EXCLUDED.EXPIRATION_DATE, USERID = EXCLUDED.USERID, ADD_DATE = EXCLUDED.ADD_DATE, UPDATE_DATE = EXCLUDED.UPDATE_DATE;
/* ORIS:      3    Location: 4         Test Type: RATA       Test Num: 202107260833ABA       SQL Ord:    3 */ insert into camdecmpswks.PROTOCOL_GAS ( PROTOCOL_GAS_ID, TEST_SUM_ID, GAS_LEVEL_CD, GAS_TYPE_CD, VENDOR_ID, CYLINDER_ID, EXPIRATION_DATE, USERID, ADD_DATE, UPDATE_DATE ) values ( 'TWCORNEL5-47D5C8CF55DD4DADA9BD5604D7FA982D', 'TWCORNEL5-8BBA59FEDD3444FF8EA22BEBA0358471', 'LOW', 'ZERO', NULL, NULL, NULL, 'bvick', '2021-10-22 12:04:28', NULL ) on conflict (PROTOCOL_GAS_ID) do update set TEST_SUM_ID = EXCLUDED.TEST_SUM_ID, GAS_LEVEL_CD = EXCLUDED.GAS_LEVEL_CD, GAS_TYPE_CD = EXCLUDED.GAS_TYPE_CD, VENDOR_ID = EXCLUDED.VENDOR_ID, CYLINDER_ID = EXCLUDED.CYLINDER_ID, EXPIRATION_DATE = EXCLUDED.EXPIRATION_DATE, USERID = EXCLUDED.USERID, ADD_DATE = EXCLUDED.ADD_DATE, UPDATE_DATE = EXCLUDED.UPDATE_DATE;
/* ORIS:      3    Location: 4         Test Type: RATA       Test Num: 202107260833ABA       SQL Ord:    3 */ insert into camdecmpswks.PROTOCOL_GAS ( PROTOCOL_GAS_ID, TEST_SUM_ID, GAS_LEVEL_CD, GAS_TYPE_CD, VENDOR_ID, CYLINDER_ID, EXPIRATION_DATE, USERID, ADD_DATE, UPDATE_DATE ) values ( 'TWCORNEL5-5DDAAF3CE9C24328A4AA76FA19427E6F', 'TWCORNEL5-8BBA59FEDD3444FF8EA22BEBA0358471', 'MID', 'NO,NOX,SO2,BALN', 'B22021', 'AAL067831', '2029-04-23', 'bvick', '2021-10-22 12:04:28', NULL ) on conflict (PROTOCOL_GAS_ID) do update set TEST_SUM_ID = EXCLUDED.TEST_SUM_ID, GAS_LEVEL_CD = EXCLUDED.GAS_LEVEL_CD, GAS_TYPE_CD = EXCLUDED.GAS_TYPE_CD, VENDOR_ID = EXCLUDED.VENDOR_ID, CYLINDER_ID = EXCLUDED.CYLINDER_ID, EXPIRATION_DATE = EXCLUDED.EXPIRATION_DATE, USERID = EXCLUDED.USERID, ADD_DATE = EXCLUDED.ADD_DATE, UPDATE_DATE = EXCLUDED.UPDATE_DATE;
/* ORIS:      3    Location: 4         Test Type: RATA       Test Num: 202107260833ABA       SQL Ord:    4 */ insert into camdecmpswks.AIR_EMISSION_TESTING ( AIR_EMISSION_TEST_ID, TEST_SUM_ID, QI_LAST_NAME, QI_FIRST_NAME, QI_MIDDLE_INITIAL, AETB_NAME, AETB_PHONE_NUMBER, AETB_EMAIL, EXAM_DATE, PROVIDER_NAME, PROVIDER_EMAIL, ADD_DATE, UPDATE_DATE, USERID ) values ( 'TWCORNEL5-B75983F4DCDE4B3EB23FFE4C7E247609', 'TWCORNEL5-8BBA59FEDD3444FF8EA22BEBA0358471', 'Chalk', 'Benjamin', 'A', 'Alabama Power Field Services Air Quality', '251-434-5528', 'bkchalk@southernco.com', '2017-07-19', 'Source Evaluation Society', 'qstiprogram@gmail.com', '2021-12-22 16:46:23', NULL, '' ) on conflict (AIR_EMISSION_TEST_ID) do update set TEST_SUM_ID = EXCLUDED.TEST_SUM_ID, QI_LAST_NAME = EXCLUDED.QI_LAST_NAME, QI_FIRST_NAME = EXCLUDED.QI_FIRST_NAME, QI_MIDDLE_INITIAL = EXCLUDED.QI_MIDDLE_INITIAL, AETB_NAME = EXCLUDED.AETB_NAME, AETB_PHONE_NUMBER = EXCLUDED.AETB_PHONE_NUMBER, AETB_EMAIL = EXCLUDED.AETB_EMAIL, EXAM_DATE = EXCLUDED.EXAM_DATE, PROVIDER_NAME = EXCLUDED.PROVIDER_NAME, PROVIDER_EMAIL = EXCLUDED.PROVIDER_EMAIL, ADD_DATE = EXCLUDED.ADD_DATE, UPDATE_DATE = EXCLUDED.UPDATE_DATE, USERID = EXCLUDED.USERID;
/* ORIS:      3    Location: 4         Test Type: RATA       Test Num: 202107260833ABA       SQL Ord:    6 */ insert into camdecmpswks.RATA ( RATA_ID, TEST_SUM_ID, RATA_FREQUENCY_CD, CALC_RATA_FREQUENCY_CD, RELATIVE_ACCURACY, CALC_RELATIVE_ACCURACY, OVERALL_BIAS_ADJ_FACTOR, CALC_OVERALL_BIAS_ADJ_FACTOR, NUM_LOAD_LEVEL, CALC_NUM_LOAD_LEVEL, USERID, ADD_DATE, UPDATE_DATE ) values ( 'TWCORNEL5-1E61FA4166AA49E8B5E9A2055F7AEC0E', 'TWCORNEL5-8BBA59FEDD3444FF8EA22BEBA0358471', '4QTRS', NULL, 1.40, NULL, 1.008, NULL, 1, 1, 'esupport', '2021-10-22 12:04:28', '2021-12-27 08:11:43' ) on conflict (RATA_ID) do update set TEST_SUM_ID = EXCLUDED.TEST_SUM_ID, RATA_FREQUENCY_CD = EXCLUDED.RATA_FREQUENCY_CD, CALC_RATA_FREQUENCY_CD = EXCLUDED.CALC_RATA_FREQUENCY_CD, RELATIVE_ACCURACY = EXCLUDED.RELATIVE_ACCURACY, CALC_RELATIVE_ACCURACY = EXCLUDED.CALC_RELATIVE_ACCURACY, OVERALL_BIAS_ADJ_FACTOR = EXCLUDED.OVERALL_BIAS_ADJ_FACTOR, CALC_OVERALL_BIAS_ADJ_FACTOR = EXCLUDED.CALC_OVERALL_BIAS_ADJ_FACTOR, NUM_LOAD_LEVEL = EXCLUDED.NUM_LOAD_LEVEL, CALC_NUM_LOAD_LEVEL = EXCLUDED.CALC_NUM_LOAD_LEVEL, USERID = EXCLUDED.USERID, ADD_DATE = EXCLUDED.ADD_DATE, UPDATE_DATE = EXCLUDED.UPDATE_DATE;
/* ORIS:      3    Location: 4         Test Type: RATA       Test Num: 202107260833ABA       SQL Ord:    7 */ insert into camdecmpswks.RATA_SUMMARY ( RATA_SUM_ID, RATA_ID, RELATIVE_ACCURACY, CALC_RELATIVE_ACCURACY, BIAS_ADJ_FACTOR, CALC_BIAS_ADJ_FACTOR, MEAN_CEM_VALUE, CALC_MEAN_CEM_VALUE, MEAN_RATA_REF_VALUE, CALC_MEAN_RATA_REF_VALUE, OP_LEVEL_CD, MEAN_DIFF, CALC_MEAN_DIFF, DEFAULT_WAF, AVG_GROSS_UNIT_LOAD, CALC_AVG_GROSS_UNIT_LOAD, APS_IND, CALC_APS_IND, STND_DEV_DIFF, CALC_STND_DEV_DIFF, CONFIDENCE_COEF, CALC_CONFIDENCE_COEF, CO2_O2_REF_METHOD_CD, REF_METHOD_CD, T_VALUE, CALC_T_VALUE, STACK_DIAMETER, STACK_AREA, CALC_STACK_AREA, CALC_WAF, CALC_CALC_WAF, NUM_TRAVERSE_POINT, USERID, ADD_DATE, UPDATE_DATE, APS_CD ) values ( 'TWCORNEL5-BA39BF34669249D69B4150BFB82E77B4', 'TWCORNEL5-1E61FA4166AA49E8B5E9A2055F7AEC0E', 1.40, 1.40, 1.008, NULL, 361.58467, 361.58467, 364.61778, 364.61778, 'M', 3.03311, 3.03311, NULL, 277, 277, 0, NULL, 2.70610, 2.70610, 2.08009, 2.08009, NULL, '6C', 2.306, 2.306, NULL, NULL, NULL, NULL, NULL, NULL, 'esupport', '2021-10-22 12:04:28', '2021-12-27 08:11:43', NULL ) on conflict (RATA_SUM_ID) do update set RATA_ID = EXCLUDED.RATA_ID, RELATIVE_ACCURACY = EXCLUDED.RELATIVE_ACCURACY, CALC_RELATIVE_ACCURACY = EXCLUDED.CALC_RELATIVE_ACCURACY, BIAS_ADJ_FACTOR = EXCLUDED.BIAS_ADJ_FACTOR, CALC_BIAS_ADJ_FACTOR = EXCLUDED.CALC_BIAS_ADJ_FACTOR, MEAN_CEM_VALUE = EXCLUDED.MEAN_CEM_VALUE, CALC_MEAN_CEM_VALUE = EXCLUDED.CALC_MEAN_CEM_VALUE, MEAN_RATA_REF_VALUE = EXCLUDED.MEAN_RATA_REF_VALUE, CALC_MEAN_RATA_REF_VALUE = EXCLUDED.CALC_MEAN_RATA_REF_VALUE, OP_LEVEL_CD = EXCLUDED.OP_LEVEL_CD, MEAN_DIFF = EXCLUDED.MEAN_DIFF, CALC_MEAN_DIFF = EXCLUDED.CALC_MEAN_DIFF, DEFAULT_WAF = EXCLUDED.DEFAULT_WAF, AVG_GROSS_UNIT_LOAD = EXCLUDED.AVG_GROSS_UNIT_LOAD, CALC_AVG_GROSS_UNIT_LOAD = EXCLUDED.CALC_AVG_GROSS_UNIT_LOAD, APS_IND = EXCLUDED.APS_IND, CALC_APS_IND = EXCLUDED.CALC_APS_IND, STND_DEV_DIFF = EXCLUDED.STND_DEV_DIFF, CALC_STND_DEV_DIFF = EXCLUDED.CALC_STND_DEV_DIFF, CONFIDENCE_COEF = EXCLUDED.CONFIDENCE_COEF, CALC_CONFIDENCE_COEF = EXCLUDED.CALC_CONFIDENCE_COEF, CO2_O2_REF_METHOD_CD = EXCLUDED.CO2_O2_REF_METHOD_CD, REF_METHOD_CD = EXCLUDED.REF_METHOD_CD, T_VALUE = EXCLUDED.T_VALUE, CALC_T_VALUE = EXCLUDED.CALC_T_VALUE, STACK_DIAMETER = EXCLUDED.STACK_DIAMETER, STACK_AREA = EXCLUDED.STACK_AREA, CALC_STACK_AREA = EXCLUDED.CALC_STACK_AREA, CALC_WAF = EXCLUDED.CALC_WAF, CALC_CALC_WAF = EXCLUDED.CALC_CALC_WAF, NUM_TRAVERSE_POINT = EXCLUDED.NUM_TRAVERSE_POINT, APS_CD = EXCLUDED.APS_CD, USERID = EXCLUDED.USERID, ADD_DATE = EXCLUDED.ADD_DATE, UPDATE_DATE = EXCLUDED.UPDATE_DATE;
/* ORIS:      3    Location: 4         Test Type: RATA       Test Num: 202107260833ABA       SQL Ord:    8 */ insert into camdecmpswks.RATA_RUN ( RATA_RUN_ID, RATA_SUM_ID, GROSS_UNIT_LOAD, RUN_NUM, CEM_VALUE, RATA_REF_VALUE, CALC_RATA_REF_VALUE, RUN_STATUS_CD, BEGIN_DATE, BEGIN_HOUR, BEGIN_MIN, END_DATE, END_HOUR, END_MIN, USERID, ADD_DATE, UPDATE_DATE ) values ( 'TWCORNEL5-001B55DE09AA4E19B519679D886C8F85', 'TWCORNEL5-BA39BF34669249D69B4150BFB82E77B4', 275, 3, 329.22500, 330.66000, NULL, 'RUNUSED', '2021-07-26', 10, 11, '2021-07-26', 10, 32, 'bvick', '2021-10-22 12:04:28', NULL ) on conflict (RATA_RUN_ID) do update set RATA_SUM_ID = EXCLUDED.RATA_SUM_ID, GROSS_UNIT_LOAD = EXCLUDED.GROSS_UNIT_LOAD, RUN_NUM = EXCLUDED.RUN_NUM, CEM_VALUE = EXCLUDED.CEM_VALUE, RATA_REF_VALUE = EXCLUDED.RATA_REF_VALUE, CALC_RATA_REF_VALUE = EXCLUDED.CALC_RATA_REF_VALUE, RUN_STATUS_CD = EXCLUDED.RUN_STATUS_CD, BEGIN_DATE = EXCLUDED.BEGIN_DATE, BEGIN_HOUR = EXCLUDED.BEGIN_HOUR, BEGIN_MIN = EXCLUDED.BEGIN_MIN, END_DATE = EXCLUDED.END_DATE, END_HOUR = EXCLUDED.END_HOUR, END_MIN = EXCLUDED.END_MIN, USERID = EXCLUDED.USERID, ADD_DATE = EXCLUDED.ADD_DATE, UPDATE_DATE = EXCLUDED.UPDATE_DATE;
/* ORIS:      3    Location: 4         Test Type: RATA       Test Num: 202107260833ABA       SQL Ord:    8 */ insert into camdecmpswks.RATA_RUN ( RATA_RUN_ID, RATA_SUM_ID, GROSS_UNIT_LOAD, RUN_NUM, CEM_VALUE, RATA_REF_VALUE, CALC_RATA_REF_VALUE, RUN_STATUS_CD, BEGIN_DATE, BEGIN_HOUR, BEGIN_MIN, END_DATE, END_HOUR, END_MIN, USERID, ADD_DATE, UPDATE_DATE ) values ( 'TWCORNEL5-27D9D9B25C00460AABC77889644BE7ED', 'TWCORNEL5-BA39BF34669249D69B4150BFB82E77B4', 276, 4, 373.56700, 373.60000, NULL, 'RUNUSED', '2021-08-02', 10, 56, '2021-08-02', 11, 17, 'bvick', '2021-10-22 12:04:28', NULL ) on conflict (RATA_RUN_ID) do update set RATA_SUM_ID = EXCLUDED.RATA_SUM_ID, GROSS_UNIT_LOAD = EXCLUDED.GROSS_UNIT_LOAD, RUN_NUM = EXCLUDED.RUN_NUM, CEM_VALUE = EXCLUDED.CEM_VALUE, RATA_REF_VALUE = EXCLUDED.RATA_REF_VALUE, CALC_RATA_REF_VALUE = EXCLUDED.CALC_RATA_REF_VALUE, RUN_STATUS_CD = EXCLUDED.RUN_STATUS_CD, BEGIN_DATE = EXCLUDED.BEGIN_DATE, BEGIN_HOUR = EXCLUDED.BEGIN_HOUR, BEGIN_MIN = EXCLUDED.BEGIN_MIN, END_DATE = EXCLUDED.END_DATE, END_HOUR = EXCLUDED.END_HOUR, END_MIN = EXCLUDED.END_MIN, USERID = EXCLUDED.USERID, ADD_DATE = EXCLUDED.ADD_DATE, UPDATE_DATE = EXCLUDED.UPDATE_DATE;
/* ORIS:      3    Location: 4         Test Type: RATA       Test Num: 202107260833ABA       SQL Ord:    8 */ insert into camdecmpswks.RATA_RUN ( RATA_RUN_ID, RATA_SUM_ID, GROSS_UNIT_LOAD, RUN_NUM, CEM_VALUE, RATA_REF_VALUE, CALC_RATA_REF_VALUE, RUN_STATUS_CD, BEGIN_DATE, BEGIN_HOUR, BEGIN_MIN, END_DATE, END_HOUR, END_MIN, USERID, ADD_DATE, UPDATE_DATE ) values ( 'TWCORNEL5-6F5D6F6F7D4049B9A8EF61F942960D99', 'TWCORNEL5-BA39BF34669249D69B4150BFB82E77B4', 274, 2, 326.94500, 330.53000, NULL, 'RUNUSED', '2021-07-26', 9, 21, '2021-07-26', 9, 42, 'bvick', '2021-10-22 12:04:28', NULL ) on conflict (RATA_RUN_ID) do update set RATA_SUM_ID = EXCLUDED.RATA_SUM_ID, GROSS_UNIT_LOAD = EXCLUDED.GROSS_UNIT_LOAD, RUN_NUM = EXCLUDED.RUN_NUM, CEM_VALUE = EXCLUDED.CEM_VALUE, RATA_REF_VALUE = EXCLUDED.RATA_REF_VALUE, CALC_RATA_REF_VALUE = EXCLUDED.CALC_RATA_REF_VALUE, RUN_STATUS_CD = EXCLUDED.RUN_STATUS_CD, BEGIN_DATE = EXCLUDED.BEGIN_DATE, BEGIN_HOUR = EXCLUDED.BEGIN_HOUR, BEGIN_MIN = EXCLUDED.BEGIN_MIN, END_DATE = EXCLUDED.END_DATE, END_HOUR = EXCLUDED.END_HOUR, END_MIN = EXCLUDED.END_MIN, USERID = EXCLUDED.USERID, ADD_DATE = EXCLUDED.ADD_DATE, UPDATE_DATE = EXCLUDED.UPDATE_DATE;
/* ORIS:      3    Location: 4         Test Type: RATA       Test Num: 202107260833ABA       SQL Ord:    8 */ insert into camdecmpswks.RATA_RUN ( RATA_RUN_ID, RATA_SUM_ID, GROSS_UNIT_LOAD, RUN_NUM, CEM_VALUE, RATA_REF_VALUE, CALC_RATA_REF_VALUE, RUN_STATUS_CD, BEGIN_DATE, BEGIN_HOUR, BEGIN_MIN, END_DATE, END_HOUR, END_MIN, USERID, ADD_DATE, UPDATE_DATE ) values ( 'TWCORNEL5-847B0F6E8E684F17B2C5868851F20681', 'TWCORNEL5-BA39BF34669249D69B4150BFB82E77B4', 273, 1, 325.61700, 327.61000, NULL, 'RUNUSED', '2021-07-26', 8, 33, '2021-07-26', 8, 54, 'bvick', '2021-10-22 12:04:28', NULL ) on conflict (RATA_RUN_ID) do update set RATA_SUM_ID = EXCLUDED.RATA_SUM_ID, GROSS_UNIT_LOAD = EXCLUDED.GROSS_UNIT_LOAD, RUN_NUM = EXCLUDED.RUN_NUM, CEM_VALUE = EXCLUDED.CEM_VALUE, RATA_REF_VALUE = EXCLUDED.RATA_REF_VALUE, CALC_RATA_REF_VALUE = EXCLUDED.CALC_RATA_REF_VALUE, RUN_STATUS_CD = EXCLUDED.RUN_STATUS_CD, BEGIN_DATE = EXCLUDED.BEGIN_DATE, BEGIN_HOUR = EXCLUDED.BEGIN_HOUR, BEGIN_MIN = EXCLUDED.BEGIN_MIN, END_DATE = EXCLUDED.END_DATE, END_HOUR = EXCLUDED.END_HOUR, END_MIN = EXCLUDED.END_MIN, USERID = EXCLUDED.USERID, ADD_DATE = EXCLUDED.ADD_DATE, UPDATE_DATE = EXCLUDED.UPDATE_DATE;
/* ORIS:      3    Location: 4         Test Type: RATA       Test Num: 202107260833ABA       SQL Ord:    8 */ insert into camdecmpswks.RATA_RUN ( RATA_RUN_ID, RATA_SUM_ID, GROSS_UNIT_LOAD, RUN_NUM, CEM_VALUE, RATA_REF_VALUE, CALC_RATA_REF_VALUE, RUN_STATUS_CD, BEGIN_DATE, BEGIN_HOUR, BEGIN_MIN, END_DATE, END_HOUR, END_MIN, USERID, ADD_DATE, UPDATE_DATE ) values ( 'TWCORNEL5-87ED8E96680A4F218850B2DB7D8520D9', 'TWCORNEL5-BA39BF34669249D69B4150BFB82E77B4', 279, 5, 372.10400, 372.33000, NULL, 'RUNUSED', '2021-08-02', 12, 14, '2021-08-02', 12, 35, 'bvick', '2021-10-22 12:04:28', NULL ) on conflict (RATA_RUN_ID) do update set RATA_SUM_ID = EXCLUDED.RATA_SUM_ID, GROSS_UNIT_LOAD = EXCLUDED.GROSS_UNIT_LOAD, RUN_NUM = EXCLUDED.RUN_NUM, CEM_VALUE = EXCLUDED.CEM_VALUE, RATA_REF_VALUE = EXCLUDED.RATA_REF_VALUE, CALC_RATA_REF_VALUE = EXCLUDED.CALC_RATA_REF_VALUE, RUN_STATUS_CD = EXCLUDED.RUN_STATUS_CD, BEGIN_DATE = EXCLUDED.BEGIN_DATE, BEGIN_HOUR = EXCLUDED.BEGIN_HOUR, BEGIN_MIN = EXCLUDED.BEGIN_MIN, END_DATE = EXCLUDED.END_DATE, END_HOUR = EXCLUDED.END_HOUR, END_MIN = EXCLUDED.END_MIN, USERID = EXCLUDED.USERID, ADD_DATE = EXCLUDED.ADD_DATE, UPDATE_DATE = EXCLUDED.UPDATE_DATE;
/* ORIS:      3    Location: 4         Test Type: RATA       Test Num: 202107260833ABA       SQL Ord:    8 */ insert into camdecmpswks.RATA_RUN ( RATA_RUN_ID, RATA_SUM_ID, GROSS_UNIT_LOAD, RUN_NUM, CEM_VALUE, RATA_REF_VALUE, CALC_RATA_REF_VALUE, RUN_STATUS_CD, BEGIN_DATE, BEGIN_HOUR, BEGIN_MIN, END_DATE, END_HOUR, END_MIN, USERID, ADD_DATE, UPDATE_DATE ) values ( 'TWCORNEL5-B38909D5117349778FBBA11D9146CFC2', 'TWCORNEL5-BA39BF34669249D69B4150BFB82E77B4', 279, 8, 381.71600, 388.07000, NULL, 'RUNUSED', '2021-08-02', 15, 7, '2021-08-02', 15, 28, 'bvick', '2021-10-22 12:04:28', NULL ) on conflict (RATA_RUN_ID) do update set RATA_SUM_ID = EXCLUDED.RATA_SUM_ID, GROSS_UNIT_LOAD = EXCLUDED.GROSS_UNIT_LOAD, RUN_NUM = EXCLUDED.RUN_NUM, CEM_VALUE = EXCLUDED.CEM_VALUE, RATA_REF_VALUE = EXCLUDED.RATA_REF_VALUE, CALC_RATA_REF_VALUE = EXCLUDED.CALC_RATA_REF_VALUE, RUN_STATUS_CD = EXCLUDED.RUN_STATUS_CD, BEGIN_DATE = EXCLUDED.BEGIN_DATE, BEGIN_HOUR = EXCLUDED.BEGIN_HOUR, BEGIN_MIN = EXCLUDED.BEGIN_MIN, END_DATE = EXCLUDED.END_DATE, END_HOUR = EXCLUDED.END_HOUR, END_MIN = EXCLUDED.END_MIN, USERID = EXCLUDED.USERID, ADD_DATE = EXCLUDED.ADD_DATE, UPDATE_DATE = EXCLUDED.UPDATE_DATE;
/* ORIS:      3    Location: 4         Test Type: RATA       Test Num: 202107260833ABA       SQL Ord:    8 */ insert into camdecmpswks.RATA_RUN ( RATA_RUN_ID, RATA_SUM_ID, GROSS_UNIT_LOAD, RUN_NUM, CEM_VALUE, RATA_REF_VALUE, CALC_RATA_REF_VALUE, RUN_STATUS_CD, BEGIN_DATE, BEGIN_HOUR, BEGIN_MIN, END_DATE, END_HOUR, END_MIN, USERID, ADD_DATE, UPDATE_DATE ) values ( 'TWCORNEL5-D5AB58FE86C84346ACE05C5F12CB84E6', 'TWCORNEL5-BA39BF34669249D69B4150BFB82E77B4', 281, 6, 388.87300, 391.19000, NULL, 'RUNUSED', '2021-08-02', 13, 11, '2021-08-02', 13, 32, 'bvick', '2021-10-22 12:04:28', NULL ) on conflict (RATA_RUN_ID) do update set RATA_SUM_ID = EXCLUDED.RATA_SUM_ID, GROSS_UNIT_LOAD = EXCLUDED.GROSS_UNIT_LOAD, RUN_NUM = EXCLUDED.RUN_NUM, CEM_VALUE = EXCLUDED.CEM_VALUE, RATA_REF_VALUE = EXCLUDED.RATA_REF_VALUE, CALC_RATA_REF_VALUE = EXCLUDED.CALC_RATA_REF_VALUE, RUN_STATUS_CD = EXCLUDED.RUN_STATUS_CD, BEGIN_DATE = EXCLUDED.BEGIN_DATE, BEGIN_HOUR = EXCLUDED.BEGIN_HOUR, BEGIN_MIN = EXCLUDED.BEGIN_MIN, END_DATE = EXCLUDED.END_DATE, END_HOUR = EXCLUDED.END_HOUR, END_MIN = EXCLUDED.END_MIN, USERID = EXCLUDED.USERID, ADD_DATE = EXCLUDED.ADD_DATE, UPDATE_DATE = EXCLUDED.UPDATE_DATE;
/* ORIS:      3    Location: 4         Test Type: RATA       Test Num: 202107260833ABA       SQL Ord:    8 */ insert into camdecmpswks.RATA_RUN ( RATA_RUN_ID, RATA_SUM_ID, GROSS_UNIT_LOAD, RUN_NUM, CEM_VALUE, RATA_REF_VALUE, CALC_RATA_REF_VALUE, RUN_STATUS_CD, BEGIN_DATE, BEGIN_HOUR, BEGIN_MIN, END_DATE, END_HOUR, END_MIN, USERID, ADD_DATE, UPDATE_DATE ) values ( 'TWCORNEL5-FA49D782D1BF4C9F8E734BCD3C0A9417', 'TWCORNEL5-BA39BF34669249D69B4150BFB82E77B4', 280, 9, 380.28900, 388.44000, NULL, 'RUNUSED', '2021-08-02', 15, 40, '2021-08-02', 16, 1, 'bvick', '2021-10-22 12:04:28', NULL ) on conflict (RATA_RUN_ID) do update set RATA_SUM_ID = EXCLUDED.RATA_SUM_ID, GROSS_UNIT_LOAD = EXCLUDED.GROSS_UNIT_LOAD, RUN_NUM = EXCLUDED.RUN_NUM, CEM_VALUE = EXCLUDED.CEM_VALUE, RATA_REF_VALUE = EXCLUDED.RATA_REF_VALUE, CALC_RATA_REF_VALUE = EXCLUDED.CALC_RATA_REF_VALUE, RUN_STATUS_CD = EXCLUDED.RUN_STATUS_CD, BEGIN_DATE = EXCLUDED.BEGIN_DATE, BEGIN_HOUR = EXCLUDED.BEGIN_HOUR, BEGIN_MIN = EXCLUDED.BEGIN_MIN, END_DATE = EXCLUDED.END_DATE, END_HOUR = EXCLUDED.END_HOUR, END_MIN = EXCLUDED.END_MIN, USERID = EXCLUDED.USERID, ADD_DATE = EXCLUDED.ADD_DATE, UPDATE_DATE = EXCLUDED.UPDATE_DATE;
/* ORIS:      3    Location: 4         Test Type: RATA       Test Num: 202107260833ABA       SQL Ord:    8 */ insert into camdecmpswks.RATA_RUN ( RATA_RUN_ID, RATA_SUM_ID, GROSS_UNIT_LOAD, RUN_NUM, CEM_VALUE, RATA_REF_VALUE, CALC_RATA_REF_VALUE, RUN_STATUS_CD, BEGIN_DATE, BEGIN_HOUR, BEGIN_MIN, END_DATE, END_HOUR, END_MIN, USERID, ADD_DATE, UPDATE_DATE ) values ( 'TWCORNEL5-FB9E2B62FE9A47FFA818CA4AA0D3FAB6', 'TWCORNEL5-BA39BF34669249D69B4150BFB82E77B4', 279, 7, 375.92600, 379.13000, NULL, 'RUNUSED', '2021-08-02', 14, 36, '2021-08-02', 14, 57, 'bvick', '2021-10-22 12:04:28', NULL ) on conflict (RATA_RUN_ID) do update set RATA_SUM_ID = EXCLUDED.RATA_SUM_ID, GROSS_UNIT_LOAD = EXCLUDED.GROSS_UNIT_LOAD, RUN_NUM = EXCLUDED.RUN_NUM, CEM_VALUE = EXCLUDED.CEM_VALUE, RATA_REF_VALUE = EXCLUDED.RATA_REF_VALUE, CALC_RATA_REF_VALUE = EXCLUDED.CALC_RATA_REF_VALUE, RUN_STATUS_CD = EXCLUDED.RUN_STATUS_CD, BEGIN_DATE = EXCLUDED.BEGIN_DATE, BEGIN_HOUR = EXCLUDED.BEGIN_HOUR, BEGIN_MIN = EXCLUDED.BEGIN_MIN, END_DATE = EXCLUDED.END_DATE, END_HOUR = EXCLUDED.END_HOUR, END_MIN = EXCLUDED.END_MIN, USERID = EXCLUDED.USERID, ADD_DATE = EXCLUDED.ADD_DATE, UPDATE_DATE = EXCLUDED.UPDATE_DATE;
/* ORIS:      3    Location: 4         Test Type: RATA       Test Num: 202107260833ABB       SQL Ord:    1 */ delete from camdecmpswks.TEST_SUMMARY where TEST_SUM_ID = 'TWCORNEL5-B2568D2520614D0D9FB1385A20E9D5F2';
/* ORIS:      3    Location: 4         Test Type: RATA       Test Num: 202107260833ABB       SQL Ord:    2 */ insert into camdecmpswks.TEST_SUMMARY ( TEST_SUM_ID, MON_LOC_ID, TEST_TYPE_CD, TEST_NUM, MON_SYS_ID, COMPONENT_ID, GP_IND, TEST_REASON_CD, TEST_RESULT_CD, RPT_PERIOD_ID, BEGIN_DATE, BEGIN_HOUR, BEGIN_MIN, END_DATE, END_HOUR, END_MIN, SPAN_SCALE_CD, INJECTION_PROTOCOL_CD, TEST_COMMENT, TEST_DESCRIPTION, CALC_GP_IND, CALC_TEST_RESULT_CD, CALC_SPAN_VALUE, LAST_UPDATED, UPDATED_STATUS_FLG, NEEDS_EVAL_FLG, CHK_SESSION_ID, USERID, ADD_DATE, UPDATE_DATE ) values ( 'TWCORNEL5-B2568D2520614D0D9FB1385A20E9D5F2', '4', 'RATA', '202107260833ABB', 'TWCORNEL5-53CB73670E1140BEA1CEB38EC6341384', NULL, 0, 'QA', 'PASSED', NULL, '2021-07-26', 8, 33, '2021-08-02', 24, 1, NULL, NULL, NULL, NULL, NULL, NULL, NULL, '2021-12-22 18:03:20', 'Y', 'N', 'CHV-LGIANN-4BB2CD1155074DC18E1471699ACBE85C', 'esupport', '2021-10-22 12:04:28', '2021-12-27 08:11:46' ) on conflict (TEST_SUM_ID) do update set MON_LOC_ID = EXCLUDED.MON_LOC_ID, TEST_TYPE_CD = EXCLUDED.TEST_TYPE_CD, TEST_NUM = EXCLUDED.TEST_NUM, MON_SYS_ID = EXCLUDED.MON_SYS_ID, COMPONENT_ID = EXCLUDED.COMPONENT_ID, GP_IND = EXCLUDED.GP_IND, TEST_REASON_CD = EXCLUDED.TEST_REASON_CD, TEST_RESULT_CD = EXCLUDED.TEST_RESULT_CD, RPT_PERIOD_ID = EXCLUDED.RPT_PERIOD_ID, BEGIN_DATE = EXCLUDED.BEGIN_DATE, BEGIN_HOUR = EXCLUDED.BEGIN_HOUR, BEGIN_MIN = EXCLUDED.BEGIN_MIN, END_DATE = EXCLUDED.END_DATE, END_HOUR = EXCLUDED.END_HOUR, END_MIN = EXCLUDED.END_MIN, SPAN_SCALE_CD = EXCLUDED.SPAN_SCALE_CD, INJECTION_PROTOCOL_CD = EXCLUDED.INJECTION_PROTOCOL_CD, TEST_COMMENT = EXCLUDED.TEST_COMMENT, TEST_DESCRIPTION = EXCLUDED.TEST_DESCRIPTION, CALC_GP_IND = EXCLUDED.CALC_GP_IND, CALC_TEST_RESULT_CD = EXCLUDED.CALC_TEST_RESULT_CD, CALC_SPAN_VALUE = EXCLUDED.CALC_SPAN_VALUE, LAST_UPDATED = EXCLUDED.LAST_UPDATED, UPDATED_STATUS_FLG = EXCLUDED.UPDATED_STATUS_FLG, NEEDS_EVAL_FLG = EXCLUDED.NEEDS_EVAL_FLG, CHK_SESSION_ID = EXCLUDED.CHK_SESSION_ID, USERID = EXCLUDED.USERID, ADD_DATE = EXCLUDED.ADD_DATE, UPDATE_DATE = EXCLUDED.UPDATE_DATE;
/* ORIS:      3    Location: 4         Test Type: RATA       Test Num: 202107260833ABB       SQL Ord:    3 */ insert into camdecmpswks.PROTOCOL_GAS ( PROTOCOL_GAS_ID, TEST_SUM_ID, GAS_LEVEL_CD, GAS_TYPE_CD, VENDOR_ID, CYLINDER_ID, EXPIRATION_DATE, USERID, ADD_DATE, UPDATE_DATE ) values ( 'TWCORNEL5-79BCD010AB834239887E294FEE7C933A', 'TWCORNEL5-B2568D2520614D0D9FB1385A20E9D5F2', 'LOW', 'ZERO', NULL, NULL, NULL, 'bvick', '2021-10-22 12:04:29', NULL ) on conflict (PROTOCOL_GAS_ID) do update set TEST_SUM_ID = EXCLUDED.TEST_SUM_ID, GAS_LEVEL_CD = EXCLUDED.GAS_LEVEL_CD, GAS_TYPE_CD = EXCLUDED.GAS_TYPE_CD, VENDOR_ID = EXCLUDED.VENDOR_ID, CYLINDER_ID = EXCLUDED.CYLINDER_ID, EXPIRATION_DATE = EXCLUDED.EXPIRATION_DATE, USERID = EXCLUDED.USERID, ADD_DATE = EXCLUDED.ADD_DATE, UPDATE_DATE = EXCLUDED.UPDATE_DATE;
/* ORIS:      3    Location: 4         Test Type: RATA       Test Num: 202107260833ABB       SQL Ord:    3 */ insert into camdecmpswks.PROTOCOL_GAS ( PROTOCOL_GAS_ID, TEST_SUM_ID, GAS_LEVEL_CD, GAS_TYPE_CD, VENDOR_ID, CYLINDER_ID, EXPIRATION_DATE, USERID, ADD_DATE, UPDATE_DATE ) values ( 'TWCORNEL5-86A302E6FAD34694907D2F6BCE4A2658', 'TWCORNEL5-B2568D2520614D0D9FB1385A20E9D5F2', 'MID', 'NO,NOX,SO2,BALN', 'B22021', 'AAL067837', '2029-04-23', 'bvick', '2021-10-22 12:04:29', NULL ) on conflict (PROTOCOL_GAS_ID) do update set TEST_SUM_ID = EXCLUDED.TEST_SUM_ID, GAS_LEVEL_CD = EXCLUDED.GAS_LEVEL_CD, GAS_TYPE_CD = EXCLUDED.GAS_TYPE_CD, VENDOR_ID = EXCLUDED.VENDOR_ID, CYLINDER_ID = EXCLUDED.CYLINDER_ID, EXPIRATION_DATE = EXCLUDED.EXPIRATION_DATE, USERID = EXCLUDED.USERID, ADD_DATE = EXCLUDED.ADD_DATE, UPDATE_DATE = EXCLUDED.UPDATE_DATE;
/* ORIS:      3    Location: 4         Test Type: RATA       Test Num: 202107260833ABB       SQL Ord:    3 */ insert into camdecmpswks.PROTOCOL_GAS ( PROTOCOL_GAS_ID, TEST_SUM_ID, GAS_LEVEL_CD, GAS_TYPE_CD, VENDOR_ID, CYLINDER_ID, EXPIRATION_DATE, USERID, ADD_DATE, UPDATE_DATE ) values ( 'TWCORNEL5-87FE6DA92E9946BDB7E05342E98EC880', 'TWCORNEL5-B2568D2520614D0D9FB1385A20E9D5F2', 'MID', 'CO2,BALN', 'B22020', 'CC257330', '2028-11-16', 'bvick', '2021-10-22 12:04:29', NULL ) on conflict (PROTOCOL_GAS_ID) do update set TEST_SUM_ID = EXCLUDED.TEST_SUM_ID, GAS_LEVEL_CD = EXCLUDED.GAS_LEVEL_CD, GAS_TYPE_CD = EXCLUDED.GAS_TYPE_CD, VENDOR_ID = EXCLUDED.VENDOR_ID, CYLINDER_ID = EXCLUDED.CYLINDER_ID, EXPIRATION_DATE = EXCLUDED.EXPIRATION_DATE, USERID = EXCLUDED.USERID, ADD_DATE = EXCLUDED.ADD_DATE, UPDATE_DATE = EXCLUDED.UPDATE_DATE;
/* ORIS:      3    Location: 4         Test Type: RATA       Test Num: 202107260833ABB       SQL Ord:    3 */ insert into camdecmpswks.PROTOCOL_GAS ( PROTOCOL_GAS_ID, TEST_SUM_ID, GAS_LEVEL_CD, GAS_TYPE_CD, VENDOR_ID, CYLINDER_ID, EXPIRATION_DATE, USERID, ADD_DATE, UPDATE_DATE ) values ( 'TWCORNEL5-E7758596920A451B8BE29233D44EF968', 'TWCORNEL5-B2568D2520614D0D9FB1385A20E9D5F2', 'HIGH', 'CO2,NO,NOX,SO2,BALN', 'B22018', 'CC124086', '2026-04-02', 'bvick', '2021-10-22 12:04:29', NULL ) on conflict (PROTOCOL_GAS_ID) do update set TEST_SUM_ID = EXCLUDED.TEST_SUM_ID, GAS_LEVEL_CD = EXCLUDED.GAS_LEVEL_CD, GAS_TYPE_CD = EXCLUDED.GAS_TYPE_CD, VENDOR_ID = EXCLUDED.VENDOR_ID, CYLINDER_ID = EXCLUDED.CYLINDER_ID, EXPIRATION_DATE = EXCLUDED.EXPIRATION_DATE, USERID = EXCLUDED.USERID, ADD_DATE = EXCLUDED.ADD_DATE, UPDATE_DATE = EXCLUDED.UPDATE_DATE;
/* ORIS:      3    Location: 4         Test Type: RATA       Test Num: 202107260833ABB       SQL Ord:    3 */ insert into camdecmpswks.PROTOCOL_GAS ( PROTOCOL_GAS_ID, TEST_SUM_ID, GAS_LEVEL_CD, GAS_TYPE_CD, VENDOR_ID, CYLINDER_ID, EXPIRATION_DATE, USERID, ADD_DATE, UPDATE_DATE ) values ( 'TWCORNEL5-EC9A6A0A59074426A7280E25DE4171C1', 'TWCORNEL5-B2568D2520614D0D9FB1385A20E9D5F2', 'LOW', 'ZERO', NULL, NULL, NULL, 'bvick', '2021-10-22 12:04:29', NULL ) on conflict (PROTOCOL_GAS_ID) do update set TEST_SUM_ID = EXCLUDED.TEST_SUM_ID, GAS_LEVEL_CD = EXCLUDED.GAS_LEVEL_CD, GAS_TYPE_CD = EXCLUDED.GAS_TYPE_CD, VENDOR_ID = EXCLUDED.VENDOR_ID, CYLINDER_ID = EXCLUDED.CYLINDER_ID, EXPIRATION_DATE = EXCLUDED.EXPIRATION_DATE, USERID = EXCLUDED.USERID, ADD_DATE = EXCLUDED.ADD_DATE, UPDATE_DATE = EXCLUDED.UPDATE_DATE;
/* ORIS:      3    Location: 4         Test Type: RATA       Test Num: 202107260833ABB       SQL Ord:    3 */ insert into camdecmpswks.PROTOCOL_GAS ( PROTOCOL_GAS_ID, TEST_SUM_ID, GAS_LEVEL_CD, GAS_TYPE_CD, VENDOR_ID, CYLINDER_ID, EXPIRATION_DATE, USERID, ADD_DATE, UPDATE_DATE ) values ( 'TWCORNEL5-FF42C6AC438742AAA5FCB248E444F533', 'TWCORNEL5-B2568D2520614D0D9FB1385A20E9D5F2', 'HIGH', 'CO2,NO,NOX,SO2,BALN', 'B22018', 'CC124086', '2026-04-02', 'bvick', '2021-10-22 12:04:29', NULL ) on conflict (PROTOCOL_GAS_ID) do update set TEST_SUM_ID = EXCLUDED.TEST_SUM_ID, GAS_LEVEL_CD = EXCLUDED.GAS_LEVEL_CD, GAS_TYPE_CD = EXCLUDED.GAS_TYPE_CD, VENDOR_ID = EXCLUDED.VENDOR_ID, CYLINDER_ID = EXCLUDED.CYLINDER_ID, EXPIRATION_DATE = EXCLUDED.EXPIRATION_DATE, USERID = EXCLUDED.USERID, ADD_DATE = EXCLUDED.ADD_DATE, UPDATE_DATE = EXCLUDED.UPDATE_DATE;
/* ORIS:      3    Location: 4         Test Type: RATA       Test Num: 202107260833ABB       SQL Ord:    4 */ insert into camdecmpswks.AIR_EMISSION_TESTING ( AIR_EMISSION_TEST_ID, TEST_SUM_ID, QI_LAST_NAME, QI_FIRST_NAME, QI_MIDDLE_INITIAL, AETB_NAME, AETB_PHONE_NUMBER, AETB_EMAIL, EXAM_DATE, PROVIDER_NAME, PROVIDER_EMAIL, ADD_DATE, UPDATE_DATE, USERID ) values ( 'TWCORNEL5-D4E068AD27EA402AA5E6C1F9CDA257B2', 'TWCORNEL5-B2568D2520614D0D9FB1385A20E9D5F2', 'Chalk', 'Benjamin', 'A', 'Alabama Power Field Services Air Quality', '251-434-5528', 'bkchalk@southernco.com', '2017-07-19', 'Source Evaluation Society', 'qstiprogram@gmail.com', '2021-12-22 16:46:23', NULL, '' ) on conflict (AIR_EMISSION_TEST_ID) do update set TEST_SUM_ID = EXCLUDED.TEST_SUM_ID, QI_LAST_NAME = EXCLUDED.QI_LAST_NAME, QI_FIRST_NAME = EXCLUDED.QI_FIRST_NAME, QI_MIDDLE_INITIAL = EXCLUDED.QI_MIDDLE_INITIAL, AETB_NAME = EXCLUDED.AETB_NAME, AETB_PHONE_NUMBER = EXCLUDED.AETB_PHONE_NUMBER, AETB_EMAIL = EXCLUDED.AETB_EMAIL, EXAM_DATE = EXCLUDED.EXAM_DATE, PROVIDER_NAME = EXCLUDED.PROVIDER_NAME, PROVIDER_EMAIL = EXCLUDED.PROVIDER_EMAIL, ADD_DATE = EXCLUDED.ADD_DATE, UPDATE_DATE = EXCLUDED.UPDATE_DATE, USERID = EXCLUDED.USERID;
/* ORIS:      3    Location: 4         Test Type: RATA       Test Num: 202107260833ABB       SQL Ord:    6 */ insert into camdecmpswks.RATA ( RATA_ID, TEST_SUM_ID, RATA_FREQUENCY_CD, CALC_RATA_FREQUENCY_CD, RELATIVE_ACCURACY, CALC_RELATIVE_ACCURACY, OVERALL_BIAS_ADJ_FACTOR, CALC_OVERALL_BIAS_ADJ_FACTOR, NUM_LOAD_LEVEL, CALC_NUM_LOAD_LEVEL, USERID, ADD_DATE, UPDATE_DATE ) values ( 'TWCORNEL5-74E160959A51465BB38F40B49FC910D4', 'TWCORNEL5-B2568D2520614D0D9FB1385A20E9D5F2', '4QTRS', '4QTRS', 3.56, 3.56, 1.000, 1.000, 1, 1, 'esupport', '2021-10-22 12:04:28', '2021-12-27 08:11:46' ) on conflict (RATA_ID) do update set TEST_SUM_ID = EXCLUDED.TEST_SUM_ID, RATA_FREQUENCY_CD = EXCLUDED.RATA_FREQUENCY_CD, CALC_RATA_FREQUENCY_CD = EXCLUDED.CALC_RATA_FREQUENCY_CD, RELATIVE_ACCURACY = EXCLUDED.RELATIVE_ACCURACY, CALC_RELATIVE_ACCURACY = EXCLUDED.CALC_RELATIVE_ACCURACY, OVERALL_BIAS_ADJ_FACTOR = EXCLUDED.OVERALL_BIAS_ADJ_FACTOR, CALC_OVERALL_BIAS_ADJ_FACTOR = EXCLUDED.CALC_OVERALL_BIAS_ADJ_FACTOR, NUM_LOAD_LEVEL = EXCLUDED.NUM_LOAD_LEVEL, CALC_NUM_LOAD_LEVEL = EXCLUDED.CALC_NUM_LOAD_LEVEL, USERID = EXCLUDED.USERID, ADD_DATE = EXCLUDED.ADD_DATE, UPDATE_DATE = EXCLUDED.UPDATE_DATE;
/* ORIS:      3    Location: 4         Test Type: RATA       Test Num: 202107260833ABB       SQL Ord:    7 */ insert into camdecmpswks.RATA_SUMMARY ( RATA_SUM_ID, RATA_ID, RELATIVE_ACCURACY, CALC_RELATIVE_ACCURACY, BIAS_ADJ_FACTOR, CALC_BIAS_ADJ_FACTOR, MEAN_CEM_VALUE, CALC_MEAN_CEM_VALUE, MEAN_RATA_REF_VALUE, CALC_MEAN_RATA_REF_VALUE, OP_LEVEL_CD, MEAN_DIFF, CALC_MEAN_DIFF, DEFAULT_WAF, AVG_GROSS_UNIT_LOAD, CALC_AVG_GROSS_UNIT_LOAD, APS_IND, CALC_APS_IND, STND_DEV_DIFF, CALC_STND_DEV_DIFF, CONFIDENCE_COEF, CALC_CONFIDENCE_COEF, CO2_O2_REF_METHOD_CD, REF_METHOD_CD, T_VALUE, CALC_T_VALUE, STACK_DIAMETER, STACK_AREA, CALC_STACK_AREA, CALC_WAF, CALC_CALC_WAF, NUM_TRAVERSE_POINT, USERID, ADD_DATE, UPDATE_DATE, APS_CD ) values ( 'TWCORNEL5-EA2854B9E0D64A38B0CBBDFD65C60FBC', 'TWCORNEL5-74E160959A51465BB38F40B49FC910D4', 3.56, 3.56, 1.000, 1.000, 0.20922, 0.20900, 0.21167, 0.21200, 'M', 0.00244, 0.00200, NULL, 277, 277, 0, 0, 0.00664, 0.00700, 0.00510, 0.00500, NULL, '7E,3A', 2.306, 2.306, NULL, NULL, NULL, NULL, NULL, NULL, 'esupport', '2021-10-22 12:04:28', '2021-12-27 08:11:46', NULL ) on conflict (RATA_SUM_ID) do update set RATA_ID = EXCLUDED.RATA_ID, RELATIVE_ACCURACY = EXCLUDED.RELATIVE_ACCURACY, CALC_RELATIVE_ACCURACY = EXCLUDED.CALC_RELATIVE_ACCURACY, BIAS_ADJ_FACTOR = EXCLUDED.BIAS_ADJ_FACTOR, CALC_BIAS_ADJ_FACTOR = EXCLUDED.CALC_BIAS_ADJ_FACTOR, MEAN_CEM_VALUE = EXCLUDED.MEAN_CEM_VALUE, CALC_MEAN_CEM_VALUE = EXCLUDED.CALC_MEAN_CEM_VALUE, MEAN_RATA_REF_VALUE = EXCLUDED.MEAN_RATA_REF_VALUE, CALC_MEAN_RATA_REF_VALUE = EXCLUDED.CALC_MEAN_RATA_REF_VALUE, OP_LEVEL_CD = EXCLUDED.OP_LEVEL_CD, MEAN_DIFF = EXCLUDED.MEAN_DIFF, CALC_MEAN_DIFF = EXCLUDED.CALC_MEAN_DIFF, DEFAULT_WAF = EXCLUDED.DEFAULT_WAF, AVG_GROSS_UNIT_LOAD = EXCLUDED.AVG_GROSS_UNIT_LOAD, CALC_AVG_GROSS_UNIT_LOAD = EXCLUDED.CALC_AVG_GROSS_UNIT_LOAD, APS_IND = EXCLUDED.APS_IND, CALC_APS_IND = EXCLUDED.CALC_APS_IND, STND_DEV_DIFF = EXCLUDED.STND_DEV_DIFF, CALC_STND_DEV_DIFF = EXCLUDED.CALC_STND_DEV_DIFF, CONFIDENCE_COEF = EXCLUDED.CONFIDENCE_COEF, CALC_CONFIDENCE_COEF = EXCLUDED.CALC_CONFIDENCE_COEF, CO2_O2_REF_METHOD_CD = EXCLUDED.CO2_O2_REF_METHOD_CD, REF_METHOD_CD = EXCLUDED.REF_METHOD_CD, T_VALUE = EXCLUDED.T_VALUE, CALC_T_VALUE = EXCLUDED.CALC_T_VALUE, STACK_DIAMETER = EXCLUDED.STACK_DIAMETER, STACK_AREA = EXCLUDED.STACK_AREA, CALC_STACK_AREA = EXCLUDED.CALC_STACK_AREA, CALC_WAF = EXCLUDED.CALC_WAF, CALC_CALC_WAF = EXCLUDED.CALC_CALC_WAF, NUM_TRAVERSE_POINT = EXCLUDED.NUM_TRAVERSE_POINT, APS_CD = EXCLUDED.APS_CD, USERID = EXCLUDED.USERID, ADD_DATE = EXCLUDED.ADD_DATE, UPDATE_DATE = EXCLUDED.UPDATE_DATE;
/* ORIS:      3    Location: 4         Test Type: RATA       Test Num: 202107260833ABB       SQL Ord:    8 */ insert into camdecmpswks.RATA_RUN ( RATA_RUN_ID, RATA_SUM_ID, GROSS_UNIT_LOAD, RUN_NUM, CEM_VALUE, RATA_REF_VALUE, CALC_RATA_REF_VALUE, RUN_STATUS_CD, BEGIN_DATE, BEGIN_HOUR, BEGIN_MIN, END_DATE, END_HOUR, END_MIN, USERID, ADD_DATE, UPDATE_DATE ) values ( 'TWCORNEL5-2F2AE80317D34D6BB1FBCF99FF3AFF52', 'TWCORNEL5-EA2854B9E0D64A38B0CBBDFD65C60FBC', 274, 2, 0.20300, 0.19600, NULL, 'RUNUSED', '2021-07-26', 9, 21, '2021-07-26', 9, 42, 'bvick', '2021-10-22 12:04:28', NULL ) on conflict (RATA_RUN_ID) do update set RATA_SUM_ID = EXCLUDED.RATA_SUM_ID, GROSS_UNIT_LOAD = EXCLUDED.GROSS_UNIT_LOAD, RUN_NUM = EXCLUDED.RUN_NUM, CEM_VALUE = EXCLUDED.CEM_VALUE, RATA_REF_VALUE = EXCLUDED.RATA_REF_VALUE, CALC_RATA_REF_VALUE = EXCLUDED.CALC_RATA_REF_VALUE, RUN_STATUS_CD = EXCLUDED.RUN_STATUS_CD, BEGIN_DATE = EXCLUDED.BEGIN_DATE, BEGIN_HOUR = EXCLUDED.BEGIN_HOUR, BEGIN_MIN = EXCLUDED.BEGIN_MIN, END_DATE = EXCLUDED.END_DATE, END_HOUR = EXCLUDED.END_HOUR, END_MIN = EXCLUDED.END_MIN, USERID = EXCLUDED.USERID, ADD_DATE = EXCLUDED.ADD_DATE, UPDATE_DATE = EXCLUDED.UPDATE_DATE;
/* ORIS:      3    Location: 4         Test Type: RATA       Test Num: 202107260833ABB       SQL Ord:    8 */ insert into camdecmpswks.RATA_RUN ( RATA_RUN_ID, RATA_SUM_ID, GROSS_UNIT_LOAD, RUN_NUM, CEM_VALUE, RATA_REF_VALUE, CALC_RATA_REF_VALUE, RUN_STATUS_CD, BEGIN_DATE, BEGIN_HOUR, BEGIN_MIN, END_DATE, END_HOUR, END_MIN, USERID, ADD_DATE, UPDATE_DATE ) values ( 'TWCORNEL5-8A5FC926039242ACAFB3FCC77C247C80', 'TWCORNEL5-EA2854B9E0D64A38B0CBBDFD65C60FBC', 279, 5, 0.21600, 0.21500, NULL, 'RUNUSED', '2021-08-02', 12, 14, '2021-08-02', 12, 35, 'bvick', '2021-10-22 12:04:28', NULL ) on conflict (RATA_RUN_ID) do update set RATA_SUM_ID = EXCLUDED.RATA_SUM_ID, GROSS_UNIT_LOAD = EXCLUDED.GROSS_UNIT_LOAD, RUN_NUM = EXCLUDED.RUN_NUM, CEM_VALUE = EXCLUDED.CEM_VALUE, RATA_REF_VALUE = EXCLUDED.RATA_REF_VALUE, CALC_RATA_REF_VALUE = EXCLUDED.CALC_RATA_REF_VALUE, RUN_STATUS_CD = EXCLUDED.RUN_STATUS_CD, BEGIN_DATE = EXCLUDED.BEGIN_DATE, BEGIN_HOUR = EXCLUDED.BEGIN_HOUR, BEGIN_MIN = EXCLUDED.BEGIN_MIN, END_DATE = EXCLUDED.END_DATE, END_HOUR = EXCLUDED.END_HOUR, END_MIN = EXCLUDED.END_MIN, USERID = EXCLUDED.USERID, ADD_DATE = EXCLUDED.ADD_DATE, UPDATE_DATE = EXCLUDED.UPDATE_DATE;
/* ORIS:      3    Location: 4         Test Type: RATA       Test Num: 202107260833ABB       SQL Ord:    8 */ insert into camdecmpswks.RATA_RUN ( RATA_RUN_ID, RATA_SUM_ID, GROSS_UNIT_LOAD, RUN_NUM, CEM_VALUE, RATA_REF_VALUE, CALC_RATA_REF_VALUE, RUN_STATUS_CD, BEGIN_DATE, BEGIN_HOUR, BEGIN_MIN, END_DATE, END_HOUR, END_MIN, USERID, ADD_DATE, UPDATE_DATE ) values ( 'TWCORNEL5-90383A455FD140F798555437ABBB7FBB', 'TWCORNEL5-EA2854B9E0D64A38B0CBBDFD65C60FBC', 279, 8, 0.20700, 0.21600, NULL, 'RUNUSED', '2021-08-02', 15, 7, '2021-08-02', 15, 28, 'bvick', '2021-10-22 12:04:28', NULL ) on conflict (RATA_RUN_ID) do update set RATA_SUM_ID = EXCLUDED.RATA_SUM_ID, GROSS_UNIT_LOAD = EXCLUDED.GROSS_UNIT_LOAD, RUN_NUM = EXCLUDED.RUN_NUM, CEM_VALUE = EXCLUDED.CEM_VALUE, RATA_REF_VALUE = EXCLUDED.RATA_REF_VALUE, CALC_RATA_REF_VALUE = EXCLUDED.CALC_RATA_REF_VALUE, RUN_STATUS_CD = EXCLUDED.RUN_STATUS_CD, BEGIN_DATE = EXCLUDED.BEGIN_DATE, BEGIN_HOUR = EXCLUDED.BEGIN_HOUR, BEGIN_MIN = EXCLUDED.BEGIN_MIN, END_DATE = EXCLUDED.END_DATE, END_HOUR = EXCLUDED.END_HOUR, END_MIN = EXCLUDED.END_MIN, USERID = EXCLUDED.USERID, ADD_DATE = EXCLUDED.ADD_DATE, UPDATE_DATE = EXCLUDED.UPDATE_DATE;
/* ORIS:      3    Location: 4         Test Type: RATA       Test Num: 202107260833ABB       SQL Ord:    8 */ insert into camdecmpswks.RATA_RUN ( RATA_RUN_ID, RATA_SUM_ID, GROSS_UNIT_LOAD, RUN_NUM, CEM_VALUE, RATA_REF_VALUE, CALC_RATA_REF_VALUE, RUN_STATUS_CD, BEGIN_DATE, BEGIN_HOUR, BEGIN_MIN, END_DATE, END_HOUR, END_MIN, USERID, ADD_DATE, UPDATE_DATE ) values ( 'TWCORNEL5-925A29D1E2174B7E8F277F68F5C6A521', 'TWCORNEL5-EA2854B9E0D64A38B0CBBDFD65C60FBC', 275, 3, 0.19900, 0.20100, NULL, 'RUNUSED', '2021-07-26', 10, 11, '2021-07-26', 10, 32, 'bvick', '2021-10-22 12:04:28', NULL ) on conflict (RATA_RUN_ID) do update set RATA_SUM_ID = EXCLUDED.RATA_SUM_ID, GROSS_UNIT_LOAD = EXCLUDED.GROSS_UNIT_LOAD, RUN_NUM = EXCLUDED.RUN_NUM, CEM_VALUE = EXCLUDED.CEM_VALUE, RATA_REF_VALUE = EXCLUDED.RATA_REF_VALUE, CALC_RATA_REF_VALUE = EXCLUDED.CALC_RATA_REF_VALUE, RUN_STATUS_CD = EXCLUDED.RUN_STATUS_CD, BEGIN_DATE = EXCLUDED.BEGIN_DATE, BEGIN_HOUR = EXCLUDED.BEGIN_HOUR, BEGIN_MIN = EXCLUDED.BEGIN_MIN, END_DATE = EXCLUDED.END_DATE, END_HOUR = EXCLUDED.END_HOUR, END_MIN = EXCLUDED.END_MIN, USERID = EXCLUDED.USERID, ADD_DATE = EXCLUDED.ADD_DATE, UPDATE_DATE = EXCLUDED.UPDATE_DATE;
/* ORIS:      3    Location: 4         Test Type: RATA       Test Num: 202107260833ABB       SQL Ord:    8 */ insert into camdecmpswks.RATA_RUN ( RATA_RUN_ID, RATA_SUM_ID, GROSS_UNIT_LOAD, RUN_NUM, CEM_VALUE, RATA_REF_VALUE, CALC_RATA_REF_VALUE, RUN_STATUS_CD, BEGIN_DATE, BEGIN_HOUR, BEGIN_MIN, END_DATE, END_HOUR, END_MIN, USERID, ADD_DATE, UPDATE_DATE ) values ( 'TWCORNEL5-AACF2F038E7C4E869E981033F34A242F', 'TWCORNEL5-EA2854B9E0D64A38B0CBBDFD65C60FBC', 279, 7, 0.20800, 0.21700, NULL, 'RUNUSED', '2021-08-02', 14, 36, '2021-08-02', 14, 57, 'bvick', '2021-10-22 12:04:28', NULL ) on conflict (RATA_RUN_ID) do update set RATA_SUM_ID = EXCLUDED.RATA_SUM_ID, GROSS_UNIT_LOAD = EXCLUDED.GROSS_UNIT_LOAD, RUN_NUM = EXCLUDED.RUN_NUM, CEM_VALUE = EXCLUDED.CEM_VALUE, RATA_REF_VALUE = EXCLUDED.RATA_REF_VALUE, CALC_RATA_REF_VALUE = EXCLUDED.CALC_RATA_REF_VALUE, RUN_STATUS_CD = EXCLUDED.RUN_STATUS_CD, BEGIN_DATE = EXCLUDED.BEGIN_DATE, BEGIN_HOUR = EXCLUDED.BEGIN_HOUR, BEGIN_MIN = EXCLUDED.BEGIN_MIN, END_DATE = EXCLUDED.END_DATE, END_HOUR = EXCLUDED.END_HOUR, END_MIN = EXCLUDED.END_MIN, USERID = EXCLUDED.USERID, ADD_DATE = EXCLUDED.ADD_DATE, UPDATE_DATE = EXCLUDED.UPDATE_DATE;
/* ORIS:      3    Location: 4         Test Type: RATA       Test Num: 202107260833ABB       SQL Ord:    8 */ insert into camdecmpswks.RATA_RUN ( RATA_RUN_ID, RATA_SUM_ID, GROSS_UNIT_LOAD, RUN_NUM, CEM_VALUE, RATA_REF_VALUE, CALC_RATA_REF_VALUE, RUN_STATUS_CD, BEGIN_DATE, BEGIN_HOUR, BEGIN_MIN, END_DATE, END_HOUR, END_MIN, USERID, ADD_DATE, UPDATE_DATE ) values ( 'TWCORNEL5-B162447FBC3547EDAF7452C2BA0EA248', 'TWCORNEL5-EA2854B9E0D64A38B0CBBDFD65C60FBC', 276, 4, 0.21700, 0.22000, NULL, 'RUNUSED', '2021-08-02', 10, 56, '2021-08-02', 11, 17, 'bvick', '2021-10-22 12:04:28', NULL ) on conflict (RATA_RUN_ID) do update set RATA_SUM_ID = EXCLUDED.RATA_SUM_ID, GROSS_UNIT_LOAD = EXCLUDED.GROSS_UNIT_LOAD, RUN_NUM = EXCLUDED.RUN_NUM, CEM_VALUE = EXCLUDED.CEM_VALUE, RATA_REF_VALUE = EXCLUDED.RATA_REF_VALUE, CALC_RATA_REF_VALUE = EXCLUDED.CALC_RATA_REF_VALUE, RUN_STATUS_CD = EXCLUDED.RUN_STATUS_CD, BEGIN_DATE = EXCLUDED.BEGIN_DATE, BEGIN_HOUR = EXCLUDED.BEGIN_HOUR, BEGIN_MIN = EXCLUDED.BEGIN_MIN, END_DATE = EXCLUDED.END_DATE, END_HOUR = EXCLUDED.END_HOUR, END_MIN = EXCLUDED.END_MIN, USERID = EXCLUDED.USERID, ADD_DATE = EXCLUDED.ADD_DATE, UPDATE_DATE = EXCLUDED.UPDATE_DATE;
/* ORIS:      3    Location: 4         Test Type: RATA       Test Num: 202107260833ABB       SQL Ord:    8 */ insert into camdecmpswks.RATA_RUN ( RATA_RUN_ID, RATA_SUM_ID, GROSS_UNIT_LOAD, RUN_NUM, CEM_VALUE, RATA_REF_VALUE, CALC_RATA_REF_VALUE, RUN_STATUS_CD, BEGIN_DATE, BEGIN_HOUR, BEGIN_MIN, END_DATE, END_HOUR, END_MIN, USERID, ADD_DATE, UPDATE_DATE ) values ( 'TWCORNEL5-BF7705C9477D4D029452DB4108249A8F', 'TWCORNEL5-EA2854B9E0D64A38B0CBBDFD65C60FBC', 273, 1, 0.20900, 0.20100, NULL, 'RUNUSED', '2021-07-26', 8, 33, '2021-07-26', 8, 54, 'bvick', '2021-10-22 12:04:28', NULL ) on conflict (RATA_RUN_ID) do update set RATA_SUM_ID = EXCLUDED.RATA_SUM_ID, GROSS_UNIT_LOAD = EXCLUDED.GROSS_UNIT_LOAD, RUN_NUM = EXCLUDED.RUN_NUM, CEM_VALUE = EXCLUDED.CEM_VALUE, RATA_REF_VALUE = EXCLUDED.RATA_REF_VALUE, CALC_RATA_REF_VALUE = EXCLUDED.CALC_RATA_REF_VALUE, RUN_STATUS_CD = EXCLUDED.RUN_STATUS_CD, BEGIN_DATE = EXCLUDED.BEGIN_DATE, BEGIN_HOUR = EXCLUDED.BEGIN_HOUR, BEGIN_MIN = EXCLUDED.BEGIN_MIN, END_DATE = EXCLUDED.END_DATE, END_HOUR = EXCLUDED.END_HOUR, END_MIN = EXCLUDED.END_MIN, USERID = EXCLUDED.USERID, ADD_DATE = EXCLUDED.ADD_DATE, UPDATE_DATE = EXCLUDED.UPDATE_DATE;
/* ORIS:      3    Location: 4         Test Type: RATA       Test Num: 202107260833ABB       SQL Ord:    8 */ insert into camdecmpswks.RATA_RUN ( RATA_RUN_ID, RATA_SUM_ID, GROSS_UNIT_LOAD, RUN_NUM, CEM_VALUE, RATA_REF_VALUE, CALC_RATA_REF_VALUE, RUN_STATUS_CD, BEGIN_DATE, BEGIN_HOUR, BEGIN_MIN, END_DATE, END_HOUR, END_MIN, USERID, ADD_DATE, UPDATE_DATE ) values ( 'TWCORNEL5-F29A5F9C22FA4EB5B6F3470615F260B8', 'TWCORNEL5-EA2854B9E0D64A38B0CBBDFD65C60FBC', 281, 6, 0.20900, 0.21500, NULL, 'RUNUSED', '2021-08-02', 13, 11, '2021-08-02', 13, 32, 'bvick', '2021-10-22 12:04:28', NULL ) on conflict (RATA_RUN_ID) do update set RATA_SUM_ID = EXCLUDED.RATA_SUM_ID, GROSS_UNIT_LOAD = EXCLUDED.GROSS_UNIT_LOAD, RUN_NUM = EXCLUDED.RUN_NUM, CEM_VALUE = EXCLUDED.CEM_VALUE, RATA_REF_VALUE = EXCLUDED.RATA_REF_VALUE, CALC_RATA_REF_VALUE = EXCLUDED.CALC_RATA_REF_VALUE, RUN_STATUS_CD = EXCLUDED.RUN_STATUS_CD, BEGIN_DATE = EXCLUDED.BEGIN_DATE, BEGIN_HOUR = EXCLUDED.BEGIN_HOUR, BEGIN_MIN = EXCLUDED.BEGIN_MIN, END_DATE = EXCLUDED.END_DATE, END_HOUR = EXCLUDED.END_HOUR, END_MIN = EXCLUDED.END_MIN, USERID = EXCLUDED.USERID, ADD_DATE = EXCLUDED.ADD_DATE, UPDATE_DATE = EXCLUDED.UPDATE_DATE;
/* ORIS:      3    Location: 4         Test Type: RATA       Test Num: 202107260833ABB       SQL Ord:    8 */ insert into camdecmpswks.RATA_RUN ( RATA_RUN_ID, RATA_SUM_ID, GROSS_UNIT_LOAD, RUN_NUM, CEM_VALUE, RATA_REF_VALUE, CALC_RATA_REF_VALUE, RUN_STATUS_CD, BEGIN_DATE, BEGIN_HOUR, BEGIN_MIN, END_DATE, END_HOUR, END_MIN, USERID, ADD_DATE, UPDATE_DATE ) values ( 'TWCORNEL5-F70119168F88459E8C82A4C9EBA66F1F', 'TWCORNEL5-EA2854B9E0D64A38B0CBBDFD65C60FBC', 280, 9, 0.21500, 0.22400, NULL, 'RUNUSED', '2021-08-02', 15, 40, '2021-08-02', 16, 1, 'bvick', '2021-10-22 12:04:28', NULL ) on conflict (RATA_RUN_ID) do update set RATA_SUM_ID = EXCLUDED.RATA_SUM_ID, GROSS_UNIT_LOAD = EXCLUDED.GROSS_UNIT_LOAD, RUN_NUM = EXCLUDED.RUN_NUM, CEM_VALUE = EXCLUDED.CEM_VALUE, RATA_REF_VALUE = EXCLUDED.RATA_REF_VALUE, CALC_RATA_REF_VALUE = EXCLUDED.CALC_RATA_REF_VALUE, RUN_STATUS_CD = EXCLUDED.RUN_STATUS_CD, BEGIN_DATE = EXCLUDED.BEGIN_DATE, BEGIN_HOUR = EXCLUDED.BEGIN_HOUR, BEGIN_MIN = EXCLUDED.BEGIN_MIN, END_DATE = EXCLUDED.END_DATE, END_HOUR = EXCLUDED.END_HOUR, END_MIN = EXCLUDED.END_MIN, USERID = EXCLUDED.USERID, ADD_DATE = EXCLUDED.ADD_DATE, UPDATE_DATE = EXCLUDED.UPDATE_DATE;
/* ORIS:      3    Location: 4         Test Type: RATA       Test Num: 202107260833ABC       SQL Ord:    1 */ delete from camdecmpswks.TEST_SUMMARY where TEST_SUM_ID = 'TWCORNEL5-46AEB16D38C24BA1B87B8DE72E8C867F';
/* ORIS:      3    Location: 4         Test Type: RATA       Test Num: 202107260833ABC       SQL Ord:    2 */ insert into camdecmpswks.TEST_SUMMARY ( TEST_SUM_ID, MON_LOC_ID, TEST_TYPE_CD, TEST_NUM, MON_SYS_ID, COMPONENT_ID, GP_IND, TEST_REASON_CD, TEST_RESULT_CD, RPT_PERIOD_ID, BEGIN_DATE, BEGIN_HOUR, BEGIN_MIN, END_DATE, END_HOUR, END_MIN, SPAN_SCALE_CD, INJECTION_PROTOCOL_CD, TEST_COMMENT, TEST_DESCRIPTION, CALC_GP_IND, CALC_TEST_RESULT_CD, CALC_SPAN_VALUE, LAST_UPDATED, UPDATED_STATUS_FLG, NEEDS_EVAL_FLG, CHK_SESSION_ID, USERID, ADD_DATE, UPDATE_DATE ) values ( 'TWCORNEL5-46AEB16D38C24BA1B87B8DE72E8C867F', '4', 'RATA', '202107260833ABC', 'TWCORNEL5-3FEE664FE2F14469AB9558532091F51B', NULL, 0, 'QA', 'PASSED', NULL, '2021-07-26', 8, 33, '2021-08-02', 16, 61, NULL, NULL, NULL, NULL, NULL, NULL, NULL, '2021-12-22 18:05:13', 'Y', 'N', 'CHV-LGIANN-1DC9D78526CD43D8811181ED87F4CAF6', 'esupport', '2021-10-22 12:04:29', '2021-12-27 08:11:49' ) on conflict (TEST_SUM_ID) do update set MON_LOC_ID = EXCLUDED.MON_LOC_ID, TEST_TYPE_CD = EXCLUDED.TEST_TYPE_CD, TEST_NUM = EXCLUDED.TEST_NUM, MON_SYS_ID = EXCLUDED.MON_SYS_ID, COMPONENT_ID = EXCLUDED.COMPONENT_ID, GP_IND = EXCLUDED.GP_IND, TEST_REASON_CD = EXCLUDED.TEST_REASON_CD, TEST_RESULT_CD = EXCLUDED.TEST_RESULT_CD, RPT_PERIOD_ID = EXCLUDED.RPT_PERIOD_ID, BEGIN_DATE = EXCLUDED.BEGIN_DATE, BEGIN_HOUR = EXCLUDED.BEGIN_HOUR, BEGIN_MIN = EXCLUDED.BEGIN_MIN, END_DATE = EXCLUDED.END_DATE, END_HOUR = EXCLUDED.END_HOUR, END_MIN = EXCLUDED.END_MIN, SPAN_SCALE_CD = EXCLUDED.SPAN_SCALE_CD, INJECTION_PROTOCOL_CD = EXCLUDED.INJECTION_PROTOCOL_CD, TEST_COMMENT = EXCLUDED.TEST_COMMENT, TEST_DESCRIPTION = EXCLUDED.TEST_DESCRIPTION, CALC_GP_IND = EXCLUDED.CALC_GP_IND, CALC_TEST_RESULT_CD = EXCLUDED.CALC_TEST_RESULT_CD, CALC_SPAN_VALUE = EXCLUDED.CALC_SPAN_VALUE, LAST_UPDATED = EXCLUDED.LAST_UPDATED, UPDATED_STATUS_FLG = EXCLUDED.UPDATED_STATUS_FLG, NEEDS_EVAL_FLG = EXCLUDED.NEEDS_EVAL_FLG, CHK_SESSION_ID = EXCLUDED.CHK_SESSION_ID, USERID = EXCLUDED.USERID, ADD_DATE = EXCLUDED.ADD_DATE, UPDATE_DATE = EXCLUDED.UPDATE_DATE;
/* ORIS:      3    Location: 4         Test Type: RATA       Test Num: 202107260833ABC       SQL Ord:    3 */ insert into camdecmpswks.PROTOCOL_GAS ( PROTOCOL_GAS_ID, TEST_SUM_ID, GAS_LEVEL_CD, GAS_TYPE_CD, VENDOR_ID, CYLINDER_ID, EXPIRATION_DATE, USERID, ADD_DATE, UPDATE_DATE ) values ( 'TWCORNEL5-3B17798533604C1F92497BCF1A9CCB45', 'TWCORNEL5-46AEB16D38C24BA1B87B8DE72E8C867F', 'MID', 'CO2,BALN', 'B22020', 'CC257330', '2028-11-16', 'bvick', '2021-10-22 12:04:29', NULL ) on conflict (PROTOCOL_GAS_ID) do update set TEST_SUM_ID = EXCLUDED.TEST_SUM_ID, GAS_LEVEL_CD = EXCLUDED.GAS_LEVEL_CD, GAS_TYPE_CD = EXCLUDED.GAS_TYPE_CD, VENDOR_ID = EXCLUDED.VENDOR_ID, CYLINDER_ID = EXCLUDED.CYLINDER_ID, EXPIRATION_DATE = EXCLUDED.EXPIRATION_DATE, USERID = EXCLUDED.USERID, ADD_DATE = EXCLUDED.ADD_DATE, UPDATE_DATE = EXCLUDED.UPDATE_DATE;
/* ORIS:      3    Location: 4         Test Type: RATA       Test Num: 202107260833ABC       SQL Ord:    3 */ insert into camdecmpswks.PROTOCOL_GAS ( PROTOCOL_GAS_ID, TEST_SUM_ID, GAS_LEVEL_CD, GAS_TYPE_CD, VENDOR_ID, CYLINDER_ID, EXPIRATION_DATE, USERID, ADD_DATE, UPDATE_DATE ) values ( 'TWCORNEL5-C4C415C8123C4D3398DEC3899D3B38AA', 'TWCORNEL5-46AEB16D38C24BA1B87B8DE72E8C867F', 'LOW', 'ZERO', NULL, NULL, NULL, 'bvick', '2021-10-22 12:04:29', NULL ) on conflict (PROTOCOL_GAS_ID) do update set TEST_SUM_ID = EXCLUDED.TEST_SUM_ID, GAS_LEVEL_CD = EXCLUDED.GAS_LEVEL_CD, GAS_TYPE_CD = EXCLUDED.GAS_TYPE_CD, VENDOR_ID = EXCLUDED.VENDOR_ID, CYLINDER_ID = EXCLUDED.CYLINDER_ID, EXPIRATION_DATE = EXCLUDED.EXPIRATION_DATE, USERID = EXCLUDED.USERID, ADD_DATE = EXCLUDED.ADD_DATE, UPDATE_DATE = EXCLUDED.UPDATE_DATE;
/* ORIS:      3    Location: 4         Test Type: RATA       Test Num: 202107260833ABC       SQL Ord:    3 */ insert into camdecmpswks.PROTOCOL_GAS ( PROTOCOL_GAS_ID, TEST_SUM_ID, GAS_LEVEL_CD, GAS_TYPE_CD, VENDOR_ID, CYLINDER_ID, EXPIRATION_DATE, USERID, ADD_DATE, UPDATE_DATE ) values ( 'TWCORNEL5-EC5A99C0119546E795CDDD3EDFEB5FB1', 'TWCORNEL5-46AEB16D38C24BA1B87B8DE72E8C867F', 'HIGH', 'CO2,NO,NOX,SO2,BALN', 'B22018', 'CC124086', '2026-04-02', 'bvick', '2021-10-22 12:04:29', NULL ) on conflict (PROTOCOL_GAS_ID) do update set TEST_SUM_ID = EXCLUDED.TEST_SUM_ID, GAS_LEVEL_CD = EXCLUDED.GAS_LEVEL_CD, GAS_TYPE_CD = EXCLUDED.GAS_TYPE_CD, VENDOR_ID = EXCLUDED.VENDOR_ID, CYLINDER_ID = EXCLUDED.CYLINDER_ID, EXPIRATION_DATE = EXCLUDED.EXPIRATION_DATE, USERID = EXCLUDED.USERID, ADD_DATE = EXCLUDED.ADD_DATE, UPDATE_DATE = EXCLUDED.UPDATE_DATE;
/* ORIS:      3    Location: 4         Test Type: RATA       Test Num: 202107260833ABC       SQL Ord:    4 */ insert into camdecmpswks.AIR_EMISSION_TESTING ( AIR_EMISSION_TEST_ID, TEST_SUM_ID, QI_LAST_NAME, QI_FIRST_NAME, QI_MIDDLE_INITIAL, AETB_NAME, AETB_PHONE_NUMBER, AETB_EMAIL, EXAM_DATE, PROVIDER_NAME, PROVIDER_EMAIL, ADD_DATE, UPDATE_DATE, USERID ) values ( 'TWCORNEL5-F44C7047DE4C41FA8099E38546A558E1', 'TWCORNEL5-46AEB16D38C24BA1B87B8DE72E8C867F', 'Chalk', 'Benjamin', 'A', 'Alabama Power Field Services Air Quality', '251-434-5528', 'bkchalk@southernco.com', '2017-07-19', 'Source Evaluation Society', 'qstiprogram@gmail.com', '2021-12-22 16:46:23', NULL, '' ) on conflict (AIR_EMISSION_TEST_ID) do update set TEST_SUM_ID = EXCLUDED.TEST_SUM_ID, QI_LAST_NAME = EXCLUDED.QI_LAST_NAME, QI_FIRST_NAME = EXCLUDED.QI_FIRST_NAME, QI_MIDDLE_INITIAL = EXCLUDED.QI_MIDDLE_INITIAL, AETB_NAME = EXCLUDED.AETB_NAME, AETB_PHONE_NUMBER = EXCLUDED.AETB_PHONE_NUMBER, AETB_EMAIL = EXCLUDED.AETB_EMAIL, EXAM_DATE = EXCLUDED.EXAM_DATE, PROVIDER_NAME = EXCLUDED.PROVIDER_NAME, PROVIDER_EMAIL = EXCLUDED.PROVIDER_EMAIL, ADD_DATE = EXCLUDED.ADD_DATE, UPDATE_DATE = EXCLUDED.UPDATE_DATE, USERID = EXCLUDED.USERID;
/* ORIS:      3    Location: 4         Test Type: RATA       Test Num: 202107260833ABC       SQL Ord:    6 */ insert into camdecmpswks.RATA ( RATA_ID, TEST_SUM_ID, RATA_FREQUENCY_CD, CALC_RATA_FREQUENCY_CD, RELATIVE_ACCURACY, CALC_RELATIVE_ACCURACY, OVERALL_BIAS_ADJ_FACTOR, CALC_OVERALL_BIAS_ADJ_FACTOR, NUM_LOAD_LEVEL, CALC_NUM_LOAD_LEVEL, USERID, ADD_DATE, UPDATE_DATE ) values ( 'TWCORNEL5-B59D7D24ECD14C49BC5A4E1DB66E16C3', 'TWCORNEL5-46AEB16D38C24BA1B87B8DE72E8C867F', '4QTRS', NULL, 2.39, NULL, 1.000, NULL, 1, 1, 'esupport', '2021-10-22 12:04:29', '2021-12-27 08:11:49' ) on conflict (RATA_ID) do update set TEST_SUM_ID = EXCLUDED.TEST_SUM_ID, RATA_FREQUENCY_CD = EXCLUDED.RATA_FREQUENCY_CD, CALC_RATA_FREQUENCY_CD = EXCLUDED.CALC_RATA_FREQUENCY_CD, RELATIVE_ACCURACY = EXCLUDED.RELATIVE_ACCURACY, CALC_RELATIVE_ACCURACY = EXCLUDED.CALC_RELATIVE_ACCURACY, OVERALL_BIAS_ADJ_FACTOR = EXCLUDED.OVERALL_BIAS_ADJ_FACTOR, CALC_OVERALL_BIAS_ADJ_FACTOR = EXCLUDED.CALC_OVERALL_BIAS_ADJ_FACTOR, NUM_LOAD_LEVEL = EXCLUDED.NUM_LOAD_LEVEL, CALC_NUM_LOAD_LEVEL = EXCLUDED.CALC_NUM_LOAD_LEVEL, USERID = EXCLUDED.USERID, ADD_DATE = EXCLUDED.ADD_DATE, UPDATE_DATE = EXCLUDED.UPDATE_DATE;
/* ORIS:      3    Location: 4         Test Type: RATA       Test Num: 202107260833ABC       SQL Ord:    7 */ insert into camdecmpswks.RATA_SUMMARY ( RATA_SUM_ID, RATA_ID, RELATIVE_ACCURACY, CALC_RELATIVE_ACCURACY, BIAS_ADJ_FACTOR, CALC_BIAS_ADJ_FACTOR, MEAN_CEM_VALUE, CALC_MEAN_CEM_VALUE, MEAN_RATA_REF_VALUE, CALC_MEAN_RATA_REF_VALUE, OP_LEVEL_CD, MEAN_DIFF, CALC_MEAN_DIFF, DEFAULT_WAF, AVG_GROSS_UNIT_LOAD, CALC_AVG_GROSS_UNIT_LOAD, APS_IND, CALC_APS_IND, STND_DEV_DIFF, CALC_STND_DEV_DIFF, CONFIDENCE_COEF, CALC_CONFIDENCE_COEF, CO2_O2_REF_METHOD_CD, REF_METHOD_CD, T_VALUE, CALC_T_VALUE, STACK_DIAMETER, STACK_AREA, CALC_STACK_AREA, CALC_WAF, CALC_CALC_WAF, NUM_TRAVERSE_POINT, USERID, ADD_DATE, UPDATE_DATE, APS_CD ) values ( 'TWCORNEL5-FAA20D1F7A474974A5860CBA365DF502', 'TWCORNEL5-B59D7D24ECD14C49BC5A4E1DB66E16C3', 2.39, 2.39, 1.000, NULL, 11.36211, 11.36211, 11.22222, 11.22222, 'M', -0.13989, -0.13989, NULL, 277, 277, 0, NULL, 0.16666, 0.16666, 0.12810, 0.12810, NULL, '3A', 2.306, 2.306, NULL, NULL, NULL, NULL, NULL, NULL, 'esupport', '2021-10-22 12:04:29', '2021-12-27 08:11:49', NULL ) on conflict (RATA_SUM_ID) do update set RATA_ID = EXCLUDED.RATA_ID, RELATIVE_ACCURACY = EXCLUDED.RELATIVE_ACCURACY, CALC_RELATIVE_ACCURACY = EXCLUDED.CALC_RELATIVE_ACCURACY, BIAS_ADJ_FACTOR = EXCLUDED.BIAS_ADJ_FACTOR, CALC_BIAS_ADJ_FACTOR = EXCLUDED.CALC_BIAS_ADJ_FACTOR, MEAN_CEM_VALUE = EXCLUDED.MEAN_CEM_VALUE, CALC_MEAN_CEM_VALUE = EXCLUDED.CALC_MEAN_CEM_VALUE, MEAN_RATA_REF_VALUE = EXCLUDED.MEAN_RATA_REF_VALUE, CALC_MEAN_RATA_REF_VALUE = EXCLUDED.CALC_MEAN_RATA_REF_VALUE, OP_LEVEL_CD = EXCLUDED.OP_LEVEL_CD, MEAN_DIFF = EXCLUDED.MEAN_DIFF, CALC_MEAN_DIFF = EXCLUDED.CALC_MEAN_DIFF, DEFAULT_WAF = EXCLUDED.DEFAULT_WAF, AVG_GROSS_UNIT_LOAD = EXCLUDED.AVG_GROSS_UNIT_LOAD, CALC_AVG_GROSS_UNIT_LOAD = EXCLUDED.CALC_AVG_GROSS_UNIT_LOAD, APS_IND = EXCLUDED.APS_IND, CALC_APS_IND = EXCLUDED.CALC_APS_IND, STND_DEV_DIFF = EXCLUDED.STND_DEV_DIFF, CALC_STND_DEV_DIFF = EXCLUDED.CALC_STND_DEV_DIFF, CONFIDENCE_COEF = EXCLUDED.CONFIDENCE_COEF, CALC_CONFIDENCE_COEF = EXCLUDED.CALC_CONFIDENCE_COEF, CO2_O2_REF_METHOD_CD = EXCLUDED.CO2_O2_REF_METHOD_CD, REF_METHOD_CD = EXCLUDED.REF_METHOD_CD, T_VALUE = EXCLUDED.T_VALUE, CALC_T_VALUE = EXCLUDED.CALC_T_VALUE, STACK_DIAMETER = EXCLUDED.STACK_DIAMETER, STACK_AREA = EXCLUDED.STACK_AREA, CALC_STACK_AREA = EXCLUDED.CALC_STACK_AREA, CALC_WAF = EXCLUDED.CALC_WAF, CALC_CALC_WAF = EXCLUDED.CALC_CALC_WAF, NUM_TRAVERSE_POINT = EXCLUDED.NUM_TRAVERSE_POINT, APS_CD = EXCLUDED.APS_CD, USERID = EXCLUDED.USERID, ADD_DATE = EXCLUDED.ADD_DATE, UPDATE_DATE = EXCLUDED.UPDATE_DATE;
/* ORIS:      3    Location: 4         Test Type: RATA       Test Num: 202107260833ABC       SQL Ord:    8 */ insert into camdecmpswks.RATA_RUN ( RATA_RUN_ID, RATA_SUM_ID, GROSS_UNIT_LOAD, RUN_NUM, CEM_VALUE, RATA_REF_VALUE, CALC_RATA_REF_VALUE, RUN_STATUS_CD, BEGIN_DATE, BEGIN_HOUR, BEGIN_MIN, END_DATE, END_HOUR, END_MIN, USERID, ADD_DATE, UPDATE_DATE ) values ( 'TWCORNEL5-0953F1F565D145028F71542A793C6506', 'TWCORNEL5-FAA20D1F7A474974A5860CBA365DF502', 273, 1, 11.69800, 11.43000, NULL, 'RUNUSED', '2021-07-26', 8, 33, '2021-07-26', 8, 54, 'bvick', '2021-10-22 12:04:29', NULL ) on conflict (RATA_RUN_ID) do update set RATA_SUM_ID = EXCLUDED.RATA_SUM_ID, GROSS_UNIT_LOAD = EXCLUDED.GROSS_UNIT_LOAD, RUN_NUM = EXCLUDED.RUN_NUM, CEM_VALUE = EXCLUDED.CEM_VALUE, RATA_REF_VALUE = EXCLUDED.RATA_REF_VALUE, CALC_RATA_REF_VALUE = EXCLUDED.CALC_RATA_REF_VALUE, RUN_STATUS_CD = EXCLUDED.RUN_STATUS_CD, BEGIN_DATE = EXCLUDED.BEGIN_DATE, BEGIN_HOUR = EXCLUDED.BEGIN_HOUR, BEGIN_MIN = EXCLUDED.BEGIN_MIN, END_DATE = EXCLUDED.END_DATE, END_HOUR = EXCLUDED.END_HOUR, END_MIN = EXCLUDED.END_MIN, USERID = EXCLUDED.USERID, ADD_DATE = EXCLUDED.ADD_DATE, UPDATE_DATE = EXCLUDED.UPDATE_DATE;
/* ORIS:      3    Location: 4         Test Type: RATA       Test Num: 202107260833ABC       SQL Ord:    8 */ insert into camdecmpswks.RATA_RUN ( RATA_RUN_ID, RATA_SUM_ID, GROSS_UNIT_LOAD, RUN_NUM, CEM_VALUE, RATA_REF_VALUE, CALC_RATA_REF_VALUE, RUN_STATUS_CD, BEGIN_DATE, BEGIN_HOUR, BEGIN_MIN, END_DATE, END_HOUR, END_MIN, USERID, ADD_DATE, UPDATE_DATE ) values ( 'TWCORNEL5-23AAA0F83877415A9871B288017B3852', 'TWCORNEL5-FAA20D1F7A474974A5860CBA365DF502', 279, 5, 11.11500, 11.18000, NULL, 'RUNUSED', '2021-08-02', 12, 14, '2021-08-02', 12, 35, 'bvick', '2021-10-22 12:04:29', NULL ) on conflict (RATA_RUN_ID) do update set RATA_SUM_ID = EXCLUDED.RATA_SUM_ID, GROSS_UNIT_LOAD = EXCLUDED.GROSS_UNIT_LOAD, RUN_NUM = EXCLUDED.RUN_NUM, CEM_VALUE = EXCLUDED.CEM_VALUE, RATA_REF_VALUE = EXCLUDED.RATA_REF_VALUE, CALC_RATA_REF_VALUE = EXCLUDED.CALC_RATA_REF_VALUE, RUN_STATUS_CD = EXCLUDED.RUN_STATUS_CD, BEGIN_DATE = EXCLUDED.BEGIN_DATE, BEGIN_HOUR = EXCLUDED.BEGIN_HOUR, BEGIN_MIN = EXCLUDED.BEGIN_MIN, END_DATE = EXCLUDED.END_DATE, END_HOUR = EXCLUDED.END_HOUR, END_MIN = EXCLUDED.END_MIN, USERID = EXCLUDED.USERID, ADD_DATE = EXCLUDED.ADD_DATE, UPDATE_DATE = EXCLUDED.UPDATE_DATE;
/* ORIS:      3    Location: 4         Test Type: RATA       Test Num: 202107260833ABC       SQL Ord:    8 */ insert into camdecmpswks.RATA_RUN ( RATA_RUN_ID, RATA_SUM_ID, GROSS_UNIT_LOAD, RUN_NUM, CEM_VALUE, RATA_REF_VALUE, CALC_RATA_REF_VALUE, RUN_STATUS_CD, BEGIN_DATE, BEGIN_HOUR, BEGIN_MIN, END_DATE, END_HOUR, END_MIN, USERID, ADD_DATE, UPDATE_DATE ) values ( 'TWCORNEL5-48E8BA5FEAE44F849921173205A24F44', 'TWCORNEL5-FAA20D1F7A474974A5860CBA365DF502', 274, 2, 11.78900, 11.41000, NULL, 'RUNUSED', '2021-07-26', 9, 21, '2021-07-26', 9, 42, 'bvick', '2021-10-22 12:04:29', NULL ) on conflict (RATA_RUN_ID) do update set RATA_SUM_ID = EXCLUDED.RATA_SUM_ID, GROSS_UNIT_LOAD = EXCLUDED.GROSS_UNIT_LOAD, RUN_NUM = EXCLUDED.RUN_NUM, CEM_VALUE = EXCLUDED.CEM_VALUE, RATA_REF_VALUE = EXCLUDED.RATA_REF_VALUE, CALC_RATA_REF_VALUE = EXCLUDED.CALC_RATA_REF_VALUE, RUN_STATUS_CD = EXCLUDED.RUN_STATUS_CD, BEGIN_DATE = EXCLUDED.BEGIN_DATE, BEGIN_HOUR = EXCLUDED.BEGIN_HOUR, BEGIN_MIN = EXCLUDED.BEGIN_MIN, END_DATE = EXCLUDED.END_DATE, END_HOUR = EXCLUDED.END_HOUR, END_MIN = EXCLUDED.END_MIN, USERID = EXCLUDED.USERID, ADD_DATE = EXCLUDED.ADD_DATE, UPDATE_DATE = EXCLUDED.UPDATE_DATE;
/* ORIS:      3    Location: 4         Test Type: RATA       Test Num: 202107260833ABC       SQL Ord:    8 */ insert into camdecmpswks.RATA_RUN ( RATA_RUN_ID, RATA_SUM_ID, GROSS_UNIT_LOAD, RUN_NUM, CEM_VALUE, RATA_REF_VALUE, CALC_RATA_REF_VALUE, RUN_STATUS_CD, BEGIN_DATE, BEGIN_HOUR, BEGIN_MIN, END_DATE, END_HOUR, END_MIN, USERID, ADD_DATE, UPDATE_DATE ) values ( 'TWCORNEL5-5F9A812043AA4637A149752D6654B308', 'TWCORNEL5-FAA20D1F7A474974A5860CBA365DF502', 279, 7, 11.17100, 11.04000, NULL, 'RUNUSED', '2021-08-02', 14, 36, '2021-08-02', 14, 57, 'bvick', '2021-10-22 12:04:29', NULL ) on conflict (RATA_RUN_ID) do update set RATA_SUM_ID = EXCLUDED.RATA_SUM_ID, GROSS_UNIT_LOAD = EXCLUDED.GROSS_UNIT_LOAD, RUN_NUM = EXCLUDED.RUN_NUM, CEM_VALUE = EXCLUDED.CEM_VALUE, RATA_REF_VALUE = EXCLUDED.RATA_REF_VALUE, CALC_RATA_REF_VALUE = EXCLUDED.CALC_RATA_REF_VALUE, RUN_STATUS_CD = EXCLUDED.RUN_STATUS_CD, BEGIN_DATE = EXCLUDED.BEGIN_DATE, BEGIN_HOUR = EXCLUDED.BEGIN_HOUR, BEGIN_MIN = EXCLUDED.BEGIN_MIN, END_DATE = EXCLUDED.END_DATE, END_HOUR = EXCLUDED.END_HOUR, END_MIN = EXCLUDED.END_MIN, USERID = EXCLUDED.USERID, ADD_DATE = EXCLUDED.ADD_DATE, UPDATE_DATE = EXCLUDED.UPDATE_DATE;
/* ORIS:      3    Location: 4         Test Type: RATA       Test Num: 202107260833ABC       SQL Ord:    8 */ insert into camdecmpswks.RATA_RUN ( RATA_RUN_ID, RATA_SUM_ID, GROSS_UNIT_LOAD, RUN_NUM, CEM_VALUE, RATA_REF_VALUE, CALC_RATA_REF_VALUE, RUN_STATUS_CD, BEGIN_DATE, BEGIN_HOUR, BEGIN_MIN, END_DATE, END_HOUR, END_MIN, USERID, ADD_DATE, UPDATE_DATE ) values ( 'TWCORNEL5-75C71C8061D14EA389BD23FC645DE27A', 'TWCORNEL5-FAA20D1F7A474974A5860CBA365DF502', 280, 9, 11.09300, 10.98000, NULL, 'RUNUSED', '2021-08-02', 15, 40, '2021-08-02', 16, 1, 'bvick', '2021-10-22 12:04:29', NULL ) on conflict (RATA_RUN_ID) do update set RATA_SUM_ID = EXCLUDED.RATA_SUM_ID, GROSS_UNIT_LOAD = EXCLUDED.GROSS_UNIT_LOAD, RUN_NUM = EXCLUDED.RUN_NUM, CEM_VALUE = EXCLUDED.CEM_VALUE, RATA_REF_VALUE = EXCLUDED.RATA_REF_VALUE, CALC_RATA_REF_VALUE = EXCLUDED.CALC_RATA_REF_VALUE, RUN_STATUS_CD = EXCLUDED.RUN_STATUS_CD, BEGIN_DATE = EXCLUDED.BEGIN_DATE, BEGIN_HOUR = EXCLUDED.BEGIN_HOUR, BEGIN_MIN = EXCLUDED.BEGIN_MIN, END_DATE = EXCLUDED.END_DATE, END_HOUR = EXCLUDED.END_HOUR, END_MIN = EXCLUDED.END_MIN, USERID = EXCLUDED.USERID, ADD_DATE = EXCLUDED.ADD_DATE, UPDATE_DATE = EXCLUDED.UPDATE_DATE;
/* ORIS:      3    Location: 4         Test Type: RATA       Test Num: 202107260833ABC       SQL Ord:    8 */ insert into camdecmpswks.RATA_RUN ( RATA_RUN_ID, RATA_SUM_ID, GROSS_UNIT_LOAD, RUN_NUM, CEM_VALUE, RATA_REF_VALUE, CALC_RATA_REF_VALUE, RUN_STATUS_CD, BEGIN_DATE, BEGIN_HOUR, BEGIN_MIN, END_DATE, END_HOUR, END_MIN, USERID, ADD_DATE, UPDATE_DATE ) values ( 'TWCORNEL5-99C82EBFDDA448F7AD4F39C86B73D3E3', 'TWCORNEL5-FAA20D1F7A474974A5860CBA365DF502', 276, 4, 11.08600, 11.19000, NULL, 'RUNUSED', '2021-08-02', 10, 56, '2021-08-02', 11, 17, 'bvick', '2021-10-22 12:04:29', NULL ) on conflict (RATA_RUN_ID) do update set RATA_SUM_ID = EXCLUDED.RATA_SUM_ID, GROSS_UNIT_LOAD = EXCLUDED.GROSS_UNIT_LOAD, RUN_NUM = EXCLUDED.RUN_NUM, CEM_VALUE = EXCLUDED.CEM_VALUE, RATA_REF_VALUE = EXCLUDED.RATA_REF_VALUE, CALC_RATA_REF_VALUE = EXCLUDED.CALC_RATA_REF_VALUE, RUN_STATUS_CD = EXCLUDED.RUN_STATUS_CD, BEGIN_DATE = EXCLUDED.BEGIN_DATE, BEGIN_HOUR = EXCLUDED.BEGIN_HOUR, BEGIN_MIN = EXCLUDED.BEGIN_MIN, END_DATE = EXCLUDED.END_DATE, END_HOUR = EXCLUDED.END_HOUR, END_MIN = EXCLUDED.END_MIN, USERID = EXCLUDED.USERID, ADD_DATE = EXCLUDED.ADD_DATE, UPDATE_DATE = EXCLUDED.UPDATE_DATE;
/* ORIS:      3    Location: 4         Test Type: RATA       Test Num: 202107260833ABC       SQL Ord:    8 */ insert into camdecmpswks.RATA_RUN ( RATA_RUN_ID, RATA_SUM_ID, GROSS_UNIT_LOAD, RUN_NUM, CEM_VALUE, RATA_REF_VALUE, CALC_RATA_REF_VALUE, RUN_STATUS_CD, BEGIN_DATE, BEGIN_HOUR, BEGIN_MIN, END_DATE, END_HOUR, END_MIN, USERID, ADD_DATE, UPDATE_DATE ) values ( 'TWCORNEL5-C35E5985E7F640A68FF4EBE4411028B6', 'TWCORNEL5-FAA20D1F7A474974A5860CBA365DF502', 275, 3, 11.82900, 11.49000, NULL, 'RUNUSED', '2021-07-26', 10, 11, '2021-07-26', 10, 32, 'bvick', '2021-10-22 12:04:29', NULL ) on conflict (RATA_RUN_ID) do update set RATA_SUM_ID = EXCLUDED.RATA_SUM_ID, GROSS_UNIT_LOAD = EXCLUDED.GROSS_UNIT_LOAD, RUN_NUM = EXCLUDED.RUN_NUM, CEM_VALUE = EXCLUDED.CEM_VALUE, RATA_REF_VALUE = EXCLUDED.RATA_REF_VALUE, CALC_RATA_REF_VALUE = EXCLUDED.CALC_RATA_REF_VALUE, RUN_STATUS_CD = EXCLUDED.RUN_STATUS_CD, BEGIN_DATE = EXCLUDED.BEGIN_DATE, BEGIN_HOUR = EXCLUDED.BEGIN_HOUR, BEGIN_MIN = EXCLUDED.BEGIN_MIN, END_DATE = EXCLUDED.END_DATE, END_HOUR = EXCLUDED.END_HOUR, END_MIN = EXCLUDED.END_MIN, USERID = EXCLUDED.USERID, ADD_DATE = EXCLUDED.ADD_DATE, UPDATE_DATE = EXCLUDED.UPDATE_DATE;
/* ORIS:      3    Location: 4         Test Type: RATA       Test Num: 202107260833ABC       SQL Ord:    8 */ insert into camdecmpswks.RATA_RUN ( RATA_RUN_ID, RATA_SUM_ID, GROSS_UNIT_LOAD, RUN_NUM, CEM_VALUE, RATA_REF_VALUE, CALC_RATA_REF_VALUE, RUN_STATUS_CD, BEGIN_DATE, BEGIN_HOUR, BEGIN_MIN, END_DATE, END_HOUR, END_MIN, USERID, ADD_DATE, UPDATE_DATE ) values ( 'TWCORNEL5-D32398E6761D494C85D6AD67C2D6A237', 'TWCORNEL5-FAA20D1F7A474974A5860CBA365DF502', 279, 8, 11.21000, 11.07000, NULL, 'RUNUSED', '2021-08-02', 15, 7, '2021-08-02', 15, 28, 'bvick', '2021-10-22 12:04:29', NULL ) on conflict (RATA_RUN_ID) do update set RATA_SUM_ID = EXCLUDED.RATA_SUM_ID, GROSS_UNIT_LOAD = EXCLUDED.GROSS_UNIT_LOAD, RUN_NUM = EXCLUDED.RUN_NUM, CEM_VALUE = EXCLUDED.CEM_VALUE, RATA_REF_VALUE = EXCLUDED.RATA_REF_VALUE, CALC_RATA_REF_VALUE = EXCLUDED.CALC_RATA_REF_VALUE, RUN_STATUS_CD = EXCLUDED.RUN_STATUS_CD, BEGIN_DATE = EXCLUDED.BEGIN_DATE, BEGIN_HOUR = EXCLUDED.BEGIN_HOUR, BEGIN_MIN = EXCLUDED.BEGIN_MIN, END_DATE = EXCLUDED.END_DATE, END_HOUR = EXCLUDED.END_HOUR, END_MIN = EXCLUDED.END_MIN, USERID = EXCLUDED.USERID, ADD_DATE = EXCLUDED.ADD_DATE, UPDATE_DATE = EXCLUDED.UPDATE_DATE;
/* ORIS:      3    Location: 4         Test Type: RATA       Test Num: 202107260833ABC       SQL Ord:    8 */ insert into camdecmpswks.RATA_RUN ( RATA_RUN_ID, RATA_SUM_ID, GROSS_UNIT_LOAD, RUN_NUM, CEM_VALUE, RATA_REF_VALUE, CALC_RATA_REF_VALUE, RUN_STATUS_CD, BEGIN_DATE, BEGIN_HOUR, BEGIN_MIN, END_DATE, END_HOUR, END_MIN, USERID, ADD_DATE, UPDATE_DATE ) values ( 'TWCORNEL5-E9165DA7598144CFBFE68CB8F16C897C', 'TWCORNEL5-FAA20D1F7A474974A5860CBA365DF502', 281, 6, 11.26800, 11.21000, NULL, 'RUNUSED', '2021-08-02', 13, 11, '2021-08-02', 13, 32, 'bvick', '2021-10-22 12:04:29', NULL ) on conflict (RATA_RUN_ID) do update set RATA_SUM_ID = EXCLUDED.RATA_SUM_ID, GROSS_UNIT_LOAD = EXCLUDED.GROSS_UNIT_LOAD, RUN_NUM = EXCLUDED.RUN_NUM, CEM_VALUE = EXCLUDED.CEM_VALUE, RATA_REF_VALUE = EXCLUDED.RATA_REF_VALUE, CALC_RATA_REF_VALUE = EXCLUDED.CALC_RATA_REF_VALUE, RUN_STATUS_CD = EXCLUDED.RUN_STATUS_CD, BEGIN_DATE = EXCLUDED.BEGIN_DATE, BEGIN_HOUR = EXCLUDED.BEGIN_HOUR, BEGIN_MIN = EXCLUDED.BEGIN_MIN, END_DATE = EXCLUDED.END_DATE, END_HOUR = EXCLUDED.END_HOUR, END_MIN = EXCLUDED.END_MIN, USERID = EXCLUDED.USERID, ADD_DATE = EXCLUDED.ADD_DATE, UPDATE_DATE = EXCLUDED.UPDATE_DATE;
/* ORIS:      3    Location: 4         Test Type: RATA       Test Num: 202108021047ABD       SQL Ord:    1 */ delete from camdecmpswks.TEST_SUMMARY where TEST_SUM_ID = 'TWCORNEL5-6FE6D291B924436D893BD8D3640C75C6';
/* ORIS:      3    Location: 4         Test Type: RATA       Test Num: 202108021047ABD       SQL Ord:    2 */ insert into camdecmpswks.TEST_SUMMARY ( TEST_SUM_ID, MON_LOC_ID, TEST_TYPE_CD, TEST_NUM, MON_SYS_ID, COMPONENT_ID, GP_IND, TEST_REASON_CD, TEST_RESULT_CD, RPT_PERIOD_ID, BEGIN_DATE, BEGIN_HOUR, BEGIN_MIN, END_DATE, END_HOUR, END_MIN, SPAN_SCALE_CD, INJECTION_PROTOCOL_CD, TEST_COMMENT, TEST_DESCRIPTION, CALC_GP_IND, CALC_TEST_RESULT_CD, CALC_SPAN_VALUE, LAST_UPDATED, UPDATED_STATUS_FLG, NEEDS_EVAL_FLG, CHK_SESSION_ID, USERID, ADD_DATE, UPDATE_DATE ) values ( 'TWCORNEL5-6FE6D291B924436D893BD8D3640C75C6', '4', 'RATA', '202108021047ABD', 'TWCORNEL5-A73A73D3FD7C442E9FB77F0953E09904', NULL, 0, 'QA', 'PASSED', NULL, '2021-08-02', 8, 47, '2021-07-02', 14, 41, NULL, NULL, NULL, NULL, NULL, NULL, NULL, '2021-12-22 18:13:00', 'Y', 'N', 'CHV-LGIANN-56C96DC162D04B86ACC196945F08E48F', 'esupport', '2021-10-22 12:04:29', '2021-12-27 08:11:52' ) on conflict (TEST_SUM_ID) do update set MON_LOC_ID = EXCLUDED.MON_LOC_ID, TEST_TYPE_CD = EXCLUDED.TEST_TYPE_CD, TEST_NUM = EXCLUDED.TEST_NUM, MON_SYS_ID = EXCLUDED.MON_SYS_ID, COMPONENT_ID = EXCLUDED.COMPONENT_ID, GP_IND = EXCLUDED.GP_IND, TEST_REASON_CD = EXCLUDED.TEST_REASON_CD, TEST_RESULT_CD = EXCLUDED.TEST_RESULT_CD, RPT_PERIOD_ID = EXCLUDED.RPT_PERIOD_ID, BEGIN_DATE = EXCLUDED.BEGIN_DATE, BEGIN_HOUR = EXCLUDED.BEGIN_HOUR, BEGIN_MIN = EXCLUDED.BEGIN_MIN, END_DATE = EXCLUDED.END_DATE, END_HOUR = EXCLUDED.END_HOUR, END_MIN = EXCLUDED.END_MIN, SPAN_SCALE_CD = EXCLUDED.SPAN_SCALE_CD, INJECTION_PROTOCOL_CD = EXCLUDED.INJECTION_PROTOCOL_CD, TEST_COMMENT = EXCLUDED.TEST_COMMENT, TEST_DESCRIPTION = EXCLUDED.TEST_DESCRIPTION, CALC_GP_IND = EXCLUDED.CALC_GP_IND, CALC_TEST_RESULT_CD = EXCLUDED.CALC_TEST_RESULT_CD, CALC_SPAN_VALUE = EXCLUDED.CALC_SPAN_VALUE, LAST_UPDATED = EXCLUDED.LAST_UPDATED, UPDATED_STATUS_FLG = EXCLUDED.UPDATED_STATUS_FLG, NEEDS_EVAL_FLG = EXCLUDED.NEEDS_EVAL_FLG, CHK_SESSION_ID = EXCLUDED.CHK_SESSION_ID, USERID = EXCLUDED.USERID, ADD_DATE = EXCLUDED.ADD_DATE, UPDATE_DATE = EXCLUDED.UPDATE_DATE;
/* ORIS:      3    Location: 4         Test Type: RATA       Test Num: 202108021047ABD       SQL Ord:    4 */ insert into camdecmpswks.AIR_EMISSION_TESTING ( AIR_EMISSION_TEST_ID, TEST_SUM_ID, QI_LAST_NAME, QI_FIRST_NAME, QI_MIDDLE_INITIAL, AETB_NAME, AETB_PHONE_NUMBER, AETB_EMAIL, EXAM_DATE, PROVIDER_NAME, PROVIDER_EMAIL, ADD_DATE, UPDATE_DATE, USERID ) values ( 'TWCORNEL5-02B7BEBBD8F9450BA408B058C45753B1', 'TWCORNEL5-6FE6D291B924436D893BD8D3640C75C6', 'Chalk', 'Benjamin', 'A', 'Alabama Power Field Services Air Quality', '251-434-5528', 'bkchalk@southernco.com', '2017-07-19', 'Source Evaluation Society', 'qstiprogram@gmail.com', '2021-12-22 16:46:23', NULL, '' ) on conflict (AIR_EMISSION_TEST_ID) do update set TEST_SUM_ID = EXCLUDED.TEST_SUM_ID, QI_LAST_NAME = EXCLUDED.QI_LAST_NAME, QI_FIRST_NAME = EXCLUDED.QI_FIRST_NAME, QI_MIDDLE_INITIAL = EXCLUDED.QI_MIDDLE_INITIAL, AETB_NAME = EXCLUDED.AETB_NAME, AETB_PHONE_NUMBER = EXCLUDED.AETB_PHONE_NUMBER, AETB_EMAIL = EXCLUDED.AETB_EMAIL, EXAM_DATE = EXCLUDED.EXAM_DATE, PROVIDER_NAME = EXCLUDED.PROVIDER_NAME, PROVIDER_EMAIL = EXCLUDED.PROVIDER_EMAIL, ADD_DATE = EXCLUDED.ADD_DATE, UPDATE_DATE = EXCLUDED.UPDATE_DATE, USERID = EXCLUDED.USERID;
/* ORIS:      3    Location: 4         Test Type: RATA       Test Num: 202108021047ABD       SQL Ord:    6 */ insert into camdecmpswks.RATA ( RATA_ID, TEST_SUM_ID, RATA_FREQUENCY_CD, CALC_RATA_FREQUENCY_CD, RELATIVE_ACCURACY, CALC_RELATIVE_ACCURACY, OVERALL_BIAS_ADJ_FACTOR, CALC_OVERALL_BIAS_ADJ_FACTOR, NUM_LOAD_LEVEL, CALC_NUM_LOAD_LEVEL, USERID, ADD_DATE, UPDATE_DATE ) values ( 'TWCORNEL5-3423C065D6D94434B0E63D3A940B5158', 'TWCORNEL5-6FE6D291B924436D893BD8D3640C75C6', '4QTRS', '4QTRS', 2.66, 2.66, 1.019, 1.019, 2, 2, 'esupport', '2021-10-22 12:04:29', '2021-12-27 08:11:52' ) on conflict (RATA_ID) do update set TEST_SUM_ID = EXCLUDED.TEST_SUM_ID, RATA_FREQUENCY_CD = EXCLUDED.RATA_FREQUENCY_CD, CALC_RATA_FREQUENCY_CD = EXCLUDED.CALC_RATA_FREQUENCY_CD, RELATIVE_ACCURACY = EXCLUDED.RELATIVE_ACCURACY, CALC_RELATIVE_ACCURACY = EXCLUDED.CALC_RELATIVE_ACCURACY, OVERALL_BIAS_ADJ_FACTOR = EXCLUDED.OVERALL_BIAS_ADJ_FACTOR, CALC_OVERALL_BIAS_ADJ_FACTOR = EXCLUDED.CALC_OVERALL_BIAS_ADJ_FACTOR, NUM_LOAD_LEVEL = EXCLUDED.NUM_LOAD_LEVEL, CALC_NUM_LOAD_LEVEL = EXCLUDED.CALC_NUM_LOAD_LEVEL, USERID = EXCLUDED.USERID, ADD_DATE = EXCLUDED.ADD_DATE, UPDATE_DATE = EXCLUDED.UPDATE_DATE;
/* ORIS:      3    Location: 4         Test Type: RATA       Test Num: 202108021047ABD       SQL Ord:    7 */ insert into camdecmpswks.RATA_SUMMARY ( RATA_SUM_ID, RATA_ID, RELATIVE_ACCURACY, CALC_RELATIVE_ACCURACY, BIAS_ADJ_FACTOR, CALC_BIAS_ADJ_FACTOR, MEAN_CEM_VALUE, CALC_MEAN_CEM_VALUE, MEAN_RATA_REF_VALUE, CALC_MEAN_RATA_REF_VALUE, OP_LEVEL_CD, MEAN_DIFF, CALC_MEAN_DIFF, DEFAULT_WAF, AVG_GROSS_UNIT_LOAD, CALC_AVG_GROSS_UNIT_LOAD, APS_IND, CALC_APS_IND, STND_DEV_DIFF, CALC_STND_DEV_DIFF, CONFIDENCE_COEF, CALC_CONFIDENCE_COEF, CO2_O2_REF_METHOD_CD, REF_METHOD_CD, T_VALUE, CALC_T_VALUE, STACK_DIAMETER, STACK_AREA, CALC_STACK_AREA, CALC_WAF, CALC_CALC_WAF, NUM_TRAVERSE_POINT, USERID, ADD_DATE, UPDATE_DATE, APS_CD ) values ( 'TWCORNEL5-2D3A48CDB1B4428E89C68332767CB9BE', 'TWCORNEL5-3423C065D6D94434B0E63D3A940B5158', 2.66, 2.66, 1.019, 1.019, 41740555.55556, 41740555.55600, 42553222.22222, 42553222.22200, 'M', 812666.66667, 812666.66700, NULL, 277, 277, 0, 0, 415232.16398, 415232.16400, 319175.12338, 319175.12300, NULL, '2', 2.306, 2.306, NULL, NULL, NULL, NULL, NULL, NULL, 'esupport', '2021-10-22 12:04:29', '2021-12-27 08:11:52', NULL ) on conflict (RATA_SUM_ID) do update set RATA_ID = EXCLUDED.RATA_ID, RELATIVE_ACCURACY = EXCLUDED.RELATIVE_ACCURACY, CALC_RELATIVE_ACCURACY = EXCLUDED.CALC_RELATIVE_ACCURACY, BIAS_ADJ_FACTOR = EXCLUDED.BIAS_ADJ_FACTOR, CALC_BIAS_ADJ_FACTOR = EXCLUDED.CALC_BIAS_ADJ_FACTOR, MEAN_CEM_VALUE = EXCLUDED.MEAN_CEM_VALUE, CALC_MEAN_CEM_VALUE = EXCLUDED.CALC_MEAN_CEM_VALUE, MEAN_RATA_REF_VALUE = EXCLUDED.MEAN_RATA_REF_VALUE, CALC_MEAN_RATA_REF_VALUE = EXCLUDED.CALC_MEAN_RATA_REF_VALUE, OP_LEVEL_CD = EXCLUDED.OP_LEVEL_CD, MEAN_DIFF = EXCLUDED.MEAN_DIFF, CALC_MEAN_DIFF = EXCLUDED.CALC_MEAN_DIFF, DEFAULT_WAF = EXCLUDED.DEFAULT_WAF, AVG_GROSS_UNIT_LOAD = EXCLUDED.AVG_GROSS_UNIT_LOAD, CALC_AVG_GROSS_UNIT_LOAD = EXCLUDED.CALC_AVG_GROSS_UNIT_LOAD, APS_IND = EXCLUDED.APS_IND, CALC_APS_IND = EXCLUDED.CALC_APS_IND, STND_DEV_DIFF = EXCLUDED.STND_DEV_DIFF, CALC_STND_DEV_DIFF = EXCLUDED.CALC_STND_DEV_DIFF, CONFIDENCE_COEF = EXCLUDED.CONFIDENCE_COEF, CALC_CONFIDENCE_COEF = EXCLUDED.CALC_CONFIDENCE_COEF, CO2_O2_REF_METHOD_CD = EXCLUDED.CO2_O2_REF_METHOD_CD, REF_METHOD_CD = EXCLUDED.REF_METHOD_CD, T_VALUE = EXCLUDED.T_VALUE, CALC_T_VALUE = EXCLUDED.CALC_T_VALUE, STACK_DIAMETER = EXCLUDED.STACK_DIAMETER, STACK_AREA = EXCLUDED.STACK_AREA, CALC_STACK_AREA = EXCLUDED.CALC_STACK_AREA, CALC_WAF = EXCLUDED.CALC_WAF, CALC_CALC_WAF = EXCLUDED.CALC_CALC_WAF, NUM_TRAVERSE_POINT = EXCLUDED.NUM_TRAVERSE_POINT, APS_CD = EXCLUDED.APS_CD, USERID = EXCLUDED.USERID, ADD_DATE = EXCLUDED.ADD_DATE, UPDATE_DATE = EXCLUDED.UPDATE_DATE;
/* ORIS:      3    Location: 4         Test Type: RATA       Test Num: 202108021047ABD       SQL Ord:    7 */ insert into camdecmpswks.RATA_SUMMARY ( RATA_SUM_ID, RATA_ID, RELATIVE_ACCURACY, CALC_RELATIVE_ACCURACY, BIAS_ADJ_FACTOR, CALC_BIAS_ADJ_FACTOR, MEAN_CEM_VALUE, CALC_MEAN_CEM_VALUE, MEAN_RATA_REF_VALUE, CALC_MEAN_RATA_REF_VALUE, OP_LEVEL_CD, MEAN_DIFF, CALC_MEAN_DIFF, DEFAULT_WAF, AVG_GROSS_UNIT_LOAD, CALC_AVG_GROSS_UNIT_LOAD, APS_IND, CALC_APS_IND, STND_DEV_DIFF, CALC_STND_DEV_DIFF, CONFIDENCE_COEF, CALC_CONFIDENCE_COEF, CO2_O2_REF_METHOD_CD, REF_METHOD_CD, T_VALUE, CALC_T_VALUE, STACK_DIAMETER, STACK_AREA, CALC_STACK_AREA, CALC_WAF, CALC_CALC_WAF, NUM_TRAVERSE_POINT, USERID, ADD_DATE, UPDATE_DATE, APS_CD ) values ( 'TWCORNEL5-797FEDB9BE5E4C85AE284B28CAA354A4', 'TWCORNEL5-3423C065D6D94434B0E63D3A940B5158', 1.75, 1.75, 1.011, 1.011, 32376111.11111, 32376111.11100, 32745222.22222, 32745222.22200, 'L', 369111.11111, 369111.11100, NULL, 210, 210, 0, 0, 266312.99463, 266312.99500, 204705.92188, 204705.92200, NULL, '2', 2.306, 2.306, NULL, NULL, NULL, NULL, NULL, NULL, 'esupport', '2021-10-22 12:04:29', '2021-12-27 08:11:52', NULL ) on conflict (RATA_SUM_ID) do update set RATA_ID = EXCLUDED.RATA_ID, RELATIVE_ACCURACY = EXCLUDED.RELATIVE_ACCURACY, CALC_RELATIVE_ACCURACY = EXCLUDED.CALC_RELATIVE_ACCURACY, BIAS_ADJ_FACTOR = EXCLUDED.BIAS_ADJ_FACTOR, CALC_BIAS_ADJ_FACTOR = EXCLUDED.CALC_BIAS_ADJ_FACTOR, MEAN_CEM_VALUE = EXCLUDED.MEAN_CEM_VALUE, CALC_MEAN_CEM_VALUE = EXCLUDED.CALC_MEAN_CEM_VALUE, MEAN_RATA_REF_VALUE = EXCLUDED.MEAN_RATA_REF_VALUE, CALC_MEAN_RATA_REF_VALUE = EXCLUDED.CALC_MEAN_RATA_REF_VALUE, OP_LEVEL_CD = EXCLUDED.OP_LEVEL_CD, MEAN_DIFF = EXCLUDED.MEAN_DIFF, CALC_MEAN_DIFF = EXCLUDED.CALC_MEAN_DIFF, DEFAULT_WAF = EXCLUDED.DEFAULT_WAF, AVG_GROSS_UNIT_LOAD = EXCLUDED.AVG_GROSS_UNIT_LOAD, CALC_AVG_GROSS_UNIT_LOAD = EXCLUDED.CALC_AVG_GROSS_UNIT_LOAD, APS_IND = EXCLUDED.APS_IND, CALC_APS_IND = EXCLUDED.CALC_APS_IND, STND_DEV_DIFF = EXCLUDED.STND_DEV_DIFF, CALC_STND_DEV_DIFF = EXCLUDED.CALC_STND_DEV_DIFF, CONFIDENCE_COEF = EXCLUDED.CONFIDENCE_COEF, CALC_CONFIDENCE_COEF = EXCLUDED.CALC_CONFIDENCE_COEF, CO2_O2_REF_METHOD_CD = EXCLUDED.CO2_O2_REF_METHOD_CD, REF_METHOD_CD = EXCLUDED.REF_METHOD_CD, T_VALUE = EXCLUDED.T_VALUE, CALC_T_VALUE = EXCLUDED.CALC_T_VALUE, STACK_DIAMETER = EXCLUDED.STACK_DIAMETER, STACK_AREA = EXCLUDED.STACK_AREA, CALC_STACK_AREA = EXCLUDED.CALC_STACK_AREA, CALC_WAF = EXCLUDED.CALC_WAF, CALC_CALC_WAF = EXCLUDED.CALC_CALC_WAF, NUM_TRAVERSE_POINT = EXCLUDED.NUM_TRAVERSE_POINT, APS_CD = EXCLUDED.APS_CD, USERID = EXCLUDED.USERID, ADD_DATE = EXCLUDED.ADD_DATE, UPDATE_DATE = EXCLUDED.UPDATE_DATE;
/* ORIS:      3    Location: 4         Test Type: RATA       Test Num: 202108021047ABD       SQL Ord:    8 */ insert into camdecmpswks.RATA_RUN ( RATA_RUN_ID, RATA_SUM_ID, GROSS_UNIT_LOAD, RUN_NUM, CEM_VALUE, RATA_REF_VALUE, CALC_RATA_REF_VALUE, RUN_STATUS_CD, BEGIN_DATE, BEGIN_HOUR, BEGIN_MIN, END_DATE, END_HOUR, END_MIN, USERID, ADD_DATE, UPDATE_DATE ) values ( 'TWCORNEL5-01BD339FA89945BEB6FF1B899F63528E', 'TWCORNEL5-797FEDB9BE5E4C85AE284B28CAA354A4', 210, 3, 32252000.00000, 32901000.00000, NULL, 'RUNUSED', '2021-08-02', 8, 59, '2021-08-02', 9, 3, 'bvick', '2021-10-22 12:04:29', NULL ) on conflict (RATA_RUN_ID) do update set RATA_SUM_ID = EXCLUDED.RATA_SUM_ID, GROSS_UNIT_LOAD = EXCLUDED.GROSS_UNIT_LOAD, RUN_NUM = EXCLUDED.RUN_NUM, CEM_VALUE = EXCLUDED.CEM_VALUE, RATA_REF_VALUE = EXCLUDED.RATA_REF_VALUE, CALC_RATA_REF_VALUE = EXCLUDED.CALC_RATA_REF_VALUE, RUN_STATUS_CD = EXCLUDED.RUN_STATUS_CD, BEGIN_DATE = EXCLUDED.BEGIN_DATE, BEGIN_HOUR = EXCLUDED.BEGIN_HOUR, BEGIN_MIN = EXCLUDED.BEGIN_MIN, END_DATE = EXCLUDED.END_DATE, END_HOUR = EXCLUDED.END_HOUR, END_MIN = EXCLUDED.END_MIN, USERID = EXCLUDED.USERID, ADD_DATE = EXCLUDED.ADD_DATE, UPDATE_DATE = EXCLUDED.UPDATE_DATE;
/* ORIS:      3    Location: 4         Test Type: RATA       Test Num: 202108021047ABD       SQL Ord:    8 */ insert into camdecmpswks.RATA_RUN ( RATA_RUN_ID, RATA_SUM_ID, GROSS_UNIT_LOAD, RUN_NUM, CEM_VALUE, RATA_REF_VALUE, CALC_RATA_REF_VALUE, RUN_STATUS_CD, BEGIN_DATE, BEGIN_HOUR, BEGIN_MIN, END_DATE, END_HOUR, END_MIN, USERID, ADD_DATE, UPDATE_DATE ) values ( 'TWCORNEL5-06E4C98BE905454699DADC1DFEE8FB87', 'TWCORNEL5-797FEDB9BE5E4C85AE284B28CAA354A4', 210, 2, 32252000.00000, 32091000.00000, NULL, 'RUNUSED', '2021-08-02', 8, 53, '2021-08-02', 8, 58, 'bvick', '2021-10-22 12:04:29', NULL ) on conflict (RATA_RUN_ID) do update set RATA_SUM_ID = EXCLUDED.RATA_SUM_ID, GROSS_UNIT_LOAD = EXCLUDED.GROSS_UNIT_LOAD, RUN_NUM = EXCLUDED.RUN_NUM, CEM_VALUE = EXCLUDED.CEM_VALUE, RATA_REF_VALUE = EXCLUDED.RATA_REF_VALUE, CALC_RATA_REF_VALUE = EXCLUDED.CALC_RATA_REF_VALUE, RUN_STATUS_CD = EXCLUDED.RUN_STATUS_CD, BEGIN_DATE = EXCLUDED.BEGIN_DATE, BEGIN_HOUR = EXCLUDED.BEGIN_HOUR, BEGIN_MIN = EXCLUDED.BEGIN_MIN, END_DATE = EXCLUDED.END_DATE, END_HOUR = EXCLUDED.END_HOUR, END_MIN = EXCLUDED.END_MIN, USERID = EXCLUDED.USERID, ADD_DATE = EXCLUDED.ADD_DATE, UPDATE_DATE = EXCLUDED.UPDATE_DATE;
/* ORIS:      3    Location: 4         Test Type: RATA       Test Num: 202108021047ABD       SQL Ord:    8 */ insert into camdecmpswks.RATA_RUN ( RATA_RUN_ID, RATA_SUM_ID, GROSS_UNIT_LOAD, RUN_NUM, CEM_VALUE, RATA_REF_VALUE, CALC_RATA_REF_VALUE, RUN_STATUS_CD, BEGIN_DATE, BEGIN_HOUR, BEGIN_MIN, END_DATE, END_HOUR, END_MIN, USERID, ADD_DATE, UPDATE_DATE ) values ( 'TWCORNEL5-0CCA1D260B744E8CBC168A6BD55692C5', 'TWCORNEL5-797FEDB9BE5E4C85AE284B28CAA354A4', 210, 5, 32246000.00000, 32561000.00000, NULL, 'RUNUSED', '2021-08-02', 9, 10, '2021-08-02', 9, 14, 'bvick', '2021-10-22 12:04:29', NULL ) on conflict (RATA_RUN_ID) do update set RATA_SUM_ID = EXCLUDED.RATA_SUM_ID, GROSS_UNIT_LOAD = EXCLUDED.GROSS_UNIT_LOAD, RUN_NUM = EXCLUDED.RUN_NUM, CEM_VALUE = EXCLUDED.CEM_VALUE, RATA_REF_VALUE = EXCLUDED.RATA_REF_VALUE, CALC_RATA_REF_VALUE = EXCLUDED.CALC_RATA_REF_VALUE, RUN_STATUS_CD = EXCLUDED.RUN_STATUS_CD, BEGIN_DATE = EXCLUDED.BEGIN_DATE, BEGIN_HOUR = EXCLUDED.BEGIN_HOUR, BEGIN_MIN = EXCLUDED.BEGIN_MIN, END_DATE = EXCLUDED.END_DATE, END_HOUR = EXCLUDED.END_HOUR, END_MIN = EXCLUDED.END_MIN, USERID = EXCLUDED.USERID, ADD_DATE = EXCLUDED.ADD_DATE, UPDATE_DATE = EXCLUDED.UPDATE_DATE;
/* ORIS:      3    Location: 4         Test Type: RATA       Test Num: 202108021047ABD       SQL Ord:    8 */ insert into camdecmpswks.RATA_RUN ( RATA_RUN_ID, RATA_SUM_ID, GROSS_UNIT_LOAD, RUN_NUM, CEM_VALUE, RATA_REF_VALUE, CALC_RATA_REF_VALUE, RUN_STATUS_CD, BEGIN_DATE, BEGIN_HOUR, BEGIN_MIN, END_DATE, END_HOUR, END_MIN, USERID, ADD_DATE, UPDATE_DATE ) values ( 'TWCORNEL5-0FB798B0841F46548E2A5533B5FDB43B', 'TWCORNEL5-2D3A48CDB1B4428E89C68332767CB9BE', 277, 3, 41356000.00000, 42124000.00000, NULL, 'RUNUSED', '2021-08-02', 10, 58, '2021-08-02', 11, 3, 'bvick', '2021-10-22 12:04:29', NULL ) on conflict (RATA_RUN_ID) do update set RATA_SUM_ID = EXCLUDED.RATA_SUM_ID, GROSS_UNIT_LOAD = EXCLUDED.GROSS_UNIT_LOAD, RUN_NUM = EXCLUDED.RUN_NUM, CEM_VALUE = EXCLUDED.CEM_VALUE, RATA_REF_VALUE = EXCLUDED.RATA_REF_VALUE, CALC_RATA_REF_VALUE = EXCLUDED.CALC_RATA_REF_VALUE, RUN_STATUS_CD = EXCLUDED.RUN_STATUS_CD, BEGIN_DATE = EXCLUDED.BEGIN_DATE, BEGIN_HOUR = EXCLUDED.BEGIN_HOUR, BEGIN_MIN = EXCLUDED.BEGIN_MIN, END_DATE = EXCLUDED.END_DATE, END_HOUR = EXCLUDED.END_HOUR, END_MIN = EXCLUDED.END_MIN, USERID = EXCLUDED.USERID, ADD_DATE = EXCLUDED.ADD_DATE, UPDATE_DATE = EXCLUDED.UPDATE_DATE;
/* ORIS:      3    Location: 4         Test Type: RATA       Test Num: 202108021047ABD       SQL Ord:    8 */ insert into camdecmpswks.RATA_RUN ( RATA_RUN_ID, RATA_SUM_ID, GROSS_UNIT_LOAD, RUN_NUM, CEM_VALUE, RATA_REF_VALUE, CALC_RATA_REF_VALUE, RUN_STATUS_CD, BEGIN_DATE, BEGIN_HOUR, BEGIN_MIN, END_DATE, END_HOUR, END_MIN, USERID, ADD_DATE, UPDATE_DATE ) values ( 'TWCORNEL5-1DDA74A00F5E4894B65B95AC69AE4D92', 'TWCORNEL5-2D3A48CDB1B4428E89C68332767CB9BE', 275, 1, 41170000.00000, 42582000.00000, NULL, 'RUNUSED', '2021-08-02', 10, 47, '2021-08-02', 10, 51, 'bvick', '2021-10-22 12:04:29', NULL ) on conflict (RATA_RUN_ID) do update set RATA_SUM_ID = EXCLUDED.RATA_SUM_ID, GROSS_UNIT_LOAD = EXCLUDED.GROSS_UNIT_LOAD, RUN_NUM = EXCLUDED.RUN_NUM, CEM_VALUE = EXCLUDED.CEM_VALUE, RATA_REF_VALUE = EXCLUDED.RATA_REF_VALUE, CALC_RATA_REF_VALUE = EXCLUDED.CALC_RATA_REF_VALUE, RUN_STATUS_CD = EXCLUDED.RUN_STATUS_CD, BEGIN_DATE = EXCLUDED.BEGIN_DATE, BEGIN_HOUR = EXCLUDED.BEGIN_HOUR, BEGIN_MIN = EXCLUDED.BEGIN_MIN, END_DATE = EXCLUDED.END_DATE, END_HOUR = EXCLUDED.END_HOUR, END_MIN = EXCLUDED.END_MIN, USERID = EXCLUDED.USERID, ADD_DATE = EXCLUDED.ADD_DATE, UPDATE_DATE = EXCLUDED.UPDATE_DATE;
/* ORIS:      3    Location: 4         Test Type: RATA       Test Num: 202108021047ABD       SQL Ord:    8 */ insert into camdecmpswks.RATA_RUN ( RATA_RUN_ID, RATA_SUM_ID, GROSS_UNIT_LOAD, RUN_NUM, CEM_VALUE, RATA_REF_VALUE, CALC_RATA_REF_VALUE, RUN_STATUS_CD, BEGIN_DATE, BEGIN_HOUR, BEGIN_MIN, END_DATE, END_HOUR, END_MIN, USERID, ADD_DATE, UPDATE_DATE ) values ( 'TWCORNEL5-2155F42CB7664CB2B3C06D86003FA5FD', 'TWCORNEL5-2D3A48CDB1B4428E89C68332767CB9BE', 279, 9, 41843000.00000, 41921000.00000, NULL, 'RUNUSED', '2021-08-02', 14, 37, '2021-08-02', 14, 41, 'bvick', '2021-10-22 12:04:29', NULL ) on conflict (RATA_RUN_ID) do update set RATA_SUM_ID = EXCLUDED.RATA_SUM_ID, GROSS_UNIT_LOAD = EXCLUDED.GROSS_UNIT_LOAD, RUN_NUM = EXCLUDED.RUN_NUM, CEM_VALUE = EXCLUDED.CEM_VALUE, RATA_REF_VALUE = EXCLUDED.RATA_REF_VALUE, CALC_RATA_REF_VALUE = EXCLUDED.CALC_RATA_REF_VALUE, RUN_STATUS_CD = EXCLUDED.RUN_STATUS_CD, BEGIN_DATE = EXCLUDED.BEGIN_DATE, BEGIN_HOUR = EXCLUDED.BEGIN_HOUR, BEGIN_MIN = EXCLUDED.BEGIN_MIN, END_DATE = EXCLUDED.END_DATE, END_HOUR = EXCLUDED.END_HOUR, END_MIN = EXCLUDED.END_MIN, USERID = EXCLUDED.USERID, ADD_DATE = EXCLUDED.ADD_DATE, UPDATE_DATE = EXCLUDED.UPDATE_DATE;
/* ORIS:      3    Location: 4         Test Type: RATA       Test Num: 202108021047ABD       SQL Ord:    8 */ insert into camdecmpswks.RATA_RUN ( RATA_RUN_ID, RATA_SUM_ID, GROSS_UNIT_LOAD, RUN_NUM, CEM_VALUE, RATA_REF_VALUE, CALC_RATA_REF_VALUE, RUN_STATUS_CD, BEGIN_DATE, BEGIN_HOUR, BEGIN_MIN, END_DATE, END_HOUR, END_MIN, USERID, ADD_DATE, UPDATE_DATE ) values ( 'TWCORNEL5-3435C80F43BB4387B141D6A6359EA7C4', 'TWCORNEL5-797FEDB9BE5E4C85AE284B28CAA354A4', 210, 7, 32204000.00000, 32669000.00000, NULL, 'RUNUSED', '2021-08-02', 9, 21, '2021-08-02', 9, 25, 'bvick', '2021-10-22 12:04:29', NULL ) on conflict (RATA_RUN_ID) do update set RATA_SUM_ID = EXCLUDED.RATA_SUM_ID, GROSS_UNIT_LOAD = EXCLUDED.GROSS_UNIT_LOAD, RUN_NUM = EXCLUDED.RUN_NUM, CEM_VALUE = EXCLUDED.CEM_VALUE, RATA_REF_VALUE = EXCLUDED.RATA_REF_VALUE, CALC_RATA_REF_VALUE = EXCLUDED.CALC_RATA_REF_VALUE, RUN_STATUS_CD = EXCLUDED.RUN_STATUS_CD, BEGIN_DATE = EXCLUDED.BEGIN_DATE, BEGIN_HOUR = EXCLUDED.BEGIN_HOUR, BEGIN_MIN = EXCLUDED.BEGIN_MIN, END_DATE = EXCLUDED.END_DATE, END_HOUR = EXCLUDED.END_HOUR, END_MIN = EXCLUDED.END_MIN, USERID = EXCLUDED.USERID, ADD_DATE = EXCLUDED.ADD_DATE, UPDATE_DATE = EXCLUDED.UPDATE_DATE;
/* ORIS:      3    Location: 4         Test Type: RATA       Test Num: 202108021047ABD       SQL Ord:    8 */ insert into camdecmpswks.RATA_RUN ( RATA_RUN_ID, RATA_SUM_ID, GROSS_UNIT_LOAD, RUN_NUM, CEM_VALUE, RATA_REF_VALUE, CALC_RATA_REF_VALUE, RUN_STATUS_CD, BEGIN_DATE, BEGIN_HOUR, BEGIN_MIN, END_DATE, END_HOUR, END_MIN, USERID, ADD_DATE, UPDATE_DATE ) values ( 'TWCORNEL5-3E311A4D1F794404852192B3570211AD', 'TWCORNEL5-2D3A48CDB1B4428E89C68332767CB9BE', 273, 2, 41266000.00000, 42050000.00000, NULL, 'RUNUSED', '2021-08-02', 10, 53, '2021-08-02', 10, 57, 'bvick', '2021-10-22 12:04:29', NULL ) on conflict (RATA_RUN_ID) do update set RATA_SUM_ID = EXCLUDED.RATA_SUM_ID, GROSS_UNIT_LOAD = EXCLUDED.GROSS_UNIT_LOAD, RUN_NUM = EXCLUDED.RUN_NUM, CEM_VALUE = EXCLUDED.CEM_VALUE, RATA_REF_VALUE = EXCLUDED.RATA_REF_VALUE, CALC_RATA_REF_VALUE = EXCLUDED.CALC_RATA_REF_VALUE, RUN_STATUS_CD = EXCLUDED.RUN_STATUS_CD, BEGIN_DATE = EXCLUDED.BEGIN_DATE, BEGIN_HOUR = EXCLUDED.BEGIN_HOUR, BEGIN_MIN = EXCLUDED.BEGIN_MIN, END_DATE = EXCLUDED.END_DATE, END_HOUR = EXCLUDED.END_HOUR, END_MIN = EXCLUDED.END_MIN, USERID = EXCLUDED.USERID, ADD_DATE = EXCLUDED.ADD_DATE, UPDATE_DATE = EXCLUDED.UPDATE_DATE;
/* ORIS:      3    Location: 4         Test Type: RATA       Test Num: 202108021047ABD       SQL Ord:    8 */ insert into camdecmpswks.RATA_RUN ( RATA_RUN_ID, RATA_SUM_ID, GROSS_UNIT_LOAD, RUN_NUM, CEM_VALUE, RATA_REF_VALUE, CALC_RATA_REF_VALUE, RUN_STATUS_CD, BEGIN_DATE, BEGIN_HOUR, BEGIN_MIN, END_DATE, END_HOUR, END_MIN, USERID, ADD_DATE, UPDATE_DATE ) values ( 'TWCORNEL5-6F970A246EC14CEC8F7038FE8BCD1F45', 'TWCORNEL5-2D3A48CDB1B4428E89C68332767CB9BE', 279, 8, 41995000.00000, 42288000.00000, NULL, 'RUNUSED', '2021-08-02', 14, 32, '2021-08-02', 14, 36, 'bvick', '2021-10-22 12:04:29', NULL ) on conflict (RATA_RUN_ID) do update set RATA_SUM_ID = EXCLUDED.RATA_SUM_ID, GROSS_UNIT_LOAD = EXCLUDED.GROSS_UNIT_LOAD, RUN_NUM = EXCLUDED.RUN_NUM, CEM_VALUE = EXCLUDED.CEM_VALUE, RATA_REF_VALUE = EXCLUDED.RATA_REF_VALUE, CALC_RATA_REF_VALUE = EXCLUDED.CALC_RATA_REF_VALUE, RUN_STATUS_CD = EXCLUDED.RUN_STATUS_CD, BEGIN_DATE = EXCLUDED.BEGIN_DATE, BEGIN_HOUR = EXCLUDED.BEGIN_HOUR, BEGIN_MIN = EXCLUDED.BEGIN_MIN, END_DATE = EXCLUDED.END_DATE, END_HOUR = EXCLUDED.END_HOUR, END_MIN = EXCLUDED.END_MIN, USERID = EXCLUDED.USERID, ADD_DATE = EXCLUDED.ADD_DATE, UPDATE_DATE = EXCLUDED.UPDATE_DATE;
/* ORIS:      3    Location: 4         Test Type: RATA       Test Num: 202108021047ABD       SQL Ord:    8 */ insert into camdecmpswks.RATA_RUN ( RATA_RUN_ID, RATA_SUM_ID, GROSS_UNIT_LOAD, RUN_NUM, CEM_VALUE, RATA_REF_VALUE, CALC_RATA_REF_VALUE, RUN_STATUS_CD, BEGIN_DATE, BEGIN_HOUR, BEGIN_MIN, END_DATE, END_HOUR, END_MIN, USERID, ADD_DATE, UPDATE_DATE ) values ( 'TWCORNEL5-8723A56A5AF44C9588956D8CEE2895E0', 'TWCORNEL5-797FEDB9BE5E4C85AE284B28CAA354A4', 209, 6, 32771000.00000, 33050000.00000, NULL, 'RUNUSED', '2021-08-02', 9, 16, '2021-08-02', 9, 20, 'bvick', '2021-10-22 12:04:29', NULL ) on conflict (RATA_RUN_ID) do update set RATA_SUM_ID = EXCLUDED.RATA_SUM_ID, GROSS_UNIT_LOAD = EXCLUDED.GROSS_UNIT_LOAD, RUN_NUM = EXCLUDED.RUN_NUM, CEM_VALUE = EXCLUDED.CEM_VALUE, RATA_REF_VALUE = EXCLUDED.RATA_REF_VALUE, CALC_RATA_REF_VALUE = EXCLUDED.CALC_RATA_REF_VALUE, RUN_STATUS_CD = EXCLUDED.RUN_STATUS_CD, BEGIN_DATE = EXCLUDED.BEGIN_DATE, BEGIN_HOUR = EXCLUDED.BEGIN_HOUR, BEGIN_MIN = EXCLUDED.BEGIN_MIN, END_DATE = EXCLUDED.END_DATE, END_HOUR = EXCLUDED.END_HOUR, END_MIN = EXCLUDED.END_MIN, USERID = EXCLUDED.USERID, ADD_DATE = EXCLUDED.ADD_DATE, UPDATE_DATE = EXCLUDED.UPDATE_DATE;
/* ORIS:      3    Location: 4         Test Type: RATA       Test Num: 202108021047ABD       SQL Ord:    8 */ insert into camdecmpswks.RATA_RUN ( RATA_RUN_ID, RATA_SUM_ID, GROSS_UNIT_LOAD, RUN_NUM, CEM_VALUE, RATA_REF_VALUE, CALC_RATA_REF_VALUE, RUN_STATUS_CD, BEGIN_DATE, BEGIN_HOUR, BEGIN_MIN, END_DATE, END_HOUR, END_MIN, USERID, ADD_DATE, UPDATE_DATE ) values ( 'TWCORNEL5-9B8494D2223F4D93AF781AD939D14676', 'TWCORNEL5-797FEDB9BE5E4C85AE284B28CAA354A4', 209, 9, 32236000.00000, 32940000.00000, NULL, 'RUNUSED', '2021-08-02', 9, 31, '2021-08-02', 9, 35, 'bvick', '2021-10-22 12:04:29', NULL ) on conflict (RATA_RUN_ID) do update set RATA_SUM_ID = EXCLUDED.RATA_SUM_ID, GROSS_UNIT_LOAD = EXCLUDED.GROSS_UNIT_LOAD, RUN_NUM = EXCLUDED.RUN_NUM, CEM_VALUE = EXCLUDED.CEM_VALUE, RATA_REF_VALUE = EXCLUDED.RATA_REF_VALUE, CALC_RATA_REF_VALUE = EXCLUDED.CALC_RATA_REF_VALUE, RUN_STATUS_CD = EXCLUDED.RUN_STATUS_CD, BEGIN_DATE = EXCLUDED.BEGIN_DATE, BEGIN_HOUR = EXCLUDED.BEGIN_HOUR, BEGIN_MIN = EXCLUDED.BEGIN_MIN, END_DATE = EXCLUDED.END_DATE, END_HOUR = EXCLUDED.END_HOUR, END_MIN = EXCLUDED.END_MIN, USERID = EXCLUDED.USERID, ADD_DATE = EXCLUDED.ADD_DATE, UPDATE_DATE = EXCLUDED.UPDATE_DATE;
/* ORIS:      3    Location: 4         Test Type: RATA       Test Num: 202108021047ABD       SQL Ord:    8 */ insert into camdecmpswks.RATA_RUN ( RATA_RUN_ID, RATA_SUM_ID, GROSS_UNIT_LOAD, RUN_NUM, CEM_VALUE, RATA_REF_VALUE, CALC_RATA_REF_VALUE, RUN_STATUS_CD, BEGIN_DATE, BEGIN_HOUR, BEGIN_MIN, END_DATE, END_HOUR, END_MIN, USERID, ADD_DATE, UPDATE_DATE ) values ( 'TWCORNEL5-A3B9AD106FF44BE2AF982A20BFF45163', 'TWCORNEL5-797FEDB9BE5E4C85AE284B28CAA354A4', 212, 1, 32596000.00000, 33003000.00000, NULL, 'RUNUSED', '2021-08-02', 8, 47, '2021-08-02', 8, 51, 'bvick', '2021-10-22 12:04:29', NULL ) on conflict (RATA_RUN_ID) do update set RATA_SUM_ID = EXCLUDED.RATA_SUM_ID, GROSS_UNIT_LOAD = EXCLUDED.GROSS_UNIT_LOAD, RUN_NUM = EXCLUDED.RUN_NUM, CEM_VALUE = EXCLUDED.CEM_VALUE, RATA_REF_VALUE = EXCLUDED.RATA_REF_VALUE, CALC_RATA_REF_VALUE = EXCLUDED.CALC_RATA_REF_VALUE, RUN_STATUS_CD = EXCLUDED.RUN_STATUS_CD, BEGIN_DATE = EXCLUDED.BEGIN_DATE, BEGIN_HOUR = EXCLUDED.BEGIN_HOUR, BEGIN_MIN = EXCLUDED.BEGIN_MIN, END_DATE = EXCLUDED.END_DATE, END_HOUR = EXCLUDED.END_HOUR, END_MIN = EXCLUDED.END_MIN, USERID = EXCLUDED.USERID, ADD_DATE = EXCLUDED.ADD_DATE, UPDATE_DATE = EXCLUDED.UPDATE_DATE;
/* ORIS:      3    Location: 4         Test Type: RATA       Test Num: 202108021047ABD       SQL Ord:    8 */ insert into camdecmpswks.RATA_RUN ( RATA_RUN_ID, RATA_SUM_ID, GROSS_UNIT_LOAD, RUN_NUM, CEM_VALUE, RATA_REF_VALUE, CALC_RATA_REF_VALUE, RUN_STATUS_CD, BEGIN_DATE, BEGIN_HOUR, BEGIN_MIN, END_DATE, END_HOUR, END_MIN, USERID, ADD_DATE, UPDATE_DATE ) values ( 'TWCORNEL5-C21D4F4319E54F108B00C9EB70505DD1', 'TWCORNEL5-2D3A48CDB1B4428E89C68332767CB9BE', 281, 7, 42128000.00000, 42898000.00000, NULL, 'RUNUSED', '2021-08-02', 14, 27, '2021-08-02', 14, 31, 'bvick', '2021-10-22 12:04:29', NULL ) on conflict (RATA_RUN_ID) do update set RATA_SUM_ID = EXCLUDED.RATA_SUM_ID, GROSS_UNIT_LOAD = EXCLUDED.GROSS_UNIT_LOAD, RUN_NUM = EXCLUDED.RUN_NUM, CEM_VALUE = EXCLUDED.CEM_VALUE, RATA_REF_VALUE = EXCLUDED.RATA_REF_VALUE, CALC_RATA_REF_VALUE = EXCLUDED.CALC_RATA_REF_VALUE, RUN_STATUS_CD = EXCLUDED.RUN_STATUS_CD, BEGIN_DATE = EXCLUDED.BEGIN_DATE, BEGIN_HOUR = EXCLUDED.BEGIN_HOUR, BEGIN_MIN = EXCLUDED.BEGIN_MIN, END_DATE = EXCLUDED.END_DATE, END_HOUR = EXCLUDED.END_HOUR, END_MIN = EXCLUDED.END_MIN, USERID = EXCLUDED.USERID, ADD_DATE = EXCLUDED.ADD_DATE, UPDATE_DATE = EXCLUDED.UPDATE_DATE;
/* ORIS:      3    Location: 4         Test Type: RATA       Test Num: 202108021047ABD       SQL Ord:    8 */ insert into camdecmpswks.RATA_RUN ( RATA_RUN_ID, RATA_SUM_ID, GROSS_UNIT_LOAD, RUN_NUM, CEM_VALUE, RATA_REF_VALUE, CALC_RATA_REF_VALUE, RUN_STATUS_CD, BEGIN_DATE, BEGIN_HOUR, BEGIN_MIN, END_DATE, END_HOUR, END_MIN, USERID, ADD_DATE, UPDATE_DATE ) values ( 'TWCORNEL5-DF1363E3D6564DF3B8EB9DB8FFC37FA3', 'TWCORNEL5-2D3A48CDB1B4428E89C68332767CB9BE', 276, 5, 41835000.00000, 42844000.00000, NULL, 'RUNUSED', '2021-08-02', 14, 17, '2021-08-02', 14, 21, 'bvick', '2021-10-22 12:04:29', NULL ) on conflict (RATA_RUN_ID) do update set RATA_SUM_ID = EXCLUDED.RATA_SUM_ID, GROSS_UNIT_LOAD = EXCLUDED.GROSS_UNIT_LOAD, RUN_NUM = EXCLUDED.RUN_NUM, CEM_VALUE = EXCLUDED.CEM_VALUE, RATA_REF_VALUE = EXCLUDED.RATA_REF_VALUE, CALC_RATA_REF_VALUE = EXCLUDED.CALC_RATA_REF_VALUE, RUN_STATUS_CD = EXCLUDED.RUN_STATUS_CD, BEGIN_DATE = EXCLUDED.BEGIN_DATE, BEGIN_HOUR = EXCLUDED.BEGIN_HOUR, BEGIN_MIN = EXCLUDED.BEGIN_MIN, END_DATE = EXCLUDED.END_DATE, END_HOUR = EXCLUDED.END_HOUR, END_MIN = EXCLUDED.END_MIN, USERID = EXCLUDED.USERID, ADD_DATE = EXCLUDED.ADD_DATE, UPDATE_DATE = EXCLUDED.UPDATE_DATE;
/* ORIS:      3    Location: 4         Test Type: RATA       Test Num: 202108021047ABD       SQL Ord:    8 */ insert into camdecmpswks.RATA_RUN ( RATA_RUN_ID, RATA_SUM_ID, GROSS_UNIT_LOAD, RUN_NUM, CEM_VALUE, RATA_REF_VALUE, CALC_RATA_REF_VALUE, RUN_STATUS_CD, BEGIN_DATE, BEGIN_HOUR, BEGIN_MIN, END_DATE, END_HOUR, END_MIN, USERID, ADD_DATE, UPDATE_DATE ) values ( 'TWCORNEL5-E02B0972D96C47BEBFD6CE3A858CAD70', 'TWCORNEL5-797FEDB9BE5E4C85AE284B28CAA354A4', 211, 4, 32529000.00000, 32672000.00000, NULL, 'RUNUSED', '2021-08-02', 9, 4, '2021-08-02', 9, 8, 'bvick', '2021-10-22 12:04:29', NULL ) on conflict (RATA_RUN_ID) do update set RATA_SUM_ID = EXCLUDED.RATA_SUM_ID, GROSS_UNIT_LOAD = EXCLUDED.GROSS_UNIT_LOAD, RUN_NUM = EXCLUDED.RUN_NUM, CEM_VALUE = EXCLUDED.CEM_VALUE, RATA_REF_VALUE = EXCLUDED.RATA_REF_VALUE, CALC_RATA_REF_VALUE = EXCLUDED.CALC_RATA_REF_VALUE, RUN_STATUS_CD = EXCLUDED.RUN_STATUS_CD, BEGIN_DATE = EXCLUDED.BEGIN_DATE, BEGIN_HOUR = EXCLUDED.BEGIN_HOUR, BEGIN_MIN = EXCLUDED.BEGIN_MIN, END_DATE = EXCLUDED.END_DATE, END_HOUR = EXCLUDED.END_HOUR, END_MIN = EXCLUDED.END_MIN, USERID = EXCLUDED.USERID, ADD_DATE = EXCLUDED.ADD_DATE, UPDATE_DATE = EXCLUDED.UPDATE_DATE;
/* ORIS:      3    Location: 4         Test Type: RATA       Test Num: 202108021047ABD       SQL Ord:    8 */ insert into camdecmpswks.RATA_RUN ( RATA_RUN_ID, RATA_SUM_ID, GROSS_UNIT_LOAD, RUN_NUM, CEM_VALUE, RATA_REF_VALUE, CALC_RATA_REF_VALUE, RUN_STATUS_CD, BEGIN_DATE, BEGIN_HOUR, BEGIN_MIN, END_DATE, END_HOUR, END_MIN, USERID, ADD_DATE, UPDATE_DATE ) values ( 'TWCORNEL5-E80F9FCDC94C47F4B20F70926B2208F4', 'TWCORNEL5-2D3A48CDB1B4428E89C68332767CB9BE', 278, 6, 41817000.00000, 42885000.00000, NULL, 'RUNUSED', '2021-08-02', 14, 22, '2021-08-02', 14, 26, 'bvick', '2021-10-22 12:04:29', NULL ) on conflict (RATA_RUN_ID) do update set RATA_SUM_ID = EXCLUDED.RATA_SUM_ID, GROSS_UNIT_LOAD = EXCLUDED.GROSS_UNIT_LOAD, RUN_NUM = EXCLUDED.RUN_NUM, CEM_VALUE = EXCLUDED.CEM_VALUE, RATA_REF_VALUE = EXCLUDED.RATA_REF_VALUE, CALC_RATA_REF_VALUE = EXCLUDED.CALC_RATA_REF_VALUE, RUN_STATUS_CD = EXCLUDED.RUN_STATUS_CD, BEGIN_DATE = EXCLUDED.BEGIN_DATE, BEGIN_HOUR = EXCLUDED.BEGIN_HOUR, BEGIN_MIN = EXCLUDED.BEGIN_MIN, END_DATE = EXCLUDED.END_DATE, END_HOUR = EXCLUDED.END_HOUR, END_MIN = EXCLUDED.END_MIN, USERID = EXCLUDED.USERID, ADD_DATE = EXCLUDED.ADD_DATE, UPDATE_DATE = EXCLUDED.UPDATE_DATE;
/* ORIS:      3    Location: 4         Test Type: RATA       Test Num: 202108021047ABD       SQL Ord:    8 */ insert into camdecmpswks.RATA_RUN ( RATA_RUN_ID, RATA_SUM_ID, GROSS_UNIT_LOAD, RUN_NUM, CEM_VALUE, RATA_REF_VALUE, CALC_RATA_REF_VALUE, RUN_STATUS_CD, BEGIN_DATE, BEGIN_HOUR, BEGIN_MIN, END_DATE, END_HOUR, END_MIN, USERID, ADD_DATE, UPDATE_DATE ) values ( 'TWCORNEL5-F5BD8B3A6B2E4D40AE887E7C4CFC37C9', 'TWCORNEL5-797FEDB9BE5E4C85AE284B28CAA354A4', 210, 8, 32299000.00000, 32820000.00000, NULL, 'RUNUSED', '2021-08-02', 9, 26, '2021-08-02', 9, 30, 'bvick', '2021-10-22 12:04:29', NULL ) on conflict (RATA_RUN_ID) do update set RATA_SUM_ID = EXCLUDED.RATA_SUM_ID, GROSS_UNIT_LOAD = EXCLUDED.GROSS_UNIT_LOAD, RUN_NUM = EXCLUDED.RUN_NUM, CEM_VALUE = EXCLUDED.CEM_VALUE, RATA_REF_VALUE = EXCLUDED.RATA_REF_VALUE, CALC_RATA_REF_VALUE = EXCLUDED.CALC_RATA_REF_VALUE, RUN_STATUS_CD = EXCLUDED.RUN_STATUS_CD, BEGIN_DATE = EXCLUDED.BEGIN_DATE, BEGIN_HOUR = EXCLUDED.BEGIN_HOUR, BEGIN_MIN = EXCLUDED.BEGIN_MIN, END_DATE = EXCLUDED.END_DATE, END_HOUR = EXCLUDED.END_HOUR, END_MIN = EXCLUDED.END_MIN, USERID = EXCLUDED.USERID, ADD_DATE = EXCLUDED.ADD_DATE, UPDATE_DATE = EXCLUDED.UPDATE_DATE;
/* ORIS:      3    Location: 4         Test Type: RATA       Test Num: 202108021047ABD       SQL Ord:    8 */ insert into camdecmpswks.RATA_RUN ( RATA_RUN_ID, RATA_SUM_ID, GROSS_UNIT_LOAD, RUN_NUM, CEM_VALUE, RATA_REF_VALUE, CALC_RATA_REF_VALUE, RUN_STATUS_CD, BEGIN_DATE, BEGIN_HOUR, BEGIN_MIN, END_DATE, END_HOUR, END_MIN, USERID, ADD_DATE, UPDATE_DATE ) values ( 'TWCORNEL5-F7D79E0598054E07BD988E3A8F99FCD3', 'TWCORNEL5-2D3A48CDB1B4428E89C68332767CB9BE', 278, 4, 42255000.00000, 43387000.00000, NULL, 'RUNUSED', '2021-08-02', 14, 11, '2021-08-02', 14, 15, 'bvick', '2021-10-22 12:04:29', NULL ) on conflict (RATA_RUN_ID) do update set RATA_SUM_ID = EXCLUDED.RATA_SUM_ID, GROSS_UNIT_LOAD = EXCLUDED.GROSS_UNIT_LOAD, RUN_NUM = EXCLUDED.RUN_NUM, CEM_VALUE = EXCLUDED.CEM_VALUE, RATA_REF_VALUE = EXCLUDED.RATA_REF_VALUE, CALC_RATA_REF_VALUE = EXCLUDED.CALC_RATA_REF_VALUE, RUN_STATUS_CD = EXCLUDED.RUN_STATUS_CD, BEGIN_DATE = EXCLUDED.BEGIN_DATE, BEGIN_HOUR = EXCLUDED.BEGIN_HOUR, BEGIN_MIN = EXCLUDED.BEGIN_MIN, END_DATE = EXCLUDED.END_DATE, END_HOUR = EXCLUDED.END_HOUR, END_MIN = EXCLUDED.END_MIN, USERID = EXCLUDED.USERID, ADD_DATE = EXCLUDED.ADD_DATE, UPDATE_DATE = EXCLUDED.UPDATE_DATE;
/* ORIS:      3    Location: 5         Test Type: LEAK       Test Num: AAA           SQL Ord:    1 */ delete from camdecmpswks.TEST_SUMMARY where TEST_SUM_ID = 'CHV-LGIANN-5CA82B0AA75C42BA832B406B17D752CC';
/* ORIS:      3    Location: 5         Test Type: LEAK       Test Num: AAA           SQL Ord:    2 */ insert into camdecmpswks.TEST_SUMMARY ( TEST_SUM_ID, MON_LOC_ID, TEST_TYPE_CD, TEST_NUM, MON_SYS_ID, COMPONENT_ID, GP_IND, TEST_REASON_CD, TEST_RESULT_CD, RPT_PERIOD_ID, BEGIN_DATE, BEGIN_HOUR, BEGIN_MIN, END_DATE, END_HOUR, END_MIN, SPAN_SCALE_CD, INJECTION_PROTOCOL_CD, TEST_COMMENT, TEST_DESCRIPTION, CALC_GP_IND, CALC_TEST_RESULT_CD, CALC_SPAN_VALUE, LAST_UPDATED, UPDATED_STATUS_FLG, NEEDS_EVAL_FLG, CHK_SESSION_ID, USERID, ADD_DATE, UPDATE_DATE ) values ( 'CHV-LGIANN-5CA82B0AA75C42BA832B406B17D752CC', '11', 'LEAK', 'AAA', NULL, 'CAMD-9AF04D97BC944867B093B2C03DEA34CE', NULL, 'QA', 'PASSED', NULL, NULL, NULL, NULL, '2021-12-22', 0, 0, NULL, NULL, NULL, NULL, NULL, NULL, NULL, '2021-12-22 21:19:31', 'Y', 'N', 'CHV-LGIANN-CCEDCC28847F4D1D917A39C270E1A60B', 'esupport', '2021-12-22 21:09:36', '2021-12-22 21:19:31' ) on conflict (TEST_SUM_ID) do update set MON_LOC_ID = EXCLUDED.MON_LOC_ID, TEST_TYPE_CD = EXCLUDED.TEST_TYPE_CD, TEST_NUM = EXCLUDED.TEST_NUM, MON_SYS_ID = EXCLUDED.MON_SYS_ID, COMPONENT_ID = EXCLUDED.COMPONENT_ID, GP_IND = EXCLUDED.GP_IND, TEST_REASON_CD = EXCLUDED.TEST_REASON_CD, TEST_RESULT_CD = EXCLUDED.TEST_RESULT_CD, RPT_PERIOD_ID = EXCLUDED.RPT_PERIOD_ID, BEGIN_DATE = EXCLUDED.BEGIN_DATE, BEGIN_HOUR = EXCLUDED.BEGIN_HOUR, BEGIN_MIN = EXCLUDED.BEGIN_MIN, END_DATE = EXCLUDED.END_DATE, END_HOUR = EXCLUDED.END_HOUR, END_MIN = EXCLUDED.END_MIN, SPAN_SCALE_CD = EXCLUDED.SPAN_SCALE_CD, INJECTION_PROTOCOL_CD = EXCLUDED.INJECTION_PROTOCOL_CD, TEST_COMMENT = EXCLUDED.TEST_COMMENT, TEST_DESCRIPTION = EXCLUDED.TEST_DESCRIPTION, CALC_GP_IND = EXCLUDED.CALC_GP_IND, CALC_TEST_RESULT_CD = EXCLUDED.CALC_TEST_RESULT_CD, CALC_SPAN_VALUE = EXCLUDED.CALC_SPAN_VALUE, LAST_UPDATED = EXCLUDED.LAST_UPDATED, UPDATED_STATUS_FLG = EXCLUDED.UPDATED_STATUS_FLG, NEEDS_EVAL_FLG = EXCLUDED.NEEDS_EVAL_FLG, CHK_SESSION_ID = EXCLUDED.CHK_SESSION_ID, USERID = EXCLUDED.USERID, ADD_DATE = EXCLUDED.ADD_DATE, UPDATE_DATE = EXCLUDED.UPDATE_DATE;
/* ORIS:      3    Location: 5         Test Type: LEAK       Test Num: BBB           SQL Ord:    1 */ delete from camdecmpswks.TEST_SUMMARY where TEST_SUM_ID = 'CHV-LGIANN-C80ACCC82C0D4F6FB097F190E213831F';
/* ORIS:      3    Location: 5         Test Type: LEAK       Test Num: BBB           SQL Ord:    2 */ insert into camdecmpswks.TEST_SUMMARY ( TEST_SUM_ID, MON_LOC_ID, TEST_TYPE_CD, TEST_NUM, MON_SYS_ID, COMPONENT_ID, GP_IND, TEST_REASON_CD, TEST_RESULT_CD, RPT_PERIOD_ID, BEGIN_DATE, BEGIN_HOUR, BEGIN_MIN, END_DATE, END_HOUR, END_MIN, SPAN_SCALE_CD, INJECTION_PROTOCOL_CD, TEST_COMMENT, TEST_DESCRIPTION, CALC_GP_IND, CALC_TEST_RESULT_CD, CALC_SPAN_VALUE, LAST_UPDATED, UPDATED_STATUS_FLG, NEEDS_EVAL_FLG, CHK_SESSION_ID, USERID, ADD_DATE, UPDATE_DATE ) values ( 'CHV-LGIANN-C80ACCC82C0D4F6FB097F190E213831F', '11', 'LEAK', 'BBB', NULL, 'TWCORNEL5-5C1A743B7A2D4465A106F8E440A0813E', NULL, 'INITIAL', 'FAILED', NULL, NULL, NULL, NULL, '2021-12-22', 0, 0, NULL, NULL, NULL, NULL, NULL, NULL, NULL, '2021-12-22 21:33:33', 'Y', 'N', 'CHV-LGIANN-D20F6132613F4BFFB33678AA34A6DC3C', 'esupport', '2021-12-22 21:32:59', '2021-12-22 21:33:33' ) on conflict (TEST_SUM_ID) do update set MON_LOC_ID = EXCLUDED.MON_LOC_ID, TEST_TYPE_CD = EXCLUDED.TEST_TYPE_CD, TEST_NUM = EXCLUDED.TEST_NUM, MON_SYS_ID = EXCLUDED.MON_SYS_ID, COMPONENT_ID = EXCLUDED.COMPONENT_ID, GP_IND = EXCLUDED.GP_IND, TEST_REASON_CD = EXCLUDED.TEST_REASON_CD, TEST_RESULT_CD = EXCLUDED.TEST_RESULT_CD, RPT_PERIOD_ID = EXCLUDED.RPT_PERIOD_ID, BEGIN_DATE = EXCLUDED.BEGIN_DATE, BEGIN_HOUR = EXCLUDED.BEGIN_HOUR, BEGIN_MIN = EXCLUDED.BEGIN_MIN, END_DATE = EXCLUDED.END_DATE, END_HOUR = EXCLUDED.END_HOUR, END_MIN = EXCLUDED.END_MIN, SPAN_SCALE_CD = EXCLUDED.SPAN_SCALE_CD, INJECTION_PROTOCOL_CD = EXCLUDED.INJECTION_PROTOCOL_CD, TEST_COMMENT = EXCLUDED.TEST_COMMENT, TEST_DESCRIPTION = EXCLUDED.TEST_DESCRIPTION, CALC_GP_IND = EXCLUDED.CALC_GP_IND, CALC_TEST_RESULT_CD = EXCLUDED.CALC_TEST_RESULT_CD, CALC_SPAN_VALUE = EXCLUDED.CALC_SPAN_VALUE, LAST_UPDATED = EXCLUDED.LAST_UPDATED, UPDATED_STATUS_FLG = EXCLUDED.UPDATED_STATUS_FLG, NEEDS_EVAL_FLG = EXCLUDED.NEEDS_EVAL_FLG, CHK_SESSION_ID = EXCLUDED.CHK_SESSION_ID, USERID = EXCLUDED.USERID, ADD_DATE = EXCLUDED.ADD_DATE, UPDATE_DATE = EXCLUDED.UPDATE_DATE;
/* ORIS:      3    Location: 5         Test Type: OTHER      Test Num: 123           SQL Ord:    1 */ delete from camdecmpswks.TEST_SUMMARY where TEST_SUM_ID = 'CHV-LGIANN-5A41B20E87C54C42B987817CF8101A5C';
/* ORIS:      3    Location: 5         Test Type: OTHER      Test Num: 123           SQL Ord:    2 */ insert into camdecmpswks.TEST_SUMMARY ( TEST_SUM_ID, MON_LOC_ID, TEST_TYPE_CD, TEST_NUM, MON_SYS_ID, COMPONENT_ID, GP_IND, TEST_REASON_CD, TEST_RESULT_CD, RPT_PERIOD_ID, BEGIN_DATE, BEGIN_HOUR, BEGIN_MIN, END_DATE, END_HOUR, END_MIN, SPAN_SCALE_CD, INJECTION_PROTOCOL_CD, TEST_COMMENT, TEST_DESCRIPTION, CALC_GP_IND, CALC_TEST_RESULT_CD, CALC_SPAN_VALUE, LAST_UPDATED, UPDATED_STATUS_FLG, NEEDS_EVAL_FLG, CHK_SESSION_ID, USERID, ADD_DATE, UPDATE_DATE ) values ( 'CHV-LGIANN-5A41B20E87C54C42B987817CF8101A5C', '11', 'OTHER', '123', NULL, 'CAMD-B1040CECBD2149C8A952BF948AC38373', 1, 'DIAG', 'PASSED', NULL, NULL, NULL, NULL, '2021-12-22', 0, 0, NULL, NULL, NULL, NULL, NULL, NULL, NULL, '2021-12-22 21:19:43', 'Y', 'N', 'CHV-LGIANN-FA1A88C7F1194428A7129E0B10DB2209', 'esupport', '2021-12-22 21:14:08', '2021-12-22 21:19:43' ) on conflict (TEST_SUM_ID) do update set MON_LOC_ID = EXCLUDED.MON_LOC_ID, TEST_TYPE_CD = EXCLUDED.TEST_TYPE_CD, TEST_NUM = EXCLUDED.TEST_NUM, MON_SYS_ID = EXCLUDED.MON_SYS_ID, COMPONENT_ID = EXCLUDED.COMPONENT_ID, GP_IND = EXCLUDED.GP_IND, TEST_REASON_CD = EXCLUDED.TEST_REASON_CD, TEST_RESULT_CD = EXCLUDED.TEST_RESULT_CD, RPT_PERIOD_ID = EXCLUDED.RPT_PERIOD_ID, BEGIN_DATE = EXCLUDED.BEGIN_DATE, BEGIN_HOUR = EXCLUDED.BEGIN_HOUR, BEGIN_MIN = EXCLUDED.BEGIN_MIN, END_DATE = EXCLUDED.END_DATE, END_HOUR = EXCLUDED.END_HOUR, END_MIN = EXCLUDED.END_MIN, SPAN_SCALE_CD = EXCLUDED.SPAN_SCALE_CD, INJECTION_PROTOCOL_CD = EXCLUDED.INJECTION_PROTOCOL_CD, TEST_COMMENT = EXCLUDED.TEST_COMMENT, TEST_DESCRIPTION = EXCLUDED.TEST_DESCRIPTION, CALC_GP_IND = EXCLUDED.CALC_GP_IND, CALC_TEST_RESULT_CD = EXCLUDED.CALC_TEST_RESULT_CD, CALC_SPAN_VALUE = EXCLUDED.CALC_SPAN_VALUE, LAST_UPDATED = EXCLUDED.LAST_UPDATED, UPDATED_STATUS_FLG = EXCLUDED.UPDATED_STATUS_FLG, NEEDS_EVAL_FLG = EXCLUDED.NEEDS_EVAL_FLG, CHK_SESSION_ID = EXCLUDED.CHK_SESSION_ID, USERID = EXCLUDED.USERID, ADD_DATE = EXCLUDED.ADD_DATE, UPDATE_DATE = EXCLUDED.UPDATE_DATE;
/* ORIS:      3    Location: 5         Test Type: RATA       Test Num: 202102230957ADA       SQL Ord:    1 */ delete from camdecmpswks.TEST_SUMMARY where TEST_SUM_ID = 'TWCORNEL5-9DA309122FDF43AEA058A20FC97F2711';
/* ORIS:      3    Location: 5         Test Type: RATA       Test Num: 202102230957ADA       SQL Ord:    2 */ insert into camdecmpswks.TEST_SUMMARY ( TEST_SUM_ID, MON_LOC_ID, TEST_TYPE_CD, TEST_NUM, MON_SYS_ID, COMPONENT_ID, GP_IND, TEST_REASON_CD, TEST_RESULT_CD, RPT_PERIOD_ID, BEGIN_DATE, BEGIN_HOUR, BEGIN_MIN, END_DATE, END_HOUR, END_MIN, SPAN_SCALE_CD, INJECTION_PROTOCOL_CD, TEST_COMMENT, TEST_DESCRIPTION, CALC_GP_IND, CALC_TEST_RESULT_CD, CALC_SPAN_VALUE, LAST_UPDATED, UPDATED_STATUS_FLG, NEEDS_EVAL_FLG, CHK_SESSION_ID, USERID, ADD_DATE, UPDATE_DATE ) values ( 'TWCORNEL5-9DA309122FDF43AEA058A20FC97F2711', '11', 'RATA', '202102230957ADA', 'TWCORNEL5-A4A0CCB6CDAC4AD78CCBF42D64209497', NULL, 0, 'QA', 'PASSAPS', NULL, '2021-02-23', 9, 57, '2021-02-23', 14, 38, NULL, 'HGE', NULL, NULL, NULL, NULL, NULL, '2021-12-27 08:34:31', 'Y', 'N', 'CHV-LGIANN-2696DEEECC6F4442944E63CAA10DE860', 'esupport', '2021-12-27 08:34:27', '2021-12-27 08:34:50' ) on conflict (TEST_SUM_ID) do update set MON_LOC_ID = EXCLUDED.MON_LOC_ID, TEST_TYPE_CD = EXCLUDED.TEST_TYPE_CD, TEST_NUM = EXCLUDED.TEST_NUM, MON_SYS_ID = EXCLUDED.MON_SYS_ID, COMPONENT_ID = EXCLUDED.COMPONENT_ID, GP_IND = EXCLUDED.GP_IND, TEST_REASON_CD = EXCLUDED.TEST_REASON_CD, TEST_RESULT_CD = EXCLUDED.TEST_RESULT_CD, RPT_PERIOD_ID = EXCLUDED.RPT_PERIOD_ID, BEGIN_DATE = EXCLUDED.BEGIN_DATE, BEGIN_HOUR = EXCLUDED.BEGIN_HOUR, BEGIN_MIN = EXCLUDED.BEGIN_MIN, END_DATE = EXCLUDED.END_DATE, END_HOUR = EXCLUDED.END_HOUR, END_MIN = EXCLUDED.END_MIN, SPAN_SCALE_CD = EXCLUDED.SPAN_SCALE_CD, INJECTION_PROTOCOL_CD = EXCLUDED.INJECTION_PROTOCOL_CD, TEST_COMMENT = EXCLUDED.TEST_COMMENT, TEST_DESCRIPTION = EXCLUDED.TEST_DESCRIPTION, CALC_GP_IND = EXCLUDED.CALC_GP_IND, CALC_TEST_RESULT_CD = EXCLUDED.CALC_TEST_RESULT_CD, CALC_SPAN_VALUE = EXCLUDED.CALC_SPAN_VALUE, LAST_UPDATED = EXCLUDED.LAST_UPDATED, UPDATED_STATUS_FLG = EXCLUDED.UPDATED_STATUS_FLG, NEEDS_EVAL_FLG = EXCLUDED.NEEDS_EVAL_FLG, CHK_SESSION_ID = EXCLUDED.CHK_SESSION_ID, USERID = EXCLUDED.USERID, ADD_DATE = EXCLUDED.ADD_DATE, UPDATE_DATE = EXCLUDED.UPDATE_DATE;
/* ORIS:      3    Location: 5         Test Type: RATA       Test Num: 202102230957ADA       SQL Ord:    3 */ insert into camdecmpswks.PROTOCOL_GAS ( PROTOCOL_GAS_ID, TEST_SUM_ID, GAS_LEVEL_CD, GAS_TYPE_CD, VENDOR_ID, CYLINDER_ID, EXPIRATION_DATE, USERID, ADD_DATE, UPDATE_DATE ) values ( 'CHV-LGIANN-25D4299F5DD9431D8386554286911BF7', 'TWCORNEL5-9DA309122FDF43AEA058A20FC97F2711', 'LOW', 'ZERO', NULL, NULL, NULL, 'esupport', '2021-12-27 08:34:27', NULL ) on conflict (PROTOCOL_GAS_ID) do update set TEST_SUM_ID = EXCLUDED.TEST_SUM_ID, GAS_LEVEL_CD = EXCLUDED.GAS_LEVEL_CD, GAS_TYPE_CD = EXCLUDED.GAS_TYPE_CD, VENDOR_ID = EXCLUDED.VENDOR_ID, CYLINDER_ID = EXCLUDED.CYLINDER_ID, EXPIRATION_DATE = EXCLUDED.EXPIRATION_DATE, USERID = EXCLUDED.USERID, ADD_DATE = EXCLUDED.ADD_DATE, UPDATE_DATE = EXCLUDED.UPDATE_DATE;
/* ORIS:      3    Location: 5         Test Type: RATA       Test Num: 202102230957ADA       SQL Ord:    3 */ insert into camdecmpswks.PROTOCOL_GAS ( PROTOCOL_GAS_ID, TEST_SUM_ID, GAS_LEVEL_CD, GAS_TYPE_CD, VENDOR_ID, CYLINDER_ID, EXPIRATION_DATE, USERID, ADD_DATE, UPDATE_DATE ) values ( 'CHV-LGIANN-BF98B9AF54764D6EB3D1286D881D2EFF', 'TWCORNEL5-9DA309122FDF43AEA058A20FC97F2711', 'HIGH', 'NO,NOX,SO2,BALN', 'B22019', 'CC501645', '2023-08-23', 'esupport', '2021-12-27 08:34:27', NULL ) on conflict (PROTOCOL_GAS_ID) do update set TEST_SUM_ID = EXCLUDED.TEST_SUM_ID, GAS_LEVEL_CD = EXCLUDED.GAS_LEVEL_CD, GAS_TYPE_CD = EXCLUDED.GAS_TYPE_CD, VENDOR_ID = EXCLUDED.VENDOR_ID, CYLINDER_ID = EXCLUDED.CYLINDER_ID, EXPIRATION_DATE = EXCLUDED.EXPIRATION_DATE, USERID = EXCLUDED.USERID, ADD_DATE = EXCLUDED.ADD_DATE, UPDATE_DATE = EXCLUDED.UPDATE_DATE;
/* ORIS:      3    Location: 5         Test Type: RATA       Test Num: 202102230957ADA       SQL Ord:    3 */ insert into camdecmpswks.PROTOCOL_GAS ( PROTOCOL_GAS_ID, TEST_SUM_ID, GAS_LEVEL_CD, GAS_TYPE_CD, VENDOR_ID, CYLINDER_ID, EXPIRATION_DATE, USERID, ADD_DATE, UPDATE_DATE ) values ( 'CHV-LGIANN-F22B78AA9B924FFA99BA12B5BDF05E53', 'TWCORNEL5-9DA309122FDF43AEA058A20FC97F2711', 'MID', 'NO,NOX,SO2,BALN', 'B22019', 'CC273723', '2022-08-27', 'esupport', '2021-12-27 08:34:27', NULL ) on conflict (PROTOCOL_GAS_ID) do update set TEST_SUM_ID = EXCLUDED.TEST_SUM_ID, GAS_LEVEL_CD = EXCLUDED.GAS_LEVEL_CD, GAS_TYPE_CD = EXCLUDED.GAS_TYPE_CD, VENDOR_ID = EXCLUDED.VENDOR_ID, CYLINDER_ID = EXCLUDED.CYLINDER_ID, EXPIRATION_DATE = EXCLUDED.EXPIRATION_DATE, USERID = EXCLUDED.USERID, ADD_DATE = EXCLUDED.ADD_DATE, UPDATE_DATE = EXCLUDED.UPDATE_DATE;
/* ORIS:      3    Location: 5         Test Type: RATA       Test Num: 202102230957ADA       SQL Ord:    4 */ insert into camdecmpswks.AIR_EMISSION_TESTING ( AIR_EMISSION_TEST_ID, TEST_SUM_ID, QI_LAST_NAME, QI_FIRST_NAME, QI_MIDDLE_INITIAL, AETB_NAME, AETB_PHONE_NUMBER, AETB_EMAIL, EXAM_DATE, PROVIDER_NAME, PROVIDER_EMAIL, ADD_DATE, UPDATE_DATE, USERID ) values ( 'CHV-LGIANN-0C1764E091D0409EB65E85029101152E', 'TWCORNEL5-9DA309122FDF43AEA058A20FC97F2711', 'Chalk', 'Benjamin', 'A', 'Alabama Power Field Services Air Quality', '251-434-5528', 'bkchalk@southernco.com', '2017-07-19', 'Source Evaluation Society', 'qstiprogram@gmail.com', '2021-12-27 08:34:27', NULL, 'esupport' ) on conflict (AIR_EMISSION_TEST_ID) do update set TEST_SUM_ID = EXCLUDED.TEST_SUM_ID, QI_LAST_NAME = EXCLUDED.QI_LAST_NAME, QI_FIRST_NAME = EXCLUDED.QI_FIRST_NAME, QI_MIDDLE_INITIAL = EXCLUDED.QI_MIDDLE_INITIAL, AETB_NAME = EXCLUDED.AETB_NAME, AETB_PHONE_NUMBER = EXCLUDED.AETB_PHONE_NUMBER, AETB_EMAIL = EXCLUDED.AETB_EMAIL, EXAM_DATE = EXCLUDED.EXAM_DATE, PROVIDER_NAME = EXCLUDED.PROVIDER_NAME, PROVIDER_EMAIL = EXCLUDED.PROVIDER_EMAIL, ADD_DATE = EXCLUDED.ADD_DATE, UPDATE_DATE = EXCLUDED.UPDATE_DATE, USERID = EXCLUDED.USERID;
/* ORIS:      3    Location: 5         Test Type: RATA       Test Num: 202102230957ADA       SQL Ord:    6 */ insert into camdecmpswks.RATA ( RATA_ID, TEST_SUM_ID, RATA_FREQUENCY_CD, CALC_RATA_FREQUENCY_CD, RELATIVE_ACCURACY, CALC_RELATIVE_ACCURACY, OVERALL_BIAS_ADJ_FACTOR, CALC_OVERALL_BIAS_ADJ_FACTOR, NUM_LOAD_LEVEL, CALC_NUM_LOAD_LEVEL, USERID, ADD_DATE, UPDATE_DATE ) values ( 'CHV-LGIANN-2FC6F4B0CE3E4A0B80134227839D27BD', 'TWCORNEL5-9DA309122FDF43AEA058A20FC97F2711', '4QTRS', '4QTRS', 7.64, 7.64, 1.000, 1.000, 1, 1, 'esupport', '2021-12-27 08:34:27', '2021-12-27 08:34:50' ) on conflict (RATA_ID) do update set TEST_SUM_ID = EXCLUDED.TEST_SUM_ID, RATA_FREQUENCY_CD = EXCLUDED.RATA_FREQUENCY_CD, CALC_RATA_FREQUENCY_CD = EXCLUDED.CALC_RATA_FREQUENCY_CD, RELATIVE_ACCURACY = EXCLUDED.RELATIVE_ACCURACY, CALC_RELATIVE_ACCURACY = EXCLUDED.CALC_RELATIVE_ACCURACY, OVERALL_BIAS_ADJ_FACTOR = EXCLUDED.OVERALL_BIAS_ADJ_FACTOR, CALC_OVERALL_BIAS_ADJ_FACTOR = EXCLUDED.CALC_OVERALL_BIAS_ADJ_FACTOR, NUM_LOAD_LEVEL = EXCLUDED.NUM_LOAD_LEVEL, CALC_NUM_LOAD_LEVEL = EXCLUDED.CALC_NUM_LOAD_LEVEL, USERID = EXCLUDED.USERID, ADD_DATE = EXCLUDED.ADD_DATE, UPDATE_DATE = EXCLUDED.UPDATE_DATE;
/* ORIS:      3    Location: 5         Test Type: RATA       Test Num: 202102230957ADA       SQL Ord:    7 */ insert into camdecmpswks.RATA_SUMMARY ( RATA_SUM_ID, RATA_ID, RELATIVE_ACCURACY, CALC_RELATIVE_ACCURACY, BIAS_ADJ_FACTOR, CALC_BIAS_ADJ_FACTOR, MEAN_CEM_VALUE, CALC_MEAN_CEM_VALUE, MEAN_RATA_REF_VALUE, CALC_MEAN_RATA_REF_VALUE, OP_LEVEL_CD, MEAN_DIFF, CALC_MEAN_DIFF, DEFAULT_WAF, AVG_GROSS_UNIT_LOAD, CALC_AVG_GROSS_UNIT_LOAD, APS_IND, CALC_APS_IND, STND_DEV_DIFF, CALC_STND_DEV_DIFF, CONFIDENCE_COEF, CALC_CONFIDENCE_COEF, CO2_O2_REF_METHOD_CD, REF_METHOD_CD, T_VALUE, CALC_T_VALUE, STACK_DIAMETER, STACK_AREA, CALC_STACK_AREA, CALC_WAF, CALC_CALC_WAF, NUM_TRAVERSE_POINT, USERID, ADD_DATE, UPDATE_DATE, APS_CD ) values ( 'CHV-LGIANN-9FB629437BAC4823809885B4A3C5A8D4', 'CHV-LGIANN-2FC6F4B0CE3E4A0B80134227839D27BD', 7.64, 7.64, 1.000, 1.000, 8.49878, 8.49900, 8.11222, 8.11200, 'M', -0.38656, -0.38700, NULL, 599, 599, 1, 1, 0.30317, 0.30300, 0.23304, 0.23300, NULL, '6C', 2.306, 2.306, NULL, NULL, NULL, NULL, NULL, NULL, 'esupport', '2021-12-27 08:34:27', '2021-12-27 08:34:50', NULL ) on conflict (RATA_SUM_ID) do update set RATA_ID = EXCLUDED.RATA_ID, RELATIVE_ACCURACY = EXCLUDED.RELATIVE_ACCURACY, CALC_RELATIVE_ACCURACY = EXCLUDED.CALC_RELATIVE_ACCURACY, BIAS_ADJ_FACTOR = EXCLUDED.BIAS_ADJ_FACTOR, CALC_BIAS_ADJ_FACTOR = EXCLUDED.CALC_BIAS_ADJ_FACTOR, MEAN_CEM_VALUE = EXCLUDED.MEAN_CEM_VALUE, CALC_MEAN_CEM_VALUE = EXCLUDED.CALC_MEAN_CEM_VALUE, MEAN_RATA_REF_VALUE = EXCLUDED.MEAN_RATA_REF_VALUE, CALC_MEAN_RATA_REF_VALUE = EXCLUDED.CALC_MEAN_RATA_REF_VALUE, OP_LEVEL_CD = EXCLUDED.OP_LEVEL_CD, MEAN_DIFF = EXCLUDED.MEAN_DIFF, CALC_MEAN_DIFF = EXCLUDED.CALC_MEAN_DIFF, DEFAULT_WAF = EXCLUDED.DEFAULT_WAF, AVG_GROSS_UNIT_LOAD = EXCLUDED.AVG_GROSS_UNIT_LOAD, CALC_AVG_GROSS_UNIT_LOAD = EXCLUDED.CALC_AVG_GROSS_UNIT_LOAD, APS_IND = EXCLUDED.APS_IND, CALC_APS_IND = EXCLUDED.CALC_APS_IND, STND_DEV_DIFF = EXCLUDED.STND_DEV_DIFF, CALC_STND_DEV_DIFF = EXCLUDED.CALC_STND_DEV_DIFF, CONFIDENCE_COEF = EXCLUDED.CONFIDENCE_COEF, CALC_CONFIDENCE_COEF = EXCLUDED.CALC_CONFIDENCE_COEF, CO2_O2_REF_METHOD_CD = EXCLUDED.CO2_O2_REF_METHOD_CD, REF_METHOD_CD = EXCLUDED.REF_METHOD_CD, T_VALUE = EXCLUDED.T_VALUE, CALC_T_VALUE = EXCLUDED.CALC_T_VALUE, STACK_DIAMETER = EXCLUDED.STACK_DIAMETER, STACK_AREA = EXCLUDED.STACK_AREA, CALC_STACK_AREA = EXCLUDED.CALC_STACK_AREA, CALC_WAF = EXCLUDED.CALC_WAF, CALC_CALC_WAF = EXCLUDED.CALC_CALC_WAF, NUM_TRAVERSE_POINT = EXCLUDED.NUM_TRAVERSE_POINT, APS_CD = EXCLUDED.APS_CD, USERID = EXCLUDED.USERID, ADD_DATE = EXCLUDED.ADD_DATE, UPDATE_DATE = EXCLUDED.UPDATE_DATE;
/* ORIS:      3    Location: 5         Test Type: RATA       Test Num: 202102230957ADA       SQL Ord:    8 */ insert into camdecmpswks.RATA_RUN ( RATA_RUN_ID, RATA_SUM_ID, GROSS_UNIT_LOAD, RUN_NUM, CEM_VALUE, RATA_REF_VALUE, CALC_RATA_REF_VALUE, RUN_STATUS_CD, BEGIN_DATE, BEGIN_HOUR, BEGIN_MIN, END_DATE, END_HOUR, END_MIN, USERID, ADD_DATE, UPDATE_DATE ) values ( 'CHV-LGIANN-22FAD31D819445988F5F5116AB939DEE', 'CHV-LGIANN-9FB629437BAC4823809885B4A3C5A8D4', 599, 5, 8.80200, 8.59000, NULL, 'RUNUSED', '2021-02-23', 12, 11, '2021-02-23', 12, 32, 'esupport', '2021-12-27 08:34:27', NULL ) on conflict (RATA_RUN_ID) do update set RATA_SUM_ID = EXCLUDED.RATA_SUM_ID, GROSS_UNIT_LOAD = EXCLUDED.GROSS_UNIT_LOAD, RUN_NUM = EXCLUDED.RUN_NUM, CEM_VALUE = EXCLUDED.CEM_VALUE, RATA_REF_VALUE = EXCLUDED.RATA_REF_VALUE, CALC_RATA_REF_VALUE = EXCLUDED.CALC_RATA_REF_VALUE, RUN_STATUS_CD = EXCLUDED.RUN_STATUS_CD, BEGIN_DATE = EXCLUDED.BEGIN_DATE, BEGIN_HOUR = EXCLUDED.BEGIN_HOUR, BEGIN_MIN = EXCLUDED.BEGIN_MIN, END_DATE = EXCLUDED.END_DATE, END_HOUR = EXCLUDED.END_HOUR, END_MIN = EXCLUDED.END_MIN, USERID = EXCLUDED.USERID, ADD_DATE = EXCLUDED.ADD_DATE, UPDATE_DATE = EXCLUDED.UPDATE_DATE;
/* ORIS:      3    Location: 5         Test Type: RATA       Test Num: 202102230957ADA       SQL Ord:    8 */ insert into camdecmpswks.RATA_RUN ( RATA_RUN_ID, RATA_SUM_ID, GROSS_UNIT_LOAD, RUN_NUM, CEM_VALUE, RATA_REF_VALUE, CALC_RATA_REF_VALUE, RUN_STATUS_CD, BEGIN_DATE, BEGIN_HOUR, BEGIN_MIN, END_DATE, END_HOUR, END_MIN, USERID, ADD_DATE, UPDATE_DATE ) values ( 'CHV-LGIANN-3EA36AD1E4EC48A78503330E2CF06D77', 'CHV-LGIANN-9FB629437BAC4823809885B4A3C5A8D4', 599, 9, 8.90100, 8.88000, NULL, 'RUNUSED', '2021-02-23', 14, 17, '2021-02-23', 14, 38, 'esupport', '2021-12-27 08:34:27', NULL ) on conflict (RATA_RUN_ID) do update set RATA_SUM_ID = EXCLUDED.RATA_SUM_ID, GROSS_UNIT_LOAD = EXCLUDED.GROSS_UNIT_LOAD, RUN_NUM = EXCLUDED.RUN_NUM, CEM_VALUE = EXCLUDED.CEM_VALUE, RATA_REF_VALUE = EXCLUDED.RATA_REF_VALUE, CALC_RATA_REF_VALUE = EXCLUDED.CALC_RATA_REF_VALUE, RUN_STATUS_CD = EXCLUDED.RUN_STATUS_CD, BEGIN_DATE = EXCLUDED.BEGIN_DATE, BEGIN_HOUR = EXCLUDED.BEGIN_HOUR, BEGIN_MIN = EXCLUDED.BEGIN_MIN, END_DATE = EXCLUDED.END_DATE, END_HOUR = EXCLUDED.END_HOUR, END_MIN = EXCLUDED.END_MIN, USERID = EXCLUDED.USERID, ADD_DATE = EXCLUDED.ADD_DATE, UPDATE_DATE = EXCLUDED.UPDATE_DATE;
/* ORIS:      3    Location: 5         Test Type: RATA       Test Num: 202102230957ADA       SQL Ord:    8 */ insert into camdecmpswks.RATA_RUN ( RATA_RUN_ID, RATA_SUM_ID, GROSS_UNIT_LOAD, RUN_NUM, CEM_VALUE, RATA_REF_VALUE, CALC_RATA_REF_VALUE, RUN_STATUS_CD, BEGIN_DATE, BEGIN_HOUR, BEGIN_MIN, END_DATE, END_HOUR, END_MIN, USERID, ADD_DATE, UPDATE_DATE ) values ( 'CHV-LGIANN-72378055A56B46D5A86B6C8AE31458E4', 'CHV-LGIANN-9FB629437BAC4823809885B4A3C5A8D4', 599, 3, 7.84400, 7.19000, NULL, 'RUNUSED', '2021-02-23', 11, 6, '2021-02-23', 11, 27, 'esupport', '2021-12-27 08:34:27', NULL ) on conflict (RATA_RUN_ID) do update set RATA_SUM_ID = EXCLUDED.RATA_SUM_ID, GROSS_UNIT_LOAD = EXCLUDED.GROSS_UNIT_LOAD, RUN_NUM = EXCLUDED.RUN_NUM, CEM_VALUE = EXCLUDED.CEM_VALUE, RATA_REF_VALUE = EXCLUDED.RATA_REF_VALUE, CALC_RATA_REF_VALUE = EXCLUDED.CALC_RATA_REF_VALUE, RUN_STATUS_CD = EXCLUDED.RUN_STATUS_CD, BEGIN_DATE = EXCLUDED.BEGIN_DATE, BEGIN_HOUR = EXCLUDED.BEGIN_HOUR, BEGIN_MIN = EXCLUDED.BEGIN_MIN, END_DATE = EXCLUDED.END_DATE, END_HOUR = EXCLUDED.END_HOUR, END_MIN = EXCLUDED.END_MIN, USERID = EXCLUDED.USERID, ADD_DATE = EXCLUDED.ADD_DATE, UPDATE_DATE = EXCLUDED.UPDATE_DATE;
/* ORIS:      3    Location: 5         Test Type: RATA       Test Num: 202102230957ADA       SQL Ord:    8 */ insert into camdecmpswks.RATA_RUN ( RATA_RUN_ID, RATA_SUM_ID, GROSS_UNIT_LOAD, RUN_NUM, CEM_VALUE, RATA_REF_VALUE, CALC_RATA_REF_VALUE, RUN_STATUS_CD, BEGIN_DATE, BEGIN_HOUR, BEGIN_MIN, END_DATE, END_HOUR, END_MIN, USERID, ADD_DATE, UPDATE_DATE ) values ( 'CHV-LGIANN-91CEA71A7EA04359B5EBB6DCC5AA7446', 'CHV-LGIANN-9FB629437BAC4823809885B4A3C5A8D4', 599, 2, 7.41900, 6.51000, NULL, 'RUNUSED', '2021-02-23', 10, 31, '2021-02-23', 10, 52, 'esupport', '2021-12-27 08:34:27', NULL ) on conflict (RATA_RUN_ID) do update set RATA_SUM_ID = EXCLUDED.RATA_SUM_ID, GROSS_UNIT_LOAD = EXCLUDED.GROSS_UNIT_LOAD, RUN_NUM = EXCLUDED.RUN_NUM, CEM_VALUE = EXCLUDED.CEM_VALUE, RATA_REF_VALUE = EXCLUDED.RATA_REF_VALUE, CALC_RATA_REF_VALUE = EXCLUDED.CALC_RATA_REF_VALUE, RUN_STATUS_CD = EXCLUDED.RUN_STATUS_CD, BEGIN_DATE = EXCLUDED.BEGIN_DATE, BEGIN_HOUR = EXCLUDED.BEGIN_HOUR, BEGIN_MIN = EXCLUDED.BEGIN_MIN, END_DATE = EXCLUDED.END_DATE, END_HOUR = EXCLUDED.END_HOUR, END_MIN = EXCLUDED.END_MIN, USERID = EXCLUDED.USERID, ADD_DATE = EXCLUDED.ADD_DATE, UPDATE_DATE = EXCLUDED.UPDATE_DATE;
/* ORIS:      3    Location: 5         Test Type: RATA       Test Num: 202102230957ADA       SQL Ord:    8 */ insert into camdecmpswks.RATA_RUN ( RATA_RUN_ID, RATA_SUM_ID, GROSS_UNIT_LOAD, RUN_NUM, CEM_VALUE, RATA_REF_VALUE, CALC_RATA_REF_VALUE, RUN_STATUS_CD, BEGIN_DATE, BEGIN_HOUR, BEGIN_MIN, END_DATE, END_HOUR, END_MIN, USERID, ADD_DATE, UPDATE_DATE ) values ( 'CHV-LGIANN-A7EB998EE8704EC184C02B76E1E5E879', 'CHV-LGIANN-9FB629437BAC4823809885B4A3C5A8D4', 599, 6, 9.28900, 9.20000, NULL, 'RUNUSED', '2021-02-23', 12, 44, '2021-02-23', 13, 5, 'esupport', '2021-12-27 08:34:27', NULL ) on conflict (RATA_RUN_ID) do update set RATA_SUM_ID = EXCLUDED.RATA_SUM_ID, GROSS_UNIT_LOAD = EXCLUDED.GROSS_UNIT_LOAD, RUN_NUM = EXCLUDED.RUN_NUM, CEM_VALUE = EXCLUDED.CEM_VALUE, RATA_REF_VALUE = EXCLUDED.RATA_REF_VALUE, CALC_RATA_REF_VALUE = EXCLUDED.CALC_RATA_REF_VALUE, RUN_STATUS_CD = EXCLUDED.RUN_STATUS_CD, BEGIN_DATE = EXCLUDED.BEGIN_DATE, BEGIN_HOUR = EXCLUDED.BEGIN_HOUR, BEGIN_MIN = EXCLUDED.BEGIN_MIN, END_DATE = EXCLUDED.END_DATE, END_HOUR = EXCLUDED.END_HOUR, END_MIN = EXCLUDED.END_MIN, USERID = EXCLUDED.USERID, ADD_DATE = EXCLUDED.ADD_DATE, UPDATE_DATE = EXCLUDED.UPDATE_DATE;
/* ORIS:      3    Location: 5         Test Type: RATA       Test Num: 202102230957ADA       SQL Ord:    8 */ insert into camdecmpswks.RATA_RUN ( RATA_RUN_ID, RATA_SUM_ID, GROSS_UNIT_LOAD, RUN_NUM, CEM_VALUE, RATA_REF_VALUE, CALC_RATA_REF_VALUE, RUN_STATUS_CD, BEGIN_DATE, BEGIN_HOUR, BEGIN_MIN, END_DATE, END_HOUR, END_MIN, USERID, ADD_DATE, UPDATE_DATE ) values ( 'CHV-LGIANN-A9A01A70E6094444A03CC5E4F6058B4E', 'CHV-LGIANN-9FB629437BAC4823809885B4A3C5A8D4', 599, 7, 9.53400, 9.26000, NULL, 'RUNUSED', '2021-02-23', 13, 15, '2021-02-23', 13, 36, 'esupport', '2021-12-27 08:34:27', NULL ) on conflict (RATA_RUN_ID) do update set RATA_SUM_ID = EXCLUDED.RATA_SUM_ID, GROSS_UNIT_LOAD = EXCLUDED.GROSS_UNIT_LOAD, RUN_NUM = EXCLUDED.RUN_NUM, CEM_VALUE = EXCLUDED.CEM_VALUE, RATA_REF_VALUE = EXCLUDED.RATA_REF_VALUE, CALC_RATA_REF_VALUE = EXCLUDED.CALC_RATA_REF_VALUE, RUN_STATUS_CD = EXCLUDED.RUN_STATUS_CD, BEGIN_DATE = EXCLUDED.BEGIN_DATE, BEGIN_HOUR = EXCLUDED.BEGIN_HOUR, BEGIN_MIN = EXCLUDED.BEGIN_MIN, END_DATE = EXCLUDED.END_DATE, END_HOUR = EXCLUDED.END_HOUR, END_MIN = EXCLUDED.END_MIN, USERID = EXCLUDED.USERID, ADD_DATE = EXCLUDED.ADD_DATE, UPDATE_DATE = EXCLUDED.UPDATE_DATE;
/* ORIS:      3    Location: 5         Test Type: RATA       Test Num: 202102230957ADA       SQL Ord:    8 */ insert into camdecmpswks.RATA_RUN ( RATA_RUN_ID, RATA_SUM_ID, GROSS_UNIT_LOAD, RUN_NUM, CEM_VALUE, RATA_REF_VALUE, CALC_RATA_REF_VALUE, RUN_STATUS_CD, BEGIN_DATE, BEGIN_HOUR, BEGIN_MIN, END_DATE, END_HOUR, END_MIN, USERID, ADD_DATE, UPDATE_DATE ) values ( 'CHV-LGIANN-D16E833E7C894FB4B228193456EEFA30', 'CHV-LGIANN-9FB629437BAC4823809885B4A3C5A8D4', 599, 4, 8.45200, 8.12000, NULL, 'RUNUSED', '2021-02-23', 11, 39, '2021-02-23', 12, 0, 'esupport', '2021-12-27 08:34:27', NULL ) on conflict (RATA_RUN_ID) do update set RATA_SUM_ID = EXCLUDED.RATA_SUM_ID, GROSS_UNIT_LOAD = EXCLUDED.GROSS_UNIT_LOAD, RUN_NUM = EXCLUDED.RUN_NUM, CEM_VALUE = EXCLUDED.CEM_VALUE, RATA_REF_VALUE = EXCLUDED.RATA_REF_VALUE, CALC_RATA_REF_VALUE = EXCLUDED.CALC_RATA_REF_VALUE, RUN_STATUS_CD = EXCLUDED.RUN_STATUS_CD, BEGIN_DATE = EXCLUDED.BEGIN_DATE, BEGIN_HOUR = EXCLUDED.BEGIN_HOUR, BEGIN_MIN = EXCLUDED.BEGIN_MIN, END_DATE = EXCLUDED.END_DATE, END_HOUR = EXCLUDED.END_HOUR, END_MIN = EXCLUDED.END_MIN, USERID = EXCLUDED.USERID, ADD_DATE = EXCLUDED.ADD_DATE, UPDATE_DATE = EXCLUDED.UPDATE_DATE;
/* ORIS:      3    Location: 5         Test Type: RATA       Test Num: 202102230957ADA       SQL Ord:    8 */ insert into camdecmpswks.RATA_RUN ( RATA_RUN_ID, RATA_SUM_ID, GROSS_UNIT_LOAD, RUN_NUM, CEM_VALUE, RATA_REF_VALUE, CALC_RATA_REF_VALUE, RUN_STATUS_CD, BEGIN_DATE, BEGIN_HOUR, BEGIN_MIN, END_DATE, END_HOUR, END_MIN, USERID, ADD_DATE, UPDATE_DATE ) values ( 'CHV-LGIANN-DF6C89DBBF574763B07C4901DB6CD07F', 'CHV-LGIANN-9FB629437BAC4823809885B4A3C5A8D4', 599, 8, 8.54100, 8.27000, NULL, 'RUNUSED', '2021-02-23', 13, 46, '2021-02-23', 14, 7, 'esupport', '2021-12-27 08:34:27', NULL ) on conflict (RATA_RUN_ID) do update set RATA_SUM_ID = EXCLUDED.RATA_SUM_ID, GROSS_UNIT_LOAD = EXCLUDED.GROSS_UNIT_LOAD, RUN_NUM = EXCLUDED.RUN_NUM, CEM_VALUE = EXCLUDED.CEM_VALUE, RATA_REF_VALUE = EXCLUDED.RATA_REF_VALUE, CALC_RATA_REF_VALUE = EXCLUDED.CALC_RATA_REF_VALUE, RUN_STATUS_CD = EXCLUDED.RUN_STATUS_CD, BEGIN_DATE = EXCLUDED.BEGIN_DATE, BEGIN_HOUR = EXCLUDED.BEGIN_HOUR, BEGIN_MIN = EXCLUDED.BEGIN_MIN, END_DATE = EXCLUDED.END_DATE, END_HOUR = EXCLUDED.END_HOUR, END_MIN = EXCLUDED.END_MIN, USERID = EXCLUDED.USERID, ADD_DATE = EXCLUDED.ADD_DATE, UPDATE_DATE = EXCLUDED.UPDATE_DATE;
/* ORIS:      3    Location: 5         Test Type: RATA       Test Num: 202102230957ADA       SQL Ord:    8 */ insert into camdecmpswks.RATA_RUN ( RATA_RUN_ID, RATA_SUM_ID, GROSS_UNIT_LOAD, RUN_NUM, CEM_VALUE, RATA_REF_VALUE, CALC_RATA_REF_VALUE, RUN_STATUS_CD, BEGIN_DATE, BEGIN_HOUR, BEGIN_MIN, END_DATE, END_HOUR, END_MIN, USERID, ADD_DATE, UPDATE_DATE ) values ( 'CHV-LGIANN-FCE9BE8556E941779A8CC1E5C7535B3F', 'CHV-LGIANN-9FB629437BAC4823809885B4A3C5A8D4', 599, 1, 7.70700, 6.99000, NULL, 'RUNUSED', '2021-02-23', 9, 57, '2021-02-23', 10, 18, 'esupport', '2021-12-27 08:34:27', NULL ) on conflict (RATA_RUN_ID) do update set RATA_SUM_ID = EXCLUDED.RATA_SUM_ID, GROSS_UNIT_LOAD = EXCLUDED.GROSS_UNIT_LOAD, RUN_NUM = EXCLUDED.RUN_NUM, CEM_VALUE = EXCLUDED.CEM_VALUE, RATA_REF_VALUE = EXCLUDED.RATA_REF_VALUE, CALC_RATA_REF_VALUE = EXCLUDED.CALC_RATA_REF_VALUE, RUN_STATUS_CD = EXCLUDED.RUN_STATUS_CD, BEGIN_DATE = EXCLUDED.BEGIN_DATE, BEGIN_HOUR = EXCLUDED.BEGIN_HOUR, BEGIN_MIN = EXCLUDED.BEGIN_MIN, END_DATE = EXCLUDED.END_DATE, END_HOUR = EXCLUDED.END_HOUR, END_MIN = EXCLUDED.END_MIN, USERID = EXCLUDED.USERID, ADD_DATE = EXCLUDED.ADD_DATE, UPDATE_DATE = EXCLUDED.UPDATE_DATE;
/* ORIS:  56476    Location: GT1       Test Type: OTHER      Test Num: GT1-VT001           SQL Ord:    1 */ delete from camdecmpswks.TEST_SUMMARY where TEST_SUM_ID = 'LTGO295726-75DCE01EB6B94A32A7FAE2C1CBD9E552';
/* ORIS:  56476    Location: GT1       Test Type: OTHER      Test Num: GT1-VT001           SQL Ord:    2 */ insert into camdecmpswks.TEST_SUMMARY ( TEST_SUM_ID, MON_LOC_ID, TEST_TYPE_CD, TEST_NUM, MON_SYS_ID, COMPONENT_ID, GP_IND, TEST_REASON_CD, TEST_RESULT_CD, RPT_PERIOD_ID, BEGIN_DATE, BEGIN_HOUR, BEGIN_MIN, END_DATE, END_HOUR, END_MIN, SPAN_SCALE_CD, INJECTION_PROTOCOL_CD, TEST_COMMENT, TEST_DESCRIPTION, CALC_GP_IND, CALC_TEST_RESULT_CD, CALC_SPAN_VALUE, LAST_UPDATED, UPDATED_STATUS_FLG, NEEDS_EVAL_FLG, CHK_SESSION_ID, USERID, ADD_DATE, UPDATE_DATE ) values ( 'LTGO295726-75DCE01EB6B94A32A7FAE2C1CBD9E552', '6232', 'OTHER', 'GT1-VT001', NULL, 'CAMD-F5BB721F22FD422396CE7E0BFF8D1FCE', 0, 'INITIAL', NULL, NULL, NULL, NULL, NULL, '2009-01-30', 17, 0, NULL, NULL, 'Full Visual Inspection', 'VENTURI INSPECTION', NULL, NULL, NULL, '2021-12-27 07:53:43', 'Y', 'N', 'CHV-LGIANN-4E4767AA8C9740BFAD6B4FA1AF296EB2', 'esupport', '2009-04-08 16:37:28', '2021-12-27 07:53:43' ) on conflict (TEST_SUM_ID) do update set MON_LOC_ID = EXCLUDED.MON_LOC_ID, TEST_TYPE_CD = EXCLUDED.TEST_TYPE_CD, TEST_NUM = EXCLUDED.TEST_NUM, MON_SYS_ID = EXCLUDED.MON_SYS_ID, COMPONENT_ID = EXCLUDED.COMPONENT_ID, GP_IND = EXCLUDED.GP_IND, TEST_REASON_CD = EXCLUDED.TEST_REASON_CD, TEST_RESULT_CD = EXCLUDED.TEST_RESULT_CD, RPT_PERIOD_ID = EXCLUDED.RPT_PERIOD_ID, BEGIN_DATE = EXCLUDED.BEGIN_DATE, BEGIN_HOUR = EXCLUDED.BEGIN_HOUR, BEGIN_MIN = EXCLUDED.BEGIN_MIN, END_DATE = EXCLUDED.END_DATE, END_HOUR = EXCLUDED.END_HOUR, END_MIN = EXCLUDED.END_MIN, SPAN_SCALE_CD = EXCLUDED.SPAN_SCALE_CD, INJECTION_PROTOCOL_CD = EXCLUDED.INJECTION_PROTOCOL_CD, TEST_COMMENT = EXCLUDED.TEST_COMMENT, TEST_DESCRIPTION = EXCLUDED.TEST_DESCRIPTION, CALC_GP_IND = EXCLUDED.CALC_GP_IND, CALC_TEST_RESULT_CD = EXCLUDED.CALC_TEST_RESULT_CD, CALC_SPAN_VALUE = EXCLUDED.CALC_SPAN_VALUE, LAST_UPDATED = EXCLUDED.LAST_UPDATED, UPDATED_STATUS_FLG = EXCLUDED.UPDATED_STATUS_FLG, NEEDS_EVAL_FLG = EXCLUDED.NEEDS_EVAL_FLG, CHK_SESSION_ID = EXCLUDED.CHK_SESSION_ID, USERID = EXCLUDED.USERID, ADD_DATE = EXCLUDED.ADD_DATE, UPDATE_DATE = EXCLUDED.UPDATE_DATE;