/* ORIS:      3    Location: 6A        Test Type: LINE       Test Num: 20210419084622CD1     SQL Ord:    1 */ delete from camdecmpswks.TEST_SUMMARY where TEST_SUM_ID = 'TWCORNEL5-BE6DED44FBE145D6B3CF0E9BB40CAD46';
/* ORIS:      3    Location: 6A        Test Type: LINE       Test Num: 20210419084622CD1     SQL Ord:    2 */ insert into camdecmpswks.TEST_SUMMARY ( TEST_SUM_ID, MON_LOC_ID, TEST_TYPE_CD, TEST_NUM, MON_SYS_ID, COMPONENT_ID, GP_IND, TEST_REASON_CD, TEST_RESULT_CD, RPT_PERIOD_ID, BEGIN_DATE, BEGIN_HOUR, BEGIN_MIN, END_DATE, END_HOUR, END_MIN, SPAN_SCALE_CD, INJECTION_PROTOCOL_CD, TEST_COMMENT, TEST_DESCRIPTION, CALC_GP_IND, CALC_TEST_RESULT_CD, CALC_SPAN_VALUE, LAST_UPDATED, UPDATED_STATUS_FLG, NEEDS_EVAL_FLG, CHK_SESSION_ID, USERID, ADD_DATE, UPDATE_DATE ) values ( 'TWCORNEL5-BE6DED44FBE145D6B3CF0E9BB40CAD46', '2706', 'LINE', '20210419084622CD1', NULL, 'TWCORNEL5-034E6D23B21A441EBB4BD52FF0F1139B', 0, 'QA', 'PASSED', NULL, '2021-04-19', 8, 53, '2021-04-19', 9, 42, 'H', NULL, NULL, NULL, NULL, NULL, 10.000, '2021-12-30 14:26:25', 'Y', 'N', 'CHV-SABER-FEBF9635CC2448F382B06CF434AE4E6B', 'bvick', '2021-04-21 15:56:03', '2021-12-30 14:27:49' ) on conflict (TEST_SUM_ID) do update set MON_LOC_ID = EXCLUDED.MON_LOC_ID, TEST_TYPE_CD = EXCLUDED.TEST_TYPE_CD, TEST_NUM = EXCLUDED.TEST_NUM, MON_SYS_ID = EXCLUDED.MON_SYS_ID, COMPONENT_ID = EXCLUDED.COMPONENT_ID, GP_IND = EXCLUDED.GP_IND, TEST_REASON_CD = EXCLUDED.TEST_REASON_CD, TEST_RESULT_CD = EXCLUDED.TEST_RESULT_CD, RPT_PERIOD_ID = EXCLUDED.RPT_PERIOD_ID, BEGIN_DATE = EXCLUDED.BEGIN_DATE, BEGIN_HOUR = EXCLUDED.BEGIN_HOUR, BEGIN_MIN = EXCLUDED.BEGIN_MIN, END_DATE = EXCLUDED.END_DATE, END_HOUR = EXCLUDED.END_HOUR, END_MIN = EXCLUDED.END_MIN, SPAN_SCALE_CD = EXCLUDED.SPAN_SCALE_CD, INJECTION_PROTOCOL_CD = EXCLUDED.INJECTION_PROTOCOL_CD, TEST_COMMENT = EXCLUDED.TEST_COMMENT, TEST_DESCRIPTION = EXCLUDED.TEST_DESCRIPTION, CALC_GP_IND = EXCLUDED.CALC_GP_IND, CALC_TEST_RESULT_CD = EXCLUDED.CALC_TEST_RESULT_CD, CALC_SPAN_VALUE = EXCLUDED.CALC_SPAN_VALUE, LAST_UPDATED = EXCLUDED.LAST_UPDATED, UPDATED_STATUS_FLG = EXCLUDED.UPDATED_STATUS_FLG, NEEDS_EVAL_FLG = EXCLUDED.NEEDS_EVAL_FLG, CHK_SESSION_ID = EXCLUDED.CHK_SESSION_ID, USERID = EXCLUDED.USERID, ADD_DATE = EXCLUDED.ADD_DATE, UPDATE_DATE = EXCLUDED.UPDATE_DATE;
/* ORIS:      3    Location: 6A        Test Type: LINE       Test Num: 20210419084622CD1     SQL Ord:    3 */ insert into camdecmpswks.PROTOCOL_GAS ( PROTOCOL_GAS_ID, TEST_SUM_ID, GAS_LEVEL_CD, GAS_TYPE_CD, VENDOR_ID, CYLINDER_ID, EXPIRATION_DATE, USERID, ADD_DATE, UPDATE_DATE ) values ( 'CHV-SABER-5D020B7B47BB4BC08A65CC1FF6610B7B', 'TWCORNEL5-BE6DED44FBE145D6B3CF0E9BB40CAD46', 'HIGH', 'AIR', NULL, NULL, NULL, 'bvick', '2021-12-30 14:26:25', NULL ) on conflict (PROTOCOL_GAS_ID) do update set TEST_SUM_ID = EXCLUDED.TEST_SUM_ID, GAS_LEVEL_CD = EXCLUDED.GAS_LEVEL_CD, GAS_TYPE_CD = EXCLUDED.GAS_TYPE_CD, VENDOR_ID = EXCLUDED.VENDOR_ID, CYLINDER_ID = EXCLUDED.CYLINDER_ID, EXPIRATION_DATE = EXCLUDED.EXPIRATION_DATE, USERID = EXCLUDED.USERID, ADD_DATE = EXCLUDED.ADD_DATE, UPDATE_DATE = EXCLUDED.UPDATE_DATE;
/* ORIS:      3    Location: 6A        Test Type: LINE       Test Num: 20210419084622CD1     SQL Ord:    3 */ insert into camdecmpswks.PROTOCOL_GAS ( PROTOCOL_GAS_ID, TEST_SUM_ID, GAS_LEVEL_CD, GAS_TYPE_CD, VENDOR_ID, CYLINDER_ID, EXPIRATION_DATE, USERID, ADD_DATE, UPDATE_DATE ) values ( 'TWCORNEL5-17C1E4D340DE4E4BB6D6EDB677798E0B', 'TWCORNEL5-BE6DED44FBE145D6B3CF0E9BB40CAD46', 'MID', 'CO2,BALN', 'B22020', 'CC185724', '2028-09-15', 'bvick', '2021-04-21 15:56:03', NULL ) on conflict (PROTOCOL_GAS_ID) do update set TEST_SUM_ID = EXCLUDED.TEST_SUM_ID, GAS_LEVEL_CD = EXCLUDED.GAS_LEVEL_CD, GAS_TYPE_CD = EXCLUDED.GAS_TYPE_CD, VENDOR_ID = EXCLUDED.VENDOR_ID, CYLINDER_ID = EXCLUDED.CYLINDER_ID, EXPIRATION_DATE = EXCLUDED.EXPIRATION_DATE, USERID = EXCLUDED.USERID, ADD_DATE = EXCLUDED.ADD_DATE, UPDATE_DATE = EXCLUDED.UPDATE_DATE;
/* ORIS:      3    Location: 6A        Test Type: LINE       Test Num: 20210419084622CD1     SQL Ord:    3 */ insert into camdecmpswks.PROTOCOL_GAS ( PROTOCOL_GAS_ID, TEST_SUM_ID, GAS_LEVEL_CD, GAS_TYPE_CD, VENDOR_ID, CYLINDER_ID, EXPIRATION_DATE, USERID, ADD_DATE, UPDATE_DATE ) values ( 'TWCORNEL5-37D61E83A10C416DB2FC7415134C1132', 'TWCORNEL5-BE6DED44FBE145D6B3CF0E9BB40CAD46', 'HIGH', 'BALN,CO2,NO,NOX', 'B22019', 'CC44728', '2027-11-15', 'bvick', '2021-04-21 15:56:03', '2021-12-30 14:23:50' ) on conflict (PROTOCOL_GAS_ID) do update set TEST_SUM_ID = EXCLUDED.TEST_SUM_ID, GAS_LEVEL_CD = EXCLUDED.GAS_LEVEL_CD, GAS_TYPE_CD = EXCLUDED.GAS_TYPE_CD, VENDOR_ID = EXCLUDED.VENDOR_ID, CYLINDER_ID = EXCLUDED.CYLINDER_ID, EXPIRATION_DATE = EXCLUDED.EXPIRATION_DATE, USERID = EXCLUDED.USERID, ADD_DATE = EXCLUDED.ADD_DATE, UPDATE_DATE = EXCLUDED.UPDATE_DATE;
/* ORIS:      3    Location: 6A        Test Type: LINE       Test Num: 20210419084622CD1     SQL Ord:    3 */ insert into camdecmpswks.PROTOCOL_GAS ( PROTOCOL_GAS_ID, TEST_SUM_ID, GAS_LEVEL_CD, GAS_TYPE_CD, VENDOR_ID, CYLINDER_ID, EXPIRATION_DATE, USERID, ADD_DATE, UPDATE_DATE ) values ( 'TWCORNEL5-CBACB2E9ED314BC38338E04AFC80C0F5', 'TWCORNEL5-BE6DED44FBE145D6B3CF0E9BB40CAD46', 'LOW', 'CO2,NO,NOX,BALN', 'B22018', 'CC416704', '2026-10-08', 'bvick', '2021-04-21 15:56:03', NULL ) on conflict (PROTOCOL_GAS_ID) do update set TEST_SUM_ID = EXCLUDED.TEST_SUM_ID, GAS_LEVEL_CD = EXCLUDED.GAS_LEVEL_CD, GAS_TYPE_CD = EXCLUDED.GAS_TYPE_CD, VENDOR_ID = EXCLUDED.VENDOR_ID, CYLINDER_ID = EXCLUDED.CYLINDER_ID, EXPIRATION_DATE = EXCLUDED.EXPIRATION_DATE, USERID = EXCLUDED.USERID, ADD_DATE = EXCLUDED.ADD_DATE, UPDATE_DATE = EXCLUDED.UPDATE_DATE;
/* ORIS:      3    Location: 6A        Test Type: LINE       Test Num: 20210419084622CD1     SQL Ord:    6 */ insert into camdecmpswks.LINEARITY_SUMMARY ( LIN_SUM_ID, TEST_SUM_ID, MEAN_REF_VALUE, MEAN_MEASURED_VALUE, PERCENT_ERROR, APS_IND, GAS_LEVEL_CD, CALC_MEAN_REF_VALUE, CALC_MEAN_MEASURED_VALUE, CALC_PERCENT_ERROR, CALC_APS_IND, USERID, ADD_DATE, UPDATE_DATE ) values ( 'TWCORNEL5-7B29A3D84AEF42F1962E8D50C8CDCB6B', 'TWCORNEL5-BE6DED44FBE145D6B3CF0E9BB40CAD46', 2.430, 2.500, 2.9, 0, 'LOW', 2.430, 2.500, 2.9, 0, 'bvick', '2021-04-21 15:56:03', '2021-12-30 14:27:49' ) on conflict (LIN_SUM_ID) do update set TEST_SUM_ID = EXCLUDED.TEST_SUM_ID, MEAN_REF_VALUE = EXCLUDED.MEAN_REF_VALUE, MEAN_MEASURED_VALUE = EXCLUDED.MEAN_MEASURED_VALUE, PERCENT_ERROR = EXCLUDED.PERCENT_ERROR, APS_IND = EXCLUDED.APS_IND, GAS_LEVEL_CD = EXCLUDED.GAS_LEVEL_CD, CALC_MEAN_REF_VALUE = EXCLUDED.CALC_MEAN_REF_VALUE, CALC_MEAN_MEASURED_VALUE = EXCLUDED.CALC_MEAN_MEASURED_VALUE, CALC_PERCENT_ERROR = EXCLUDED.CALC_PERCENT_ERROR, CALC_APS_IND = EXCLUDED.CALC_APS_IND, USERID = EXCLUDED.USERID, ADD_DATE = EXCLUDED.ADD_DATE, UPDATE_DATE = EXCLUDED.UPDATE_DATE;
/* ORIS:      3    Location: 6A        Test Type: LINE       Test Num: 20210419084622CD1     SQL Ord:    6 */ insert into camdecmpswks.LINEARITY_SUMMARY ( LIN_SUM_ID, TEST_SUM_ID, MEAN_REF_VALUE, MEAN_MEASURED_VALUE, PERCENT_ERROR, APS_IND, GAS_LEVEL_CD, CALC_MEAN_REF_VALUE, CALC_MEAN_MEASURED_VALUE, CALC_PERCENT_ERROR, CALC_APS_IND, USERID, ADD_DATE, UPDATE_DATE ) values ( 'TWCORNEL5-D47A740C09044AF1AEEF4D5FA908C2AF', 'TWCORNEL5-BE6DED44FBE145D6B3CF0E9BB40CAD46', 5.490, 5.467, 0.4, 0, 'MID', 5.490, 5.467, 0.4, 0, 'bvick', '2021-04-21 15:56:03', '2021-12-30 14:27:49' ) on conflict (LIN_SUM_ID) do update set TEST_SUM_ID = EXCLUDED.TEST_SUM_ID, MEAN_REF_VALUE = EXCLUDED.MEAN_REF_VALUE, MEAN_MEASURED_VALUE = EXCLUDED.MEAN_MEASURED_VALUE, PERCENT_ERROR = EXCLUDED.PERCENT_ERROR, APS_IND = EXCLUDED.APS_IND, GAS_LEVEL_CD = EXCLUDED.GAS_LEVEL_CD, CALC_MEAN_REF_VALUE = EXCLUDED.CALC_MEAN_REF_VALUE, CALC_MEAN_MEASURED_VALUE = EXCLUDED.CALC_MEAN_MEASURED_VALUE, CALC_PERCENT_ERROR = EXCLUDED.CALC_PERCENT_ERROR, CALC_APS_IND = EXCLUDED.CALC_APS_IND, USERID = EXCLUDED.USERID, ADD_DATE = EXCLUDED.ADD_DATE, UPDATE_DATE = EXCLUDED.UPDATE_DATE;
/* ORIS:      3    Location: 6A        Test Type: LINE       Test Num: 20210419084622CD1     SQL Ord:    6 */ insert into camdecmpswks.LINEARITY_SUMMARY ( LIN_SUM_ID, TEST_SUM_ID, MEAN_REF_VALUE, MEAN_MEASURED_VALUE, PERCENT_ERROR, APS_IND, GAS_LEVEL_CD, CALC_MEAN_REF_VALUE, CALC_MEAN_MEASURED_VALUE, CALC_PERCENT_ERROR, CALC_APS_IND, USERID, ADD_DATE, UPDATE_DATE ) values ( 'TWCORNEL5-EBF03D8CA433463997179FC5871E3834', 'TWCORNEL5-BE6DED44FBE145D6B3CF0E9BB40CAD46', 8.980, 8.967, 0.1, 0, 'HIGH', 8.980, 8.967, 0.1, 0, 'bvick', '2021-04-21 15:56:03', '2021-12-30 14:27:49' ) on conflict (LIN_SUM_ID) do update set TEST_SUM_ID = EXCLUDED.TEST_SUM_ID, MEAN_REF_VALUE = EXCLUDED.MEAN_REF_VALUE, MEAN_MEASURED_VALUE = EXCLUDED.MEAN_MEASURED_VALUE, PERCENT_ERROR = EXCLUDED.PERCENT_ERROR, APS_IND = EXCLUDED.APS_IND, GAS_LEVEL_CD = EXCLUDED.GAS_LEVEL_CD, CALC_MEAN_REF_VALUE = EXCLUDED.CALC_MEAN_REF_VALUE, CALC_MEAN_MEASURED_VALUE = EXCLUDED.CALC_MEAN_MEASURED_VALUE, CALC_PERCENT_ERROR = EXCLUDED.CALC_PERCENT_ERROR, CALC_APS_IND = EXCLUDED.CALC_APS_IND, USERID = EXCLUDED.USERID, ADD_DATE = EXCLUDED.ADD_DATE, UPDATE_DATE = EXCLUDED.UPDATE_DATE;
/* ORIS:      3    Location: 6A        Test Type: LINE       Test Num: 20210419084622CD1     SQL Ord:    7 */ insert into camdecmpswks.LINEARITY_INJECTION ( LIN_INJ_ID, LIN_SUM_ID, INJECTION_DATE, INJECTION_HOUR, INJECTION_MIN, MEASURED_VALUE, REF_VALUE, USERID, ADD_DATE, UPDATE_DATE ) values ( 'TWCORNEL5-086A394ADB064965B5AAFD534805EE8C', 'TWCORNEL5-EBF03D8CA433463997179FC5871E3834', '2021-04-19', 9, 42, 9.000, 8.980, 'bvick', '2021-04-21 15:56:03', NULL ) on conflict (LIN_INJ_ID) do update set LIN_SUM_ID = EXCLUDED.LIN_SUM_ID, INJECTION_DATE = EXCLUDED.INJECTION_DATE, INJECTION_HOUR = EXCLUDED.INJECTION_HOUR, INJECTION_MIN = EXCLUDED.INJECTION_MIN, MEASURED_VALUE = EXCLUDED.MEASURED_VALUE, REF_VALUE = EXCLUDED.REF_VALUE, USERID = EXCLUDED.USERID, ADD_DATE = EXCLUDED.ADD_DATE, UPDATE_DATE = EXCLUDED.UPDATE_DATE;
/* ORIS:      3    Location: 6A        Test Type: LINE       Test Num: 20210419084622CD1     SQL Ord:    7 */ insert into camdecmpswks.LINEARITY_INJECTION ( LIN_INJ_ID, LIN_SUM_ID, INJECTION_DATE, INJECTION_HOUR, INJECTION_MIN, MEASURED_VALUE, REF_VALUE, USERID, ADD_DATE, UPDATE_DATE ) values ( 'TWCORNEL5-314D122F5A5E4DF1B27AC0D99ED36185', 'TWCORNEL5-7B29A3D84AEF42F1962E8D50C8CDCB6B', '2021-04-19', 8, 53, 2.500, 2.430, 'bvick', '2021-04-21 15:56:03', NULL ) on conflict (LIN_INJ_ID) do update set LIN_SUM_ID = EXCLUDED.LIN_SUM_ID, INJECTION_DATE = EXCLUDED.INJECTION_DATE, INJECTION_HOUR = EXCLUDED.INJECTION_HOUR, INJECTION_MIN = EXCLUDED.INJECTION_MIN, MEASURED_VALUE = EXCLUDED.MEASURED_VALUE, REF_VALUE = EXCLUDED.REF_VALUE, USERID = EXCLUDED.USERID, ADD_DATE = EXCLUDED.ADD_DATE, UPDATE_DATE = EXCLUDED.UPDATE_DATE;
/* ORIS:      3    Location: 6A        Test Type: LINE       Test Num: 20210419084622CD1     SQL Ord:    7 */ insert into camdecmpswks.LINEARITY_INJECTION ( LIN_INJ_ID, LIN_SUM_ID, INJECTION_DATE, INJECTION_HOUR, INJECTION_MIN, MEASURED_VALUE, REF_VALUE, USERID, ADD_DATE, UPDATE_DATE ) values ( 'TWCORNEL5-6B5A72FF697643B58914EF5C989F9682', 'TWCORNEL5-D47A740C09044AF1AEEF4D5FA908C2AF', '2021-04-19', 9, 21, 5.500, 5.490, 'bvick', '2021-04-21 15:56:03', NULL ) on conflict (LIN_INJ_ID) do update set LIN_SUM_ID = EXCLUDED.LIN_SUM_ID, INJECTION_DATE = EXCLUDED.INJECTION_DATE, INJECTION_HOUR = EXCLUDED.INJECTION_HOUR, INJECTION_MIN = EXCLUDED.INJECTION_MIN, MEASURED_VALUE = EXCLUDED.MEASURED_VALUE, REF_VALUE = EXCLUDED.REF_VALUE, USERID = EXCLUDED.USERID, ADD_DATE = EXCLUDED.ADD_DATE, UPDATE_DATE = EXCLUDED.UPDATE_DATE;
/* ORIS:      3    Location: 6A        Test Type: LINE       Test Num: 20210419084622CD1     SQL Ord:    7 */ insert into camdecmpswks.LINEARITY_INJECTION ( LIN_INJ_ID, LIN_SUM_ID, INJECTION_DATE, INJECTION_HOUR, INJECTION_MIN, MEASURED_VALUE, REF_VALUE, USERID, ADD_DATE, UPDATE_DATE ) values ( 'TWCORNEL5-905B0D27E9AC41998C967CBFFC736C25', 'TWCORNEL5-D47A740C09044AF1AEEF4D5FA908C2AF', '2021-04-19', 9, 37, 5.400, 5.490, 'bvick', '2021-04-21 15:56:03', NULL ) on conflict (LIN_INJ_ID) do update set LIN_SUM_ID = EXCLUDED.LIN_SUM_ID, INJECTION_DATE = EXCLUDED.INJECTION_DATE, INJECTION_HOUR = EXCLUDED.INJECTION_HOUR, INJECTION_MIN = EXCLUDED.INJECTION_MIN, MEASURED_VALUE = EXCLUDED.MEASURED_VALUE, REF_VALUE = EXCLUDED.REF_VALUE, USERID = EXCLUDED.USERID, ADD_DATE = EXCLUDED.ADD_DATE, UPDATE_DATE = EXCLUDED.UPDATE_DATE;
/* ORIS:      3    Location: 6A        Test Type: LINE       Test Num: 20210419084622CD1     SQL Ord:    7 */ insert into camdecmpswks.LINEARITY_INJECTION ( LIN_INJ_ID, LIN_SUM_ID, INJECTION_DATE, INJECTION_HOUR, INJECTION_MIN, MEASURED_VALUE, REF_VALUE, USERID, ADD_DATE, UPDATE_DATE ) values ( 'TWCORNEL5-95980C9250EB487CBC04D4911656B43B', 'TWCORNEL5-7B29A3D84AEF42F1962E8D50C8CDCB6B', '2021-04-19', 9, 30, 2.500, 2.430, 'bvick', '2021-04-21 15:56:03', NULL ) on conflict (LIN_INJ_ID) do update set LIN_SUM_ID = EXCLUDED.LIN_SUM_ID, INJECTION_DATE = EXCLUDED.INJECTION_DATE, INJECTION_HOUR = EXCLUDED.INJECTION_HOUR, INJECTION_MIN = EXCLUDED.INJECTION_MIN, MEASURED_VALUE = EXCLUDED.MEASURED_VALUE, REF_VALUE = EXCLUDED.REF_VALUE, USERID = EXCLUDED.USERID, ADD_DATE = EXCLUDED.ADD_DATE, UPDATE_DATE = EXCLUDED.UPDATE_DATE;
/* ORIS:      3    Location: 6A        Test Type: LINE       Test Num: 20210419084622CD1     SQL Ord:    7 */ insert into camdecmpswks.LINEARITY_INJECTION ( LIN_INJ_ID, LIN_SUM_ID, INJECTION_DATE, INJECTION_HOUR, INJECTION_MIN, MEASURED_VALUE, REF_VALUE, USERID, ADD_DATE, UPDATE_DATE ) values ( 'TWCORNEL5-9AC494CCC14244808FB58F03EA5C79A8', 'TWCORNEL5-D47A740C09044AF1AEEF4D5FA908C2AF', '2021-04-19', 9, 0, 5.500, 5.490, 'bvick', '2021-04-21 15:56:03', NULL ) on conflict (LIN_INJ_ID) do update set LIN_SUM_ID = EXCLUDED.LIN_SUM_ID, INJECTION_DATE = EXCLUDED.INJECTION_DATE, INJECTION_HOUR = EXCLUDED.INJECTION_HOUR, INJECTION_MIN = EXCLUDED.INJECTION_MIN, MEASURED_VALUE = EXCLUDED.MEASURED_VALUE, REF_VALUE = EXCLUDED.REF_VALUE, USERID = EXCLUDED.USERID, ADD_DATE = EXCLUDED.ADD_DATE, UPDATE_DATE = EXCLUDED.UPDATE_DATE;
/* ORIS:      3    Location: 6A        Test Type: LINE       Test Num: 20210419084622CD1     SQL Ord:    7 */ insert into camdecmpswks.LINEARITY_INJECTION ( LIN_INJ_ID, LIN_SUM_ID, INJECTION_DATE, INJECTION_HOUR, INJECTION_MIN, MEASURED_VALUE, REF_VALUE, USERID, ADD_DATE, UPDATE_DATE ) values ( 'TWCORNEL5-9FFF9B2EB4C547E0B1887595EA12BB79', 'TWCORNEL5-EBF03D8CA433463997179FC5871E3834', '2021-04-19', 9, 26, 8.900, 8.980, 'bvick', '2021-04-21 15:56:03', NULL ) on conflict (LIN_INJ_ID) do update set LIN_SUM_ID = EXCLUDED.LIN_SUM_ID, INJECTION_DATE = EXCLUDED.INJECTION_DATE, INJECTION_HOUR = EXCLUDED.INJECTION_HOUR, INJECTION_MIN = EXCLUDED.INJECTION_MIN, MEASURED_VALUE = EXCLUDED.MEASURED_VALUE, REF_VALUE = EXCLUDED.REF_VALUE, USERID = EXCLUDED.USERID, ADD_DATE = EXCLUDED.ADD_DATE, UPDATE_DATE = EXCLUDED.UPDATE_DATE;
/* ORIS:      3    Location: 6A        Test Type: LINE       Test Num: 20210419084622CD1     SQL Ord:    7 */ insert into camdecmpswks.LINEARITY_INJECTION ( LIN_INJ_ID, LIN_SUM_ID, INJECTION_DATE, INJECTION_HOUR, INJECTION_MIN, MEASURED_VALUE, REF_VALUE, USERID, ADD_DATE, UPDATE_DATE ) values ( 'TWCORNEL5-A83B242FF02F485CBDF312FB3F8E9249', 'TWCORNEL5-7B29A3D84AEF42F1962E8D50C8CDCB6B', '2021-04-19', 9, 12, 2.500, 2.430, 'bvick', '2021-04-21 15:56:03', NULL ) on conflict (LIN_INJ_ID) do update set LIN_SUM_ID = EXCLUDED.LIN_SUM_ID, INJECTION_DATE = EXCLUDED.INJECTION_DATE, INJECTION_HOUR = EXCLUDED.INJECTION_HOUR, INJECTION_MIN = EXCLUDED.INJECTION_MIN, MEASURED_VALUE = EXCLUDED.MEASURED_VALUE, REF_VALUE = EXCLUDED.REF_VALUE, USERID = EXCLUDED.USERID, ADD_DATE = EXCLUDED.ADD_DATE, UPDATE_DATE = EXCLUDED.UPDATE_DATE;
/* ORIS:      3    Location: 6A        Test Type: LINE       Test Num: 20210419084622CD1     SQL Ord:    7 */ insert into camdecmpswks.LINEARITY_INJECTION ( LIN_INJ_ID, LIN_SUM_ID, INJECTION_DATE, INJECTION_HOUR, INJECTION_MIN, MEASURED_VALUE, REF_VALUE, USERID, ADD_DATE, UPDATE_DATE ) values ( 'TWCORNEL5-DE5A3412134C4203B635493BDBDF9FAE', 'TWCORNEL5-EBF03D8CA433463997179FC5871E3834', '2021-04-19', 9, 4, 9.000, 8.980, 'bvick', '2021-04-21 15:56:03', NULL ) on conflict (LIN_INJ_ID) do update set LIN_SUM_ID = EXCLUDED.LIN_SUM_ID, INJECTION_DATE = EXCLUDED.INJECTION_DATE, INJECTION_HOUR = EXCLUDED.INJECTION_HOUR, INJECTION_MIN = EXCLUDED.INJECTION_MIN, MEASURED_VALUE = EXCLUDED.MEASURED_VALUE, REF_VALUE = EXCLUDED.REF_VALUE, USERID = EXCLUDED.USERID, ADD_DATE = EXCLUDED.ADD_DATE, UPDATE_DATE = EXCLUDED.UPDATE_DATE;
/* ORIS:      3    Location: 6A        Test Type: LINE       Test Num: 20210419084622NX1     SQL Ord:    1 */ delete from camdecmpswks.TEST_SUMMARY where TEST_SUM_ID = 'TWCORNEL5-8B094C53547D424EB92D4420A44EACBC';
/* ORIS:      3    Location: 6A        Test Type: LINE       Test Num: 20210419084622NX1     SQL Ord:    2 */ insert into camdecmpswks.TEST_SUMMARY ( TEST_SUM_ID, MON_LOC_ID, TEST_TYPE_CD, TEST_NUM, MON_SYS_ID, COMPONENT_ID, GP_IND, TEST_REASON_CD, TEST_RESULT_CD, RPT_PERIOD_ID, BEGIN_DATE, BEGIN_HOUR, BEGIN_MIN, END_DATE, END_HOUR, END_MIN, SPAN_SCALE_CD, INJECTION_PROTOCOL_CD, TEST_COMMENT, TEST_DESCRIPTION, CALC_GP_IND, CALC_TEST_RESULT_CD, CALC_SPAN_VALUE, LAST_UPDATED, UPDATED_STATUS_FLG, NEEDS_EVAL_FLG, CHK_SESSION_ID, USERID, ADD_DATE, UPDATE_DATE ) values ( 'TWCORNEL5-8B094C53547D424EB92D4420A44EACBC', '2706', 'LINE', '20210419084622NX1', NULL, 'TWCORNEL5-A83E707256C44EF39E20EDAEDEC8D0C2', 0, 'QA', 'PASSED', NULL, '2021-04-19', 8, 53, '2021-04-19', 9, 42, 'H', NULL, NULL, NULL, NULL, NULL, 200.000, '2021-12-30 14:14:42', 'Y', 'N', 'CHV-SABER-62DF895D940C4318B8EE411311CBE915', 'bvick', '2021-04-21 15:56:03', '2021-12-30 14:14:53' ) on conflict (TEST_SUM_ID) do update set MON_LOC_ID = EXCLUDED.MON_LOC_ID, TEST_TYPE_CD = EXCLUDED.TEST_TYPE_CD, TEST_NUM = EXCLUDED.TEST_NUM, MON_SYS_ID = EXCLUDED.MON_SYS_ID, COMPONENT_ID = EXCLUDED.COMPONENT_ID, GP_IND = EXCLUDED.GP_IND, TEST_REASON_CD = EXCLUDED.TEST_REASON_CD, TEST_RESULT_CD = EXCLUDED.TEST_RESULT_CD, RPT_PERIOD_ID = EXCLUDED.RPT_PERIOD_ID, BEGIN_DATE = EXCLUDED.BEGIN_DATE, BEGIN_HOUR = EXCLUDED.BEGIN_HOUR, BEGIN_MIN = EXCLUDED.BEGIN_MIN, END_DATE = EXCLUDED.END_DATE, END_HOUR = EXCLUDED.END_HOUR, END_MIN = EXCLUDED.END_MIN, SPAN_SCALE_CD = EXCLUDED.SPAN_SCALE_CD, INJECTION_PROTOCOL_CD = EXCLUDED.INJECTION_PROTOCOL_CD, TEST_COMMENT = EXCLUDED.TEST_COMMENT, TEST_DESCRIPTION = EXCLUDED.TEST_DESCRIPTION, CALC_GP_IND = EXCLUDED.CALC_GP_IND, CALC_TEST_RESULT_CD = EXCLUDED.CALC_TEST_RESULT_CD, CALC_SPAN_VALUE = EXCLUDED.CALC_SPAN_VALUE, LAST_UPDATED = EXCLUDED.LAST_UPDATED, UPDATED_STATUS_FLG = EXCLUDED.UPDATED_STATUS_FLG, NEEDS_EVAL_FLG = EXCLUDED.NEEDS_EVAL_FLG, CHK_SESSION_ID = EXCLUDED.CHK_SESSION_ID, USERID = EXCLUDED.USERID, ADD_DATE = EXCLUDED.ADD_DATE, UPDATE_DATE = EXCLUDED.UPDATE_DATE;
/* ORIS:      3    Location: 6A        Test Type: LINE       Test Num: 20210419084622NX1     SQL Ord:    3 */ insert into camdecmpswks.PROTOCOL_GAS ( PROTOCOL_GAS_ID, TEST_SUM_ID, GAS_LEVEL_CD, GAS_TYPE_CD, VENDOR_ID, CYLINDER_ID, EXPIRATION_DATE, USERID, ADD_DATE, UPDATE_DATE ) values ( 'CHV-SABER-05377170B61A49C48E3168FA8C36E86B', 'TWCORNEL5-8B094C53547D424EB92D4420A44EACBC', 'LOW', 'ZERO', NULL, NULL, NULL, 'bvick', '2021-12-30 14:14:40', NULL ) on conflict (PROTOCOL_GAS_ID) do update set TEST_SUM_ID = EXCLUDED.TEST_SUM_ID, GAS_LEVEL_CD = EXCLUDED.GAS_LEVEL_CD, GAS_TYPE_CD = EXCLUDED.GAS_TYPE_CD, VENDOR_ID = EXCLUDED.VENDOR_ID, CYLINDER_ID = EXCLUDED.CYLINDER_ID, EXPIRATION_DATE = EXCLUDED.EXPIRATION_DATE, USERID = EXCLUDED.USERID, ADD_DATE = EXCLUDED.ADD_DATE, UPDATE_DATE = EXCLUDED.UPDATE_DATE;
/* ORIS:      3    Location: 6A        Test Type: LINE       Test Num: 20210419084622NX1     SQL Ord:    3 */ insert into camdecmpswks.PROTOCOL_GAS ( PROTOCOL_GAS_ID, TEST_SUM_ID, GAS_LEVEL_CD, GAS_TYPE_CD, VENDOR_ID, CYLINDER_ID, EXPIRATION_DATE, USERID, ADD_DATE, UPDATE_DATE ) values ( 'TWCORNEL5-21398FF66A974AC9ACFFAE78048892E3', 'TWCORNEL5-8B094C53547D424EB92D4420A44EACBC', 'HIGH', 'CO2,NO,NOX,BALN', 'B22019', 'CC44728', '2027-11-15', 'bvick', '2021-04-21 15:56:04', NULL ) on conflict (PROTOCOL_GAS_ID) do update set TEST_SUM_ID = EXCLUDED.TEST_SUM_ID, GAS_LEVEL_CD = EXCLUDED.GAS_LEVEL_CD, GAS_TYPE_CD = EXCLUDED.GAS_TYPE_CD, VENDOR_ID = EXCLUDED.VENDOR_ID, CYLINDER_ID = EXCLUDED.CYLINDER_ID, EXPIRATION_DATE = EXCLUDED.EXPIRATION_DATE, USERID = EXCLUDED.USERID, ADD_DATE = EXCLUDED.ADD_DATE, UPDATE_DATE = EXCLUDED.UPDATE_DATE;
/* ORIS:      3    Location: 6A        Test Type: LINE       Test Num: 20210419084622NX1     SQL Ord:    3 */ insert into camdecmpswks.PROTOCOL_GAS ( PROTOCOL_GAS_ID, TEST_SUM_ID, GAS_LEVEL_CD, GAS_TYPE_CD, VENDOR_ID, CYLINDER_ID, EXPIRATION_DATE, USERID, ADD_DATE, UPDATE_DATE ) values ( 'TWCORNEL5-5B094A6F44384D5ABEB4B6159719DD5C', 'TWCORNEL5-8B094C53547D424EB92D4420A44EACBC', 'LOW', 'CO2,NO,NOX,BALN', 'B22018', 'CC416704', '2026-10-08', 'bvick', '2021-04-21 15:56:04', NULL ) on conflict (PROTOCOL_GAS_ID) do update set TEST_SUM_ID = EXCLUDED.TEST_SUM_ID, GAS_LEVEL_CD = EXCLUDED.GAS_LEVEL_CD, GAS_TYPE_CD = EXCLUDED.GAS_TYPE_CD, VENDOR_ID = EXCLUDED.VENDOR_ID, CYLINDER_ID = EXCLUDED.CYLINDER_ID, EXPIRATION_DATE = EXCLUDED.EXPIRATION_DATE, USERID = EXCLUDED.USERID, ADD_DATE = EXCLUDED.ADD_DATE, UPDATE_DATE = EXCLUDED.UPDATE_DATE;
/* ORIS:      3    Location: 6A        Test Type: LINE       Test Num: 20210419084622NX1     SQL Ord:    3 */ insert into camdecmpswks.PROTOCOL_GAS ( PROTOCOL_GAS_ID, TEST_SUM_ID, GAS_LEVEL_CD, GAS_TYPE_CD, VENDOR_ID, CYLINDER_ID, EXPIRATION_DATE, USERID, ADD_DATE, UPDATE_DATE ) values ( 'TWCORNEL5-7BFBA919437A4F1691D112E1B300EEB5', 'TWCORNEL5-8B094C53547D424EB92D4420A44EACBC', 'MID', 'NO,NOX,BALN', 'B22020', 'CC129552', '2028-05-04', 'bvick', '2021-04-21 15:56:04', NULL ) on conflict (PROTOCOL_GAS_ID) do update set TEST_SUM_ID = EXCLUDED.TEST_SUM_ID, GAS_LEVEL_CD = EXCLUDED.GAS_LEVEL_CD, GAS_TYPE_CD = EXCLUDED.GAS_TYPE_CD, VENDOR_ID = EXCLUDED.VENDOR_ID, CYLINDER_ID = EXCLUDED.CYLINDER_ID, EXPIRATION_DATE = EXCLUDED.EXPIRATION_DATE, USERID = EXCLUDED.USERID, ADD_DATE = EXCLUDED.ADD_DATE, UPDATE_DATE = EXCLUDED.UPDATE_DATE;
/* ORIS:      3    Location: 6A        Test Type: LINE       Test Num: 20210419084622NX1     SQL Ord:    6 */ insert into camdecmpswks.LINEARITY_SUMMARY ( LIN_SUM_ID, TEST_SUM_ID, MEAN_REF_VALUE, MEAN_MEASURED_VALUE, PERCENT_ERROR, APS_IND, GAS_LEVEL_CD, CALC_MEAN_REF_VALUE, CALC_MEAN_MEASURED_VALUE, CALC_PERCENT_ERROR, CALC_APS_IND, USERID, ADD_DATE, UPDATE_DATE ) values ( 'TWCORNEL5-A250BD08CD6C453C8273DD6C0AAB155C', 'TWCORNEL5-8B094C53547D424EB92D4420A44EACBC', 50.120, 49.333, 1.6, 0, 'LOW', 50.120, 49.333, 1.6, 0, 'bvick', '2021-04-21 15:56:03', '2021-12-30 14:14:53' ) on conflict (LIN_SUM_ID) do update set TEST_SUM_ID = EXCLUDED.TEST_SUM_ID, MEAN_REF_VALUE = EXCLUDED.MEAN_REF_VALUE, MEAN_MEASURED_VALUE = EXCLUDED.MEAN_MEASURED_VALUE, PERCENT_ERROR = EXCLUDED.PERCENT_ERROR, APS_IND = EXCLUDED.APS_IND, GAS_LEVEL_CD = EXCLUDED.GAS_LEVEL_CD, CALC_MEAN_REF_VALUE = EXCLUDED.CALC_MEAN_REF_VALUE, CALC_MEAN_MEASURED_VALUE = EXCLUDED.CALC_MEAN_MEASURED_VALUE, CALC_PERCENT_ERROR = EXCLUDED.CALC_PERCENT_ERROR, CALC_APS_IND = EXCLUDED.CALC_APS_IND, USERID = EXCLUDED.USERID, ADD_DATE = EXCLUDED.ADD_DATE, UPDATE_DATE = EXCLUDED.UPDATE_DATE;
/* ORIS:      3    Location: 6A        Test Type: LINE       Test Num: 20210419084622NX1     SQL Ord:    6 */ insert into camdecmpswks.LINEARITY_SUMMARY ( LIN_SUM_ID, TEST_SUM_ID, MEAN_REF_VALUE, MEAN_MEASURED_VALUE, PERCENT_ERROR, APS_IND, GAS_LEVEL_CD, CALC_MEAN_REF_VALUE, CALC_MEAN_MEASURED_VALUE, CALC_PERCENT_ERROR, CALC_APS_IND, USERID, ADD_DATE, UPDATE_DATE ) values ( 'TWCORNEL5-D77D5318B9AE4D1CA61278D06520FF24', 'TWCORNEL5-8B094C53547D424EB92D4420A44EACBC', 185.700, 180.067, 3.0, 0, 'HIGH', 185.700, 180.067, 3.0, 0, 'bvick', '2021-04-21 15:56:03', '2021-12-30 14:14:53' ) on conflict (LIN_SUM_ID) do update set TEST_SUM_ID = EXCLUDED.TEST_SUM_ID, MEAN_REF_VALUE = EXCLUDED.MEAN_REF_VALUE, MEAN_MEASURED_VALUE = EXCLUDED.MEAN_MEASURED_VALUE, PERCENT_ERROR = EXCLUDED.PERCENT_ERROR, APS_IND = EXCLUDED.APS_IND, GAS_LEVEL_CD = EXCLUDED.GAS_LEVEL_CD, CALC_MEAN_REF_VALUE = EXCLUDED.CALC_MEAN_REF_VALUE, CALC_MEAN_MEASURED_VALUE = EXCLUDED.CALC_MEAN_MEASURED_VALUE, CALC_PERCENT_ERROR = EXCLUDED.CALC_PERCENT_ERROR, CALC_APS_IND = EXCLUDED.CALC_APS_IND, USERID = EXCLUDED.USERID, ADD_DATE = EXCLUDED.ADD_DATE, UPDATE_DATE = EXCLUDED.UPDATE_DATE;
/* ORIS:      3    Location: 6A        Test Type: LINE       Test Num: 20210419084622NX1     SQL Ord:    6 */ insert into camdecmpswks.LINEARITY_SUMMARY ( LIN_SUM_ID, TEST_SUM_ID, MEAN_REF_VALUE, MEAN_MEASURED_VALUE, PERCENT_ERROR, APS_IND, GAS_LEVEL_CD, CALC_MEAN_REF_VALUE, CALC_MEAN_MEASURED_VALUE, CALC_PERCENT_ERROR, CALC_APS_IND, USERID, ADD_DATE, UPDATE_DATE ) values ( 'TWCORNEL5-F5E8DE544CB04156B748EBABFE25C76A', 'TWCORNEL5-8B094C53547D424EB92D4420A44EACBC', 109.500, 107.367, 2.0, 0, 'MID', 109.500, 107.367, 1.9, 0, 'bvick', '2021-04-21 15:56:03', '2021-12-30 14:14:53' ) on conflict (LIN_SUM_ID) do update set TEST_SUM_ID = EXCLUDED.TEST_SUM_ID, MEAN_REF_VALUE = EXCLUDED.MEAN_REF_VALUE, MEAN_MEASURED_VALUE = EXCLUDED.MEAN_MEASURED_VALUE, PERCENT_ERROR = EXCLUDED.PERCENT_ERROR, APS_IND = EXCLUDED.APS_IND, GAS_LEVEL_CD = EXCLUDED.GAS_LEVEL_CD, CALC_MEAN_REF_VALUE = EXCLUDED.CALC_MEAN_REF_VALUE, CALC_MEAN_MEASURED_VALUE = EXCLUDED.CALC_MEAN_MEASURED_VALUE, CALC_PERCENT_ERROR = EXCLUDED.CALC_PERCENT_ERROR, CALC_APS_IND = EXCLUDED.CALC_APS_IND, USERID = EXCLUDED.USERID, ADD_DATE = EXCLUDED.ADD_DATE, UPDATE_DATE = EXCLUDED.UPDATE_DATE;
/* ORIS:      3    Location: 6A        Test Type: LINE       Test Num: 20210419084622NX1     SQL Ord:    7 */ insert into camdecmpswks.LINEARITY_INJECTION ( LIN_INJ_ID, LIN_SUM_ID, INJECTION_DATE, INJECTION_HOUR, INJECTION_MIN, MEASURED_VALUE, REF_VALUE, USERID, ADD_DATE, UPDATE_DATE ) values ( 'TWCORNEL5-0B40E8C37A244ADBA74D4BC3F2A71A9B', 'TWCORNEL5-A250BD08CD6C453C8273DD6C0AAB155C', '2021-04-19', 9, 30, 50.300, 50.120, 'bvick', '2021-04-21 15:56:04', NULL ) on conflict (LIN_INJ_ID) do update set LIN_SUM_ID = EXCLUDED.LIN_SUM_ID, INJECTION_DATE = EXCLUDED.INJECTION_DATE, INJECTION_HOUR = EXCLUDED.INJECTION_HOUR, INJECTION_MIN = EXCLUDED.INJECTION_MIN, MEASURED_VALUE = EXCLUDED.MEASURED_VALUE, REF_VALUE = EXCLUDED.REF_VALUE, USERID = EXCLUDED.USERID, ADD_DATE = EXCLUDED.ADD_DATE, UPDATE_DATE = EXCLUDED.UPDATE_DATE;
/* ORIS:      3    Location: 6A        Test Type: LINE       Test Num: 20210419084622NX1     SQL Ord:    7 */ insert into camdecmpswks.LINEARITY_INJECTION ( LIN_INJ_ID, LIN_SUM_ID, INJECTION_DATE, INJECTION_HOUR, INJECTION_MIN, MEASURED_VALUE, REF_VALUE, USERID, ADD_DATE, UPDATE_DATE ) values ( 'TWCORNEL5-1474B11FBEC74BA5AE9E87353150E2F7', 'TWCORNEL5-F5E8DE544CB04156B748EBABFE25C76A', '2021-04-19', 9, 17, 107.500, 109.500, 'bvick', '2021-04-21 15:56:04', NULL ) on conflict (LIN_INJ_ID) do update set LIN_SUM_ID = EXCLUDED.LIN_SUM_ID, INJECTION_DATE = EXCLUDED.INJECTION_DATE, INJECTION_HOUR = EXCLUDED.INJECTION_HOUR, INJECTION_MIN = EXCLUDED.INJECTION_MIN, MEASURED_VALUE = EXCLUDED.MEASURED_VALUE, REF_VALUE = EXCLUDED.REF_VALUE, USERID = EXCLUDED.USERID, ADD_DATE = EXCLUDED.ADD_DATE, UPDATE_DATE = EXCLUDED.UPDATE_DATE;
/* ORIS:      3    Location: 6A        Test Type: LINE       Test Num: 20210419084622NX1     SQL Ord:    7 */ insert into camdecmpswks.LINEARITY_INJECTION ( LIN_INJ_ID, LIN_SUM_ID, INJECTION_DATE, INJECTION_HOUR, INJECTION_MIN, MEASURED_VALUE, REF_VALUE, USERID, ADD_DATE, UPDATE_DATE ) values ( 'TWCORNEL5-3FEB44808CFB46668ABE9806CBA346F5', 'TWCORNEL5-A250BD08CD6C453C8273DD6C0AAB155C', '2021-04-19', 9, 12, 49.000, 50.120, 'bvick', '2021-04-21 15:56:04', NULL ) on conflict (LIN_INJ_ID) do update set LIN_SUM_ID = EXCLUDED.LIN_SUM_ID, INJECTION_DATE = EXCLUDED.INJECTION_DATE, INJECTION_HOUR = EXCLUDED.INJECTION_HOUR, INJECTION_MIN = EXCLUDED.INJECTION_MIN, MEASURED_VALUE = EXCLUDED.MEASURED_VALUE, REF_VALUE = EXCLUDED.REF_VALUE, USERID = EXCLUDED.USERID, ADD_DATE = EXCLUDED.ADD_DATE, UPDATE_DATE = EXCLUDED.UPDATE_DATE;
/* ORIS:      3    Location: 6A        Test Type: LINE       Test Num: 20210419084622NX1     SQL Ord:    7 */ insert into camdecmpswks.LINEARITY_INJECTION ( LIN_INJ_ID, LIN_SUM_ID, INJECTION_DATE, INJECTION_HOUR, INJECTION_MIN, MEASURED_VALUE, REF_VALUE, USERID, ADD_DATE, UPDATE_DATE ) values ( 'TWCORNEL5-5060756E57774817A9A8A11FF4049214', 'TWCORNEL5-F5E8DE544CB04156B748EBABFE25C76A', '2021-04-19', 8, 57, 107.600, 109.500, 'bvick', '2021-04-21 15:56:04', NULL ) on conflict (LIN_INJ_ID) do update set LIN_SUM_ID = EXCLUDED.LIN_SUM_ID, INJECTION_DATE = EXCLUDED.INJECTION_DATE, INJECTION_HOUR = EXCLUDED.INJECTION_HOUR, INJECTION_MIN = EXCLUDED.INJECTION_MIN, MEASURED_VALUE = EXCLUDED.MEASURED_VALUE, REF_VALUE = EXCLUDED.REF_VALUE, USERID = EXCLUDED.USERID, ADD_DATE = EXCLUDED.ADD_DATE, UPDATE_DATE = EXCLUDED.UPDATE_DATE;
/* ORIS:      3    Location: 6A        Test Type: LINE       Test Num: 20210419084622NX1     SQL Ord:    7 */ insert into camdecmpswks.LINEARITY_INJECTION ( LIN_INJ_ID, LIN_SUM_ID, INJECTION_DATE, INJECTION_HOUR, INJECTION_MIN, MEASURED_VALUE, REF_VALUE, USERID, ADD_DATE, UPDATE_DATE ) values ( 'TWCORNEL5-6D40C16E99094A158F83C4464CE259FA', 'TWCORNEL5-D77D5318B9AE4D1CA61278D06520FF24', '2021-04-19', 9, 4, 180.100, 185.700, 'bvick', '2021-04-21 15:56:04', NULL ) on conflict (LIN_INJ_ID) do update set LIN_SUM_ID = EXCLUDED.LIN_SUM_ID, INJECTION_DATE = EXCLUDED.INJECTION_DATE, INJECTION_HOUR = EXCLUDED.INJECTION_HOUR, INJECTION_MIN = EXCLUDED.INJECTION_MIN, MEASURED_VALUE = EXCLUDED.MEASURED_VALUE, REF_VALUE = EXCLUDED.REF_VALUE, USERID = EXCLUDED.USERID, ADD_DATE = EXCLUDED.ADD_DATE, UPDATE_DATE = EXCLUDED.UPDATE_DATE;
/* ORIS:      3    Location: 6A        Test Type: LINE       Test Num: 20210419084622NX1     SQL Ord:    7 */ insert into camdecmpswks.LINEARITY_INJECTION ( LIN_INJ_ID, LIN_SUM_ID, INJECTION_DATE, INJECTION_HOUR, INJECTION_MIN, MEASURED_VALUE, REF_VALUE, USERID, ADD_DATE, UPDATE_DATE ) values ( 'TWCORNEL5-7AADC33C7D2D49969D495F53F9560D84', 'TWCORNEL5-D77D5318B9AE4D1CA61278D06520FF24', '2021-04-19', 9, 26, 180.200, 185.700, 'bvick', '2021-04-21 15:56:04', NULL ) on conflict (LIN_INJ_ID) do update set LIN_SUM_ID = EXCLUDED.LIN_SUM_ID, INJECTION_DATE = EXCLUDED.INJECTION_DATE, INJECTION_HOUR = EXCLUDED.INJECTION_HOUR, INJECTION_MIN = EXCLUDED.INJECTION_MIN, MEASURED_VALUE = EXCLUDED.MEASURED_VALUE, REF_VALUE = EXCLUDED.REF_VALUE, USERID = EXCLUDED.USERID, ADD_DATE = EXCLUDED.ADD_DATE, UPDATE_DATE = EXCLUDED.UPDATE_DATE;
/* ORIS:      3    Location: 6A        Test Type: LINE       Test Num: 20210419084622NX1     SQL Ord:    7 */ insert into camdecmpswks.LINEARITY_INJECTION ( LIN_INJ_ID, LIN_SUM_ID, INJECTION_DATE, INJECTION_HOUR, INJECTION_MIN, MEASURED_VALUE, REF_VALUE, USERID, ADD_DATE, UPDATE_DATE ) values ( 'TWCORNEL5-B173B16C03474CCE8D92EDAE6FEB7298', 'TWCORNEL5-F5E8DE544CB04156B748EBABFE25C76A', '2021-04-19', 9, 34, 107.000, 109.500, 'bvick', '2021-04-21 15:56:04', NULL ) on conflict (LIN_INJ_ID) do update set LIN_SUM_ID = EXCLUDED.LIN_SUM_ID, INJECTION_DATE = EXCLUDED.INJECTION_DATE, INJECTION_HOUR = EXCLUDED.INJECTION_HOUR, INJECTION_MIN = EXCLUDED.INJECTION_MIN, MEASURED_VALUE = EXCLUDED.MEASURED_VALUE, REF_VALUE = EXCLUDED.REF_VALUE, USERID = EXCLUDED.USERID, ADD_DATE = EXCLUDED.ADD_DATE, UPDATE_DATE = EXCLUDED.UPDATE_DATE;
/* ORIS:      3    Location: 6A        Test Type: LINE       Test Num: 20210419084622NX1     SQL Ord:    7 */ insert into camdecmpswks.LINEARITY_INJECTION ( LIN_INJ_ID, LIN_SUM_ID, INJECTION_DATE, INJECTION_HOUR, INJECTION_MIN, MEASURED_VALUE, REF_VALUE, USERID, ADD_DATE, UPDATE_DATE ) values ( 'TWCORNEL5-FB417C97D753480599A87C19CFE87641', 'TWCORNEL5-A250BD08CD6C453C8273DD6C0AAB155C', '2021-04-19', 8, 53, 48.700, 50.120, 'bvick', '2021-04-21 15:56:04', NULL ) on conflict (LIN_INJ_ID) do update set LIN_SUM_ID = EXCLUDED.LIN_SUM_ID, INJECTION_DATE = EXCLUDED.INJECTION_DATE, INJECTION_HOUR = EXCLUDED.INJECTION_HOUR, INJECTION_MIN = EXCLUDED.INJECTION_MIN, MEASURED_VALUE = EXCLUDED.MEASURED_VALUE, REF_VALUE = EXCLUDED.REF_VALUE, USERID = EXCLUDED.USERID, ADD_DATE = EXCLUDED.ADD_DATE, UPDATE_DATE = EXCLUDED.UPDATE_DATE;
/* ORIS:      3    Location: 6A        Test Type: LINE       Test Num: 20210419084622NX1     SQL Ord:    7 */ insert into camdecmpswks.LINEARITY_INJECTION ( LIN_INJ_ID, LIN_SUM_ID, INJECTION_DATE, INJECTION_HOUR, INJECTION_MIN, MEASURED_VALUE, REF_VALUE, USERID, ADD_DATE, UPDATE_DATE ) values ( 'TWCORNEL5-FC3816E7FA834079B6D633C9AAF33C04', 'TWCORNEL5-D77D5318B9AE4D1CA61278D06520FF24', '2021-04-19', 9, 42, 179.900, 185.700, 'bvick', '2021-04-21 15:56:04', NULL ) on conflict (LIN_INJ_ID) do update set LIN_SUM_ID = EXCLUDED.LIN_SUM_ID, INJECTION_DATE = EXCLUDED.INJECTION_DATE, INJECTION_HOUR = EXCLUDED.INJECTION_HOUR, INJECTION_MIN = EXCLUDED.INJECTION_MIN, MEASURED_VALUE = EXCLUDED.MEASURED_VALUE, REF_VALUE = EXCLUDED.REF_VALUE, USERID = EXCLUDED.USERID, ADD_DATE = EXCLUDED.ADD_DATE, UPDATE_DATE = EXCLUDED.UPDATE_DATE;
/* ORIS:      3    Location: 6A        Test Type: LINE       Test Num: 20211012083705CD1     SQL Ord:    1 */ delete from camdecmpswks.TEST_SUMMARY where TEST_SUM_ID = 'TWCORNEL5-26BCE00CFDDD4545ACF6CBCEC7399200';
/* ORIS:      3    Location: 6A        Test Type: LINE       Test Num: 20211012083705CD1     SQL Ord:    2 */ insert into camdecmpswks.TEST_SUMMARY ( TEST_SUM_ID, MON_LOC_ID, TEST_TYPE_CD, TEST_NUM, MON_SYS_ID, COMPONENT_ID, GP_IND, TEST_REASON_CD, TEST_RESULT_CD, RPT_PERIOD_ID, BEGIN_DATE, BEGIN_HOUR, BEGIN_MIN, END_DATE, END_HOUR, END_MIN, SPAN_SCALE_CD, INJECTION_PROTOCOL_CD, TEST_COMMENT, TEST_DESCRIPTION, CALC_GP_IND, CALC_TEST_RESULT_CD, CALC_SPAN_VALUE, LAST_UPDATED, UPDATED_STATUS_FLG, NEEDS_EVAL_FLG, CHK_SESSION_ID, USERID, ADD_DATE, UPDATE_DATE ) values ( 'TWCORNEL5-26BCE00CFDDD4545ACF6CBCEC7399200', '2706', 'LINE', '20211012083705CD1', NULL, 'TWCORNEL5-034E6D23B21A441EBB4BD52FF0F1139B', 1, 'QA', 'PASSED', NULL, '2021-10-12', 8, 40, '2021-10-12', 9, 11, 'H', NULL, NULL, NULL, NULL, NULL, 10.000, '2021-12-30 11:36:04', 'Y', 'N', 'CHV-SABER-9056E6155CAD409C82F93082EEDCC9BC', 'bvick', '2021-10-22 12:05:31', '2021-12-30 11:37:33' ) on conflict (TEST_SUM_ID) do update set MON_LOC_ID = EXCLUDED.MON_LOC_ID, TEST_TYPE_CD = EXCLUDED.TEST_TYPE_CD, TEST_NUM = EXCLUDED.TEST_NUM, MON_SYS_ID = EXCLUDED.MON_SYS_ID, COMPONENT_ID = EXCLUDED.COMPONENT_ID, GP_IND = EXCLUDED.GP_IND, TEST_REASON_CD = EXCLUDED.TEST_REASON_CD, TEST_RESULT_CD = EXCLUDED.TEST_RESULT_CD, RPT_PERIOD_ID = EXCLUDED.RPT_PERIOD_ID, BEGIN_DATE = EXCLUDED.BEGIN_DATE, BEGIN_HOUR = EXCLUDED.BEGIN_HOUR, BEGIN_MIN = EXCLUDED.BEGIN_MIN, END_DATE = EXCLUDED.END_DATE, END_HOUR = EXCLUDED.END_HOUR, END_MIN = EXCLUDED.END_MIN, SPAN_SCALE_CD = EXCLUDED.SPAN_SCALE_CD, INJECTION_PROTOCOL_CD = EXCLUDED.INJECTION_PROTOCOL_CD, TEST_COMMENT = EXCLUDED.TEST_COMMENT, TEST_DESCRIPTION = EXCLUDED.TEST_DESCRIPTION, CALC_GP_IND = EXCLUDED.CALC_GP_IND, CALC_TEST_RESULT_CD = EXCLUDED.CALC_TEST_RESULT_CD, CALC_SPAN_VALUE = EXCLUDED.CALC_SPAN_VALUE, LAST_UPDATED = EXCLUDED.LAST_UPDATED, UPDATED_STATUS_FLG = EXCLUDED.UPDATED_STATUS_FLG, NEEDS_EVAL_FLG = EXCLUDED.NEEDS_EVAL_FLG, CHK_SESSION_ID = EXCLUDED.CHK_SESSION_ID, USERID = EXCLUDED.USERID, ADD_DATE = EXCLUDED.ADD_DATE, UPDATE_DATE = EXCLUDED.UPDATE_DATE;
/* ORIS:      3    Location: 6A        Test Type: LINE       Test Num: 20211012083705CD1     SQL Ord:    3 */ insert into camdecmpswks.PROTOCOL_GAS ( PROTOCOL_GAS_ID, TEST_SUM_ID, GAS_LEVEL_CD, GAS_TYPE_CD, VENDOR_ID, CYLINDER_ID, EXPIRATION_DATE, USERID, ADD_DATE, UPDATE_DATE ) values ( 'TWCORNEL5-3C008B815FF44F658B138F6944AEF936', 'TWCORNEL5-26BCE00CFDDD4545ACF6CBCEC7399200', 'HIGH', 'CO2,NO,NOX,BALN', 'B22019', NULL, '2027-11-15', 'bvick', '2021-10-22 12:05:31', '2021-12-30 11:36:02' ) on conflict (PROTOCOL_GAS_ID) do update set TEST_SUM_ID = EXCLUDED.TEST_SUM_ID, GAS_LEVEL_CD = EXCLUDED.GAS_LEVEL_CD, GAS_TYPE_CD = EXCLUDED.GAS_TYPE_CD, VENDOR_ID = EXCLUDED.VENDOR_ID, CYLINDER_ID = EXCLUDED.CYLINDER_ID, EXPIRATION_DATE = EXCLUDED.EXPIRATION_DATE, USERID = EXCLUDED.USERID, ADD_DATE = EXCLUDED.ADD_DATE, UPDATE_DATE = EXCLUDED.UPDATE_DATE;
/* ORIS:      3    Location: 6A        Test Type: LINE       Test Num: 20211012083705CD1     SQL Ord:    3 */ insert into camdecmpswks.PROTOCOL_GAS ( PROTOCOL_GAS_ID, TEST_SUM_ID, GAS_LEVEL_CD, GAS_TYPE_CD, VENDOR_ID, CYLINDER_ID, EXPIRATION_DATE, USERID, ADD_DATE, UPDATE_DATE ) values ( 'TWCORNEL5-5F5F733E2EA14EDB9073470BEF0CD9D4', 'TWCORNEL5-26BCE00CFDDD4545ACF6CBCEC7399200', 'MID', 'CO2,NO,BALN', 'B22014', 'CC359631', '2022-04-01', 'bvick', '2021-10-22 12:05:31', NULL ) on conflict (PROTOCOL_GAS_ID) do update set TEST_SUM_ID = EXCLUDED.TEST_SUM_ID, GAS_LEVEL_CD = EXCLUDED.GAS_LEVEL_CD, GAS_TYPE_CD = EXCLUDED.GAS_TYPE_CD, VENDOR_ID = EXCLUDED.VENDOR_ID, CYLINDER_ID = EXCLUDED.CYLINDER_ID, EXPIRATION_DATE = EXCLUDED.EXPIRATION_DATE, USERID = EXCLUDED.USERID, ADD_DATE = EXCLUDED.ADD_DATE, UPDATE_DATE = EXCLUDED.UPDATE_DATE;
/* ORIS:      3    Location: 6A        Test Type: LINE       Test Num: 20211012083705CD1     SQL Ord:    3 */ insert into camdecmpswks.PROTOCOL_GAS ( PROTOCOL_GAS_ID, TEST_SUM_ID, GAS_LEVEL_CD, GAS_TYPE_CD, VENDOR_ID, CYLINDER_ID, EXPIRATION_DATE, USERID, ADD_DATE, UPDATE_DATE ) values ( 'TWCORNEL5-DF32CE9E07834EE88C2DDC4FB30E9BB2', 'TWCORNEL5-26BCE00CFDDD4545ACF6CBCEC7399200', 'LOW', 'CO2,NO,NOX,BALN', 'B22018', 'CC416704', '2026-10-08', 'bvick', '2021-10-22 12:05:31', NULL ) on conflict (PROTOCOL_GAS_ID) do update set TEST_SUM_ID = EXCLUDED.TEST_SUM_ID, GAS_LEVEL_CD = EXCLUDED.GAS_LEVEL_CD, GAS_TYPE_CD = EXCLUDED.GAS_TYPE_CD, VENDOR_ID = EXCLUDED.VENDOR_ID, CYLINDER_ID = EXCLUDED.CYLINDER_ID, EXPIRATION_DATE = EXCLUDED.EXPIRATION_DATE, USERID = EXCLUDED.USERID, ADD_DATE = EXCLUDED.ADD_DATE, UPDATE_DATE = EXCLUDED.UPDATE_DATE;
/* ORIS:      3    Location: 6A        Test Type: LINE       Test Num: 20211012083705CD1     SQL Ord:    6 */ insert into camdecmpswks.LINEARITY_SUMMARY ( LIN_SUM_ID, TEST_SUM_ID, MEAN_REF_VALUE, MEAN_MEASURED_VALUE, PERCENT_ERROR, APS_IND, GAS_LEVEL_CD, CALC_MEAN_REF_VALUE, CALC_MEAN_MEASURED_VALUE, CALC_PERCENT_ERROR, CALC_APS_IND, USERID, ADD_DATE, UPDATE_DATE ) values ( 'TWCORNEL5-090A0CE12D4949988AC700A25E87C092', 'TWCORNEL5-26BCE00CFDDD4545ACF6CBCEC7399200', 8.980, 8.800, 2.0, 0, 'HIGH', 8.980, 8.800, 2.0, 0, 'bvick', '2021-10-22 12:05:31', '2021-12-30 11:37:33' ) on conflict (LIN_SUM_ID) do update set TEST_SUM_ID = EXCLUDED.TEST_SUM_ID, MEAN_REF_VALUE = EXCLUDED.MEAN_REF_VALUE, MEAN_MEASURED_VALUE = EXCLUDED.MEAN_MEASURED_VALUE, PERCENT_ERROR = EXCLUDED.PERCENT_ERROR, APS_IND = EXCLUDED.APS_IND, GAS_LEVEL_CD = EXCLUDED.GAS_LEVEL_CD, CALC_MEAN_REF_VALUE = EXCLUDED.CALC_MEAN_REF_VALUE, CALC_MEAN_MEASURED_VALUE = EXCLUDED.CALC_MEAN_MEASURED_VALUE, CALC_PERCENT_ERROR = EXCLUDED.CALC_PERCENT_ERROR, CALC_APS_IND = EXCLUDED.CALC_APS_IND, USERID = EXCLUDED.USERID, ADD_DATE = EXCLUDED.ADD_DATE, UPDATE_DATE = EXCLUDED.UPDATE_DATE;
/* ORIS:      3    Location: 6A        Test Type: LINE       Test Num: 20211012083705CD1     SQL Ord:    6 */ insert into camdecmpswks.LINEARITY_SUMMARY ( LIN_SUM_ID, TEST_SUM_ID, MEAN_REF_VALUE, MEAN_MEASURED_VALUE, PERCENT_ERROR, APS_IND, GAS_LEVEL_CD, CALC_MEAN_REF_VALUE, CALC_MEAN_MEASURED_VALUE, CALC_PERCENT_ERROR, CALC_APS_IND, USERID, ADD_DATE, UPDATE_DATE ) values ( 'TWCORNEL5-3041E5A192DF492AA304A7623EF7D630', 'TWCORNEL5-26BCE00CFDDD4545ACF6CBCEC7399200', 2.430, 2.400, 1.2, 0, 'LOW', 2.430, 2.400, 1.2, 0, 'bvick', '2021-10-22 12:05:31', '2021-12-30 11:37:33' ) on conflict (LIN_SUM_ID) do update set TEST_SUM_ID = EXCLUDED.TEST_SUM_ID, MEAN_REF_VALUE = EXCLUDED.MEAN_REF_VALUE, MEAN_MEASURED_VALUE = EXCLUDED.MEAN_MEASURED_VALUE, PERCENT_ERROR = EXCLUDED.PERCENT_ERROR, APS_IND = EXCLUDED.APS_IND, GAS_LEVEL_CD = EXCLUDED.GAS_LEVEL_CD, CALC_MEAN_REF_VALUE = EXCLUDED.CALC_MEAN_REF_VALUE, CALC_MEAN_MEASURED_VALUE = EXCLUDED.CALC_MEAN_MEASURED_VALUE, CALC_PERCENT_ERROR = EXCLUDED.CALC_PERCENT_ERROR, CALC_APS_IND = EXCLUDED.CALC_APS_IND, USERID = EXCLUDED.USERID, ADD_DATE = EXCLUDED.ADD_DATE, UPDATE_DATE = EXCLUDED.UPDATE_DATE;
/* ORIS:      3    Location: 6A        Test Type: LINE       Test Num: 20211012083705CD1     SQL Ord:    6 */ insert into camdecmpswks.LINEARITY_SUMMARY ( LIN_SUM_ID, TEST_SUM_ID, MEAN_REF_VALUE, MEAN_MEASURED_VALUE, PERCENT_ERROR, APS_IND, GAS_LEVEL_CD, CALC_MEAN_REF_VALUE, CALC_MEAN_MEASURED_VALUE, CALC_PERCENT_ERROR, CALC_APS_IND, USERID, ADD_DATE, UPDATE_DATE ) values ( 'TWCORNEL5-FDAB30A4ABE84C92AAD96DA0607BFBD9', 'TWCORNEL5-26BCE00CFDDD4545ACF6CBCEC7399200', 5.580, 5.500, 1.4, 0, 'MID', 5.580, 5.500, 1.4, 0, 'bvick', '2021-10-22 12:05:31', '2021-12-30 11:37:33' ) on conflict (LIN_SUM_ID) do update set TEST_SUM_ID = EXCLUDED.TEST_SUM_ID, MEAN_REF_VALUE = EXCLUDED.MEAN_REF_VALUE, MEAN_MEASURED_VALUE = EXCLUDED.MEAN_MEASURED_VALUE, PERCENT_ERROR = EXCLUDED.PERCENT_ERROR, APS_IND = EXCLUDED.APS_IND, GAS_LEVEL_CD = EXCLUDED.GAS_LEVEL_CD, CALC_MEAN_REF_VALUE = EXCLUDED.CALC_MEAN_REF_VALUE, CALC_MEAN_MEASURED_VALUE = EXCLUDED.CALC_MEAN_MEASURED_VALUE, CALC_PERCENT_ERROR = EXCLUDED.CALC_PERCENT_ERROR, CALC_APS_IND = EXCLUDED.CALC_APS_IND, USERID = EXCLUDED.USERID, ADD_DATE = EXCLUDED.ADD_DATE, UPDATE_DATE = EXCLUDED.UPDATE_DATE;
/* ORIS:      3    Location: 6A        Test Type: LINE       Test Num: 20211012083705CD1     SQL Ord:    7 */ insert into camdecmpswks.LINEARITY_INJECTION ( LIN_INJ_ID, LIN_SUM_ID, INJECTION_DATE, INJECTION_HOUR, INJECTION_MIN, MEASURED_VALUE, REF_VALUE, USERID, ADD_DATE, UPDATE_DATE ) values ( 'TWCORNEL5-29127975F6084FEC87B767066250D003', 'TWCORNEL5-090A0CE12D4949988AC700A25E87C092', '2021-10-12', 8, 47, 8.800, 8.980, 'bvick', '2021-10-22 12:05:31', NULL ) on conflict (LIN_INJ_ID) do update set LIN_SUM_ID = EXCLUDED.LIN_SUM_ID, INJECTION_DATE = EXCLUDED.INJECTION_DATE, INJECTION_HOUR = EXCLUDED.INJECTION_HOUR, INJECTION_MIN = EXCLUDED.INJECTION_MIN, MEASURED_VALUE = EXCLUDED.MEASURED_VALUE, REF_VALUE = EXCLUDED.REF_VALUE, USERID = EXCLUDED.USERID, ADD_DATE = EXCLUDED.ADD_DATE, UPDATE_DATE = EXCLUDED.UPDATE_DATE;
/* ORIS:      3    Location: 6A        Test Type: LINE       Test Num: 20211012083705CD1     SQL Ord:    7 */ insert into camdecmpswks.LINEARITY_INJECTION ( LIN_INJ_ID, LIN_SUM_ID, INJECTION_DATE, INJECTION_HOUR, INJECTION_MIN, MEASURED_VALUE, REF_VALUE, USERID, ADD_DATE, UPDATE_DATE ) values ( 'TWCORNEL5-2D1B359D32734A43A71F5E46DB9581AA', 'TWCORNEL5-3041E5A192DF492AA304A7623EF7D630', '2021-10-12', 8, 40, 2.400, 2.430, 'bvick', '2021-10-22 12:05:31', NULL ) on conflict (LIN_INJ_ID) do update set LIN_SUM_ID = EXCLUDED.LIN_SUM_ID, INJECTION_DATE = EXCLUDED.INJECTION_DATE, INJECTION_HOUR = EXCLUDED.INJECTION_HOUR, INJECTION_MIN = EXCLUDED.INJECTION_MIN, MEASURED_VALUE = EXCLUDED.MEASURED_VALUE, REF_VALUE = EXCLUDED.REF_VALUE, USERID = EXCLUDED.USERID, ADD_DATE = EXCLUDED.ADD_DATE, UPDATE_DATE = EXCLUDED.UPDATE_DATE;
/* ORIS:      3    Location: 6A        Test Type: LINE       Test Num: 20211012083705CD1     SQL Ord:    7 */ insert into camdecmpswks.LINEARITY_INJECTION ( LIN_INJ_ID, LIN_SUM_ID, INJECTION_DATE, INJECTION_HOUR, INJECTION_MIN, MEASURED_VALUE, REF_VALUE, USERID, ADD_DATE, UPDATE_DATE ) values ( 'TWCORNEL5-2E1D09A92D5440E8A846A59586ED69F3', 'TWCORNEL5-090A0CE12D4949988AC700A25E87C092', '2021-10-12', 8, 58, 8.800, 8.980, 'bvick', '2021-10-22 12:05:31', NULL ) on conflict (LIN_INJ_ID) do update set LIN_SUM_ID = EXCLUDED.LIN_SUM_ID, INJECTION_DATE = EXCLUDED.INJECTION_DATE, INJECTION_HOUR = EXCLUDED.INJECTION_HOUR, INJECTION_MIN = EXCLUDED.INJECTION_MIN, MEASURED_VALUE = EXCLUDED.MEASURED_VALUE, REF_VALUE = EXCLUDED.REF_VALUE, USERID = EXCLUDED.USERID, ADD_DATE = EXCLUDED.ADD_DATE, UPDATE_DATE = EXCLUDED.UPDATE_DATE;
/* ORIS:      3    Location: 6A        Test Type: LINE       Test Num: 20211012083705CD1     SQL Ord:    7 */ insert into camdecmpswks.LINEARITY_INJECTION ( LIN_INJ_ID, LIN_SUM_ID, INJECTION_DATE, INJECTION_HOUR, INJECTION_MIN, MEASURED_VALUE, REF_VALUE, USERID, ADD_DATE, UPDATE_DATE ) values ( 'TWCORNEL5-6E4365AED15E4D9188D1ABE764CAE636', 'TWCORNEL5-090A0CE12D4949988AC700A25E87C092', '2021-10-12', 9, 11, 8.800, 8.980, 'bvick', '2021-10-22 12:05:31', NULL ) on conflict (LIN_INJ_ID) do update set LIN_SUM_ID = EXCLUDED.LIN_SUM_ID, INJECTION_DATE = EXCLUDED.INJECTION_DATE, INJECTION_HOUR = EXCLUDED.INJECTION_HOUR, INJECTION_MIN = EXCLUDED.INJECTION_MIN, MEASURED_VALUE = EXCLUDED.MEASURED_VALUE, REF_VALUE = EXCLUDED.REF_VALUE, USERID = EXCLUDED.USERID, ADD_DATE = EXCLUDED.ADD_DATE, UPDATE_DATE = EXCLUDED.UPDATE_DATE;
/* ORIS:      3    Location: 6A        Test Type: LINE       Test Num: 20211012083705CD1     SQL Ord:    7 */ insert into camdecmpswks.LINEARITY_INJECTION ( LIN_INJ_ID, LIN_SUM_ID, INJECTION_DATE, INJECTION_HOUR, INJECTION_MIN, MEASURED_VALUE, REF_VALUE, USERID, ADD_DATE, UPDATE_DATE ) values ( 'TWCORNEL5-888999D47CCA43DF90CED9579C67CE53', 'TWCORNEL5-3041E5A192DF492AA304A7623EF7D630', '2021-10-12', 9, 4, 2.400, 2.430, 'bvick', '2021-10-22 12:05:31', NULL ) on conflict (LIN_INJ_ID) do update set LIN_SUM_ID = EXCLUDED.LIN_SUM_ID, INJECTION_DATE = EXCLUDED.INJECTION_DATE, INJECTION_HOUR = EXCLUDED.INJECTION_HOUR, INJECTION_MIN = EXCLUDED.INJECTION_MIN, MEASURED_VALUE = EXCLUDED.MEASURED_VALUE, REF_VALUE = EXCLUDED.REF_VALUE, USERID = EXCLUDED.USERID, ADD_DATE = EXCLUDED.ADD_DATE, UPDATE_DATE = EXCLUDED.UPDATE_DATE;
/* ORIS:      3    Location: 6A        Test Type: LINE       Test Num: 20211012083705CD1     SQL Ord:    7 */ insert into camdecmpswks.LINEARITY_INJECTION ( LIN_INJ_ID, LIN_SUM_ID, INJECTION_DATE, INJECTION_HOUR, INJECTION_MIN, MEASURED_VALUE, REF_VALUE, USERID, ADD_DATE, UPDATE_DATE ) values ( 'TWCORNEL5-9394D225778A455FA30C7E1461947A20', 'TWCORNEL5-FDAB30A4ABE84C92AAD96DA0607BFBD9', '2021-10-12', 9, 8, 5.500, 5.580, 'bvick', '2021-10-22 12:05:31', NULL ) on conflict (LIN_INJ_ID) do update set LIN_SUM_ID = EXCLUDED.LIN_SUM_ID, INJECTION_DATE = EXCLUDED.INJECTION_DATE, INJECTION_HOUR = EXCLUDED.INJECTION_HOUR, INJECTION_MIN = EXCLUDED.INJECTION_MIN, MEASURED_VALUE = EXCLUDED.MEASURED_VALUE, REF_VALUE = EXCLUDED.REF_VALUE, USERID = EXCLUDED.USERID, ADD_DATE = EXCLUDED.ADD_DATE, UPDATE_DATE = EXCLUDED.UPDATE_DATE;
/* ORIS:      3    Location: 6A        Test Type: LINE       Test Num: 20211012083705CD1     SQL Ord:    7 */ insert into camdecmpswks.LINEARITY_INJECTION ( LIN_INJ_ID, LIN_SUM_ID, INJECTION_DATE, INJECTION_HOUR, INJECTION_MIN, MEASURED_VALUE, REF_VALUE, USERID, ADD_DATE, UPDATE_DATE ) values ( 'TWCORNEL5-99BFA8D2A2264E3B9CE286AAE8AE370C', 'TWCORNEL5-3041E5A192DF492AA304A7623EF7D630', '2021-10-12', 8, 52, 2.400, 2.430, 'bvick', '2021-10-22 12:05:31', NULL ) on conflict (LIN_INJ_ID) do update set LIN_SUM_ID = EXCLUDED.LIN_SUM_ID, INJECTION_DATE = EXCLUDED.INJECTION_DATE, INJECTION_HOUR = EXCLUDED.INJECTION_HOUR, INJECTION_MIN = EXCLUDED.INJECTION_MIN, MEASURED_VALUE = EXCLUDED.MEASURED_VALUE, REF_VALUE = EXCLUDED.REF_VALUE, USERID = EXCLUDED.USERID, ADD_DATE = EXCLUDED.ADD_DATE, UPDATE_DATE = EXCLUDED.UPDATE_DATE;
/* ORIS:      3    Location: 6A        Test Type: LINE       Test Num: 20211012083705CD1     SQL Ord:    7 */ insert into camdecmpswks.LINEARITY_INJECTION ( LIN_INJ_ID, LIN_SUM_ID, INJECTION_DATE, INJECTION_HOUR, INJECTION_MIN, MEASURED_VALUE, REF_VALUE, USERID, ADD_DATE, UPDATE_DATE ) values ( 'TWCORNEL5-E34380AA8F1043DA94F0DCB415E2F64A', 'TWCORNEL5-FDAB30A4ABE84C92AAD96DA0607BFBD9', '2021-10-12', 8, 55, 5.500, 5.580, 'bvick', '2021-10-22 12:05:31', NULL ) on conflict (LIN_INJ_ID) do update set LIN_SUM_ID = EXCLUDED.LIN_SUM_ID, INJECTION_DATE = EXCLUDED.INJECTION_DATE, INJECTION_HOUR = EXCLUDED.INJECTION_HOUR, INJECTION_MIN = EXCLUDED.INJECTION_MIN, MEASURED_VALUE = EXCLUDED.MEASURED_VALUE, REF_VALUE = EXCLUDED.REF_VALUE, USERID = EXCLUDED.USERID, ADD_DATE = EXCLUDED.ADD_DATE, UPDATE_DATE = EXCLUDED.UPDATE_DATE;
/* ORIS:      3    Location: 6A        Test Type: LINE       Test Num: 20211012083705CD1     SQL Ord:    7 */ insert into camdecmpswks.LINEARITY_INJECTION ( LIN_INJ_ID, LIN_SUM_ID, INJECTION_DATE, INJECTION_HOUR, INJECTION_MIN, MEASURED_VALUE, REF_VALUE, USERID, ADD_DATE, UPDATE_DATE ) values ( 'TWCORNEL5-F9044A19D21C491FB10D49C5E09787EB', 'TWCORNEL5-FDAB30A4ABE84C92AAD96DA0607BFBD9', '2021-10-12', 8, 43, 5.500, 5.580, 'bvick', '2021-10-22 12:05:31', NULL ) on conflict (LIN_INJ_ID) do update set LIN_SUM_ID = EXCLUDED.LIN_SUM_ID, INJECTION_DATE = EXCLUDED.INJECTION_DATE, INJECTION_HOUR = EXCLUDED.INJECTION_HOUR, INJECTION_MIN = EXCLUDED.INJECTION_MIN, MEASURED_VALUE = EXCLUDED.MEASURED_VALUE, REF_VALUE = EXCLUDED.REF_VALUE, USERID = EXCLUDED.USERID, ADD_DATE = EXCLUDED.ADD_DATE, UPDATE_DATE = EXCLUDED.UPDATE_DATE;
/* ORIS:      3    Location: 6A        Test Type: LINE       Test Num: 20211012083705NX1     SQL Ord:    1 */ delete from camdecmpswks.TEST_SUMMARY where TEST_SUM_ID = 'TWCORNEL5-7EBFA586EAB2493F92FF0341E03CDC14';
/* ORIS:      3    Location: 6A        Test Type: LINE       Test Num: 20211012083705NX1     SQL Ord:    2 */ insert into camdecmpswks.TEST_SUMMARY ( TEST_SUM_ID, MON_LOC_ID, TEST_TYPE_CD, TEST_NUM, MON_SYS_ID, COMPONENT_ID, GP_IND, TEST_REASON_CD, TEST_RESULT_CD, RPT_PERIOD_ID, BEGIN_DATE, BEGIN_HOUR, BEGIN_MIN, END_DATE, END_HOUR, END_MIN, SPAN_SCALE_CD, INJECTION_PROTOCOL_CD, TEST_COMMENT, TEST_DESCRIPTION, CALC_GP_IND, CALC_TEST_RESULT_CD, CALC_SPAN_VALUE, LAST_UPDATED, UPDATED_STATUS_FLG, NEEDS_EVAL_FLG, CHK_SESSION_ID, USERID, ADD_DATE, UPDATE_DATE ) values ( 'TWCORNEL5-7EBFA586EAB2493F92FF0341E03CDC14', '2706', 'LINE', '20211012083705NX1', NULL, 'TWCORNEL5-A83E707256C44EF39E20EDAEDEC8D0C2', 1, 'QA', 'PASSED', NULL, '2021-10-12', 8, 40, '2021-10-12', 9, 11, 'H', NULL, NULL, NULL, NULL, NULL, 200.000, '2021-12-30 11:40:26', 'Y', 'N', 'CHV-SABER-38FAC59F17784E6DAB4AC024FB10EA16', 'bvick', '2021-10-22 12:05:31', '2021-12-30 11:42:09' ) on conflict (TEST_SUM_ID) do update set MON_LOC_ID = EXCLUDED.MON_LOC_ID, TEST_TYPE_CD = EXCLUDED.TEST_TYPE_CD, TEST_NUM = EXCLUDED.TEST_NUM, MON_SYS_ID = EXCLUDED.MON_SYS_ID, COMPONENT_ID = EXCLUDED.COMPONENT_ID, GP_IND = EXCLUDED.GP_IND, TEST_REASON_CD = EXCLUDED.TEST_REASON_CD, TEST_RESULT_CD = EXCLUDED.TEST_RESULT_CD, RPT_PERIOD_ID = EXCLUDED.RPT_PERIOD_ID, BEGIN_DATE = EXCLUDED.BEGIN_DATE, BEGIN_HOUR = EXCLUDED.BEGIN_HOUR, BEGIN_MIN = EXCLUDED.BEGIN_MIN, END_DATE = EXCLUDED.END_DATE, END_HOUR = EXCLUDED.END_HOUR, END_MIN = EXCLUDED.END_MIN, SPAN_SCALE_CD = EXCLUDED.SPAN_SCALE_CD, INJECTION_PROTOCOL_CD = EXCLUDED.INJECTION_PROTOCOL_CD, TEST_COMMENT = EXCLUDED.TEST_COMMENT, TEST_DESCRIPTION = EXCLUDED.TEST_DESCRIPTION, CALC_GP_IND = EXCLUDED.CALC_GP_IND, CALC_TEST_RESULT_CD = EXCLUDED.CALC_TEST_RESULT_CD, CALC_SPAN_VALUE = EXCLUDED.CALC_SPAN_VALUE, LAST_UPDATED = EXCLUDED.LAST_UPDATED, UPDATED_STATUS_FLG = EXCLUDED.UPDATED_STATUS_FLG, NEEDS_EVAL_FLG = EXCLUDED.NEEDS_EVAL_FLG, CHK_SESSION_ID = EXCLUDED.CHK_SESSION_ID, USERID = EXCLUDED.USERID, ADD_DATE = EXCLUDED.ADD_DATE, UPDATE_DATE = EXCLUDED.UPDATE_DATE;
/* ORIS:      3    Location: 6A        Test Type: LINE       Test Num: 20211012083705NX1     SQL Ord:    3 */ insert into camdecmpswks.PROTOCOL_GAS ( PROTOCOL_GAS_ID, TEST_SUM_ID, GAS_LEVEL_CD, GAS_TYPE_CD, VENDOR_ID, CYLINDER_ID, EXPIRATION_DATE, USERID, ADD_DATE, UPDATE_DATE ) values ( 'TWCORNEL5-40AD7B9929D84FE1B634CD5541C7CBEE', 'TWCORNEL5-7EBFA586EAB2493F92FF0341E03CDC14', 'MID', 'CO2,NO,BALN', 'B22014', 'CC359631', '2022-04-01', 'bvick', '2021-10-22 12:05:31', NULL ) on conflict (PROTOCOL_GAS_ID) do update set TEST_SUM_ID = EXCLUDED.TEST_SUM_ID, GAS_LEVEL_CD = EXCLUDED.GAS_LEVEL_CD, GAS_TYPE_CD = EXCLUDED.GAS_TYPE_CD, VENDOR_ID = EXCLUDED.VENDOR_ID, CYLINDER_ID = EXCLUDED.CYLINDER_ID, EXPIRATION_DATE = EXCLUDED.EXPIRATION_DATE, USERID = EXCLUDED.USERID, ADD_DATE = EXCLUDED.ADD_DATE, UPDATE_DATE = EXCLUDED.UPDATE_DATE;
/* ORIS:      3    Location: 6A        Test Type: LINE       Test Num: 20211012083705NX1     SQL Ord:    3 */ insert into camdecmpswks.PROTOCOL_GAS ( PROTOCOL_GAS_ID, TEST_SUM_ID, GAS_LEVEL_CD, GAS_TYPE_CD, VENDOR_ID, CYLINDER_ID, EXPIRATION_DATE, USERID, ADD_DATE, UPDATE_DATE ) values ( 'TWCORNEL5-6DD112C1087C44D7ABB078BD65EC4997', 'TWCORNEL5-7EBFA586EAB2493F92FF0341E03CDC14', 'LOW', 'CO2,NO,NOX,BALN', 'B22018', 'CC416704', '2026-10-08', 'bvick', '2021-10-22 12:05:31', NULL ) on conflict (PROTOCOL_GAS_ID) do update set TEST_SUM_ID = EXCLUDED.TEST_SUM_ID, GAS_LEVEL_CD = EXCLUDED.GAS_LEVEL_CD, GAS_TYPE_CD = EXCLUDED.GAS_TYPE_CD, VENDOR_ID = EXCLUDED.VENDOR_ID, CYLINDER_ID = EXCLUDED.CYLINDER_ID, EXPIRATION_DATE = EXCLUDED.EXPIRATION_DATE, USERID = EXCLUDED.USERID, ADD_DATE = EXCLUDED.ADD_DATE, UPDATE_DATE = EXCLUDED.UPDATE_DATE;
/* ORIS:      3    Location: 6A        Test Type: LINE       Test Num: 20211012083705NX1     SQL Ord:    3 */ insert into camdecmpswks.PROTOCOL_GAS ( PROTOCOL_GAS_ID, TEST_SUM_ID, GAS_LEVEL_CD, GAS_TYPE_CD, VENDOR_ID, CYLINDER_ID, EXPIRATION_DATE, USERID, ADD_DATE, UPDATE_DATE ) values ( 'TWCORNEL5-8E12F33D4DF645CD80B10E535CD8F859', 'TWCORNEL5-7EBFA586EAB2493F92FF0341E03CDC14', 'HIGH', 'CO2,NO,NOX,BALN', 'B220191', 'CC44728', '2027-11-15', 'bvick', '2021-10-22 12:05:31', '2021-12-30 11:40:23' ) on conflict (PROTOCOL_GAS_ID) do update set TEST_SUM_ID = EXCLUDED.TEST_SUM_ID, GAS_LEVEL_CD = EXCLUDED.GAS_LEVEL_CD, GAS_TYPE_CD = EXCLUDED.GAS_TYPE_CD, VENDOR_ID = EXCLUDED.VENDOR_ID, CYLINDER_ID = EXCLUDED.CYLINDER_ID, EXPIRATION_DATE = EXCLUDED.EXPIRATION_DATE, USERID = EXCLUDED.USERID, ADD_DATE = EXCLUDED.ADD_DATE, UPDATE_DATE = EXCLUDED.UPDATE_DATE;
/* ORIS:      3    Location: 6A        Test Type: LINE       Test Num: 20211012083705NX1     SQL Ord:    6 */ insert into camdecmpswks.LINEARITY_SUMMARY ( LIN_SUM_ID, TEST_SUM_ID, MEAN_REF_VALUE, MEAN_MEASURED_VALUE, PERCENT_ERROR, APS_IND, GAS_LEVEL_CD, CALC_MEAN_REF_VALUE, CALC_MEAN_MEASURED_VALUE, CALC_PERCENT_ERROR, CALC_APS_IND, USERID, ADD_DATE, UPDATE_DATE ) values ( 'TWCORNEL5-1CA1B68785A746A8BA21ED48AF581E68', 'TWCORNEL5-7EBFA586EAB2493F92FF0341E03CDC14', 50.120, 49.767, 0.7, 0, 'LOW', 50.120, 49.767, 0.7, 0, 'bvick', '2021-10-22 12:05:31', '2021-12-30 11:42:09' ) on conflict (LIN_SUM_ID) do update set TEST_SUM_ID = EXCLUDED.TEST_SUM_ID, MEAN_REF_VALUE = EXCLUDED.MEAN_REF_VALUE, MEAN_MEASURED_VALUE = EXCLUDED.MEAN_MEASURED_VALUE, PERCENT_ERROR = EXCLUDED.PERCENT_ERROR, APS_IND = EXCLUDED.APS_IND, GAS_LEVEL_CD = EXCLUDED.GAS_LEVEL_CD, CALC_MEAN_REF_VALUE = EXCLUDED.CALC_MEAN_REF_VALUE, CALC_MEAN_MEASURED_VALUE = EXCLUDED.CALC_MEAN_MEASURED_VALUE, CALC_PERCENT_ERROR = EXCLUDED.CALC_PERCENT_ERROR, CALC_APS_IND = EXCLUDED.CALC_APS_IND, USERID = EXCLUDED.USERID, ADD_DATE = EXCLUDED.ADD_DATE, UPDATE_DATE = EXCLUDED.UPDATE_DATE;
/* ORIS:      3    Location: 6A        Test Type: LINE       Test Num: 20211012083705NX1     SQL Ord:    6 */ insert into camdecmpswks.LINEARITY_SUMMARY ( LIN_SUM_ID, TEST_SUM_ID, MEAN_REF_VALUE, MEAN_MEASURED_VALUE, PERCENT_ERROR, APS_IND, GAS_LEVEL_CD, CALC_MEAN_REF_VALUE, CALC_MEAN_MEASURED_VALUE, CALC_PERCENT_ERROR, CALC_APS_IND, USERID, ADD_DATE, UPDATE_DATE ) values ( 'TWCORNEL5-9F96C364F6354CD4B190E93828C6DD70', 'TWCORNEL5-7EBFA586EAB2493F92FF0341E03CDC14', 185.700, 183.167, 1.4, 0, 'HIGH', 185.700, 183.167, 1.4, 0, 'bvick', '2021-10-22 12:05:31', '2021-12-30 11:42:09' ) on conflict (LIN_SUM_ID) do update set TEST_SUM_ID = EXCLUDED.TEST_SUM_ID, MEAN_REF_VALUE = EXCLUDED.MEAN_REF_VALUE, MEAN_MEASURED_VALUE = EXCLUDED.MEAN_MEASURED_VALUE, PERCENT_ERROR = EXCLUDED.PERCENT_ERROR, APS_IND = EXCLUDED.APS_IND, GAS_LEVEL_CD = EXCLUDED.GAS_LEVEL_CD, CALC_MEAN_REF_VALUE = EXCLUDED.CALC_MEAN_REF_VALUE, CALC_MEAN_MEASURED_VALUE = EXCLUDED.CALC_MEAN_MEASURED_VALUE, CALC_PERCENT_ERROR = EXCLUDED.CALC_PERCENT_ERROR, CALC_APS_IND = EXCLUDED.CALC_APS_IND, USERID = EXCLUDED.USERID, ADD_DATE = EXCLUDED.ADD_DATE, UPDATE_DATE = EXCLUDED.UPDATE_DATE;
/* ORIS:      3    Location: 6A        Test Type: LINE       Test Num: 20211012083705NX1     SQL Ord:    6 */ insert into camdecmpswks.LINEARITY_SUMMARY ( LIN_SUM_ID, TEST_SUM_ID, MEAN_REF_VALUE, MEAN_MEASURED_VALUE, PERCENT_ERROR, APS_IND, GAS_LEVEL_CD, CALC_MEAN_REF_VALUE, CALC_MEAN_MEASURED_VALUE, CALC_PERCENT_ERROR, CALC_APS_IND, USERID, ADD_DATE, UPDATE_DATE ) values ( 'TWCORNEL5-FBE46A2DE9F543C7B378C3C8F59C9B7A', 'TWCORNEL5-7EBFA586EAB2493F92FF0341E03CDC14', 109.400, 108.167, 1.1, 0, 'MID', 109.400, 108.167, 1.1, 0, 'bvick', '2021-10-22 12:05:31', '2021-12-30 11:42:09' ) on conflict (LIN_SUM_ID) do update set TEST_SUM_ID = EXCLUDED.TEST_SUM_ID, MEAN_REF_VALUE = EXCLUDED.MEAN_REF_VALUE, MEAN_MEASURED_VALUE = EXCLUDED.MEAN_MEASURED_VALUE, PERCENT_ERROR = EXCLUDED.PERCENT_ERROR, APS_IND = EXCLUDED.APS_IND, GAS_LEVEL_CD = EXCLUDED.GAS_LEVEL_CD, CALC_MEAN_REF_VALUE = EXCLUDED.CALC_MEAN_REF_VALUE, CALC_MEAN_MEASURED_VALUE = EXCLUDED.CALC_MEAN_MEASURED_VALUE, CALC_PERCENT_ERROR = EXCLUDED.CALC_PERCENT_ERROR, CALC_APS_IND = EXCLUDED.CALC_APS_IND, USERID = EXCLUDED.USERID, ADD_DATE = EXCLUDED.ADD_DATE, UPDATE_DATE = EXCLUDED.UPDATE_DATE;
/* ORIS:      3    Location: 6A        Test Type: LINE       Test Num: 20211012083705NX1     SQL Ord:    7 */ insert into camdecmpswks.LINEARITY_INJECTION ( LIN_INJ_ID, LIN_SUM_ID, INJECTION_DATE, INJECTION_HOUR, INJECTION_MIN, MEASURED_VALUE, REF_VALUE, USERID, ADD_DATE, UPDATE_DATE ) values ( 'TWCORNEL5-025E4F6CA665418A91F7AB2750B3D7E5', 'TWCORNEL5-9F96C364F6354CD4B190E93828C6DD70', '2021-10-12', 8, 47, 183.100, 185.700, 'bvick', '2021-10-22 12:05:31', NULL ) on conflict (LIN_INJ_ID) do update set LIN_SUM_ID = EXCLUDED.LIN_SUM_ID, INJECTION_DATE = EXCLUDED.INJECTION_DATE, INJECTION_HOUR = EXCLUDED.INJECTION_HOUR, INJECTION_MIN = EXCLUDED.INJECTION_MIN, MEASURED_VALUE = EXCLUDED.MEASURED_VALUE, REF_VALUE = EXCLUDED.REF_VALUE, USERID = EXCLUDED.USERID, ADD_DATE = EXCLUDED.ADD_DATE, UPDATE_DATE = EXCLUDED.UPDATE_DATE;
/* ORIS:      3    Location: 6A        Test Type: LINE       Test Num: 20211012083705NX1     SQL Ord:    7 */ insert into camdecmpswks.LINEARITY_INJECTION ( LIN_INJ_ID, LIN_SUM_ID, INJECTION_DATE, INJECTION_HOUR, INJECTION_MIN, MEASURED_VALUE, REF_VALUE, USERID, ADD_DATE, UPDATE_DATE ) values ( 'TWCORNEL5-185892B7BE8A4CC38457AC2E51C993C4', 'TWCORNEL5-1CA1B68785A746A8BA21ED48AF581E68', '2021-10-12', 8, 52, 49.700, 50.120, 'bvick', '2021-10-22 12:05:31', NULL ) on conflict (LIN_INJ_ID) do update set LIN_SUM_ID = EXCLUDED.LIN_SUM_ID, INJECTION_DATE = EXCLUDED.INJECTION_DATE, INJECTION_HOUR = EXCLUDED.INJECTION_HOUR, INJECTION_MIN = EXCLUDED.INJECTION_MIN, MEASURED_VALUE = EXCLUDED.MEASURED_VALUE, REF_VALUE = EXCLUDED.REF_VALUE, USERID = EXCLUDED.USERID, ADD_DATE = EXCLUDED.ADD_DATE, UPDATE_DATE = EXCLUDED.UPDATE_DATE;
/* ORIS:      3    Location: 6A        Test Type: LINE       Test Num: 20211012083705NX1     SQL Ord:    7 */ insert into camdecmpswks.LINEARITY_INJECTION ( LIN_INJ_ID, LIN_SUM_ID, INJECTION_DATE, INJECTION_HOUR, INJECTION_MIN, MEASURED_VALUE, REF_VALUE, USERID, ADD_DATE, UPDATE_DATE ) values ( 'TWCORNEL5-1936C043129548288F50F7BF0903C65A', 'TWCORNEL5-1CA1B68785A746A8BA21ED48AF581E68', '2021-10-12', 8, 40, 49.500, 50.120, 'bvick', '2021-10-22 12:05:31', NULL ) on conflict (LIN_INJ_ID) do update set LIN_SUM_ID = EXCLUDED.LIN_SUM_ID, INJECTION_DATE = EXCLUDED.INJECTION_DATE, INJECTION_HOUR = EXCLUDED.INJECTION_HOUR, INJECTION_MIN = EXCLUDED.INJECTION_MIN, MEASURED_VALUE = EXCLUDED.MEASURED_VALUE, REF_VALUE = EXCLUDED.REF_VALUE, USERID = EXCLUDED.USERID, ADD_DATE = EXCLUDED.ADD_DATE, UPDATE_DATE = EXCLUDED.UPDATE_DATE;
/* ORIS:      3    Location: 6A        Test Type: LINE       Test Num: 20211012083705NX1     SQL Ord:    7 */ insert into camdecmpswks.LINEARITY_INJECTION ( LIN_INJ_ID, LIN_SUM_ID, INJECTION_DATE, INJECTION_HOUR, INJECTION_MIN, MEASURED_VALUE, REF_VALUE, USERID, ADD_DATE, UPDATE_DATE ) values ( 'TWCORNEL5-1D00592D7B1B4BCAAEC2EAFACB2CEC7D', 'TWCORNEL5-9F96C364F6354CD4B190E93828C6DD70', '2021-10-12', 9, 11, 183.200, 185.700, 'bvick', '2021-10-22 12:05:31', NULL ) on conflict (LIN_INJ_ID) do update set LIN_SUM_ID = EXCLUDED.LIN_SUM_ID, INJECTION_DATE = EXCLUDED.INJECTION_DATE, INJECTION_HOUR = EXCLUDED.INJECTION_HOUR, INJECTION_MIN = EXCLUDED.INJECTION_MIN, MEASURED_VALUE = EXCLUDED.MEASURED_VALUE, REF_VALUE = EXCLUDED.REF_VALUE, USERID = EXCLUDED.USERID, ADD_DATE = EXCLUDED.ADD_DATE, UPDATE_DATE = EXCLUDED.UPDATE_DATE;
/* ORIS:      3    Location: 6A        Test Type: LINE       Test Num: 20211012083705NX1     SQL Ord:    7 */ insert into camdecmpswks.LINEARITY_INJECTION ( LIN_INJ_ID, LIN_SUM_ID, INJECTION_DATE, INJECTION_HOUR, INJECTION_MIN, MEASURED_VALUE, REF_VALUE, USERID, ADD_DATE, UPDATE_DATE ) values ( 'TWCORNEL5-515E93FAE596492BB52F607765794AEE', 'TWCORNEL5-FBE46A2DE9F543C7B378C3C8F59C9B7A', '2021-10-12', 8, 43, 108.400, 109.400, 'bvick', '2021-10-22 12:05:31', NULL ) on conflict (LIN_INJ_ID) do update set LIN_SUM_ID = EXCLUDED.LIN_SUM_ID, INJECTION_DATE = EXCLUDED.INJECTION_DATE, INJECTION_HOUR = EXCLUDED.INJECTION_HOUR, INJECTION_MIN = EXCLUDED.INJECTION_MIN, MEASURED_VALUE = EXCLUDED.MEASURED_VALUE, REF_VALUE = EXCLUDED.REF_VALUE, USERID = EXCLUDED.USERID, ADD_DATE = EXCLUDED.ADD_DATE, UPDATE_DATE = EXCLUDED.UPDATE_DATE;
/* ORIS:      3    Location: 6A        Test Type: LINE       Test Num: 20211012083705NX1     SQL Ord:    7 */ insert into camdecmpswks.LINEARITY_INJECTION ( LIN_INJ_ID, LIN_SUM_ID, INJECTION_DATE, INJECTION_HOUR, INJECTION_MIN, MEASURED_VALUE, REF_VALUE, USERID, ADD_DATE, UPDATE_DATE ) values ( 'TWCORNEL5-78C42F52A45A403497094354990344CA', 'TWCORNEL5-1CA1B68785A746A8BA21ED48AF581E68', '2021-10-12', 9, 4, 50.100, 50.120, 'bvick', '2021-10-22 12:05:31', NULL ) on conflict (LIN_INJ_ID) do update set LIN_SUM_ID = EXCLUDED.LIN_SUM_ID, INJECTION_DATE = EXCLUDED.INJECTION_DATE, INJECTION_HOUR = EXCLUDED.INJECTION_HOUR, INJECTION_MIN = EXCLUDED.INJECTION_MIN, MEASURED_VALUE = EXCLUDED.MEASURED_VALUE, REF_VALUE = EXCLUDED.REF_VALUE, USERID = EXCLUDED.USERID, ADD_DATE = EXCLUDED.ADD_DATE, UPDATE_DATE = EXCLUDED.UPDATE_DATE;
/* ORIS:      3    Location: 6A        Test Type: LINE       Test Num: 20211012083705NX1     SQL Ord:    7 */ insert into camdecmpswks.LINEARITY_INJECTION ( LIN_INJ_ID, LIN_SUM_ID, INJECTION_DATE, INJECTION_HOUR, INJECTION_MIN, MEASURED_VALUE, REF_VALUE, USERID, ADD_DATE, UPDATE_DATE ) values ( 'TWCORNEL5-871884313B064D4CB776057D4B8E86EE', 'TWCORNEL5-FBE46A2DE9F543C7B378C3C8F59C9B7A', '2021-10-12', 8, 55, 108.000, 109.400, 'bvick', '2021-10-22 12:05:31', NULL ) on conflict (LIN_INJ_ID) do update set LIN_SUM_ID = EXCLUDED.LIN_SUM_ID, INJECTION_DATE = EXCLUDED.INJECTION_DATE, INJECTION_HOUR = EXCLUDED.INJECTION_HOUR, INJECTION_MIN = EXCLUDED.INJECTION_MIN, MEASURED_VALUE = EXCLUDED.MEASURED_VALUE, REF_VALUE = EXCLUDED.REF_VALUE, USERID = EXCLUDED.USERID, ADD_DATE = EXCLUDED.ADD_DATE, UPDATE_DATE = EXCLUDED.UPDATE_DATE;
/* ORIS:      3    Location: 6A        Test Type: LINE       Test Num: 20211012083705NX1     SQL Ord:    7 */ insert into camdecmpswks.LINEARITY_INJECTION ( LIN_INJ_ID, LIN_SUM_ID, INJECTION_DATE, INJECTION_HOUR, INJECTION_MIN, MEASURED_VALUE, REF_VALUE, USERID, ADD_DATE, UPDATE_DATE ) values ( 'TWCORNEL5-BDD3BEBD43A04770B3A4C58FBA4B14FE', 'TWCORNEL5-9F96C364F6354CD4B190E93828C6DD70', '2021-10-12', 8, 58, 183.200, 185.700, 'bvick', '2021-10-22 12:05:31', NULL ) on conflict (LIN_INJ_ID) do update set LIN_SUM_ID = EXCLUDED.LIN_SUM_ID, INJECTION_DATE = EXCLUDED.INJECTION_DATE, INJECTION_HOUR = EXCLUDED.INJECTION_HOUR, INJECTION_MIN = EXCLUDED.INJECTION_MIN, MEASURED_VALUE = EXCLUDED.MEASURED_VALUE, REF_VALUE = EXCLUDED.REF_VALUE, USERID = EXCLUDED.USERID, ADD_DATE = EXCLUDED.ADD_DATE, UPDATE_DATE = EXCLUDED.UPDATE_DATE;
/* ORIS:      3    Location: 6A        Test Type: LINE       Test Num: 20211012083705NX1     SQL Ord:    7 */ insert into camdecmpswks.LINEARITY_INJECTION ( LIN_INJ_ID, LIN_SUM_ID, INJECTION_DATE, INJECTION_HOUR, INJECTION_MIN, MEASURED_VALUE, REF_VALUE, USERID, ADD_DATE, UPDATE_DATE ) values ( 'TWCORNEL5-C903AE30E68344B39DC45D48DA95B686', 'TWCORNEL5-FBE46A2DE9F543C7B378C3C8F59C9B7A', '2021-10-12', 9, 8, 108.100, 109.400, 'bvick', '2021-10-22 12:05:31', NULL ) on conflict (LIN_INJ_ID) do update set LIN_SUM_ID = EXCLUDED.LIN_SUM_ID, INJECTION_DATE = EXCLUDED.INJECTION_DATE, INJECTION_HOUR = EXCLUDED.INJECTION_HOUR, INJECTION_MIN = EXCLUDED.INJECTION_MIN, MEASURED_VALUE = EXCLUDED.MEASURED_VALUE, REF_VALUE = EXCLUDED.REF_VALUE, USERID = EXCLUDED.USERID, ADD_DATE = EXCLUDED.ADD_DATE, UPDATE_DATE = EXCLUDED.UPDATE_DATE;
/* ORIS:      3    Location: 6A        Test Type: LINE       Test Num: 20211012091507CD1     SQL Ord:    1 */ delete from camdecmpswks.TEST_SUMMARY where TEST_SUM_ID = 'TWCORNEL5-48F8FBBDDF5142339034084C2FFCF856';
/* ORIS:      3    Location: 6A        Test Type: LINE       Test Num: 20211012091507CD1     SQL Ord:    2 */ insert into camdecmpswks.TEST_SUMMARY ( TEST_SUM_ID, MON_LOC_ID, TEST_TYPE_CD, TEST_NUM, MON_SYS_ID, COMPONENT_ID, GP_IND, TEST_REASON_CD, TEST_RESULT_CD, RPT_PERIOD_ID, BEGIN_DATE, BEGIN_HOUR, BEGIN_MIN, END_DATE, END_HOUR, END_MIN, SPAN_SCALE_CD, INJECTION_PROTOCOL_CD, TEST_COMMENT, TEST_DESCRIPTION, CALC_GP_IND, CALC_TEST_RESULT_CD, CALC_SPAN_VALUE, LAST_UPDATED, UPDATED_STATUS_FLG, NEEDS_EVAL_FLG, CHK_SESSION_ID, USERID, ADD_DATE, UPDATE_DATE ) values ( 'TWCORNEL5-48F8FBBDDF5142339034084C2FFCF856', '2706', 'LINE', '20211012091507CD1', NULL, 'TWCORNEL5-034E6D23B21A441EBB4BD52FF0F1139B', 0, 'QA', 'PASSED', NULL, '2021-10-12', 9, 18, '2021-10-12', 9, 51, 'H', NULL, NULL, NULL, NULL, 'INVALID', 10.000, '2021-12-30 11:46:23', 'Y', 'N', 'CHV-SABER-0C28025B83DC424783777BF7E22028EA', 'bvick', '2021-10-22 12:05:31', '2021-12-30 11:47:08' ) on conflict (TEST_SUM_ID) do update set MON_LOC_ID = EXCLUDED.MON_LOC_ID, TEST_TYPE_CD = EXCLUDED.TEST_TYPE_CD, TEST_NUM = EXCLUDED.TEST_NUM, MON_SYS_ID = EXCLUDED.MON_SYS_ID, COMPONENT_ID = EXCLUDED.COMPONENT_ID, GP_IND = EXCLUDED.GP_IND, TEST_REASON_CD = EXCLUDED.TEST_REASON_CD, TEST_RESULT_CD = EXCLUDED.TEST_RESULT_CD, RPT_PERIOD_ID = EXCLUDED.RPT_PERIOD_ID, BEGIN_DATE = EXCLUDED.BEGIN_DATE, BEGIN_HOUR = EXCLUDED.BEGIN_HOUR, BEGIN_MIN = EXCLUDED.BEGIN_MIN, END_DATE = EXCLUDED.END_DATE, END_HOUR = EXCLUDED.END_HOUR, END_MIN = EXCLUDED.END_MIN, SPAN_SCALE_CD = EXCLUDED.SPAN_SCALE_CD, INJECTION_PROTOCOL_CD = EXCLUDED.INJECTION_PROTOCOL_CD, TEST_COMMENT = EXCLUDED.TEST_COMMENT, TEST_DESCRIPTION = EXCLUDED.TEST_DESCRIPTION, CALC_GP_IND = EXCLUDED.CALC_GP_IND, CALC_TEST_RESULT_CD = EXCLUDED.CALC_TEST_RESULT_CD, CALC_SPAN_VALUE = EXCLUDED.CALC_SPAN_VALUE, LAST_UPDATED = EXCLUDED.LAST_UPDATED, UPDATED_STATUS_FLG = EXCLUDED.UPDATED_STATUS_FLG, NEEDS_EVAL_FLG = EXCLUDED.NEEDS_EVAL_FLG, CHK_SESSION_ID = EXCLUDED.CHK_SESSION_ID, USERID = EXCLUDED.USERID, ADD_DATE = EXCLUDED.ADD_DATE, UPDATE_DATE = EXCLUDED.UPDATE_DATE;
/* ORIS:      3    Location: 6A        Test Type: LINE       Test Num: 20211012091507CD1     SQL Ord:    3 */ insert into camdecmpswks.PROTOCOL_GAS ( PROTOCOL_GAS_ID, TEST_SUM_ID, GAS_LEVEL_CD, GAS_TYPE_CD, VENDOR_ID, CYLINDER_ID, EXPIRATION_DATE, USERID, ADD_DATE, UPDATE_DATE ) values ( 'TWCORNEL5-14186053B95F410587FA665AC8DAD81F', 'TWCORNEL5-48F8FBBDDF5142339034084C2FFCF856', 'HIGH', 'CO2,NO,NOX,BALN', 'B22019', 'CC44728', '2020-11-15', 'bvick', '2021-10-22 12:05:31', '2021-12-30 11:46:21' ) on conflict (PROTOCOL_GAS_ID) do update set TEST_SUM_ID = EXCLUDED.TEST_SUM_ID, GAS_LEVEL_CD = EXCLUDED.GAS_LEVEL_CD, GAS_TYPE_CD = EXCLUDED.GAS_TYPE_CD, VENDOR_ID = EXCLUDED.VENDOR_ID, CYLINDER_ID = EXCLUDED.CYLINDER_ID, EXPIRATION_DATE = EXCLUDED.EXPIRATION_DATE, USERID = EXCLUDED.USERID, ADD_DATE = EXCLUDED.ADD_DATE, UPDATE_DATE = EXCLUDED.UPDATE_DATE;
/* ORIS:      3    Location: 6A        Test Type: LINE       Test Num: 20211012091507CD1     SQL Ord:    3 */ insert into camdecmpswks.PROTOCOL_GAS ( PROTOCOL_GAS_ID, TEST_SUM_ID, GAS_LEVEL_CD, GAS_TYPE_CD, VENDOR_ID, CYLINDER_ID, EXPIRATION_DATE, USERID, ADD_DATE, UPDATE_DATE ) values ( 'TWCORNEL5-3CF9252F975643169C502B60DD402BFB', 'TWCORNEL5-48F8FBBDDF5142339034084C2FFCF856', 'LOW', 'CO2,NO,NOX,BALN', 'B22018', 'CC416704', '2026-10-08', 'bvick', '2021-10-22 12:05:31', NULL ) on conflict (PROTOCOL_GAS_ID) do update set TEST_SUM_ID = EXCLUDED.TEST_SUM_ID, GAS_LEVEL_CD = EXCLUDED.GAS_LEVEL_CD, GAS_TYPE_CD = EXCLUDED.GAS_TYPE_CD, VENDOR_ID = EXCLUDED.VENDOR_ID, CYLINDER_ID = EXCLUDED.CYLINDER_ID, EXPIRATION_DATE = EXCLUDED.EXPIRATION_DATE, USERID = EXCLUDED.USERID, ADD_DATE = EXCLUDED.ADD_DATE, UPDATE_DATE = EXCLUDED.UPDATE_DATE;
/* ORIS:      3    Location: 6A        Test Type: LINE       Test Num: 20211012091507CD1     SQL Ord:    3 */ insert into camdecmpswks.PROTOCOL_GAS ( PROTOCOL_GAS_ID, TEST_SUM_ID, GAS_LEVEL_CD, GAS_TYPE_CD, VENDOR_ID, CYLINDER_ID, EXPIRATION_DATE, USERID, ADD_DATE, UPDATE_DATE ) values ( 'TWCORNEL5-6AD9840B068F42739E0A0FC2B62B97BF', 'TWCORNEL5-48F8FBBDDF5142339034084C2FFCF856', 'MID', 'CO2,NO,BALN', 'B22014', 'CC359631', '2022-04-01', 'bvick', '2021-10-22 12:05:31', NULL ) on conflict (PROTOCOL_GAS_ID) do update set TEST_SUM_ID = EXCLUDED.TEST_SUM_ID, GAS_LEVEL_CD = EXCLUDED.GAS_LEVEL_CD, GAS_TYPE_CD = EXCLUDED.GAS_TYPE_CD, VENDOR_ID = EXCLUDED.VENDOR_ID, CYLINDER_ID = EXCLUDED.CYLINDER_ID, EXPIRATION_DATE = EXCLUDED.EXPIRATION_DATE, USERID = EXCLUDED.USERID, ADD_DATE = EXCLUDED.ADD_DATE, UPDATE_DATE = EXCLUDED.UPDATE_DATE;
/* ORIS:      3    Location: 6A        Test Type: LINE       Test Num: 20211012091507CD1     SQL Ord:    6 */ insert into camdecmpswks.LINEARITY_SUMMARY ( LIN_SUM_ID, TEST_SUM_ID, MEAN_REF_VALUE, MEAN_MEASURED_VALUE, PERCENT_ERROR, APS_IND, GAS_LEVEL_CD, CALC_MEAN_REF_VALUE, CALC_MEAN_MEASURED_VALUE, CALC_PERCENT_ERROR, CALC_APS_IND, USERID, ADD_DATE, UPDATE_DATE ) values ( 'TWCORNEL5-93EADC2572C44CB59CF337E617F92784', 'TWCORNEL5-48F8FBBDDF5142339034084C2FFCF856', 8.980, 8.800, 2.0, 0, 'HIGH', 8.980, 8.800, 2.0, 0, 'bvick', '2021-10-22 12:05:31', '2021-12-30 11:47:08' ) on conflict (LIN_SUM_ID) do update set TEST_SUM_ID = EXCLUDED.TEST_SUM_ID, MEAN_REF_VALUE = EXCLUDED.MEAN_REF_VALUE, MEAN_MEASURED_VALUE = EXCLUDED.MEAN_MEASURED_VALUE, PERCENT_ERROR = EXCLUDED.PERCENT_ERROR, APS_IND = EXCLUDED.APS_IND, GAS_LEVEL_CD = EXCLUDED.GAS_LEVEL_CD, CALC_MEAN_REF_VALUE = EXCLUDED.CALC_MEAN_REF_VALUE, CALC_MEAN_MEASURED_VALUE = EXCLUDED.CALC_MEAN_MEASURED_VALUE, CALC_PERCENT_ERROR = EXCLUDED.CALC_PERCENT_ERROR, CALC_APS_IND = EXCLUDED.CALC_APS_IND, USERID = EXCLUDED.USERID, ADD_DATE = EXCLUDED.ADD_DATE, UPDATE_DATE = EXCLUDED.UPDATE_DATE;
/* ORIS:      3    Location: 6A        Test Type: LINE       Test Num: 20211012091507CD1     SQL Ord:    6 */ insert into camdecmpswks.LINEARITY_SUMMARY ( LIN_SUM_ID, TEST_SUM_ID, MEAN_REF_VALUE, MEAN_MEASURED_VALUE, PERCENT_ERROR, APS_IND, GAS_LEVEL_CD, CALC_MEAN_REF_VALUE, CALC_MEAN_MEASURED_VALUE, CALC_PERCENT_ERROR, CALC_APS_IND, USERID, ADD_DATE, UPDATE_DATE ) values ( 'TWCORNEL5-A5647E264364492AAD5F34271A3C1DF8', 'TWCORNEL5-48F8FBBDDF5142339034084C2FFCF856', 5.580, 5.500, 1.4, 0, 'MID', 5.580, 5.500, 1.4, 0, 'bvick', '2021-10-22 12:05:31', '2021-12-30 11:47:08' ) on conflict (LIN_SUM_ID) do update set TEST_SUM_ID = EXCLUDED.TEST_SUM_ID, MEAN_REF_VALUE = EXCLUDED.MEAN_REF_VALUE, MEAN_MEASURED_VALUE = EXCLUDED.MEAN_MEASURED_VALUE, PERCENT_ERROR = EXCLUDED.PERCENT_ERROR, APS_IND = EXCLUDED.APS_IND, GAS_LEVEL_CD = EXCLUDED.GAS_LEVEL_CD, CALC_MEAN_REF_VALUE = EXCLUDED.CALC_MEAN_REF_VALUE, CALC_MEAN_MEASURED_VALUE = EXCLUDED.CALC_MEAN_MEASURED_VALUE, CALC_PERCENT_ERROR = EXCLUDED.CALC_PERCENT_ERROR, CALC_APS_IND = EXCLUDED.CALC_APS_IND, USERID = EXCLUDED.USERID, ADD_DATE = EXCLUDED.ADD_DATE, UPDATE_DATE = EXCLUDED.UPDATE_DATE;
/* ORIS:      3    Location: 6A        Test Type: LINE       Test Num: 20211012091507CD1     SQL Ord:    6 */ insert into camdecmpswks.LINEARITY_SUMMARY ( LIN_SUM_ID, TEST_SUM_ID, MEAN_REF_VALUE, MEAN_MEASURED_VALUE, PERCENT_ERROR, APS_IND, GAS_LEVEL_CD, CALC_MEAN_REF_VALUE, CALC_MEAN_MEASURED_VALUE, CALC_PERCENT_ERROR, CALC_APS_IND, USERID, ADD_DATE, UPDATE_DATE ) values ( 'TWCORNEL5-DF05E73AA2D34B7E865ADBD16C2DDFA8', 'TWCORNEL5-48F8FBBDDF5142339034084C2FFCF856', 2.430, 2.400, 1.2, 0, 'LOW', 2.430, 2.400, 1.2, 0, 'bvick', '2021-10-22 12:05:31', '2021-12-30 11:47:08' ) on conflict (LIN_SUM_ID) do update set TEST_SUM_ID = EXCLUDED.TEST_SUM_ID, MEAN_REF_VALUE = EXCLUDED.MEAN_REF_VALUE, MEAN_MEASURED_VALUE = EXCLUDED.MEAN_MEASURED_VALUE, PERCENT_ERROR = EXCLUDED.PERCENT_ERROR, APS_IND = EXCLUDED.APS_IND, GAS_LEVEL_CD = EXCLUDED.GAS_LEVEL_CD, CALC_MEAN_REF_VALUE = EXCLUDED.CALC_MEAN_REF_VALUE, CALC_MEAN_MEASURED_VALUE = EXCLUDED.CALC_MEAN_MEASURED_VALUE, CALC_PERCENT_ERROR = EXCLUDED.CALC_PERCENT_ERROR, CALC_APS_IND = EXCLUDED.CALC_APS_IND, USERID = EXCLUDED.USERID, ADD_DATE = EXCLUDED.ADD_DATE, UPDATE_DATE = EXCLUDED.UPDATE_DATE;
/* ORIS:      3    Location: 6A        Test Type: LINE       Test Num: 20211012091507CD1     SQL Ord:    7 */ insert into camdecmpswks.LINEARITY_INJECTION ( LIN_INJ_ID, LIN_SUM_ID, INJECTION_DATE, INJECTION_HOUR, INJECTION_MIN, MEASURED_VALUE, REF_VALUE, USERID, ADD_DATE, UPDATE_DATE ) values ( 'TWCORNEL5-3065BC0258E744908F84F515F6396741', 'TWCORNEL5-93EADC2572C44CB59CF337E617F92784', '2021-10-12', 9, 51, 8.800, 8.980, 'bvick', '2021-10-22 12:05:31', NULL ) on conflict (LIN_INJ_ID) do update set LIN_SUM_ID = EXCLUDED.LIN_SUM_ID, INJECTION_DATE = EXCLUDED.INJECTION_DATE, INJECTION_HOUR = EXCLUDED.INJECTION_HOUR, INJECTION_MIN = EXCLUDED.INJECTION_MIN, MEASURED_VALUE = EXCLUDED.MEASURED_VALUE, REF_VALUE = EXCLUDED.REF_VALUE, USERID = EXCLUDED.USERID, ADD_DATE = EXCLUDED.ADD_DATE, UPDATE_DATE = EXCLUDED.UPDATE_DATE;
/* ORIS:      3    Location: 6A        Test Type: LINE       Test Num: 20211012091507CD1     SQL Ord:    7 */ insert into camdecmpswks.LINEARITY_INJECTION ( LIN_INJ_ID, LIN_SUM_ID, INJECTION_DATE, INJECTION_HOUR, INJECTION_MIN, MEASURED_VALUE, REF_VALUE, USERID, ADD_DATE, UPDATE_DATE ) values ( 'TWCORNEL5-3813F5D31CCA481286B51EE0EEC01722', 'TWCORNEL5-DF05E73AA2D34B7E865ADBD16C2DDFA8', '2021-10-12', 9, 40, 2.400, 2.430, 'bvick', '2021-10-22 12:05:31', NULL ) on conflict (LIN_INJ_ID) do update set LIN_SUM_ID = EXCLUDED.LIN_SUM_ID, INJECTION_DATE = EXCLUDED.INJECTION_DATE, INJECTION_HOUR = EXCLUDED.INJECTION_HOUR, INJECTION_MIN = EXCLUDED.INJECTION_MIN, MEASURED_VALUE = EXCLUDED.MEASURED_VALUE, REF_VALUE = EXCLUDED.REF_VALUE, USERID = EXCLUDED.USERID, ADD_DATE = EXCLUDED.ADD_DATE, UPDATE_DATE = EXCLUDED.UPDATE_DATE;
/* ORIS:      3    Location: 6A        Test Type: LINE       Test Num: 20211012091507CD1     SQL Ord:    7 */ insert into camdecmpswks.LINEARITY_INJECTION ( LIN_INJ_ID, LIN_SUM_ID, INJECTION_DATE, INJECTION_HOUR, INJECTION_MIN, MEASURED_VALUE, REF_VALUE, USERID, ADD_DATE, UPDATE_DATE ) values ( 'TWCORNEL5-38E09E228C854214A348415469A83F30', 'TWCORNEL5-DF05E73AA2D34B7E865ADBD16C2DDFA8', '2021-10-12', 9, 18, 2.400, 2.430, 'bvick', '2021-10-22 12:05:31', NULL ) on conflict (LIN_INJ_ID) do update set LIN_SUM_ID = EXCLUDED.LIN_SUM_ID, INJECTION_DATE = EXCLUDED.INJECTION_DATE, INJECTION_HOUR = EXCLUDED.INJECTION_HOUR, INJECTION_MIN = EXCLUDED.INJECTION_MIN, MEASURED_VALUE = EXCLUDED.MEASURED_VALUE, REF_VALUE = EXCLUDED.REF_VALUE, USERID = EXCLUDED.USERID, ADD_DATE = EXCLUDED.ADD_DATE, UPDATE_DATE = EXCLUDED.UPDATE_DATE;
/* ORIS:      3    Location: 6A        Test Type: LINE       Test Num: 20211012091507CD1     SQL Ord:    7 */ insert into camdecmpswks.LINEARITY_INJECTION ( LIN_INJ_ID, LIN_SUM_ID, INJECTION_DATE, INJECTION_HOUR, INJECTION_MIN, MEASURED_VALUE, REF_VALUE, USERID, ADD_DATE, UPDATE_DATE ) values ( 'TWCORNEL5-4284142E1E7B4326BF6D6F33C23FB891', 'TWCORNEL5-A5647E264364492AAD5F34271A3C1DF8', '2021-10-12', 9, 22, 5.500, 5.580, 'bvick', '2021-10-22 12:05:31', NULL ) on conflict (LIN_INJ_ID) do update set LIN_SUM_ID = EXCLUDED.LIN_SUM_ID, INJECTION_DATE = EXCLUDED.INJECTION_DATE, INJECTION_HOUR = EXCLUDED.INJECTION_HOUR, INJECTION_MIN = EXCLUDED.INJECTION_MIN, MEASURED_VALUE = EXCLUDED.MEASURED_VALUE, REF_VALUE = EXCLUDED.REF_VALUE, USERID = EXCLUDED.USERID, ADD_DATE = EXCLUDED.ADD_DATE, UPDATE_DATE = EXCLUDED.UPDATE_DATE;
/* ORIS:      3    Location: 6A        Test Type: LINE       Test Num: 20211012091507CD1     SQL Ord:    7 */ insert into camdecmpswks.LINEARITY_INJECTION ( LIN_INJ_ID, LIN_SUM_ID, INJECTION_DATE, INJECTION_HOUR, INJECTION_MIN, MEASURED_VALUE, REF_VALUE, USERID, ADD_DATE, UPDATE_DATE ) values ( 'TWCORNEL5-746CC84AF9BE4968B319D13184BE107C', 'TWCORNEL5-DF05E73AA2D34B7E865ADBD16C2DDFA8', '2021-10-12', 9, 30, 2.400, 2.430, 'bvick', '2021-10-22 12:05:31', NULL ) on conflict (LIN_INJ_ID) do update set LIN_SUM_ID = EXCLUDED.LIN_SUM_ID, INJECTION_DATE = EXCLUDED.INJECTION_DATE, INJECTION_HOUR = EXCLUDED.INJECTION_HOUR, INJECTION_MIN = EXCLUDED.INJECTION_MIN, MEASURED_VALUE = EXCLUDED.MEASURED_VALUE, REF_VALUE = EXCLUDED.REF_VALUE, USERID = EXCLUDED.USERID, ADD_DATE = EXCLUDED.ADD_DATE, UPDATE_DATE = EXCLUDED.UPDATE_DATE;
/* ORIS:      3    Location: 6A        Test Type: LINE       Test Num: 20211012091507CD1     SQL Ord:    7 */ insert into camdecmpswks.LINEARITY_INJECTION ( LIN_INJ_ID, LIN_SUM_ID, INJECTION_DATE, INJECTION_HOUR, INJECTION_MIN, MEASURED_VALUE, REF_VALUE, USERID, ADD_DATE, UPDATE_DATE ) values ( 'TWCORNEL5-83444B4B7B724BFFA376D8E1C221A2EC', 'TWCORNEL5-A5647E264364492AAD5F34271A3C1DF8', '2021-10-12', 9, 33, 5.500, 5.580, 'bvick', '2021-10-22 12:05:31', NULL ) on conflict (LIN_INJ_ID) do update set LIN_SUM_ID = EXCLUDED.LIN_SUM_ID, INJECTION_DATE = EXCLUDED.INJECTION_DATE, INJECTION_HOUR = EXCLUDED.INJECTION_HOUR, INJECTION_MIN = EXCLUDED.INJECTION_MIN, MEASURED_VALUE = EXCLUDED.MEASURED_VALUE, REF_VALUE = EXCLUDED.REF_VALUE, USERID = EXCLUDED.USERID, ADD_DATE = EXCLUDED.ADD_DATE, UPDATE_DATE = EXCLUDED.UPDATE_DATE;
/* ORIS:      3    Location: 6A        Test Type: LINE       Test Num: 20211012091507CD1     SQL Ord:    7 */ insert into camdecmpswks.LINEARITY_INJECTION ( LIN_INJ_ID, LIN_SUM_ID, INJECTION_DATE, INJECTION_HOUR, INJECTION_MIN, MEASURED_VALUE, REF_VALUE, USERID, ADD_DATE, UPDATE_DATE ) values ( 'TWCORNEL5-87B4FC461E0D4BC6BAF56B01E36536F4', 'TWCORNEL5-93EADC2572C44CB59CF337E617F92784', '2021-10-12', 9, 26, 8.800, 8.980, 'bvick', '2021-10-22 12:05:31', NULL ) on conflict (LIN_INJ_ID) do update set LIN_SUM_ID = EXCLUDED.LIN_SUM_ID, INJECTION_DATE = EXCLUDED.INJECTION_DATE, INJECTION_HOUR = EXCLUDED.INJECTION_HOUR, INJECTION_MIN = EXCLUDED.INJECTION_MIN, MEASURED_VALUE = EXCLUDED.MEASURED_VALUE, REF_VALUE = EXCLUDED.REF_VALUE, USERID = EXCLUDED.USERID, ADD_DATE = EXCLUDED.ADD_DATE, UPDATE_DATE = EXCLUDED.UPDATE_DATE;
/* ORIS:      3    Location: 6A        Test Type: LINE       Test Num: 20211012091507CD1     SQL Ord:    7 */ insert into camdecmpswks.LINEARITY_INJECTION ( LIN_INJ_ID, LIN_SUM_ID, INJECTION_DATE, INJECTION_HOUR, INJECTION_MIN, MEASURED_VALUE, REF_VALUE, USERID, ADD_DATE, UPDATE_DATE ) values ( 'TWCORNEL5-D6B7D7431F8F4F8BA3F7E2AAFBDAD171', 'TWCORNEL5-93EADC2572C44CB59CF337E617F92784', '2021-10-12', 9, 37, 8.800, 8.980, 'bvick', '2021-10-22 12:05:31', NULL ) on conflict (LIN_INJ_ID) do update set LIN_SUM_ID = EXCLUDED.LIN_SUM_ID, INJECTION_DATE = EXCLUDED.INJECTION_DATE, INJECTION_HOUR = EXCLUDED.INJECTION_HOUR, INJECTION_MIN = EXCLUDED.INJECTION_MIN, MEASURED_VALUE = EXCLUDED.MEASURED_VALUE, REF_VALUE = EXCLUDED.REF_VALUE, USERID = EXCLUDED.USERID, ADD_DATE = EXCLUDED.ADD_DATE, UPDATE_DATE = EXCLUDED.UPDATE_DATE;
/* ORIS:      3    Location: 6A        Test Type: LINE       Test Num: 20211012091507CD1     SQL Ord:    7 */ insert into camdecmpswks.LINEARITY_INJECTION ( LIN_INJ_ID, LIN_SUM_ID, INJECTION_DATE, INJECTION_HOUR, INJECTION_MIN, MEASURED_VALUE, REF_VALUE, USERID, ADD_DATE, UPDATE_DATE ) values ( 'TWCORNEL5-FDB248A40AEC4B6E93C39C217C5E0BC7', 'TWCORNEL5-A5647E264364492AAD5F34271A3C1DF8', '2021-10-12', 9, 45, 5.500, 5.580, 'bvick', '2021-10-22 12:05:31', NULL ) on conflict (LIN_INJ_ID) do update set LIN_SUM_ID = EXCLUDED.LIN_SUM_ID, INJECTION_DATE = EXCLUDED.INJECTION_DATE, INJECTION_HOUR = EXCLUDED.INJECTION_HOUR, INJECTION_MIN = EXCLUDED.INJECTION_MIN, MEASURED_VALUE = EXCLUDED.MEASURED_VALUE, REF_VALUE = EXCLUDED.REF_VALUE, USERID = EXCLUDED.USERID, ADD_DATE = EXCLUDED.ADD_DATE, UPDATE_DATE = EXCLUDED.UPDATE_DATE;
/* ORIS:      3    Location: 6A        Test Type: LINE       Test Num: 20211012091507NX1     SQL Ord:    1 */ delete from camdecmpswks.TEST_SUMMARY where TEST_SUM_ID = 'TWCORNEL5-A99B4D9EDB914CCBB5F75F738C9F6F5C';
/* ORIS:      3    Location: 6A        Test Type: LINE       Test Num: 20211012091507NX1     SQL Ord:    2 */ insert into camdecmpswks.TEST_SUMMARY ( TEST_SUM_ID, MON_LOC_ID, TEST_TYPE_CD, TEST_NUM, MON_SYS_ID, COMPONENT_ID, GP_IND, TEST_REASON_CD, TEST_RESULT_CD, RPT_PERIOD_ID, BEGIN_DATE, BEGIN_HOUR, BEGIN_MIN, END_DATE, END_HOUR, END_MIN, SPAN_SCALE_CD, INJECTION_PROTOCOL_CD, TEST_COMMENT, TEST_DESCRIPTION, CALC_GP_IND, CALC_TEST_RESULT_CD, CALC_SPAN_VALUE, LAST_UPDATED, UPDATED_STATUS_FLG, NEEDS_EVAL_FLG, CHK_SESSION_ID, USERID, ADD_DATE, UPDATE_DATE ) values ( 'TWCORNEL5-A99B4D9EDB914CCBB5F75F738C9F6F5C', '2706', 'LINE', '20211012091507NX1', NULL, 'TWCORNEL5-A83E707256C44EF39E20EDAEDEC8D0C2', 0, 'QA', 'PASSED', NULL, '2021-10-12', 9, 18, '2021-10-12', 9, 51, 'H', NULL, NULL, NULL, NULL, NULL, 200.000, '2021-12-30 13:55:23', 'Y', 'N', 'CHV-SABER-FC12F1EDA9AC450494EFD6B1AAB21F07', 'bvick', '2021-10-22 12:05:31', '2021-12-30 13:57:00' ) on conflict (TEST_SUM_ID) do update set MON_LOC_ID = EXCLUDED.MON_LOC_ID, TEST_TYPE_CD = EXCLUDED.TEST_TYPE_CD, TEST_NUM = EXCLUDED.TEST_NUM, MON_SYS_ID = EXCLUDED.MON_SYS_ID, COMPONENT_ID = EXCLUDED.COMPONENT_ID, GP_IND = EXCLUDED.GP_IND, TEST_REASON_CD = EXCLUDED.TEST_REASON_CD, TEST_RESULT_CD = EXCLUDED.TEST_RESULT_CD, RPT_PERIOD_ID = EXCLUDED.RPT_PERIOD_ID, BEGIN_DATE = EXCLUDED.BEGIN_DATE, BEGIN_HOUR = EXCLUDED.BEGIN_HOUR, BEGIN_MIN = EXCLUDED.BEGIN_MIN, END_DATE = EXCLUDED.END_DATE, END_HOUR = EXCLUDED.END_HOUR, END_MIN = EXCLUDED.END_MIN, SPAN_SCALE_CD = EXCLUDED.SPAN_SCALE_CD, INJECTION_PROTOCOL_CD = EXCLUDED.INJECTION_PROTOCOL_CD, TEST_COMMENT = EXCLUDED.TEST_COMMENT, TEST_DESCRIPTION = EXCLUDED.TEST_DESCRIPTION, CALC_GP_IND = EXCLUDED.CALC_GP_IND, CALC_TEST_RESULT_CD = EXCLUDED.CALC_TEST_RESULT_CD, CALC_SPAN_VALUE = EXCLUDED.CALC_SPAN_VALUE, LAST_UPDATED = EXCLUDED.LAST_UPDATED, UPDATED_STATUS_FLG = EXCLUDED.UPDATED_STATUS_FLG, NEEDS_EVAL_FLG = EXCLUDED.NEEDS_EVAL_FLG, CHK_SESSION_ID = EXCLUDED.CHK_SESSION_ID, USERID = EXCLUDED.USERID, ADD_DATE = EXCLUDED.ADD_DATE, UPDATE_DATE = EXCLUDED.UPDATE_DATE;
/* ORIS:      3    Location: 6A        Test Type: LINE       Test Num: 20211012091507NX1     SQL Ord:    3 */ insert into camdecmpswks.PROTOCOL_GAS ( PROTOCOL_GAS_ID, TEST_SUM_ID, GAS_LEVEL_CD, GAS_TYPE_CD, VENDOR_ID, CYLINDER_ID, EXPIRATION_DATE, USERID, ADD_DATE, UPDATE_DATE ) values ( 'TWCORNEL5-460F5649DA7F4EB3A49BC18528E9E54B', 'TWCORNEL5-A99B4D9EDB914CCBB5F75F738C9F6F5C', 'MID', 'AIR', NULL, NULL, NULL, 'bvick', '2021-10-22 12:05:32', '2021-12-30 13:55:21' ) on conflict (PROTOCOL_GAS_ID) do update set TEST_SUM_ID = EXCLUDED.TEST_SUM_ID, GAS_LEVEL_CD = EXCLUDED.GAS_LEVEL_CD, GAS_TYPE_CD = EXCLUDED.GAS_TYPE_CD, VENDOR_ID = EXCLUDED.VENDOR_ID, CYLINDER_ID = EXCLUDED.CYLINDER_ID, EXPIRATION_DATE = EXCLUDED.EXPIRATION_DATE, USERID = EXCLUDED.USERID, ADD_DATE = EXCLUDED.ADD_DATE, UPDATE_DATE = EXCLUDED.UPDATE_DATE;
/* ORIS:      3    Location: 6A        Test Type: LINE       Test Num: 20211012091507NX1     SQL Ord:    3 */ insert into camdecmpswks.PROTOCOL_GAS ( PROTOCOL_GAS_ID, TEST_SUM_ID, GAS_LEVEL_CD, GAS_TYPE_CD, VENDOR_ID, CYLINDER_ID, EXPIRATION_DATE, USERID, ADD_DATE, UPDATE_DATE ) values ( 'TWCORNEL5-70DEB8C70A624DD096A688B1E759CECD', 'TWCORNEL5-A99B4D9EDB914CCBB5F75F738C9F6F5C', 'LOW', 'CO2,NO,NOX,BALN', 'B22018', 'CC416704', '2026-10-08', 'bvick', '2021-10-22 12:05:32', NULL ) on conflict (PROTOCOL_GAS_ID) do update set TEST_SUM_ID = EXCLUDED.TEST_SUM_ID, GAS_LEVEL_CD = EXCLUDED.GAS_LEVEL_CD, GAS_TYPE_CD = EXCLUDED.GAS_TYPE_CD, VENDOR_ID = EXCLUDED.VENDOR_ID, CYLINDER_ID = EXCLUDED.CYLINDER_ID, EXPIRATION_DATE = EXCLUDED.EXPIRATION_DATE, USERID = EXCLUDED.USERID, ADD_DATE = EXCLUDED.ADD_DATE, UPDATE_DATE = EXCLUDED.UPDATE_DATE;
/* ORIS:      3    Location: 6A        Test Type: LINE       Test Num: 20211012091507NX1     SQL Ord:    3 */ insert into camdecmpswks.PROTOCOL_GAS ( PROTOCOL_GAS_ID, TEST_SUM_ID, GAS_LEVEL_CD, GAS_TYPE_CD, VENDOR_ID, CYLINDER_ID, EXPIRATION_DATE, USERID, ADD_DATE, UPDATE_DATE ) values ( 'TWCORNEL5-A75B1C3134E347FE9CC9B4A5EF1B82A9', 'TWCORNEL5-A99B4D9EDB914CCBB5F75F738C9F6F5C', 'HIGH', 'CO2,NO,NOX,BALN', 'B22019', 'CC44728', '2027-11-15', 'bvick', '2021-10-22 12:05:32', NULL ) on conflict (PROTOCOL_GAS_ID) do update set TEST_SUM_ID = EXCLUDED.TEST_SUM_ID, GAS_LEVEL_CD = EXCLUDED.GAS_LEVEL_CD, GAS_TYPE_CD = EXCLUDED.GAS_TYPE_CD, VENDOR_ID = EXCLUDED.VENDOR_ID, CYLINDER_ID = EXCLUDED.CYLINDER_ID, EXPIRATION_DATE = EXCLUDED.EXPIRATION_DATE, USERID = EXCLUDED.USERID, ADD_DATE = EXCLUDED.ADD_DATE, UPDATE_DATE = EXCLUDED.UPDATE_DATE;
/* ORIS:      3    Location: 6A        Test Type: LINE       Test Num: 20211012091507NX1     SQL Ord:    6 */ insert into camdecmpswks.LINEARITY_SUMMARY ( LIN_SUM_ID, TEST_SUM_ID, MEAN_REF_VALUE, MEAN_MEASURED_VALUE, PERCENT_ERROR, APS_IND, GAS_LEVEL_CD, CALC_MEAN_REF_VALUE, CALC_MEAN_MEASURED_VALUE, CALC_PERCENT_ERROR, CALC_APS_IND, USERID, ADD_DATE, UPDATE_DATE ) values ( 'TWCORNEL5-1D97BE8C002D4E389CC1AEF70AC1966C', 'TWCORNEL5-A99B4D9EDB914CCBB5F75F738C9F6F5C', 50.120, 50.167, 0.1, 0, 'LOW', 50.120, 50.167, 0.1, 0, 'bvick', '2021-10-22 12:05:31', '2021-12-30 13:57:00' ) on conflict (LIN_SUM_ID) do update set TEST_SUM_ID = EXCLUDED.TEST_SUM_ID, MEAN_REF_VALUE = EXCLUDED.MEAN_REF_VALUE, MEAN_MEASURED_VALUE = EXCLUDED.MEAN_MEASURED_VALUE, PERCENT_ERROR = EXCLUDED.PERCENT_ERROR, APS_IND = EXCLUDED.APS_IND, GAS_LEVEL_CD = EXCLUDED.GAS_LEVEL_CD, CALC_MEAN_REF_VALUE = EXCLUDED.CALC_MEAN_REF_VALUE, CALC_MEAN_MEASURED_VALUE = EXCLUDED.CALC_MEAN_MEASURED_VALUE, CALC_PERCENT_ERROR = EXCLUDED.CALC_PERCENT_ERROR, CALC_APS_IND = EXCLUDED.CALC_APS_IND, USERID = EXCLUDED.USERID, ADD_DATE = EXCLUDED.ADD_DATE, UPDATE_DATE = EXCLUDED.UPDATE_DATE;
/* ORIS:      3    Location: 6A        Test Type: LINE       Test Num: 20211012091507NX1     SQL Ord:    6 */ insert into camdecmpswks.LINEARITY_SUMMARY ( LIN_SUM_ID, TEST_SUM_ID, MEAN_REF_VALUE, MEAN_MEASURED_VALUE, PERCENT_ERROR, APS_IND, GAS_LEVEL_CD, CALC_MEAN_REF_VALUE, CALC_MEAN_MEASURED_VALUE, CALC_PERCENT_ERROR, CALC_APS_IND, USERID, ADD_DATE, UPDATE_DATE ) values ( 'TWCORNEL5-2A55137D624A4BFAB18184D8E1B952BC', 'TWCORNEL5-A99B4D9EDB914CCBB5F75F738C9F6F5C', 109.400, 108.067, 1.2, 0, 'MID', 109.400, 108.067, 1.2, 0, 'bvick', '2021-10-22 12:05:31', '2021-12-30 13:57:00' ) on conflict (LIN_SUM_ID) do update set TEST_SUM_ID = EXCLUDED.TEST_SUM_ID, MEAN_REF_VALUE = EXCLUDED.MEAN_REF_VALUE, MEAN_MEASURED_VALUE = EXCLUDED.MEAN_MEASURED_VALUE, PERCENT_ERROR = EXCLUDED.PERCENT_ERROR, APS_IND = EXCLUDED.APS_IND, GAS_LEVEL_CD = EXCLUDED.GAS_LEVEL_CD, CALC_MEAN_REF_VALUE = EXCLUDED.CALC_MEAN_REF_VALUE, CALC_MEAN_MEASURED_VALUE = EXCLUDED.CALC_MEAN_MEASURED_VALUE, CALC_PERCENT_ERROR = EXCLUDED.CALC_PERCENT_ERROR, CALC_APS_IND = EXCLUDED.CALC_APS_IND, USERID = EXCLUDED.USERID, ADD_DATE = EXCLUDED.ADD_DATE, UPDATE_DATE = EXCLUDED.UPDATE_DATE;
/* ORIS:      3    Location: 6A        Test Type: LINE       Test Num: 20211012091507NX1     SQL Ord:    6 */ insert into camdecmpswks.LINEARITY_SUMMARY ( LIN_SUM_ID, TEST_SUM_ID, MEAN_REF_VALUE, MEAN_MEASURED_VALUE, PERCENT_ERROR, APS_IND, GAS_LEVEL_CD, CALC_MEAN_REF_VALUE, CALC_MEAN_MEASURED_VALUE, CALC_PERCENT_ERROR, CALC_APS_IND, USERID, ADD_DATE, UPDATE_DATE ) values ( 'TWCORNEL5-7E81801B489B4F2F944D84E6BAD61641', 'TWCORNEL5-A99B4D9EDB914CCBB5F75F738C9F6F5C', 185.700, 183.233, 1.3, 0, 'HIGH', 185.700, 183.233, 1.3, 0, 'bvick', '2021-10-22 12:05:31', '2021-12-30 13:57:00' ) on conflict (LIN_SUM_ID) do update set TEST_SUM_ID = EXCLUDED.TEST_SUM_ID, MEAN_REF_VALUE = EXCLUDED.MEAN_REF_VALUE, MEAN_MEASURED_VALUE = EXCLUDED.MEAN_MEASURED_VALUE, PERCENT_ERROR = EXCLUDED.PERCENT_ERROR, APS_IND = EXCLUDED.APS_IND, GAS_LEVEL_CD = EXCLUDED.GAS_LEVEL_CD, CALC_MEAN_REF_VALUE = EXCLUDED.CALC_MEAN_REF_VALUE, CALC_MEAN_MEASURED_VALUE = EXCLUDED.CALC_MEAN_MEASURED_VALUE, CALC_PERCENT_ERROR = EXCLUDED.CALC_PERCENT_ERROR, CALC_APS_IND = EXCLUDED.CALC_APS_IND, USERID = EXCLUDED.USERID, ADD_DATE = EXCLUDED.ADD_DATE, UPDATE_DATE = EXCLUDED.UPDATE_DATE;
/* ORIS:      3    Location: 6A        Test Type: LINE       Test Num: 20211012091507NX1     SQL Ord:    7 */ insert into camdecmpswks.LINEARITY_INJECTION ( LIN_INJ_ID, LIN_SUM_ID, INJECTION_DATE, INJECTION_HOUR, INJECTION_MIN, MEASURED_VALUE, REF_VALUE, USERID, ADD_DATE, UPDATE_DATE ) values ( 'TWCORNEL5-09A4522A73CD44F48D92FB343549F8CB', 'TWCORNEL5-7E81801B489B4F2F944D84E6BAD61641', '2021-10-12', 9, 37, 183.200, 185.700, 'bvick', '2021-10-22 12:05:31', NULL ) on conflict (LIN_INJ_ID) do update set LIN_SUM_ID = EXCLUDED.LIN_SUM_ID, INJECTION_DATE = EXCLUDED.INJECTION_DATE, INJECTION_HOUR = EXCLUDED.INJECTION_HOUR, INJECTION_MIN = EXCLUDED.INJECTION_MIN, MEASURED_VALUE = EXCLUDED.MEASURED_VALUE, REF_VALUE = EXCLUDED.REF_VALUE, USERID = EXCLUDED.USERID, ADD_DATE = EXCLUDED.ADD_DATE, UPDATE_DATE = EXCLUDED.UPDATE_DATE;
/* ORIS:      3    Location: 6A        Test Type: LINE       Test Num: 20211012091507NX1     SQL Ord:    7 */ insert into camdecmpswks.LINEARITY_INJECTION ( LIN_INJ_ID, LIN_SUM_ID, INJECTION_DATE, INJECTION_HOUR, INJECTION_MIN, MEASURED_VALUE, REF_VALUE, USERID, ADD_DATE, UPDATE_DATE ) values ( 'TWCORNEL5-470615DADB1343B396488A429D712798', 'TWCORNEL5-1D97BE8C002D4E389CC1AEF70AC1966C', '2021-10-12', 9, 40, 50.900, 50.120, 'bvick', '2021-10-22 12:05:31', NULL ) on conflict (LIN_INJ_ID) do update set LIN_SUM_ID = EXCLUDED.LIN_SUM_ID, INJECTION_DATE = EXCLUDED.INJECTION_DATE, INJECTION_HOUR = EXCLUDED.INJECTION_HOUR, INJECTION_MIN = EXCLUDED.INJECTION_MIN, MEASURED_VALUE = EXCLUDED.MEASURED_VALUE, REF_VALUE = EXCLUDED.REF_VALUE, USERID = EXCLUDED.USERID, ADD_DATE = EXCLUDED.ADD_DATE, UPDATE_DATE = EXCLUDED.UPDATE_DATE;
/* ORIS:      3    Location: 6A        Test Type: LINE       Test Num: 20211012091507NX1     SQL Ord:    7 */ insert into camdecmpswks.LINEARITY_INJECTION ( LIN_INJ_ID, LIN_SUM_ID, INJECTION_DATE, INJECTION_HOUR, INJECTION_MIN, MEASURED_VALUE, REF_VALUE, USERID, ADD_DATE, UPDATE_DATE ) values ( 'TWCORNEL5-5CEFE9B579D640E1A6E4E6B944AB51CB', 'TWCORNEL5-7E81801B489B4F2F944D84E6BAD61641', '2021-10-12', 9, 51, 183.200, 185.700, 'bvick', '2021-10-22 12:05:31', NULL ) on conflict (LIN_INJ_ID) do update set LIN_SUM_ID = EXCLUDED.LIN_SUM_ID, INJECTION_DATE = EXCLUDED.INJECTION_DATE, INJECTION_HOUR = EXCLUDED.INJECTION_HOUR, INJECTION_MIN = EXCLUDED.INJECTION_MIN, MEASURED_VALUE = EXCLUDED.MEASURED_VALUE, REF_VALUE = EXCLUDED.REF_VALUE, USERID = EXCLUDED.USERID, ADD_DATE = EXCLUDED.ADD_DATE, UPDATE_DATE = EXCLUDED.UPDATE_DATE;
/* ORIS:      3    Location: 6A        Test Type: LINE       Test Num: 20211012091507NX1     SQL Ord:    7 */ insert into camdecmpswks.LINEARITY_INJECTION ( LIN_INJ_ID, LIN_SUM_ID, INJECTION_DATE, INJECTION_HOUR, INJECTION_MIN, MEASURED_VALUE, REF_VALUE, USERID, ADD_DATE, UPDATE_DATE ) values ( 'TWCORNEL5-7F6F796FDA794E458099F7BE56099AC3', 'TWCORNEL5-7E81801B489B4F2F944D84E6BAD61641', '2021-10-12', 9, 26, 183.300, 185.700, 'bvick', '2021-10-22 12:05:31', NULL ) on conflict (LIN_INJ_ID) do update set LIN_SUM_ID = EXCLUDED.LIN_SUM_ID, INJECTION_DATE = EXCLUDED.INJECTION_DATE, INJECTION_HOUR = EXCLUDED.INJECTION_HOUR, INJECTION_MIN = EXCLUDED.INJECTION_MIN, MEASURED_VALUE = EXCLUDED.MEASURED_VALUE, REF_VALUE = EXCLUDED.REF_VALUE, USERID = EXCLUDED.USERID, ADD_DATE = EXCLUDED.ADD_DATE, UPDATE_DATE = EXCLUDED.UPDATE_DATE;
/* ORIS:      3    Location: 6A        Test Type: LINE       Test Num: 20211012091507NX1     SQL Ord:    7 */ insert into camdecmpswks.LINEARITY_INJECTION ( LIN_INJ_ID, LIN_SUM_ID, INJECTION_DATE, INJECTION_HOUR, INJECTION_MIN, MEASURED_VALUE, REF_VALUE, USERID, ADD_DATE, UPDATE_DATE ) values ( 'TWCORNEL5-926B88B93D5A4FE0B39C2B952B91F9D3', 'TWCORNEL5-2A55137D624A4BFAB18184D8E1B952BC', '2021-10-12', 9, 45, 108.000, 109.400, 'bvick', '2021-10-22 12:05:31', NULL ) on conflict (LIN_INJ_ID) do update set LIN_SUM_ID = EXCLUDED.LIN_SUM_ID, INJECTION_DATE = EXCLUDED.INJECTION_DATE, INJECTION_HOUR = EXCLUDED.INJECTION_HOUR, INJECTION_MIN = EXCLUDED.INJECTION_MIN, MEASURED_VALUE = EXCLUDED.MEASURED_VALUE, REF_VALUE = EXCLUDED.REF_VALUE, USERID = EXCLUDED.USERID, ADD_DATE = EXCLUDED.ADD_DATE, UPDATE_DATE = EXCLUDED.UPDATE_DATE;
/* ORIS:      3    Location: 6A        Test Type: LINE       Test Num: 20211012091507NX1     SQL Ord:    7 */ insert into camdecmpswks.LINEARITY_INJECTION ( LIN_INJ_ID, LIN_SUM_ID, INJECTION_DATE, INJECTION_HOUR, INJECTION_MIN, MEASURED_VALUE, REF_VALUE, USERID, ADD_DATE, UPDATE_DATE ) values ( 'TWCORNEL5-BDDB1716737446EAA0C80FFAA094A2A5', 'TWCORNEL5-1D97BE8C002D4E389CC1AEF70AC1966C', '2021-10-12', 9, 30, 49.900, 50.120, 'bvick', '2021-10-22 12:05:31', NULL ) on conflict (LIN_INJ_ID) do update set LIN_SUM_ID = EXCLUDED.LIN_SUM_ID, INJECTION_DATE = EXCLUDED.INJECTION_DATE, INJECTION_HOUR = EXCLUDED.INJECTION_HOUR, INJECTION_MIN = EXCLUDED.INJECTION_MIN, MEASURED_VALUE = EXCLUDED.MEASURED_VALUE, REF_VALUE = EXCLUDED.REF_VALUE, USERID = EXCLUDED.USERID, ADD_DATE = EXCLUDED.ADD_DATE, UPDATE_DATE = EXCLUDED.UPDATE_DATE;
/* ORIS:      3    Location: 6A        Test Type: LINE       Test Num: 20211012091507NX1     SQL Ord:    7 */ insert into camdecmpswks.LINEARITY_INJECTION ( LIN_INJ_ID, LIN_SUM_ID, INJECTION_DATE, INJECTION_HOUR, INJECTION_MIN, MEASURED_VALUE, REF_VALUE, USERID, ADD_DATE, UPDATE_DATE ) values ( 'TWCORNEL5-DD5825B169C941248C217D9CEC482CD5', 'TWCORNEL5-2A55137D624A4BFAB18184D8E1B952BC', '2021-10-12', 9, 22, 108.200, 109.400, 'bvick', '2021-10-22 12:05:31', NULL ) on conflict (LIN_INJ_ID) do update set LIN_SUM_ID = EXCLUDED.LIN_SUM_ID, INJECTION_DATE = EXCLUDED.INJECTION_DATE, INJECTION_HOUR = EXCLUDED.INJECTION_HOUR, INJECTION_MIN = EXCLUDED.INJECTION_MIN, MEASURED_VALUE = EXCLUDED.MEASURED_VALUE, REF_VALUE = EXCLUDED.REF_VALUE, USERID = EXCLUDED.USERID, ADD_DATE = EXCLUDED.ADD_DATE, UPDATE_DATE = EXCLUDED.UPDATE_DATE;
/* ORIS:      3    Location: 6A        Test Type: LINE       Test Num: 20211012091507NX1     SQL Ord:    7 */ insert into camdecmpswks.LINEARITY_INJECTION ( LIN_INJ_ID, LIN_SUM_ID, INJECTION_DATE, INJECTION_HOUR, INJECTION_MIN, MEASURED_VALUE, REF_VALUE, USERID, ADD_DATE, UPDATE_DATE ) values ( 'TWCORNEL5-DD81DAE53A304C9C889BC940B5621294', 'TWCORNEL5-1D97BE8C002D4E389CC1AEF70AC1966C', '2021-10-12', 9, 18, 49.700, 50.120, 'bvick', '2021-10-22 12:05:31', NULL ) on conflict (LIN_INJ_ID) do update set LIN_SUM_ID = EXCLUDED.LIN_SUM_ID, INJECTION_DATE = EXCLUDED.INJECTION_DATE, INJECTION_HOUR = EXCLUDED.INJECTION_HOUR, INJECTION_MIN = EXCLUDED.INJECTION_MIN, MEASURED_VALUE = EXCLUDED.MEASURED_VALUE, REF_VALUE = EXCLUDED.REF_VALUE, USERID = EXCLUDED.USERID, ADD_DATE = EXCLUDED.ADD_DATE, UPDATE_DATE = EXCLUDED.UPDATE_DATE;
/* ORIS:      3    Location: 6A        Test Type: LINE       Test Num: 20211012091507NX1     SQL Ord:    7 */ insert into camdecmpswks.LINEARITY_INJECTION ( LIN_INJ_ID, LIN_SUM_ID, INJECTION_DATE, INJECTION_HOUR, INJECTION_MIN, MEASURED_VALUE, REF_VALUE, USERID, ADD_DATE, UPDATE_DATE ) values ( 'TWCORNEL5-FC4E0C4B0F714C35A3D46E986A0FC9DD', 'TWCORNEL5-2A55137D624A4BFAB18184D8E1B952BC', '2021-10-12', 9, 33, 108.000, 109.400, 'bvick', '2021-10-22 12:05:31', NULL ) on conflict (LIN_INJ_ID) do update set LIN_SUM_ID = EXCLUDED.LIN_SUM_ID, INJECTION_DATE = EXCLUDED.INJECTION_DATE, INJECTION_HOUR = EXCLUDED.INJECTION_HOUR, INJECTION_MIN = EXCLUDED.INJECTION_MIN, MEASURED_VALUE = EXCLUDED.MEASURED_VALUE, REF_VALUE = EXCLUDED.REF_VALUE, USERID = EXCLUDED.USERID, ADD_DATE = EXCLUDED.ADD_DATE, UPDATE_DATE = EXCLUDED.UPDATE_DATE;
/* ORIS:      3    Location: 6A        Test Type: RATA       Test Num: 202001070829MA3       SQL Ord:    1 */ delete from camdecmpswks.TEST_SUMMARY where TEST_SUM_ID = 'TWCORNEL5-DFE02CAA396F4945B5E4FC2A400F83DE';
/* ORIS:      3    Location: 6A        Test Type: RATA       Test Num: 202001070829MA3       SQL Ord:    2 */ insert into camdecmpswks.TEST_SUMMARY ( TEST_SUM_ID, MON_LOC_ID, TEST_TYPE_CD, TEST_NUM, MON_SYS_ID, COMPONENT_ID, GP_IND, TEST_REASON_CD, TEST_RESULT_CD, RPT_PERIOD_ID, BEGIN_DATE, BEGIN_HOUR, BEGIN_MIN, END_DATE, END_HOUR, END_MIN, SPAN_SCALE_CD, INJECTION_PROTOCOL_CD, TEST_COMMENT, TEST_DESCRIPTION, CALC_GP_IND, CALC_TEST_RESULT_CD, CALC_SPAN_VALUE, LAST_UPDATED, UPDATED_STATUS_FLG, NEEDS_EVAL_FLG, CHK_SESSION_ID, USERID, ADD_DATE, UPDATE_DATE ) values ( 'TWCORNEL5-DFE02CAA396F4945B5E4FC2A400F83DE', '2706', 'RATA', '202001070829MA3', 'CAMD-5FAA2DEC1413455FBDB5C148AF7FF02F', NULL, 0, 'RECERT', 'PASSED', NULL, '2020-01-07', 8, 29, '2020-01-07', 12, 48, NULL, NULL, NULL, NULL, NULL, NULL, NULL, '2021-12-30 14:06:53', 'Y', 'N', 'CHV-SABER-5F005F9E302046D985E0572331465C1A', 'bvick', '2020-04-23 11:17:33', '2021-12-30 14:07:06' ) on conflict (TEST_SUM_ID) do update set MON_LOC_ID = EXCLUDED.MON_LOC_ID, TEST_TYPE_CD = EXCLUDED.TEST_TYPE_CD, TEST_NUM = EXCLUDED.TEST_NUM, MON_SYS_ID = EXCLUDED.MON_SYS_ID, COMPONENT_ID = EXCLUDED.COMPONENT_ID, GP_IND = EXCLUDED.GP_IND, TEST_REASON_CD = EXCLUDED.TEST_REASON_CD, TEST_RESULT_CD = EXCLUDED.TEST_RESULT_CD, RPT_PERIOD_ID = EXCLUDED.RPT_PERIOD_ID, BEGIN_DATE = EXCLUDED.BEGIN_DATE, BEGIN_HOUR = EXCLUDED.BEGIN_HOUR, BEGIN_MIN = EXCLUDED.BEGIN_MIN, END_DATE = EXCLUDED.END_DATE, END_HOUR = EXCLUDED.END_HOUR, END_MIN = EXCLUDED.END_MIN, SPAN_SCALE_CD = EXCLUDED.SPAN_SCALE_CD, INJECTION_PROTOCOL_CD = EXCLUDED.INJECTION_PROTOCOL_CD, TEST_COMMENT = EXCLUDED.TEST_COMMENT, TEST_DESCRIPTION = EXCLUDED.TEST_DESCRIPTION, CALC_GP_IND = EXCLUDED.CALC_GP_IND, CALC_TEST_RESULT_CD = EXCLUDED.CALC_TEST_RESULT_CD, CALC_SPAN_VALUE = EXCLUDED.CALC_SPAN_VALUE, LAST_UPDATED = EXCLUDED.LAST_UPDATED, UPDATED_STATUS_FLG = EXCLUDED.UPDATED_STATUS_FLG, NEEDS_EVAL_FLG = EXCLUDED.NEEDS_EVAL_FLG, CHK_SESSION_ID = EXCLUDED.CHK_SESSION_ID, USERID = EXCLUDED.USERID, ADD_DATE = EXCLUDED.ADD_DATE, UPDATE_DATE = EXCLUDED.UPDATE_DATE;
/* ORIS:      3    Location: 6A        Test Type: RATA       Test Num: 202001070829MA3       SQL Ord:    3 */ insert into camdecmpswks.PROTOCOL_GAS ( PROTOCOL_GAS_ID, TEST_SUM_ID, GAS_LEVEL_CD, GAS_TYPE_CD, VENDOR_ID, CYLINDER_ID, EXPIRATION_DATE, USERID, ADD_DATE, UPDATE_DATE ) values ( 'TWCORNEL5-0A18D302113C4E6EBDF22FD0842FE3F2', 'TWCORNEL5-DFE02CAA396F4945B5E4FC2A400F83DE', 'LOW', 'ZERO', NULL, NULL, NULL, 'bvick', '2020-04-23 11:17:33', NULL ) on conflict (PROTOCOL_GAS_ID) do update set TEST_SUM_ID = EXCLUDED.TEST_SUM_ID, GAS_LEVEL_CD = EXCLUDED.GAS_LEVEL_CD, GAS_TYPE_CD = EXCLUDED.GAS_TYPE_CD, VENDOR_ID = EXCLUDED.VENDOR_ID, CYLINDER_ID = EXCLUDED.CYLINDER_ID, EXPIRATION_DATE = EXCLUDED.EXPIRATION_DATE, USERID = EXCLUDED.USERID, ADD_DATE = EXCLUDED.ADD_DATE, UPDATE_DATE = EXCLUDED.UPDATE_DATE;
/* ORIS:      3    Location: 6A        Test Type: RATA       Test Num: 202001070829MA3       SQL Ord:    3 */ insert into camdecmpswks.PROTOCOL_GAS ( PROTOCOL_GAS_ID, TEST_SUM_ID, GAS_LEVEL_CD, GAS_TYPE_CD, VENDOR_ID, CYLINDER_ID, EXPIRATION_DATE, USERID, ADD_DATE, UPDATE_DATE ) values ( 'TWCORNEL5-1A94D07C90604510A94495D5C7C28373', 'TWCORNEL5-DFE02CAA396F4945B5E4FC2A400F83DE', 'HIGH', 'CO2,BALN', 'B22019', 'XC007994B', '2027-01-18', 'bvick', '2020-04-23 11:17:33', NULL ) on conflict (PROTOCOL_GAS_ID) do update set TEST_SUM_ID = EXCLUDED.TEST_SUM_ID, GAS_LEVEL_CD = EXCLUDED.GAS_LEVEL_CD, GAS_TYPE_CD = EXCLUDED.GAS_TYPE_CD, VENDOR_ID = EXCLUDED.VENDOR_ID, CYLINDER_ID = EXCLUDED.CYLINDER_ID, EXPIRATION_DATE = EXCLUDED.EXPIRATION_DATE, USERID = EXCLUDED.USERID, ADD_DATE = EXCLUDED.ADD_DATE, UPDATE_DATE = EXCLUDED.UPDATE_DATE;
/* ORIS:      3    Location: 6A        Test Type: RATA       Test Num: 202001070829MA3       SQL Ord:    3 */ insert into camdecmpswks.PROTOCOL_GAS ( PROTOCOL_GAS_ID, TEST_SUM_ID, GAS_LEVEL_CD, GAS_TYPE_CD, VENDOR_ID, CYLINDER_ID, EXPIRATION_DATE, USERID, ADD_DATE, UPDATE_DATE ) values ( 'TWCORNEL5-5505D03640F14BD49EC05E9F4E47BC99', 'TWCORNEL5-DFE02CAA396F4945B5E4FC2A400F83DE', 'MID', 'CO2,BALN', 'B22019', 'CC456156', '2027-10-22', 'bvick', '2020-04-23 11:17:33', NULL ) on conflict (PROTOCOL_GAS_ID) do update set TEST_SUM_ID = EXCLUDED.TEST_SUM_ID, GAS_LEVEL_CD = EXCLUDED.GAS_LEVEL_CD, GAS_TYPE_CD = EXCLUDED.GAS_TYPE_CD, VENDOR_ID = EXCLUDED.VENDOR_ID, CYLINDER_ID = EXCLUDED.CYLINDER_ID, EXPIRATION_DATE = EXCLUDED.EXPIRATION_DATE, USERID = EXCLUDED.USERID, ADD_DATE = EXCLUDED.ADD_DATE, UPDATE_DATE = EXCLUDED.UPDATE_DATE;
/* ORIS:      3    Location: 6A        Test Type: RATA       Test Num: 202001070829MA3       SQL Ord:    3 */ insert into camdecmpswks.PROTOCOL_GAS ( PROTOCOL_GAS_ID, TEST_SUM_ID, GAS_LEVEL_CD, GAS_TYPE_CD, VENDOR_ID, CYLINDER_ID, EXPIRATION_DATE, USERID, ADD_DATE, UPDATE_DATE ) values ( 'TWCORNEL5-81EAA2F7F13D45F8917F5E7F9D7BC9D6', 'TWCORNEL5-DFE02CAA396F4945B5E4FC2A400F83DE', 'LOW', 'ZERO', NULL, NULL, NULL, 'bvick', '2020-04-23 11:17:33', NULL ) on conflict (PROTOCOL_GAS_ID) do update set TEST_SUM_ID = EXCLUDED.TEST_SUM_ID, GAS_LEVEL_CD = EXCLUDED.GAS_LEVEL_CD, GAS_TYPE_CD = EXCLUDED.GAS_TYPE_CD, VENDOR_ID = EXCLUDED.VENDOR_ID, CYLINDER_ID = EXCLUDED.CYLINDER_ID, EXPIRATION_DATE = EXCLUDED.EXPIRATION_DATE, USERID = EXCLUDED.USERID, ADD_DATE = EXCLUDED.ADD_DATE, UPDATE_DATE = EXCLUDED.UPDATE_DATE;
/* ORIS:      3    Location: 6A        Test Type: RATA       Test Num: 202001070829MA3       SQL Ord:    3 */ insert into camdecmpswks.PROTOCOL_GAS ( PROTOCOL_GAS_ID, TEST_SUM_ID, GAS_LEVEL_CD, GAS_TYPE_CD, VENDOR_ID, CYLINDER_ID, EXPIRATION_DATE, USERID, ADD_DATE, UPDATE_DATE ) values ( 'TWCORNEL5-995EA2006A5E4669A51C31564E593A3E', 'TWCORNEL5-DFE02CAA396F4945B5E4FC2A400F83DE', 'MID', 'NO,NOX,BALN', 'B22019', 'EB0111514', '2022-04-16', 'bvick', '2020-04-23 11:17:33', NULL ) on conflict (PROTOCOL_GAS_ID) do update set TEST_SUM_ID = EXCLUDED.TEST_SUM_ID, GAS_LEVEL_CD = EXCLUDED.GAS_LEVEL_CD, GAS_TYPE_CD = EXCLUDED.GAS_TYPE_CD, VENDOR_ID = EXCLUDED.VENDOR_ID, CYLINDER_ID = EXCLUDED.CYLINDER_ID, EXPIRATION_DATE = EXCLUDED.EXPIRATION_DATE, USERID = EXCLUDED.USERID, ADD_DATE = EXCLUDED.ADD_DATE, UPDATE_DATE = EXCLUDED.UPDATE_DATE;
/* ORIS:      3    Location: 6A        Test Type: RATA       Test Num: 202001070829MA3       SQL Ord:    4 */ insert into camdecmpswks.AIR_EMISSION_TESTING ( AIR_EMISSION_TEST_ID, TEST_SUM_ID, QI_LAST_NAME, QI_FIRST_NAME, QI_MIDDLE_INITIAL, AETB_NAME, AETB_PHONE_NUMBER, AETB_EMAIL, EXAM_DATE, PROVIDER_NAME, PROVIDER_EMAIL, ADD_DATE, UPDATE_DATE, USERID ) values ( 'TWCORNEL5-FF1FDFCBED2440C6B0E5A46640036468', 'TWCORNEL5-DFE02CAA396F4945B5E4FC2A400F83DE', 'Rew', 'Judd', 'M', 'Alabama Power Field Services Air Quality', '251-331-7560', 'jmrew@southernco.com', '2019-04-17', 'Source Evaluation Society', 'qstiprogram@gmail.com', '2021-12-30 14:05:50', NULL, '' ) on conflict (AIR_EMISSION_TEST_ID) do update set TEST_SUM_ID = EXCLUDED.TEST_SUM_ID, QI_LAST_NAME = EXCLUDED.QI_LAST_NAME, QI_FIRST_NAME = EXCLUDED.QI_FIRST_NAME, QI_MIDDLE_INITIAL = EXCLUDED.QI_MIDDLE_INITIAL, AETB_NAME = EXCLUDED.AETB_NAME, AETB_PHONE_NUMBER = EXCLUDED.AETB_PHONE_NUMBER, AETB_EMAIL = EXCLUDED.AETB_EMAIL, EXAM_DATE = EXCLUDED.EXAM_DATE, PROVIDER_NAME = EXCLUDED.PROVIDER_NAME, PROVIDER_EMAIL = EXCLUDED.PROVIDER_EMAIL, ADD_DATE = EXCLUDED.ADD_DATE, UPDATE_DATE = EXCLUDED.UPDATE_DATE, USERID = EXCLUDED.USERID;
/* ORIS:      3    Location: 6A        Test Type: RATA       Test Num: 202001070829MA3       SQL Ord:    6 */ insert into camdecmpswks.RATA ( RATA_ID, TEST_SUM_ID, RATA_FREQUENCY_CD, CALC_RATA_FREQUENCY_CD, RELATIVE_ACCURACY, CALC_RELATIVE_ACCURACY, OVERALL_BIAS_ADJ_FACTOR, CALC_OVERALL_BIAS_ADJ_FACTOR, NUM_LOAD_LEVEL, CALC_NUM_LOAD_LEVEL, USERID, ADD_DATE, UPDATE_DATE ) values ( 'TWCORNEL5-CD800D9E825C4D4F923A0A93D4F0BB24', 'TWCORNEL5-DFE02CAA396F4945B5E4FC2A400F83DE', '4QTRS', '4QTRS', 6.83, 6.83, 1.000, 1.000, 1, 1, 'bvick', '2020-04-23 11:17:33', '2021-12-30 14:07:06' ) on conflict (RATA_ID) do update set TEST_SUM_ID = EXCLUDED.TEST_SUM_ID, RATA_FREQUENCY_CD = EXCLUDED.RATA_FREQUENCY_CD, CALC_RATA_FREQUENCY_CD = EXCLUDED.CALC_RATA_FREQUENCY_CD, RELATIVE_ACCURACY = EXCLUDED.RELATIVE_ACCURACY, CALC_RELATIVE_ACCURACY = EXCLUDED.CALC_RELATIVE_ACCURACY, OVERALL_BIAS_ADJ_FACTOR = EXCLUDED.OVERALL_BIAS_ADJ_FACTOR, CALC_OVERALL_BIAS_ADJ_FACTOR = EXCLUDED.CALC_OVERALL_BIAS_ADJ_FACTOR, NUM_LOAD_LEVEL = EXCLUDED.NUM_LOAD_LEVEL, CALC_NUM_LOAD_LEVEL = EXCLUDED.CALC_NUM_LOAD_LEVEL, USERID = EXCLUDED.USERID, ADD_DATE = EXCLUDED.ADD_DATE, UPDATE_DATE = EXCLUDED.UPDATE_DATE;
/* ORIS:      3    Location: 6A        Test Type: RATA       Test Num: 202001070829MA3       SQL Ord:    7 */ insert into camdecmpswks.RATA_SUMMARY ( RATA_SUM_ID, RATA_ID, RELATIVE_ACCURACY, CALC_RELATIVE_ACCURACY, BIAS_ADJ_FACTOR, CALC_BIAS_ADJ_FACTOR, MEAN_CEM_VALUE, CALC_MEAN_CEM_VALUE, MEAN_RATA_REF_VALUE, CALC_MEAN_RATA_REF_VALUE, OP_LEVEL_CD, MEAN_DIFF, CALC_MEAN_DIFF, DEFAULT_WAF, AVG_GROSS_UNIT_LOAD, CALC_AVG_GROSS_UNIT_LOAD, APS_IND, CALC_APS_IND, STND_DEV_DIFF, CALC_STND_DEV_DIFF, CONFIDENCE_COEF, CALC_CONFIDENCE_COEF, CO2_O2_REF_METHOD_CD, REF_METHOD_CD, T_VALUE, CALC_T_VALUE, STACK_DIAMETER, STACK_AREA, CALC_STACK_AREA, CALC_WAF, CALC_CALC_WAF, NUM_TRAVERSE_POINT, USERID, ADD_DATE, UPDATE_DATE, APS_CD ) values ( 'TWCORNEL5-37D9E34FE13248A38970D9EA63FDA8E7', 'TWCORNEL5-CD800D9E825C4D4F923A0A93D4F0BB24', 6.83, 6.83, 1.000, 1.000, 0.00800, 0.00800, 0.00822, 0.00800, 'H', 0.00022, 0.00000, NULL, 250, 250, 0, 0, 0.00044, 0.00000, 0.00034, 0.00000, NULL, '7E,3A', 2.306, 2.306, NULL, NULL, NULL, NULL, NULL, NULL, 'bvick', '2020-04-23 11:17:33', '2021-12-30 14:07:06', NULL ) on conflict (RATA_SUM_ID) do update set RATA_ID = EXCLUDED.RATA_ID, RELATIVE_ACCURACY = EXCLUDED.RELATIVE_ACCURACY, CALC_RELATIVE_ACCURACY = EXCLUDED.CALC_RELATIVE_ACCURACY, BIAS_ADJ_FACTOR = EXCLUDED.BIAS_ADJ_FACTOR, CALC_BIAS_ADJ_FACTOR = EXCLUDED.CALC_BIAS_ADJ_FACTOR, MEAN_CEM_VALUE = EXCLUDED.MEAN_CEM_VALUE, CALC_MEAN_CEM_VALUE = EXCLUDED.CALC_MEAN_CEM_VALUE, MEAN_RATA_REF_VALUE = EXCLUDED.MEAN_RATA_REF_VALUE, CALC_MEAN_RATA_REF_VALUE = EXCLUDED.CALC_MEAN_RATA_REF_VALUE, OP_LEVEL_CD = EXCLUDED.OP_LEVEL_CD, MEAN_DIFF = EXCLUDED.MEAN_DIFF, CALC_MEAN_DIFF = EXCLUDED.CALC_MEAN_DIFF, DEFAULT_WAF = EXCLUDED.DEFAULT_WAF, AVG_GROSS_UNIT_LOAD = EXCLUDED.AVG_GROSS_UNIT_LOAD, CALC_AVG_GROSS_UNIT_LOAD = EXCLUDED.CALC_AVG_GROSS_UNIT_LOAD, APS_IND = EXCLUDED.APS_IND, CALC_APS_IND = EXCLUDED.CALC_APS_IND, STND_DEV_DIFF = EXCLUDED.STND_DEV_DIFF, CALC_STND_DEV_DIFF = EXCLUDED.CALC_STND_DEV_DIFF, CONFIDENCE_COEF = EXCLUDED.CONFIDENCE_COEF, CALC_CONFIDENCE_COEF = EXCLUDED.CALC_CONFIDENCE_COEF, CO2_O2_REF_METHOD_CD = EXCLUDED.CO2_O2_REF_METHOD_CD, REF_METHOD_CD = EXCLUDED.REF_METHOD_CD, T_VALUE = EXCLUDED.T_VALUE, CALC_T_VALUE = EXCLUDED.CALC_T_VALUE, STACK_DIAMETER = EXCLUDED.STACK_DIAMETER, STACK_AREA = EXCLUDED.STACK_AREA, CALC_STACK_AREA = EXCLUDED.CALC_STACK_AREA, CALC_WAF = EXCLUDED.CALC_WAF, CALC_CALC_WAF = EXCLUDED.CALC_CALC_WAF, NUM_TRAVERSE_POINT = EXCLUDED.NUM_TRAVERSE_POINT, APS_CD = EXCLUDED.APS_CD, USERID = EXCLUDED.USERID, ADD_DATE = EXCLUDED.ADD_DATE, UPDATE_DATE = EXCLUDED.UPDATE_DATE;
/* ORIS:      3    Location: 6A        Test Type: RATA       Test Num: 202001070829MA3       SQL Ord:    8 */ insert into camdecmpswks.RATA_RUN ( RATA_RUN_ID, RATA_SUM_ID, GROSS_UNIT_LOAD, RUN_NUM, CEM_VALUE, RATA_REF_VALUE, CALC_RATA_REF_VALUE, RUN_STATUS_CD, BEGIN_DATE, BEGIN_HOUR, BEGIN_MIN, END_DATE, END_HOUR, END_MIN, USERID, ADD_DATE, UPDATE_DATE ) values ( 'TWCORNEL5-21593A4E722A4F2DB15BBC6943B512EE', 'TWCORNEL5-37D9E34FE13248A38970D9EA63FDA8E7', 250, 6, 0.00800, 0.00800, NULL, 'RUNUSED', '2020-01-07', 10, 58, '2020-01-07', 11, 19, 'bvick', '2020-04-23 11:17:33', NULL ) on conflict (RATA_RUN_ID) do update set RATA_SUM_ID = EXCLUDED.RATA_SUM_ID, GROSS_UNIT_LOAD = EXCLUDED.GROSS_UNIT_LOAD, RUN_NUM = EXCLUDED.RUN_NUM, CEM_VALUE = EXCLUDED.CEM_VALUE, RATA_REF_VALUE = EXCLUDED.RATA_REF_VALUE, CALC_RATA_REF_VALUE = EXCLUDED.CALC_RATA_REF_VALUE, RUN_STATUS_CD = EXCLUDED.RUN_STATUS_CD, BEGIN_DATE = EXCLUDED.BEGIN_DATE, BEGIN_HOUR = EXCLUDED.BEGIN_HOUR, BEGIN_MIN = EXCLUDED.BEGIN_MIN, END_DATE = EXCLUDED.END_DATE, END_HOUR = EXCLUDED.END_HOUR, END_MIN = EXCLUDED.END_MIN, USERID = EXCLUDED.USERID, ADD_DATE = EXCLUDED.ADD_DATE, UPDATE_DATE = EXCLUDED.UPDATE_DATE;
/* ORIS:      3    Location: 6A        Test Type: RATA       Test Num: 202001070829MA3       SQL Ord:    8 */ insert into camdecmpswks.RATA_RUN ( RATA_RUN_ID, RATA_SUM_ID, GROSS_UNIT_LOAD, RUN_NUM, CEM_VALUE, RATA_REF_VALUE, CALC_RATA_REF_VALUE, RUN_STATUS_CD, BEGIN_DATE, BEGIN_HOUR, BEGIN_MIN, END_DATE, END_HOUR, END_MIN, USERID, ADD_DATE, UPDATE_DATE ) values ( 'TWCORNEL5-5AFE1304A0EE4B9C856D4BB412522743', 'TWCORNEL5-37D9E34FE13248A38970D9EA63FDA8E7', 250, 3, 0.00800, 0.00800, NULL, 'RUNUSED', '2020-01-07', 9, 28, '2020-01-07', 9, 49, 'bvick', '2020-04-23 11:17:33', NULL ) on conflict (RATA_RUN_ID) do update set RATA_SUM_ID = EXCLUDED.RATA_SUM_ID, GROSS_UNIT_LOAD = EXCLUDED.GROSS_UNIT_LOAD, RUN_NUM = EXCLUDED.RUN_NUM, CEM_VALUE = EXCLUDED.CEM_VALUE, RATA_REF_VALUE = EXCLUDED.RATA_REF_VALUE, CALC_RATA_REF_VALUE = EXCLUDED.CALC_RATA_REF_VALUE, RUN_STATUS_CD = EXCLUDED.RUN_STATUS_CD, BEGIN_DATE = EXCLUDED.BEGIN_DATE, BEGIN_HOUR = EXCLUDED.BEGIN_HOUR, BEGIN_MIN = EXCLUDED.BEGIN_MIN, END_DATE = EXCLUDED.END_DATE, END_HOUR = EXCLUDED.END_HOUR, END_MIN = EXCLUDED.END_MIN, USERID = EXCLUDED.USERID, ADD_DATE = EXCLUDED.ADD_DATE, UPDATE_DATE = EXCLUDED.UPDATE_DATE;
/* ORIS:      3    Location: 6A        Test Type: RATA       Test Num: 202001070829MA3       SQL Ord:    8 */ insert into camdecmpswks.RATA_RUN ( RATA_RUN_ID, RATA_SUM_ID, GROSS_UNIT_LOAD, RUN_NUM, CEM_VALUE, RATA_REF_VALUE, CALC_RATA_REF_VALUE, RUN_STATUS_CD, BEGIN_DATE, BEGIN_HOUR, BEGIN_MIN, END_DATE, END_HOUR, END_MIN, USERID, ADD_DATE, UPDATE_DATE ) values ( 'TWCORNEL5-6310ACA97F3E4476A8DABB6F034EAEC4', 'TWCORNEL5-37D9E34FE13248A38970D9EA63FDA8E7', 250, 9, 0.00800, 0.00800, NULL, 'RUNUSED', '2020-01-07', 12, 27, '2020-01-07', 12, 48, 'bvick', '2020-04-23 11:17:33', NULL ) on conflict (RATA_RUN_ID) do update set RATA_SUM_ID = EXCLUDED.RATA_SUM_ID, GROSS_UNIT_LOAD = EXCLUDED.GROSS_UNIT_LOAD, RUN_NUM = EXCLUDED.RUN_NUM, CEM_VALUE = EXCLUDED.CEM_VALUE, RATA_REF_VALUE = EXCLUDED.RATA_REF_VALUE, CALC_RATA_REF_VALUE = EXCLUDED.CALC_RATA_REF_VALUE, RUN_STATUS_CD = EXCLUDED.RUN_STATUS_CD, BEGIN_DATE = EXCLUDED.BEGIN_DATE, BEGIN_HOUR = EXCLUDED.BEGIN_HOUR, BEGIN_MIN = EXCLUDED.BEGIN_MIN, END_DATE = EXCLUDED.END_DATE, END_HOUR = EXCLUDED.END_HOUR, END_MIN = EXCLUDED.END_MIN, USERID = EXCLUDED.USERID, ADD_DATE = EXCLUDED.ADD_DATE, UPDATE_DATE = EXCLUDED.UPDATE_DATE;
/* ORIS:      3    Location: 6A        Test Type: RATA       Test Num: 202001070829MA3       SQL Ord:    8 */ insert into camdecmpswks.RATA_RUN ( RATA_RUN_ID, RATA_SUM_ID, GROSS_UNIT_LOAD, RUN_NUM, CEM_VALUE, RATA_REF_VALUE, CALC_RATA_REF_VALUE, RUN_STATUS_CD, BEGIN_DATE, BEGIN_HOUR, BEGIN_MIN, END_DATE, END_HOUR, END_MIN, USERID, ADD_DATE, UPDATE_DATE ) values ( 'TWCORNEL5-7089EABED7774DE3A8A3F8FD1329BDF5', 'TWCORNEL5-37D9E34FE13248A38970D9EA63FDA8E7', 250, 2, 0.00800, 0.00800, NULL, 'RUNUSED', '2020-01-07', 8, 58, '2020-01-07', 9, 19, 'bvick', '2020-04-23 11:17:33', NULL ) on conflict (RATA_RUN_ID) do update set RATA_SUM_ID = EXCLUDED.RATA_SUM_ID, GROSS_UNIT_LOAD = EXCLUDED.GROSS_UNIT_LOAD, RUN_NUM = EXCLUDED.RUN_NUM, CEM_VALUE = EXCLUDED.CEM_VALUE, RATA_REF_VALUE = EXCLUDED.RATA_REF_VALUE, CALC_RATA_REF_VALUE = EXCLUDED.CALC_RATA_REF_VALUE, RUN_STATUS_CD = EXCLUDED.RUN_STATUS_CD, BEGIN_DATE = EXCLUDED.BEGIN_DATE, BEGIN_HOUR = EXCLUDED.BEGIN_HOUR, BEGIN_MIN = EXCLUDED.BEGIN_MIN, END_DATE = EXCLUDED.END_DATE, END_HOUR = EXCLUDED.END_HOUR, END_MIN = EXCLUDED.END_MIN, USERID = EXCLUDED.USERID, ADD_DATE = EXCLUDED.ADD_DATE, UPDATE_DATE = EXCLUDED.UPDATE_DATE;
/* ORIS:      3    Location: 6A        Test Type: RATA       Test Num: 202001070829MA3       SQL Ord:    8 */ insert into camdecmpswks.RATA_RUN ( RATA_RUN_ID, RATA_SUM_ID, GROSS_UNIT_LOAD, RUN_NUM, CEM_VALUE, RATA_REF_VALUE, CALC_RATA_REF_VALUE, RUN_STATUS_CD, BEGIN_DATE, BEGIN_HOUR, BEGIN_MIN, END_DATE, END_HOUR, END_MIN, USERID, ADD_DATE, UPDATE_DATE ) values ( 'TWCORNEL5-97366A0663FF41AEA8711094447522FF', 'TWCORNEL5-37D9E34FE13248A38970D9EA63FDA8E7', 250, 1, 0.00800, 0.00900, NULL, 'RUNUSED', '2020-01-07', 8, 29, '2020-01-07', 8, 50, 'bvick', '2020-04-23 11:17:33', NULL ) on conflict (RATA_RUN_ID) do update set RATA_SUM_ID = EXCLUDED.RATA_SUM_ID, GROSS_UNIT_LOAD = EXCLUDED.GROSS_UNIT_LOAD, RUN_NUM = EXCLUDED.RUN_NUM, CEM_VALUE = EXCLUDED.CEM_VALUE, RATA_REF_VALUE = EXCLUDED.RATA_REF_VALUE, CALC_RATA_REF_VALUE = EXCLUDED.CALC_RATA_REF_VALUE, RUN_STATUS_CD = EXCLUDED.RUN_STATUS_CD, BEGIN_DATE = EXCLUDED.BEGIN_DATE, BEGIN_HOUR = EXCLUDED.BEGIN_HOUR, BEGIN_MIN = EXCLUDED.BEGIN_MIN, END_DATE = EXCLUDED.END_DATE, END_HOUR = EXCLUDED.END_HOUR, END_MIN = EXCLUDED.END_MIN, USERID = EXCLUDED.USERID, ADD_DATE = EXCLUDED.ADD_DATE, UPDATE_DATE = EXCLUDED.UPDATE_DATE;
/* ORIS:      3    Location: 6A        Test Type: RATA       Test Num: 202001070829MA3       SQL Ord:    8 */ insert into camdecmpswks.RATA_RUN ( RATA_RUN_ID, RATA_SUM_ID, GROSS_UNIT_LOAD, RUN_NUM, CEM_VALUE, RATA_REF_VALUE, CALC_RATA_REF_VALUE, RUN_STATUS_CD, BEGIN_DATE, BEGIN_HOUR, BEGIN_MIN, END_DATE, END_HOUR, END_MIN, USERID, ADD_DATE, UPDATE_DATE ) values ( 'TWCORNEL5-A63F47F46B334992AFEA09A1D33176E9', 'TWCORNEL5-37D9E34FE13248A38970D9EA63FDA8E7', 250, 7, 0.00800, 0.00900, NULL, 'RUNUSED', '2020-01-07', 11, 29, '2020-01-07', 11, 50, 'bvick', '2020-04-23 11:17:33', NULL ) on conflict (RATA_RUN_ID) do update set RATA_SUM_ID = EXCLUDED.RATA_SUM_ID, GROSS_UNIT_LOAD = EXCLUDED.GROSS_UNIT_LOAD, RUN_NUM = EXCLUDED.RUN_NUM, CEM_VALUE = EXCLUDED.CEM_VALUE, RATA_REF_VALUE = EXCLUDED.RATA_REF_VALUE, CALC_RATA_REF_VALUE = EXCLUDED.CALC_RATA_REF_VALUE, RUN_STATUS_CD = EXCLUDED.RUN_STATUS_CD, BEGIN_DATE = EXCLUDED.BEGIN_DATE, BEGIN_HOUR = EXCLUDED.BEGIN_HOUR, BEGIN_MIN = EXCLUDED.BEGIN_MIN, END_DATE = EXCLUDED.END_DATE, END_HOUR = EXCLUDED.END_HOUR, END_MIN = EXCLUDED.END_MIN, USERID = EXCLUDED.USERID, ADD_DATE = EXCLUDED.ADD_DATE, UPDATE_DATE = EXCLUDED.UPDATE_DATE;
/* ORIS:      3    Location: 6A        Test Type: RATA       Test Num: 202001070829MA3       SQL Ord:    8 */ insert into camdecmpswks.RATA_RUN ( RATA_RUN_ID, RATA_SUM_ID, GROSS_UNIT_LOAD, RUN_NUM, CEM_VALUE, RATA_REF_VALUE, CALC_RATA_REF_VALUE, RUN_STATUS_CD, BEGIN_DATE, BEGIN_HOUR, BEGIN_MIN, END_DATE, END_HOUR, END_MIN, USERID, ADD_DATE, UPDATE_DATE ) values ( 'TWCORNEL5-D3E93719A3D04589B2E2BDCFAD4002C1', 'TWCORNEL5-37D9E34FE13248A38970D9EA63FDA8E7', 250, 8, 0.00800, 0.00800, NULL, 'RUNUSED', '2020-01-07', 11, 58, '2020-01-07', 12, 19, 'bvick', '2020-04-23 11:17:33', NULL ) on conflict (RATA_RUN_ID) do update set RATA_SUM_ID = EXCLUDED.RATA_SUM_ID, GROSS_UNIT_LOAD = EXCLUDED.GROSS_UNIT_LOAD, RUN_NUM = EXCLUDED.RUN_NUM, CEM_VALUE = EXCLUDED.CEM_VALUE, RATA_REF_VALUE = EXCLUDED.RATA_REF_VALUE, CALC_RATA_REF_VALUE = EXCLUDED.CALC_RATA_REF_VALUE, RUN_STATUS_CD = EXCLUDED.RUN_STATUS_CD, BEGIN_DATE = EXCLUDED.BEGIN_DATE, BEGIN_HOUR = EXCLUDED.BEGIN_HOUR, BEGIN_MIN = EXCLUDED.BEGIN_MIN, END_DATE = EXCLUDED.END_DATE, END_HOUR = EXCLUDED.END_HOUR, END_MIN = EXCLUDED.END_MIN, USERID = EXCLUDED.USERID, ADD_DATE = EXCLUDED.ADD_DATE, UPDATE_DATE = EXCLUDED.UPDATE_DATE;
/* ORIS:      3    Location: 6A        Test Type: RATA       Test Num: 202001070829MA3       SQL Ord:    8 */ insert into camdecmpswks.RATA_RUN ( RATA_RUN_ID, RATA_SUM_ID, GROSS_UNIT_LOAD, RUN_NUM, CEM_VALUE, RATA_REF_VALUE, CALC_RATA_REF_VALUE, RUN_STATUS_CD, BEGIN_DATE, BEGIN_HOUR, BEGIN_MIN, END_DATE, END_HOUR, END_MIN, USERID, ADD_DATE, UPDATE_DATE ) values ( 'TWCORNEL5-D591E4F4882D42BDB4101C5FAAC08F2F', 'TWCORNEL5-37D9E34FE13248A38970D9EA63FDA8E7', 250, 5, 0.00800, 0.00800, NULL, 'RUNUSED', '2020-01-07', 10, 27, '2020-01-07', 10, 48, 'bvick', '2020-04-23 11:17:33', NULL ) on conflict (RATA_RUN_ID) do update set RATA_SUM_ID = EXCLUDED.RATA_SUM_ID, GROSS_UNIT_LOAD = EXCLUDED.GROSS_UNIT_LOAD, RUN_NUM = EXCLUDED.RUN_NUM, CEM_VALUE = EXCLUDED.CEM_VALUE, RATA_REF_VALUE = EXCLUDED.RATA_REF_VALUE, CALC_RATA_REF_VALUE = EXCLUDED.CALC_RATA_REF_VALUE, RUN_STATUS_CD = EXCLUDED.RUN_STATUS_CD, BEGIN_DATE = EXCLUDED.BEGIN_DATE, BEGIN_HOUR = EXCLUDED.BEGIN_HOUR, BEGIN_MIN = EXCLUDED.BEGIN_MIN, END_DATE = EXCLUDED.END_DATE, END_HOUR = EXCLUDED.END_HOUR, END_MIN = EXCLUDED.END_MIN, USERID = EXCLUDED.USERID, ADD_DATE = EXCLUDED.ADD_DATE, UPDATE_DATE = EXCLUDED.UPDATE_DATE;
/* ORIS:      3    Location: 6A        Test Type: RATA       Test Num: 202001070829MA3       SQL Ord:    8 */ insert into camdecmpswks.RATA_RUN ( RATA_RUN_ID, RATA_SUM_ID, GROSS_UNIT_LOAD, RUN_NUM, CEM_VALUE, RATA_REF_VALUE, CALC_RATA_REF_VALUE, RUN_STATUS_CD, BEGIN_DATE, BEGIN_HOUR, BEGIN_MIN, END_DATE, END_HOUR, END_MIN, USERID, ADD_DATE, UPDATE_DATE ) values ( 'TWCORNEL5-FE3538555D32442DB7F58E3BD58C8B76', 'TWCORNEL5-37D9E34FE13248A38970D9EA63FDA8E7', 250, 4, 0.00800, 0.00800, NULL, 'RUNUSED', '2020-01-07', 9, 58, '2020-01-07', 10, 19, 'bvick', '2020-04-23 11:17:33', NULL ) on conflict (RATA_RUN_ID) do update set RATA_SUM_ID = EXCLUDED.RATA_SUM_ID, GROSS_UNIT_LOAD = EXCLUDED.GROSS_UNIT_LOAD, RUN_NUM = EXCLUDED.RUN_NUM, CEM_VALUE = EXCLUDED.CEM_VALUE, RATA_REF_VALUE = EXCLUDED.RATA_REF_VALUE, CALC_RATA_REF_VALUE = EXCLUDED.CALC_RATA_REF_VALUE, RUN_STATUS_CD = EXCLUDED.RUN_STATUS_CD, BEGIN_DATE = EXCLUDED.BEGIN_DATE, BEGIN_HOUR = EXCLUDED.BEGIN_HOUR, BEGIN_MIN = EXCLUDED.BEGIN_MIN, END_DATE = EXCLUDED.END_DATE, END_HOUR = EXCLUDED.END_HOUR, END_MIN = EXCLUDED.END_MIN, USERID = EXCLUDED.USERID, ADD_DATE = EXCLUDED.ADD_DATE, UPDATE_DATE = EXCLUDED.UPDATE_DATE;
/* ORIS:      3    Location: 6A        Test Type: RATA       Test Num: 202103021150MA3       SQL Ord:    1 */ delete from camdecmpswks.TEST_SUMMARY where TEST_SUM_ID = 'TWCORNEL5-65EFA8C0A2DC477785D8F48BF07A3BDF';
/* ORIS:      3    Location: 6A        Test Type: RATA       Test Num: 202103021150MA3       SQL Ord:    2 */ insert into camdecmpswks.TEST_SUMMARY ( TEST_SUM_ID, MON_LOC_ID, TEST_TYPE_CD, TEST_NUM, MON_SYS_ID, COMPONENT_ID, GP_IND, TEST_REASON_CD, TEST_RESULT_CD, RPT_PERIOD_ID, BEGIN_DATE, BEGIN_HOUR, BEGIN_MIN, END_DATE, END_HOUR, END_MIN, SPAN_SCALE_CD, INJECTION_PROTOCOL_CD, TEST_COMMENT, TEST_DESCRIPTION, CALC_GP_IND, CALC_TEST_RESULT_CD, CALC_SPAN_VALUE, LAST_UPDATED, UPDATED_STATUS_FLG, NEEDS_EVAL_FLG, CHK_SESSION_ID, USERID, ADD_DATE, UPDATE_DATE ) values ( 'TWCORNEL5-65EFA8C0A2DC477785D8F48BF07A3BDF', '2706', 'RATA', '202103021150MA3', 'CAMD-5FAA2DEC1413455FBDB5C148AF7FF02F', NULL, 0, 'QA', 'PASSAPS', NULL, '2021-03-02', 11, 50, '2021-03-02', 16, 5, NULL, NULL, NULL, NULL, NULL, NULL, NULL, '2021-12-30 14:01:35', 'Y', 'N', 'CHV-SABER-1AEF79173DC74A9D840C34615E52094B', 'bvick', '2021-04-21 15:56:04', '2021-12-30 14:01:46' ) on conflict (TEST_SUM_ID) do update set MON_LOC_ID = EXCLUDED.MON_LOC_ID, TEST_TYPE_CD = EXCLUDED.TEST_TYPE_CD, TEST_NUM = EXCLUDED.TEST_NUM, MON_SYS_ID = EXCLUDED.MON_SYS_ID, COMPONENT_ID = EXCLUDED.COMPONENT_ID, GP_IND = EXCLUDED.GP_IND, TEST_REASON_CD = EXCLUDED.TEST_REASON_CD, TEST_RESULT_CD = EXCLUDED.TEST_RESULT_CD, RPT_PERIOD_ID = EXCLUDED.RPT_PERIOD_ID, BEGIN_DATE = EXCLUDED.BEGIN_DATE, BEGIN_HOUR = EXCLUDED.BEGIN_HOUR, BEGIN_MIN = EXCLUDED.BEGIN_MIN, END_DATE = EXCLUDED.END_DATE, END_HOUR = EXCLUDED.END_HOUR, END_MIN = EXCLUDED.END_MIN, SPAN_SCALE_CD = EXCLUDED.SPAN_SCALE_CD, INJECTION_PROTOCOL_CD = EXCLUDED.INJECTION_PROTOCOL_CD, TEST_COMMENT = EXCLUDED.TEST_COMMENT, TEST_DESCRIPTION = EXCLUDED.TEST_DESCRIPTION, CALC_GP_IND = EXCLUDED.CALC_GP_IND, CALC_TEST_RESULT_CD = EXCLUDED.CALC_TEST_RESULT_CD, CALC_SPAN_VALUE = EXCLUDED.CALC_SPAN_VALUE, LAST_UPDATED = EXCLUDED.LAST_UPDATED, UPDATED_STATUS_FLG = EXCLUDED.UPDATED_STATUS_FLG, NEEDS_EVAL_FLG = EXCLUDED.NEEDS_EVAL_FLG, CHK_SESSION_ID = EXCLUDED.CHK_SESSION_ID, USERID = EXCLUDED.USERID, ADD_DATE = EXCLUDED.ADD_DATE, UPDATE_DATE = EXCLUDED.UPDATE_DATE;
/* ORIS:      3    Location: 6A        Test Type: RATA       Test Num: 202103021150MA3       SQL Ord:    3 */ insert into camdecmpswks.PROTOCOL_GAS ( PROTOCOL_GAS_ID, TEST_SUM_ID, GAS_LEVEL_CD, GAS_TYPE_CD, VENDOR_ID, CYLINDER_ID, EXPIRATION_DATE, USERID, ADD_DATE, UPDATE_DATE ) values ( 'TWCORNEL5-0CA4319827CD4D77A1AF4F4193D00156', 'TWCORNEL5-65EFA8C0A2DC477785D8F48BF07A3BDF', 'LOW', 'ZERO', NULL, NULL, NULL, 'bvick', '2021-04-21 15:56:04', NULL ) on conflict (PROTOCOL_GAS_ID) do update set TEST_SUM_ID = EXCLUDED.TEST_SUM_ID, GAS_LEVEL_CD = EXCLUDED.GAS_LEVEL_CD, GAS_TYPE_CD = EXCLUDED.GAS_TYPE_CD, VENDOR_ID = EXCLUDED.VENDOR_ID, CYLINDER_ID = EXCLUDED.CYLINDER_ID, EXPIRATION_DATE = EXCLUDED.EXPIRATION_DATE, USERID = EXCLUDED.USERID, ADD_DATE = EXCLUDED.ADD_DATE, UPDATE_DATE = EXCLUDED.UPDATE_DATE;
/* ORIS:      3    Location: 6A        Test Type: RATA       Test Num: 202103021150MA3       SQL Ord:    3 */ insert into camdecmpswks.PROTOCOL_GAS ( PROTOCOL_GAS_ID, TEST_SUM_ID, GAS_LEVEL_CD, GAS_TYPE_CD, VENDOR_ID, CYLINDER_ID, EXPIRATION_DATE, USERID, ADD_DATE, UPDATE_DATE ) values ( 'TWCORNEL5-1B1C4559E7C94597B835B36D23FDBF5F', 'TWCORNEL5-65EFA8C0A2DC477785D8F48BF07A3BDF', 'HIGH', 'CO2,BALN', 'B22020', 'CC419382', '2028-11-16', 'bvick', '2021-04-21 15:56:04', NULL ) on conflict (PROTOCOL_GAS_ID) do update set TEST_SUM_ID = EXCLUDED.TEST_SUM_ID, GAS_LEVEL_CD = EXCLUDED.GAS_LEVEL_CD, GAS_TYPE_CD = EXCLUDED.GAS_TYPE_CD, VENDOR_ID = EXCLUDED.VENDOR_ID, CYLINDER_ID = EXCLUDED.CYLINDER_ID, EXPIRATION_DATE = EXCLUDED.EXPIRATION_DATE, USERID = EXCLUDED.USERID, ADD_DATE = EXCLUDED.ADD_DATE, UPDATE_DATE = EXCLUDED.UPDATE_DATE;
/* ORIS:      3    Location: 6A        Test Type: RATA       Test Num: 202103021150MA3       SQL Ord:    3 */ insert into camdecmpswks.PROTOCOL_GAS ( PROTOCOL_GAS_ID, TEST_SUM_ID, GAS_LEVEL_CD, GAS_TYPE_CD, VENDOR_ID, CYLINDER_ID, EXPIRATION_DATE, USERID, ADD_DATE, UPDATE_DATE ) values ( 'TWCORNEL5-337D020E7B704383AF97E4CAD03C6EA5', 'TWCORNEL5-65EFA8C0A2DC477785D8F48BF07A3BDF', 'HIGH', 'NO,NOX,BALN', 'B22019', 'CC357282', '2022-08-27', 'bvick', '2021-04-21 15:56:04', NULL ) on conflict (PROTOCOL_GAS_ID) do update set TEST_SUM_ID = EXCLUDED.TEST_SUM_ID, GAS_LEVEL_CD = EXCLUDED.GAS_LEVEL_CD, GAS_TYPE_CD = EXCLUDED.GAS_TYPE_CD, VENDOR_ID = EXCLUDED.VENDOR_ID, CYLINDER_ID = EXCLUDED.CYLINDER_ID, EXPIRATION_DATE = EXCLUDED.EXPIRATION_DATE, USERID = EXCLUDED.USERID, ADD_DATE = EXCLUDED.ADD_DATE, UPDATE_DATE = EXCLUDED.UPDATE_DATE;
/* ORIS:      3    Location: 6A        Test Type: RATA       Test Num: 202103021150MA3       SQL Ord:    3 */ insert into camdecmpswks.PROTOCOL_GAS ( PROTOCOL_GAS_ID, TEST_SUM_ID, GAS_LEVEL_CD, GAS_TYPE_CD, VENDOR_ID, CYLINDER_ID, EXPIRATION_DATE, USERID, ADD_DATE, UPDATE_DATE ) values ( 'TWCORNEL5-481DC500B9B34FE38FE418B7E2FD7A43', 'TWCORNEL5-65EFA8C0A2DC477785D8F48BF07A3BDF', 'LOW', 'ZERO', NULL, NULL, NULL, 'bvick', '2021-04-21 15:56:04', NULL ) on conflict (PROTOCOL_GAS_ID) do update set TEST_SUM_ID = EXCLUDED.TEST_SUM_ID, GAS_LEVEL_CD = EXCLUDED.GAS_LEVEL_CD, GAS_TYPE_CD = EXCLUDED.GAS_TYPE_CD, VENDOR_ID = EXCLUDED.VENDOR_ID, CYLINDER_ID = EXCLUDED.CYLINDER_ID, EXPIRATION_DATE = EXCLUDED.EXPIRATION_DATE, USERID = EXCLUDED.USERID, ADD_DATE = EXCLUDED.ADD_DATE, UPDATE_DATE = EXCLUDED.UPDATE_DATE;
/* ORIS:      3    Location: 6A        Test Type: RATA       Test Num: 202103021150MA3       SQL Ord:    3 */ insert into camdecmpswks.PROTOCOL_GAS ( PROTOCOL_GAS_ID, TEST_SUM_ID, GAS_LEVEL_CD, GAS_TYPE_CD, VENDOR_ID, CYLINDER_ID, EXPIRATION_DATE, USERID, ADD_DATE, UPDATE_DATE ) values ( 'TWCORNEL5-5133CF96276347CF85755648AC9AF595', 'TWCORNEL5-65EFA8C0A2DC477785D8F48BF07A3BDF', 'MID', 'CO2,BALN', 'B22016', 'EB0034740', '2024-01-11', 'bvick', '2021-04-21 15:56:04', NULL ) on conflict (PROTOCOL_GAS_ID) do update set TEST_SUM_ID = EXCLUDED.TEST_SUM_ID, GAS_LEVEL_CD = EXCLUDED.GAS_LEVEL_CD, GAS_TYPE_CD = EXCLUDED.GAS_TYPE_CD, VENDOR_ID = EXCLUDED.VENDOR_ID, CYLINDER_ID = EXCLUDED.CYLINDER_ID, EXPIRATION_DATE = EXCLUDED.EXPIRATION_DATE, USERID = EXCLUDED.USERID, ADD_DATE = EXCLUDED.ADD_DATE, UPDATE_DATE = EXCLUDED.UPDATE_DATE;
/* ORIS:      3    Location: 6A        Test Type: RATA       Test Num: 202103021150MA3       SQL Ord:    3 */ insert into camdecmpswks.PROTOCOL_GAS ( PROTOCOL_GAS_ID, TEST_SUM_ID, GAS_LEVEL_CD, GAS_TYPE_CD, VENDOR_ID, CYLINDER_ID, EXPIRATION_DATE, USERID, ADD_DATE, UPDATE_DATE ) values ( 'TWCORNEL5-C49AE5A77EFB4BC4B59EFAEB3A1E6A33', 'TWCORNEL5-65EFA8C0A2DC477785D8F48BF07A3BDF', 'MID', 'NO,NOX,BALN', 'B22019', 'CC360515', '2022-03-26', 'bvick', '2021-04-21 15:56:04', NULL ) on conflict (PROTOCOL_GAS_ID) do update set TEST_SUM_ID = EXCLUDED.TEST_SUM_ID, GAS_LEVEL_CD = EXCLUDED.GAS_LEVEL_CD, GAS_TYPE_CD = EXCLUDED.GAS_TYPE_CD, VENDOR_ID = EXCLUDED.VENDOR_ID, CYLINDER_ID = EXCLUDED.CYLINDER_ID, EXPIRATION_DATE = EXCLUDED.EXPIRATION_DATE, USERID = EXCLUDED.USERID, ADD_DATE = EXCLUDED.ADD_DATE, UPDATE_DATE = EXCLUDED.UPDATE_DATE;
/* ORIS:      3    Location: 6A        Test Type: RATA       Test Num: 202103021150MA3       SQL Ord:    4 */ insert into camdecmpswks.AIR_EMISSION_TESTING ( AIR_EMISSION_TEST_ID, TEST_SUM_ID, QI_LAST_NAME, QI_FIRST_NAME, QI_MIDDLE_INITIAL, AETB_NAME, AETB_PHONE_NUMBER, AETB_EMAIL, EXAM_DATE, PROVIDER_NAME, PROVIDER_EMAIL, ADD_DATE, UPDATE_DATE, USERID ) values ( 'TWCORNEL5-13D27CD3126C468AA39D73BE7720B98F', 'TWCORNEL5-65EFA8C0A2DC477785D8F48BF07A3BDF', 'Rew', 'Judd', 'M', 'Alabama Power Field Services Air Quality', '251-331-7560', 'jmrew@southernco.com', '2019-04-17', 'Source Evaluation Society', 'qstiprogram@gmail.com', '2021-12-30 14:00:12', NULL, '' ) on conflict (AIR_EMISSION_TEST_ID) do update set TEST_SUM_ID = EXCLUDED.TEST_SUM_ID, QI_LAST_NAME = EXCLUDED.QI_LAST_NAME, QI_FIRST_NAME = EXCLUDED.QI_FIRST_NAME, QI_MIDDLE_INITIAL = EXCLUDED.QI_MIDDLE_INITIAL, AETB_NAME = EXCLUDED.AETB_NAME, AETB_PHONE_NUMBER = EXCLUDED.AETB_PHONE_NUMBER, AETB_EMAIL = EXCLUDED.AETB_EMAIL, EXAM_DATE = EXCLUDED.EXAM_DATE, PROVIDER_NAME = EXCLUDED.PROVIDER_NAME, PROVIDER_EMAIL = EXCLUDED.PROVIDER_EMAIL, ADD_DATE = EXCLUDED.ADD_DATE, UPDATE_DATE = EXCLUDED.UPDATE_DATE, USERID = EXCLUDED.USERID;
/* ORIS:      3    Location: 6A        Test Type: RATA       Test Num: 202103021150MA3       SQL Ord:    6 */ insert into camdecmpswks.RATA ( RATA_ID, TEST_SUM_ID, RATA_FREQUENCY_CD, CALC_RATA_FREQUENCY_CD, RELATIVE_ACCURACY, CALC_RELATIVE_ACCURACY, OVERALL_BIAS_ADJ_FACTOR, CALC_OVERALL_BIAS_ADJ_FACTOR, NUM_LOAD_LEVEL, CALC_NUM_LOAD_LEVEL, USERID, ADD_DATE, UPDATE_DATE ) values ( 'TWCORNEL5-0EA863FBA49B420DAA0560FE0CC3A22E', 'TWCORNEL5-65EFA8C0A2DC477785D8F48BF07A3BDF', '4QTRS', '4QTRS', 11.11, 11.11, 1.111, 1.111, 1, 1, 'bvick', '2021-04-21 15:56:04', '2021-12-30 14:01:46' ) on conflict (RATA_ID) do update set TEST_SUM_ID = EXCLUDED.TEST_SUM_ID, RATA_FREQUENCY_CD = EXCLUDED.RATA_FREQUENCY_CD, CALC_RATA_FREQUENCY_CD = EXCLUDED.CALC_RATA_FREQUENCY_CD, RELATIVE_ACCURACY = EXCLUDED.RELATIVE_ACCURACY, CALC_RELATIVE_ACCURACY = EXCLUDED.CALC_RELATIVE_ACCURACY, OVERALL_BIAS_ADJ_FACTOR = EXCLUDED.OVERALL_BIAS_ADJ_FACTOR, CALC_OVERALL_BIAS_ADJ_FACTOR = EXCLUDED.CALC_OVERALL_BIAS_ADJ_FACTOR, NUM_LOAD_LEVEL = EXCLUDED.NUM_LOAD_LEVEL, CALC_NUM_LOAD_LEVEL = EXCLUDED.CALC_NUM_LOAD_LEVEL, USERID = EXCLUDED.USERID, ADD_DATE = EXCLUDED.ADD_DATE, UPDATE_DATE = EXCLUDED.UPDATE_DATE;
/* ORIS:      3    Location: 6A        Test Type: RATA       Test Num: 202103021150MA3       SQL Ord:    7 */ insert into camdecmpswks.RATA_SUMMARY ( RATA_SUM_ID, RATA_ID, RELATIVE_ACCURACY, CALC_RELATIVE_ACCURACY, BIAS_ADJ_FACTOR, CALC_BIAS_ADJ_FACTOR, MEAN_CEM_VALUE, CALC_MEAN_CEM_VALUE, MEAN_RATA_REF_VALUE, CALC_MEAN_RATA_REF_VALUE, OP_LEVEL_CD, MEAN_DIFF, CALC_MEAN_DIFF, DEFAULT_WAF, AVG_GROSS_UNIT_LOAD, CALC_AVG_GROSS_UNIT_LOAD, APS_IND, CALC_APS_IND, STND_DEV_DIFF, CALC_STND_DEV_DIFF, CONFIDENCE_COEF, CALC_CONFIDENCE_COEF, CO2_O2_REF_METHOD_CD, REF_METHOD_CD, T_VALUE, CALC_T_VALUE, STACK_DIAMETER, STACK_AREA, CALC_STACK_AREA, CALC_WAF, CALC_CALC_WAF, NUM_TRAVERSE_POINT, USERID, ADD_DATE, UPDATE_DATE, APS_CD ) values ( 'TWCORNEL5-21A3BC97A5BB450795B91738FCBE2B2D', 'TWCORNEL5-0EA863FBA49B420DAA0560FE0CC3A22E', 11.11, 11.11, 1.111, 1.111, 0.00800, 0.00800, 0.00900, 0.00900, 'H', 0.00100, 0.00100, NULL, 297, 297, 1, 1, 0.00000, 0.00000, 0.00000, 0.00000, NULL, '7,3', 2.306, 2.306, NULL, NULL, NULL, NULL, NULL, NULL, 'bvick', '2021-04-21 15:56:04', '2021-12-30 14:01:46', NULL ) on conflict (RATA_SUM_ID) do update set RATA_ID = EXCLUDED.RATA_ID, RELATIVE_ACCURACY = EXCLUDED.RELATIVE_ACCURACY, CALC_RELATIVE_ACCURACY = EXCLUDED.CALC_RELATIVE_ACCURACY, BIAS_ADJ_FACTOR = EXCLUDED.BIAS_ADJ_FACTOR, CALC_BIAS_ADJ_FACTOR = EXCLUDED.CALC_BIAS_ADJ_FACTOR, MEAN_CEM_VALUE = EXCLUDED.MEAN_CEM_VALUE, CALC_MEAN_CEM_VALUE = EXCLUDED.CALC_MEAN_CEM_VALUE, MEAN_RATA_REF_VALUE = EXCLUDED.MEAN_RATA_REF_VALUE, CALC_MEAN_RATA_REF_VALUE = EXCLUDED.CALC_MEAN_RATA_REF_VALUE, OP_LEVEL_CD = EXCLUDED.OP_LEVEL_CD, MEAN_DIFF = EXCLUDED.MEAN_DIFF, CALC_MEAN_DIFF = EXCLUDED.CALC_MEAN_DIFF, DEFAULT_WAF = EXCLUDED.DEFAULT_WAF, AVG_GROSS_UNIT_LOAD = EXCLUDED.AVG_GROSS_UNIT_LOAD, CALC_AVG_GROSS_UNIT_LOAD = EXCLUDED.CALC_AVG_GROSS_UNIT_LOAD, APS_IND = EXCLUDED.APS_IND, CALC_APS_IND = EXCLUDED.CALC_APS_IND, STND_DEV_DIFF = EXCLUDED.STND_DEV_DIFF, CALC_STND_DEV_DIFF = EXCLUDED.CALC_STND_DEV_DIFF, CONFIDENCE_COEF = EXCLUDED.CONFIDENCE_COEF, CALC_CONFIDENCE_COEF = EXCLUDED.CALC_CONFIDENCE_COEF, CO2_O2_REF_METHOD_CD = EXCLUDED.CO2_O2_REF_METHOD_CD, REF_METHOD_CD = EXCLUDED.REF_METHOD_CD, T_VALUE = EXCLUDED.T_VALUE, CALC_T_VALUE = EXCLUDED.CALC_T_VALUE, STACK_DIAMETER = EXCLUDED.STACK_DIAMETER, STACK_AREA = EXCLUDED.STACK_AREA, CALC_STACK_AREA = EXCLUDED.CALC_STACK_AREA, CALC_WAF = EXCLUDED.CALC_WAF, CALC_CALC_WAF = EXCLUDED.CALC_CALC_WAF, NUM_TRAVERSE_POINT = EXCLUDED.NUM_TRAVERSE_POINT, APS_CD = EXCLUDED.APS_CD, USERID = EXCLUDED.USERID, ADD_DATE = EXCLUDED.ADD_DATE, UPDATE_DATE = EXCLUDED.UPDATE_DATE;
/* ORIS:      3    Location: 6A        Test Type: RATA       Test Num: 202103021150MA3       SQL Ord:    8 */ insert into camdecmpswks.RATA_RUN ( RATA_RUN_ID, RATA_SUM_ID, GROSS_UNIT_LOAD, RUN_NUM, CEM_VALUE, RATA_REF_VALUE, CALC_RATA_REF_VALUE, RUN_STATUS_CD, BEGIN_DATE, BEGIN_HOUR, BEGIN_MIN, END_DATE, END_HOUR, END_MIN, USERID, ADD_DATE, UPDATE_DATE ) values ( 'TWCORNEL5-160DA683C8264911998B5937B01AA601', 'TWCORNEL5-21A3BC97A5BB450795B91738FCBE2B2D', 297, 6, 0.00800, 0.00900, NULL, 'RUNUSED', '2021-03-02', 14, 16, '2021-03-02', 14, 37, 'bvick', '2021-04-21 15:56:04', NULL ) on conflict (RATA_RUN_ID) do update set RATA_SUM_ID = EXCLUDED.RATA_SUM_ID, GROSS_UNIT_LOAD = EXCLUDED.GROSS_UNIT_LOAD, RUN_NUM = EXCLUDED.RUN_NUM, CEM_VALUE = EXCLUDED.CEM_VALUE, RATA_REF_VALUE = EXCLUDED.RATA_REF_VALUE, CALC_RATA_REF_VALUE = EXCLUDED.CALC_RATA_REF_VALUE, RUN_STATUS_CD = EXCLUDED.RUN_STATUS_CD, BEGIN_DATE = EXCLUDED.BEGIN_DATE, BEGIN_HOUR = EXCLUDED.BEGIN_HOUR, BEGIN_MIN = EXCLUDED.BEGIN_MIN, END_DATE = EXCLUDED.END_DATE, END_HOUR = EXCLUDED.END_HOUR, END_MIN = EXCLUDED.END_MIN, USERID = EXCLUDED.USERID, ADD_DATE = EXCLUDED.ADD_DATE, UPDATE_DATE = EXCLUDED.UPDATE_DATE;
/* ORIS:      3    Location: 6A        Test Type: RATA       Test Num: 202103021150MA3       SQL Ord:    8 */ insert into camdecmpswks.RATA_RUN ( RATA_RUN_ID, RATA_SUM_ID, GROSS_UNIT_LOAD, RUN_NUM, CEM_VALUE, RATA_REF_VALUE, CALC_RATA_REF_VALUE, RUN_STATUS_CD, BEGIN_DATE, BEGIN_HOUR, BEGIN_MIN, END_DATE, END_HOUR, END_MIN, USERID, ADD_DATE, UPDATE_DATE ) values ( 'TWCORNEL5-20079100523D4F929EA6A046BF565215', 'TWCORNEL5-21A3BC97A5BB450795B91738FCBE2B2D', 297, 8, 0.00800, 0.00900, NULL, 'RUNUSED', '2021-03-02', 15, 15, '2021-03-02', 15, 36, 'bvick', '2021-04-21 15:56:04', NULL ) on conflict (RATA_RUN_ID) do update set RATA_SUM_ID = EXCLUDED.RATA_SUM_ID, GROSS_UNIT_LOAD = EXCLUDED.GROSS_UNIT_LOAD, RUN_NUM = EXCLUDED.RUN_NUM, CEM_VALUE = EXCLUDED.CEM_VALUE, RATA_REF_VALUE = EXCLUDED.RATA_REF_VALUE, CALC_RATA_REF_VALUE = EXCLUDED.CALC_RATA_REF_VALUE, RUN_STATUS_CD = EXCLUDED.RUN_STATUS_CD, BEGIN_DATE = EXCLUDED.BEGIN_DATE, BEGIN_HOUR = EXCLUDED.BEGIN_HOUR, BEGIN_MIN = EXCLUDED.BEGIN_MIN, END_DATE = EXCLUDED.END_DATE, END_HOUR = EXCLUDED.END_HOUR, END_MIN = EXCLUDED.END_MIN, USERID = EXCLUDED.USERID, ADD_DATE = EXCLUDED.ADD_DATE, UPDATE_DATE = EXCLUDED.UPDATE_DATE;
/* ORIS:      3    Location: 6A        Test Type: RATA       Test Num: 202103021150MA3       SQL Ord:    8 */ insert into camdecmpswks.RATA_RUN ( RATA_RUN_ID, RATA_SUM_ID, GROSS_UNIT_LOAD, RUN_NUM, CEM_VALUE, RATA_REF_VALUE, CALC_RATA_REF_VALUE, RUN_STATUS_CD, BEGIN_DATE, BEGIN_HOUR, BEGIN_MIN, END_DATE, END_HOUR, END_MIN, USERID, ADD_DATE, UPDATE_DATE ) values ( 'TWCORNEL5-2956A93986C74ABE90F53722232866D6', 'TWCORNEL5-21A3BC97A5BB450795B91738FCBE2B2D', 297, 9, 0.00800, 0.00900, NULL, 'RUNUSED', '2021-03-02', 15, 44, '2021-03-02', 16, 5, 'bvick', '2021-04-21 15:56:04', NULL ) on conflict (RATA_RUN_ID) do update set RATA_SUM_ID = EXCLUDED.RATA_SUM_ID, GROSS_UNIT_LOAD = EXCLUDED.GROSS_UNIT_LOAD, RUN_NUM = EXCLUDED.RUN_NUM, CEM_VALUE = EXCLUDED.CEM_VALUE, RATA_REF_VALUE = EXCLUDED.RATA_REF_VALUE, CALC_RATA_REF_VALUE = EXCLUDED.CALC_RATA_REF_VALUE, RUN_STATUS_CD = EXCLUDED.RUN_STATUS_CD, BEGIN_DATE = EXCLUDED.BEGIN_DATE, BEGIN_HOUR = EXCLUDED.BEGIN_HOUR, BEGIN_MIN = EXCLUDED.BEGIN_MIN, END_DATE = EXCLUDED.END_DATE, END_HOUR = EXCLUDED.END_HOUR, END_MIN = EXCLUDED.END_MIN, USERID = EXCLUDED.USERID, ADD_DATE = EXCLUDED.ADD_DATE, UPDATE_DATE = EXCLUDED.UPDATE_DATE;
/* ORIS:      3    Location: 6A        Test Type: RATA       Test Num: 202103021150MA3       SQL Ord:    8 */ insert into camdecmpswks.RATA_RUN ( RATA_RUN_ID, RATA_SUM_ID, GROSS_UNIT_LOAD, RUN_NUM, CEM_VALUE, RATA_REF_VALUE, CALC_RATA_REF_VALUE, RUN_STATUS_CD, BEGIN_DATE, BEGIN_HOUR, BEGIN_MIN, END_DATE, END_HOUR, END_MIN, USERID, ADD_DATE, UPDATE_DATE ) values ( 'TWCORNEL5-605AF06278C24A868F2987BB0815B09B', 'TWCORNEL5-21A3BC97A5BB450795B91738FCBE2B2D', 297, 2, 0.00800, 0.00900, NULL, 'RUNUSED', '2021-03-02', 12, 18, '2021-03-02', 12, 39, 'bvick', '2021-04-21 15:56:04', NULL ) on conflict (RATA_RUN_ID) do update set RATA_SUM_ID = EXCLUDED.RATA_SUM_ID, GROSS_UNIT_LOAD = EXCLUDED.GROSS_UNIT_LOAD, RUN_NUM = EXCLUDED.RUN_NUM, CEM_VALUE = EXCLUDED.CEM_VALUE, RATA_REF_VALUE = EXCLUDED.RATA_REF_VALUE, CALC_RATA_REF_VALUE = EXCLUDED.CALC_RATA_REF_VALUE, RUN_STATUS_CD = EXCLUDED.RUN_STATUS_CD, BEGIN_DATE = EXCLUDED.BEGIN_DATE, BEGIN_HOUR = EXCLUDED.BEGIN_HOUR, BEGIN_MIN = EXCLUDED.BEGIN_MIN, END_DATE = EXCLUDED.END_DATE, END_HOUR = EXCLUDED.END_HOUR, END_MIN = EXCLUDED.END_MIN, USERID = EXCLUDED.USERID, ADD_DATE = EXCLUDED.ADD_DATE, UPDATE_DATE = EXCLUDED.UPDATE_DATE;
/* ORIS:      3    Location: 6A        Test Type: RATA       Test Num: 202103021150MA3       SQL Ord:    8 */ insert into camdecmpswks.RATA_RUN ( RATA_RUN_ID, RATA_SUM_ID, GROSS_UNIT_LOAD, RUN_NUM, CEM_VALUE, RATA_REF_VALUE, CALC_RATA_REF_VALUE, RUN_STATUS_CD, BEGIN_DATE, BEGIN_HOUR, BEGIN_MIN, END_DATE, END_HOUR, END_MIN, USERID, ADD_DATE, UPDATE_DATE ) values ( 'TWCORNEL5-734DB20996434E508DB979DE9B8E0289', 'TWCORNEL5-21A3BC97A5BB450795B91738FCBE2B2D', 297, 5, 0.00800, 0.00900, NULL, 'RUNUSED', '2021-03-02', 13, 46, '2021-03-02', 14, 7, 'bvick', '2021-04-21 15:56:04', NULL ) on conflict (RATA_RUN_ID) do update set RATA_SUM_ID = EXCLUDED.RATA_SUM_ID, GROSS_UNIT_LOAD = EXCLUDED.GROSS_UNIT_LOAD, RUN_NUM = EXCLUDED.RUN_NUM, CEM_VALUE = EXCLUDED.CEM_VALUE, RATA_REF_VALUE = EXCLUDED.RATA_REF_VALUE, CALC_RATA_REF_VALUE = EXCLUDED.CALC_RATA_REF_VALUE, RUN_STATUS_CD = EXCLUDED.RUN_STATUS_CD, BEGIN_DATE = EXCLUDED.BEGIN_DATE, BEGIN_HOUR = EXCLUDED.BEGIN_HOUR, BEGIN_MIN = EXCLUDED.BEGIN_MIN, END_DATE = EXCLUDED.END_DATE, END_HOUR = EXCLUDED.END_HOUR, END_MIN = EXCLUDED.END_MIN, USERID = EXCLUDED.USERID, ADD_DATE = EXCLUDED.ADD_DATE, UPDATE_DATE = EXCLUDED.UPDATE_DATE;
/* ORIS:      3    Location: 6A        Test Type: RATA       Test Num: 202103021150MA3       SQL Ord:    8 */ insert into camdecmpswks.RATA_RUN ( RATA_RUN_ID, RATA_SUM_ID, GROSS_UNIT_LOAD, RUN_NUM, CEM_VALUE, RATA_REF_VALUE, CALC_RATA_REF_VALUE, RUN_STATUS_CD, BEGIN_DATE, BEGIN_HOUR, BEGIN_MIN, END_DATE, END_HOUR, END_MIN, USERID, ADD_DATE, UPDATE_DATE ) values ( 'TWCORNEL5-7EBCB72CE1A1449E8FF482E20DCE59C3', 'TWCORNEL5-21A3BC97A5BB450795B91738FCBE2B2D', 297, 3, 0.00800, 0.00900, NULL, 'RUNUSED', '2021-03-02', 12, 47, '2021-03-02', 13, 8, 'bvick', '2021-04-21 15:56:04', NULL ) on conflict (RATA_RUN_ID) do update set RATA_SUM_ID = EXCLUDED.RATA_SUM_ID, GROSS_UNIT_LOAD = EXCLUDED.GROSS_UNIT_LOAD, RUN_NUM = EXCLUDED.RUN_NUM, CEM_VALUE = EXCLUDED.CEM_VALUE, RATA_REF_VALUE = EXCLUDED.RATA_REF_VALUE, CALC_RATA_REF_VALUE = EXCLUDED.CALC_RATA_REF_VALUE, RUN_STATUS_CD = EXCLUDED.RUN_STATUS_CD, BEGIN_DATE = EXCLUDED.BEGIN_DATE, BEGIN_HOUR = EXCLUDED.BEGIN_HOUR, BEGIN_MIN = EXCLUDED.BEGIN_MIN, END_DATE = EXCLUDED.END_DATE, END_HOUR = EXCLUDED.END_HOUR, END_MIN = EXCLUDED.END_MIN, USERID = EXCLUDED.USERID, ADD_DATE = EXCLUDED.ADD_DATE, UPDATE_DATE = EXCLUDED.UPDATE_DATE;
/* ORIS:      3    Location: 6A        Test Type: RATA       Test Num: 202103021150MA3       SQL Ord:    8 */ insert into camdecmpswks.RATA_RUN ( RATA_RUN_ID, RATA_SUM_ID, GROSS_UNIT_LOAD, RUN_NUM, CEM_VALUE, RATA_REF_VALUE, CALC_RATA_REF_VALUE, RUN_STATUS_CD, BEGIN_DATE, BEGIN_HOUR, BEGIN_MIN, END_DATE, END_HOUR, END_MIN, USERID, ADD_DATE, UPDATE_DATE ) values ( 'TWCORNEL5-9FF0FB2C5F714016919B90B2A75FFD8F', 'TWCORNEL5-21A3BC97A5BB450795B91738FCBE2B2D', 297, 4, 0.00800, 0.00900, NULL, 'RUNUSED', '2021-03-02', 13, 17, '2021-03-02', 13, 38, 'bvick', '2021-04-21 15:56:04', NULL ) on conflict (RATA_RUN_ID) do update set RATA_SUM_ID = EXCLUDED.RATA_SUM_ID, GROSS_UNIT_LOAD = EXCLUDED.GROSS_UNIT_LOAD, RUN_NUM = EXCLUDED.RUN_NUM, CEM_VALUE = EXCLUDED.CEM_VALUE, RATA_REF_VALUE = EXCLUDED.RATA_REF_VALUE, CALC_RATA_REF_VALUE = EXCLUDED.CALC_RATA_REF_VALUE, RUN_STATUS_CD = EXCLUDED.RUN_STATUS_CD, BEGIN_DATE = EXCLUDED.BEGIN_DATE, BEGIN_HOUR = EXCLUDED.BEGIN_HOUR, BEGIN_MIN = EXCLUDED.BEGIN_MIN, END_DATE = EXCLUDED.END_DATE, END_HOUR = EXCLUDED.END_HOUR, END_MIN = EXCLUDED.END_MIN, USERID = EXCLUDED.USERID, ADD_DATE = EXCLUDED.ADD_DATE, UPDATE_DATE = EXCLUDED.UPDATE_DATE;
/* ORIS:      3    Location: 6A        Test Type: RATA       Test Num: 202103021150MA3       SQL Ord:    8 */ insert into camdecmpswks.RATA_RUN ( RATA_RUN_ID, RATA_SUM_ID, GROSS_UNIT_LOAD, RUN_NUM, CEM_VALUE, RATA_REF_VALUE, CALC_RATA_REF_VALUE, RUN_STATUS_CD, BEGIN_DATE, BEGIN_HOUR, BEGIN_MIN, END_DATE, END_HOUR, END_MIN, USERID, ADD_DATE, UPDATE_DATE ) values ( 'TWCORNEL5-AB80FEBB62F748D6966AF345D5CCCCD7', 'TWCORNEL5-21A3BC97A5BB450795B91738FCBE2B2D', 297, 7, 0.00800, 0.00900, NULL, 'RUNUSED', '2021-03-02', 14, 45, '2021-03-02', 15, 6, 'bvick', '2021-04-21 15:56:04', NULL ) on conflict (RATA_RUN_ID) do update set RATA_SUM_ID = EXCLUDED.RATA_SUM_ID, GROSS_UNIT_LOAD = EXCLUDED.GROSS_UNIT_LOAD, RUN_NUM = EXCLUDED.RUN_NUM, CEM_VALUE = EXCLUDED.CEM_VALUE, RATA_REF_VALUE = EXCLUDED.RATA_REF_VALUE, CALC_RATA_REF_VALUE = EXCLUDED.CALC_RATA_REF_VALUE, RUN_STATUS_CD = EXCLUDED.RUN_STATUS_CD, BEGIN_DATE = EXCLUDED.BEGIN_DATE, BEGIN_HOUR = EXCLUDED.BEGIN_HOUR, BEGIN_MIN = EXCLUDED.BEGIN_MIN, END_DATE = EXCLUDED.END_DATE, END_HOUR = EXCLUDED.END_HOUR, END_MIN = EXCLUDED.END_MIN, USERID = EXCLUDED.USERID, ADD_DATE = EXCLUDED.ADD_DATE, UPDATE_DATE = EXCLUDED.UPDATE_DATE;
/* ORIS:      3    Location: 6A        Test Type: RATA       Test Num: 202103021150MA3       SQL Ord:    8 */ insert into camdecmpswks.RATA_RUN ( RATA_RUN_ID, RATA_SUM_ID, GROSS_UNIT_LOAD, RUN_NUM, CEM_VALUE, RATA_REF_VALUE, CALC_RATA_REF_VALUE, RUN_STATUS_CD, BEGIN_DATE, BEGIN_HOUR, BEGIN_MIN, END_DATE, END_HOUR, END_MIN, USERID, ADD_DATE, UPDATE_DATE ) values ( 'TWCORNEL5-CECDD5E10659471B96D3BE7A58D03C14', 'TWCORNEL5-21A3BC97A5BB450795B91738FCBE2B2D', 297, 1, 0.00800, 0.00900, NULL, 'RUNUSED', '2021-03-02', 11, 50, '2021-03-02', 12, 11, 'bvick', '2021-04-21 15:56:04', NULL ) on conflict (RATA_RUN_ID) do update set RATA_SUM_ID = EXCLUDED.RATA_SUM_ID, GROSS_UNIT_LOAD = EXCLUDED.GROSS_UNIT_LOAD, RUN_NUM = EXCLUDED.RUN_NUM, CEM_VALUE = EXCLUDED.CEM_VALUE, RATA_REF_VALUE = EXCLUDED.RATA_REF_VALUE, CALC_RATA_REF_VALUE = EXCLUDED.CALC_RATA_REF_VALUE, RUN_STATUS_CD = EXCLUDED.RUN_STATUS_CD, BEGIN_DATE = EXCLUDED.BEGIN_DATE, BEGIN_HOUR = EXCLUDED.BEGIN_HOUR, BEGIN_MIN = EXCLUDED.BEGIN_MIN, END_DATE = EXCLUDED.END_DATE, END_HOUR = EXCLUDED.END_HOUR, END_MIN = EXCLUDED.END_MIN, USERID = EXCLUDED.USERID, ADD_DATE = EXCLUDED.ADD_DATE, UPDATE_DATE = EXCLUDED.UPDATE_DATE;