/* ORIS:      3    Location: 5         Test Type: RATA       Test Num: 202003300811ADA       SQL Ord:    1 */ delete from camdecmpswks.TEST_SUMMARY where TEST_SUM_ID = 'TWCORNEL5-996D98021FBA480A828DB5B12D5414AC';
/* ORIS:      3    Location: 5         Test Type: RATA       Test Num: 202003300811ADA       SQL Ord:    2 */ insert into camdecmpswks.TEST_SUMMARY ( TEST_SUM_ID, MON_LOC_ID, TEST_TYPE_CD, TEST_NUM, MON_SYS_ID, COMPONENT_ID, GP_IND, TEST_REASON_CD, TEST_RESULT_CD, RPT_PERIOD_ID, BEGIN_DATE, BEGIN_HOUR, BEGIN_MIN, END_DATE, END_HOUR, END_MIN, SPAN_SCALE_CD, INJECTION_PROTOCOL_CD, TEST_COMMENT, TEST_DESCRIPTION, CALC_GP_IND, CALC_TEST_RESULT_CD, CALC_SPAN_VALUE, LAST_UPDATED, UPDATED_STATUS_FLG, NEEDS_EVAL_FLG, CHK_SESSION_ID, USERID, ADD_DATE, UPDATE_DATE ) values ( 'TWCORNEL5-996D98021FBA480A828DB5B12D5414AC', '11', 'RATA', '202003300811ADA', 'TWCORNEL5-A4A0CCB6CDAC4AD78CCBF42D64209497', NULL, 0, 'QA', 'PASSAPS', NULL, '2020-03-30', 8, 11, '2020-03-30', 13, 53, NULL, NULL, NULL, NULL, NULL, 'PASSAPS', NULL, '2021-12-08 15:03:44', 'Y', 'N', 'CAMD-WIN81-2457840BAB2B4100823D8981D3C8C79E', 'bvick', '2020-04-23 11:16:02', '2021-12-08 15:03:50' ) on conflict (TEST_SUM_ID) do update set MON_LOC_ID = EXCLUDED.MON_LOC_ID, TEST_TYPE_CD = EXCLUDED.TEST_TYPE_CD, TEST_NUM = EXCLUDED.TEST_NUM, MON_SYS_ID = EXCLUDED.MON_SYS_ID, COMPONENT_ID = EXCLUDED.COMPONENT_ID, GP_IND = EXCLUDED.GP_IND, TEST_REASON_CD = EXCLUDED.TEST_REASON_CD, TEST_RESULT_CD = EXCLUDED.TEST_RESULT_CD, RPT_PERIOD_ID = EXCLUDED.RPT_PERIOD_ID, BEGIN_DATE = EXCLUDED.BEGIN_DATE, BEGIN_HOUR = EXCLUDED.BEGIN_HOUR, BEGIN_MIN = EXCLUDED.BEGIN_MIN, END_DATE = EXCLUDED.END_DATE, END_HOUR = EXCLUDED.END_HOUR, END_MIN = EXCLUDED.END_MIN, SPAN_SCALE_CD = EXCLUDED.SPAN_SCALE_CD, INJECTION_PROTOCOL_CD = EXCLUDED.INJECTION_PROTOCOL_CD, TEST_COMMENT = EXCLUDED.TEST_COMMENT, TEST_DESCRIPTION = EXCLUDED.TEST_DESCRIPTION, CALC_GP_IND = EXCLUDED.CALC_GP_IND, CALC_TEST_RESULT_CD = EXCLUDED.CALC_TEST_RESULT_CD, CALC_SPAN_VALUE = EXCLUDED.CALC_SPAN_VALUE, LAST_UPDATED = EXCLUDED.LAST_UPDATED, UPDATED_STATUS_FLG = EXCLUDED.UPDATED_STATUS_FLG, NEEDS_EVAL_FLG = EXCLUDED.NEEDS_EVAL_FLG, CHK_SESSION_ID = EXCLUDED.CHK_SESSION_ID, USERID = EXCLUDED.USERID, ADD_DATE = EXCLUDED.ADD_DATE, UPDATE_DATE = EXCLUDED.UPDATE_DATE;
/* ORIS:      3    Location: 5         Test Type: RATA       Test Num: 202003300811ADA       SQL Ord:    3 */ insert into camdecmpswks.PROTOCOL_GAS ( PROTOCOL_GAS_ID, TEST_SUM_ID, GAS_LEVEL_CD, GAS_TYPE_CD, VENDOR_ID, CYLINDER_ID, EXPIRATION_DATE, USERID, ADD_DATE, UPDATE_DATE ) values ( 'TWCORNEL5-2101995C582545B7AC8AFB70813B53C1', 'TWCORNEL5-996D98021FBA480A828DB5B12D5414AC', 'MID', 'NO,NOX,SO2,BALN', 'B22019', 'CC326540', '2022-08-27', 'bvick', '2020-04-23 11:16:02', NULL ) on conflict (PROTOCOL_GAS_ID) do update set TEST_SUM_ID = EXCLUDED.TEST_SUM_ID, GAS_LEVEL_CD = EXCLUDED.GAS_LEVEL_CD, GAS_TYPE_CD = EXCLUDED.GAS_TYPE_CD, VENDOR_ID = EXCLUDED.VENDOR_ID, CYLINDER_ID = EXCLUDED.CYLINDER_ID, EXPIRATION_DATE = EXCLUDED.EXPIRATION_DATE, USERID = EXCLUDED.USERID, ADD_DATE = EXCLUDED.ADD_DATE, UPDATE_DATE = EXCLUDED.UPDATE_DATE;
/* ORIS:      3    Location: 5         Test Type: RATA       Test Num: 202003300811ADA       SQL Ord:    3 */ insert into camdecmpswks.PROTOCOL_GAS ( PROTOCOL_GAS_ID, TEST_SUM_ID, GAS_LEVEL_CD, GAS_TYPE_CD, VENDOR_ID, CYLINDER_ID, EXPIRATION_DATE, USERID, ADD_DATE, UPDATE_DATE ) values ( 'TWCORNEL5-46939F2CD70A4D28A97E5CE342AB1C35', 'TWCORNEL5-996D98021FBA480A828DB5B12D5414AC', 'HIGH', 'NO,NOX,SO2,BALN', 'B22019', 'CC501645', '2023-08-23', 'bvick', '2020-04-23 11:16:02', NULL ) on conflict (PROTOCOL_GAS_ID) do update set TEST_SUM_ID = EXCLUDED.TEST_SUM_ID, GAS_LEVEL_CD = EXCLUDED.GAS_LEVEL_CD, GAS_TYPE_CD = EXCLUDED.GAS_TYPE_CD, VENDOR_ID = EXCLUDED.VENDOR_ID, CYLINDER_ID = EXCLUDED.CYLINDER_ID, EXPIRATION_DATE = EXCLUDED.EXPIRATION_DATE, USERID = EXCLUDED.USERID, ADD_DATE = EXCLUDED.ADD_DATE, UPDATE_DATE = EXCLUDED.UPDATE_DATE;
/* ORIS:      3    Location: 5         Test Type: RATA       Test Num: 202003300811ADA       SQL Ord:    3 */ insert into camdecmpswks.PROTOCOL_GAS ( PROTOCOL_GAS_ID, TEST_SUM_ID, GAS_LEVEL_CD, GAS_TYPE_CD, VENDOR_ID, CYLINDER_ID, EXPIRATION_DATE, USERID, ADD_DATE, UPDATE_DATE ) values ( 'TWCORNEL5-71569695CB3547598BB928FEA8C42109', 'TWCORNEL5-996D98021FBA480A828DB5B12D5414AC', 'LOW', 'ZERO', NULL, NULL, NULL, 'bvick', '2020-04-23 11:16:02', NULL ) on conflict (PROTOCOL_GAS_ID) do update set TEST_SUM_ID = EXCLUDED.TEST_SUM_ID, GAS_LEVEL_CD = EXCLUDED.GAS_LEVEL_CD, GAS_TYPE_CD = EXCLUDED.GAS_TYPE_CD, VENDOR_ID = EXCLUDED.VENDOR_ID, CYLINDER_ID = EXCLUDED.CYLINDER_ID, EXPIRATION_DATE = EXCLUDED.EXPIRATION_DATE, USERID = EXCLUDED.USERID, ADD_DATE = EXCLUDED.ADD_DATE, UPDATE_DATE = EXCLUDED.UPDATE_DATE;
/* ORIS:      3    Location: 5         Test Type: RATA       Test Num: 202003300811ADA       SQL Ord:    4 */ insert into camdecmpswks.AIR_EMISSION_TESTING ( AIR_EMISSION_TEST_ID, TEST_SUM_ID, QI_LAST_NAME, QI_FIRST_NAME, QI_MIDDLE_INITIAL, AETB_NAME, AETB_PHONE_NUMBER, AETB_EMAIL, EXAM_DATE, PROVIDER_NAME, PROVIDER_EMAIL, ADD_DATE, UPDATE_DATE, USERID ) values ( 'TWCORNEL5-C79FBE43E2734B0280F6D806BE2DBBC8', 'TWCORNEL5-996D98021FBA480A828DB5B12D5414AC', 'Chalk', 'Benjamin', 'A', 'Alabama Power Field Services Air Quality', '251-434-5528', 'bkchalk@southernco.com', '2014-11-01', 'Source Evaluation Society', 'qstiprogram@gmail.com', '2021-12-08 14:59:08', '2021-12-08 15:03:44', 'bvick' ) on conflict (AIR_EMISSION_TEST_ID) do update set TEST_SUM_ID = EXCLUDED.TEST_SUM_ID, QI_LAST_NAME = EXCLUDED.QI_LAST_NAME, QI_FIRST_NAME = EXCLUDED.QI_FIRST_NAME, QI_MIDDLE_INITIAL = EXCLUDED.QI_MIDDLE_INITIAL, AETB_NAME = EXCLUDED.AETB_NAME, AETB_PHONE_NUMBER = EXCLUDED.AETB_PHONE_NUMBER, AETB_EMAIL = EXCLUDED.AETB_EMAIL, EXAM_DATE = EXCLUDED.EXAM_DATE, PROVIDER_NAME = EXCLUDED.PROVIDER_NAME, PROVIDER_EMAIL = EXCLUDED.PROVIDER_EMAIL, ADD_DATE = EXCLUDED.ADD_DATE, UPDATE_DATE = EXCLUDED.UPDATE_DATE, USERID = EXCLUDED.USERID;
/* ORIS:      3    Location: 5         Test Type: RATA       Test Num: 202003300811ADA       SQL Ord:    6 */ insert into camdecmpswks.RATA ( RATA_ID, TEST_SUM_ID, RATA_FREQUENCY_CD, CALC_RATA_FREQUENCY_CD, RELATIVE_ACCURACY, CALC_RELATIVE_ACCURACY, OVERALL_BIAS_ADJ_FACTOR, CALC_OVERALL_BIAS_ADJ_FACTOR, NUM_LOAD_LEVEL, CALC_NUM_LOAD_LEVEL, USERID, ADD_DATE, UPDATE_DATE ) values ( 'TWCORNEL5-E2248C41781D489A8B47062153FAEB91', 'TWCORNEL5-996D98021FBA480A828DB5B12D5414AC', '4QTRS', '4QTRS', 17.80, 17.80, 1.111, 1.111, 1, 1, 'bvick', '2020-04-23 11:16:02', '2021-12-08 15:03:50' ) on conflict (RATA_ID) do update set TEST_SUM_ID = EXCLUDED.TEST_SUM_ID, RATA_FREQUENCY_CD = EXCLUDED.RATA_FREQUENCY_CD, CALC_RATA_FREQUENCY_CD = EXCLUDED.CALC_RATA_FREQUENCY_CD, RELATIVE_ACCURACY = EXCLUDED.RELATIVE_ACCURACY, CALC_RELATIVE_ACCURACY = EXCLUDED.CALC_RELATIVE_ACCURACY, OVERALL_BIAS_ADJ_FACTOR = EXCLUDED.OVERALL_BIAS_ADJ_FACTOR, CALC_OVERALL_BIAS_ADJ_FACTOR = EXCLUDED.CALC_OVERALL_BIAS_ADJ_FACTOR, NUM_LOAD_LEVEL = EXCLUDED.NUM_LOAD_LEVEL, CALC_NUM_LOAD_LEVEL = EXCLUDED.CALC_NUM_LOAD_LEVEL, USERID = EXCLUDED.USERID, ADD_DATE = EXCLUDED.ADD_DATE, UPDATE_DATE = EXCLUDED.UPDATE_DATE;
/* ORIS:      3    Location: 5         Test Type: RATA       Test Num: 202003300811ADA       SQL Ord:    7 */ insert into camdecmpswks.RATA_SUMMARY ( RATA_SUM_ID, RATA_ID, RELATIVE_ACCURACY, CALC_RELATIVE_ACCURACY, BIAS_ADJ_FACTOR, CALC_BIAS_ADJ_FACTOR, MEAN_CEM_VALUE, CALC_MEAN_CEM_VALUE, MEAN_RATA_REF_VALUE, CALC_MEAN_RATA_REF_VALUE, OP_LEVEL_CD, MEAN_DIFF, CALC_MEAN_DIFF, DEFAULT_WAF, AVG_GROSS_UNIT_LOAD, CALC_AVG_GROSS_UNIT_LOAD, APS_IND, CALC_APS_IND, STND_DEV_DIFF, CALC_STND_DEV_DIFF, CONFIDENCE_COEF, CALC_CONFIDENCE_COEF, CO2_O2_REF_METHOD_CD, REF_METHOD_CD, T_VALUE, CALC_T_VALUE, STACK_DIAMETER, STACK_AREA, CALC_STACK_AREA, CALC_WAF, CALC_CALC_WAF, NUM_TRAVERSE_POINT, USERID, ADD_DATE, UPDATE_DATE, APS_CD ) values ( 'TWCORNEL5-57B2CD09EA6D4D399BAEF698C15ED717', 'TWCORNEL5-E2248C41781D489A8B47062153FAEB91', 17.80, 17.80, 1.111, 1.111, 7.04456, 7.04500, 8.33889, 8.33900, 'M', 1.29433, 1.29400, NULL, 604, 604, 1, 1, 0.24726, 0.24700, 0.19006, 0.19000, NULL, '6C', 2.306, 2.306, NULL, NULL, NULL, NULL, NULL, NULL, 'bvick', '2020-04-23 11:16:02', '2021-12-08 15:03:50', NULL ) on conflict (RATA_SUM_ID) do update set RATA_ID = EXCLUDED.RATA_ID, RELATIVE_ACCURACY = EXCLUDED.RELATIVE_ACCURACY, CALC_RELATIVE_ACCURACY = EXCLUDED.CALC_RELATIVE_ACCURACY, BIAS_ADJ_FACTOR = EXCLUDED.BIAS_ADJ_FACTOR, CALC_BIAS_ADJ_FACTOR = EXCLUDED.CALC_BIAS_ADJ_FACTOR, MEAN_CEM_VALUE = EXCLUDED.MEAN_CEM_VALUE, CALC_MEAN_CEM_VALUE = EXCLUDED.CALC_MEAN_CEM_VALUE, MEAN_RATA_REF_VALUE = EXCLUDED.MEAN_RATA_REF_VALUE, CALC_MEAN_RATA_REF_VALUE = EXCLUDED.CALC_MEAN_RATA_REF_VALUE, OP_LEVEL_CD = EXCLUDED.OP_LEVEL_CD, MEAN_DIFF = EXCLUDED.MEAN_DIFF, CALC_MEAN_DIFF = EXCLUDED.CALC_MEAN_DIFF, DEFAULT_WAF = EXCLUDED.DEFAULT_WAF, AVG_GROSS_UNIT_LOAD = EXCLUDED.AVG_GROSS_UNIT_LOAD, CALC_AVG_GROSS_UNIT_LOAD = EXCLUDED.CALC_AVG_GROSS_UNIT_LOAD, APS_IND = EXCLUDED.APS_IND, CALC_APS_IND = EXCLUDED.CALC_APS_IND, STND_DEV_DIFF = EXCLUDED.STND_DEV_DIFF, CALC_STND_DEV_DIFF = EXCLUDED.CALC_STND_DEV_DIFF, CONFIDENCE_COEF = EXCLUDED.CONFIDENCE_COEF, CALC_CONFIDENCE_COEF = EXCLUDED.CALC_CONFIDENCE_COEF, CO2_O2_REF_METHOD_CD = EXCLUDED.CO2_O2_REF_METHOD_CD, REF_METHOD_CD = EXCLUDED.REF_METHOD_CD, T_VALUE = EXCLUDED.T_VALUE, CALC_T_VALUE = EXCLUDED.CALC_T_VALUE, STACK_DIAMETER = EXCLUDED.STACK_DIAMETER, STACK_AREA = EXCLUDED.STACK_AREA, CALC_STACK_AREA = EXCLUDED.CALC_STACK_AREA, CALC_WAF = EXCLUDED.CALC_WAF, CALC_CALC_WAF = EXCLUDED.CALC_CALC_WAF, NUM_TRAVERSE_POINT = EXCLUDED.NUM_TRAVERSE_POINT, APS_CD = EXCLUDED.APS_CD, USERID = EXCLUDED.USERID, ADD_DATE = EXCLUDED.ADD_DATE, UPDATE_DATE = EXCLUDED.UPDATE_DATE;
/* ORIS:      3    Location: 5         Test Type: RATA       Test Num: 202003300811ADA       SQL Ord:    8 */ insert into camdecmpswks.RATA_RUN ( RATA_RUN_ID, RATA_SUM_ID, GROSS_UNIT_LOAD, RUN_NUM, CEM_VALUE, RATA_REF_VALUE, CALC_RATA_REF_VALUE, RUN_STATUS_CD, BEGIN_DATE, BEGIN_HOUR, BEGIN_MIN, END_DATE, END_HOUR, END_MIN, USERID, ADD_DATE, UPDATE_DATE ) values ( 'TWCORNEL5-327ACD44881C4AA991EB553FBA15FAB2', 'TWCORNEL5-57B2CD09EA6D4D399BAEF698C15ED717', 604, 9, 7.02100, 8.41000, NULL, 'RUNUSED', '2020-03-30', 13, 32, '2020-03-30', 13, 53, 'bvick', '2020-04-23 11:16:02', NULL ) on conflict (RATA_RUN_ID) do update set RATA_SUM_ID = EXCLUDED.RATA_SUM_ID, GROSS_UNIT_LOAD = EXCLUDED.GROSS_UNIT_LOAD, RUN_NUM = EXCLUDED.RUN_NUM, CEM_VALUE = EXCLUDED.CEM_VALUE, RATA_REF_VALUE = EXCLUDED.RATA_REF_VALUE, CALC_RATA_REF_VALUE = EXCLUDED.CALC_RATA_REF_VALUE, RUN_STATUS_CD = EXCLUDED.RUN_STATUS_CD, BEGIN_DATE = EXCLUDED.BEGIN_DATE, BEGIN_HOUR = EXCLUDED.BEGIN_HOUR, BEGIN_MIN = EXCLUDED.BEGIN_MIN, END_DATE = EXCLUDED.END_DATE, END_HOUR = EXCLUDED.END_HOUR, END_MIN = EXCLUDED.END_MIN, USERID = EXCLUDED.USERID, ADD_DATE = EXCLUDED.ADD_DATE, UPDATE_DATE = EXCLUDED.UPDATE_DATE;
/* ORIS:      3    Location: 5         Test Type: RATA       Test Num: 202003300811ADA       SQL Ord:    8 */ insert into camdecmpswks.RATA_RUN ( RATA_RUN_ID, RATA_SUM_ID, GROSS_UNIT_LOAD, RUN_NUM, CEM_VALUE, RATA_REF_VALUE, CALC_RATA_REF_VALUE, RUN_STATUS_CD, BEGIN_DATE, BEGIN_HOUR, BEGIN_MIN, END_DATE, END_HOUR, END_MIN, USERID, ADD_DATE, UPDATE_DATE ) values ( 'TWCORNEL5-48AAA849F5424D1896B67D5D30EE6326', 'TWCORNEL5-57B2CD09EA6D4D399BAEF698C15ED717', 604, 2, 6.66400, 7.92000, NULL, 'RUNUSED', '2020-03-30', 9, 1, '2020-03-30', 9, 22, 'bvick', '2020-04-23 11:16:02', NULL ) on conflict (RATA_RUN_ID) do update set RATA_SUM_ID = EXCLUDED.RATA_SUM_ID, GROSS_UNIT_LOAD = EXCLUDED.GROSS_UNIT_LOAD, RUN_NUM = EXCLUDED.RUN_NUM, CEM_VALUE = EXCLUDED.CEM_VALUE, RATA_REF_VALUE = EXCLUDED.RATA_REF_VALUE, CALC_RATA_REF_VALUE = EXCLUDED.CALC_RATA_REF_VALUE, RUN_STATUS_CD = EXCLUDED.RUN_STATUS_CD, BEGIN_DATE = EXCLUDED.BEGIN_DATE, BEGIN_HOUR = EXCLUDED.BEGIN_HOUR, BEGIN_MIN = EXCLUDED.BEGIN_MIN, END_DATE = EXCLUDED.END_DATE, END_HOUR = EXCLUDED.END_HOUR, END_MIN = EXCLUDED.END_MIN, USERID = EXCLUDED.USERID, ADD_DATE = EXCLUDED.ADD_DATE, UPDATE_DATE = EXCLUDED.UPDATE_DATE;
/* ORIS:      3    Location: 5         Test Type: RATA       Test Num: 202003300811ADA       SQL Ord:    8 */ insert into camdecmpswks.RATA_RUN ( RATA_RUN_ID, RATA_SUM_ID, GROSS_UNIT_LOAD, RUN_NUM, CEM_VALUE, RATA_REF_VALUE, CALC_RATA_REF_VALUE, RUN_STATUS_CD, BEGIN_DATE, BEGIN_HOUR, BEGIN_MIN, END_DATE, END_HOUR, END_MIN, USERID, ADD_DATE, UPDATE_DATE ) values ( 'TWCORNEL5-6A937651FA9C4C01945519911121D637', 'TWCORNEL5-57B2CD09EA6D4D399BAEF698C15ED717', 604, 5, 7.33500, 8.70000, NULL, 'RUNUSED', '2020-03-30', 11, 12, '2020-03-30', 11, 33, 'bvick', '2020-04-23 11:16:02', NULL ) on conflict (RATA_RUN_ID) do update set RATA_SUM_ID = EXCLUDED.RATA_SUM_ID, GROSS_UNIT_LOAD = EXCLUDED.GROSS_UNIT_LOAD, RUN_NUM = EXCLUDED.RUN_NUM, CEM_VALUE = EXCLUDED.CEM_VALUE, RATA_REF_VALUE = EXCLUDED.RATA_REF_VALUE, CALC_RATA_REF_VALUE = EXCLUDED.CALC_RATA_REF_VALUE, RUN_STATUS_CD = EXCLUDED.RUN_STATUS_CD, BEGIN_DATE = EXCLUDED.BEGIN_DATE, BEGIN_HOUR = EXCLUDED.BEGIN_HOUR, BEGIN_MIN = EXCLUDED.BEGIN_MIN, END_DATE = EXCLUDED.END_DATE, END_HOUR = EXCLUDED.END_HOUR, END_MIN = EXCLUDED.END_MIN, USERID = EXCLUDED.USERID, ADD_DATE = EXCLUDED.ADD_DATE, UPDATE_DATE = EXCLUDED.UPDATE_DATE;
/* ORIS:      3    Location: 5         Test Type: RATA       Test Num: 202003300811ADA       SQL Ord:    8 */ insert into camdecmpswks.RATA_RUN ( RATA_RUN_ID, RATA_SUM_ID, GROSS_UNIT_LOAD, RUN_NUM, CEM_VALUE, RATA_REF_VALUE, CALC_RATA_REF_VALUE, RUN_STATUS_CD, BEGIN_DATE, BEGIN_HOUR, BEGIN_MIN, END_DATE, END_HOUR, END_MIN, USERID, ADD_DATE, UPDATE_DATE ) values ( 'TWCORNEL5-794D88F3FB6341ACBAE9203E909716A6', 'TWCORNEL5-57B2CD09EA6D4D399BAEF698C15ED717', 604, 7, 7.30500, 8.70000, NULL, 'RUNUSED', '2020-03-30', 12, 25, '2020-03-30', 12, 46, 'bvick', '2020-04-23 11:16:02', NULL ) on conflict (RATA_RUN_ID) do update set RATA_SUM_ID = EXCLUDED.RATA_SUM_ID, GROSS_UNIT_LOAD = EXCLUDED.GROSS_UNIT_LOAD, RUN_NUM = EXCLUDED.RUN_NUM, CEM_VALUE = EXCLUDED.CEM_VALUE, RATA_REF_VALUE = EXCLUDED.RATA_REF_VALUE, CALC_RATA_REF_VALUE = EXCLUDED.CALC_RATA_REF_VALUE, RUN_STATUS_CD = EXCLUDED.RUN_STATUS_CD, BEGIN_DATE = EXCLUDED.BEGIN_DATE, BEGIN_HOUR = EXCLUDED.BEGIN_HOUR, BEGIN_MIN = EXCLUDED.BEGIN_MIN, END_DATE = EXCLUDED.END_DATE, END_HOUR = EXCLUDED.END_HOUR, END_MIN = EXCLUDED.END_MIN, USERID = EXCLUDED.USERID, ADD_DATE = EXCLUDED.ADD_DATE, UPDATE_DATE = EXCLUDED.UPDATE_DATE;
/* ORIS:      3    Location: 5         Test Type: RATA       Test Num: 202003300811ADA       SQL Ord:    8 */ insert into camdecmpswks.RATA_RUN ( RATA_RUN_ID, RATA_SUM_ID, GROSS_UNIT_LOAD, RUN_NUM, CEM_VALUE, RATA_REF_VALUE, CALC_RATA_REF_VALUE, RUN_STATUS_CD, BEGIN_DATE, BEGIN_HOUR, BEGIN_MIN, END_DATE, END_HOUR, END_MIN, USERID, ADD_DATE, UPDATE_DATE ) values ( 'TWCORNEL5-A96E346139A44EC1BE52CE48599F7F5A', 'TWCORNEL5-57B2CD09EA6D4D399BAEF698C15ED717', 604, 3, 7.07700, 8.29000, NULL, 'RUNUSED', '2020-03-30', 9, 35, '2020-03-30', 9, 56, 'bvick', '2020-04-23 11:16:02', NULL ) on conflict (RATA_RUN_ID) do update set RATA_SUM_ID = EXCLUDED.RATA_SUM_ID, GROSS_UNIT_LOAD = EXCLUDED.GROSS_UNIT_LOAD, RUN_NUM = EXCLUDED.RUN_NUM, CEM_VALUE = EXCLUDED.CEM_VALUE, RATA_REF_VALUE = EXCLUDED.RATA_REF_VALUE, CALC_RATA_REF_VALUE = EXCLUDED.CALC_RATA_REF_VALUE, RUN_STATUS_CD = EXCLUDED.RUN_STATUS_CD, BEGIN_DATE = EXCLUDED.BEGIN_DATE, BEGIN_HOUR = EXCLUDED.BEGIN_HOUR, BEGIN_MIN = EXCLUDED.BEGIN_MIN, END_DATE = EXCLUDED.END_DATE, END_HOUR = EXCLUDED.END_HOUR, END_MIN = EXCLUDED.END_MIN, USERID = EXCLUDED.USERID, ADD_DATE = EXCLUDED.ADD_DATE, UPDATE_DATE = EXCLUDED.UPDATE_DATE;
/* ORIS:      3    Location: 5         Test Type: RATA       Test Num: 202003300811ADA       SQL Ord:    8 */ insert into camdecmpswks.RATA_RUN ( RATA_RUN_ID, RATA_SUM_ID, GROSS_UNIT_LOAD, RUN_NUM, CEM_VALUE, RATA_REF_VALUE, CALC_RATA_REF_VALUE, RUN_STATUS_CD, BEGIN_DATE, BEGIN_HOUR, BEGIN_MIN, END_DATE, END_HOUR, END_MIN, USERID, ADD_DATE, UPDATE_DATE ) values ( 'TWCORNEL5-CBB1CD70623646BE81B02B8D1260A3C5', 'TWCORNEL5-57B2CD09EA6D4D399BAEF698C15ED717', 604, 6, 8.40000, 10.13000, NULL, 'RUNUSED', '2020-03-30', 11, 47, '2020-03-30', 12, 8, 'bvick', '2020-04-23 11:16:02', NULL ) on conflict (RATA_RUN_ID) do update set RATA_SUM_ID = EXCLUDED.RATA_SUM_ID, GROSS_UNIT_LOAD = EXCLUDED.GROSS_UNIT_LOAD, RUN_NUM = EXCLUDED.RUN_NUM, CEM_VALUE = EXCLUDED.CEM_VALUE, RATA_REF_VALUE = EXCLUDED.RATA_REF_VALUE, CALC_RATA_REF_VALUE = EXCLUDED.CALC_RATA_REF_VALUE, RUN_STATUS_CD = EXCLUDED.RUN_STATUS_CD, BEGIN_DATE = EXCLUDED.BEGIN_DATE, BEGIN_HOUR = EXCLUDED.BEGIN_HOUR, BEGIN_MIN = EXCLUDED.BEGIN_MIN, END_DATE = EXCLUDED.END_DATE, END_HOUR = EXCLUDED.END_HOUR, END_MIN = EXCLUDED.END_MIN, USERID = EXCLUDED.USERID, ADD_DATE = EXCLUDED.ADD_DATE, UPDATE_DATE = EXCLUDED.UPDATE_DATE;
/* ORIS:      3    Location: 5         Test Type: RATA       Test Num: 202003300811ADA       SQL Ord:    8 */ insert into camdecmpswks.RATA_RUN ( RATA_RUN_ID, RATA_SUM_ID, GROSS_UNIT_LOAD, RUN_NUM, CEM_VALUE, RATA_REF_VALUE, CALC_RATA_REF_VALUE, RUN_STATUS_CD, BEGIN_DATE, BEGIN_HOUR, BEGIN_MIN, END_DATE, END_HOUR, END_MIN, USERID, ADD_DATE, UPDATE_DATE ) values ( 'TWCORNEL5-DD9EB16111534231BCCB2F12214B7E25', 'TWCORNEL5-57B2CD09EA6D4D399BAEF698C15ED717', 604, 8, 6.91500, 8.20000, NULL, 'RUNUSED', '2020-03-30', 13, 0, '2020-03-30', 13, 21, 'bvick', '2020-04-23 11:16:02', NULL ) on conflict (RATA_RUN_ID) do update set RATA_SUM_ID = EXCLUDED.RATA_SUM_ID, GROSS_UNIT_LOAD = EXCLUDED.GROSS_UNIT_LOAD, RUN_NUM = EXCLUDED.RUN_NUM, CEM_VALUE = EXCLUDED.CEM_VALUE, RATA_REF_VALUE = EXCLUDED.RATA_REF_VALUE, CALC_RATA_REF_VALUE = EXCLUDED.CALC_RATA_REF_VALUE, RUN_STATUS_CD = EXCLUDED.RUN_STATUS_CD, BEGIN_DATE = EXCLUDED.BEGIN_DATE, BEGIN_HOUR = EXCLUDED.BEGIN_HOUR, BEGIN_MIN = EXCLUDED.BEGIN_MIN, END_DATE = EXCLUDED.END_DATE, END_HOUR = EXCLUDED.END_HOUR, END_MIN = EXCLUDED.END_MIN, USERID = EXCLUDED.USERID, ADD_DATE = EXCLUDED.ADD_DATE, UPDATE_DATE = EXCLUDED.UPDATE_DATE;
/* ORIS:      3    Location: 5         Test Type: RATA       Test Num: 202003300811ADA       SQL Ord:    8 */ insert into camdecmpswks.RATA_RUN ( RATA_RUN_ID, RATA_SUM_ID, GROSS_UNIT_LOAD, RUN_NUM, CEM_VALUE, RATA_REF_VALUE, CALC_RATA_REF_VALUE, RUN_STATUS_CD, BEGIN_DATE, BEGIN_HOUR, BEGIN_MIN, END_DATE, END_HOUR, END_MIN, USERID, ADD_DATE, UPDATE_DATE ) values ( 'TWCORNEL5-EB9E884F8BD44204A55FC29D7C81CEEC', 'TWCORNEL5-57B2CD09EA6D4D399BAEF698C15ED717', 604, 1, 6.29900, 7.08000, NULL, 'RUNUSED', '2020-03-30', 8, 11, '2020-03-30', 8, 32, 'bvick', '2020-04-23 11:16:02', NULL ) on conflict (RATA_RUN_ID) do update set RATA_SUM_ID = EXCLUDED.RATA_SUM_ID, GROSS_UNIT_LOAD = EXCLUDED.GROSS_UNIT_LOAD, RUN_NUM = EXCLUDED.RUN_NUM, CEM_VALUE = EXCLUDED.CEM_VALUE, RATA_REF_VALUE = EXCLUDED.RATA_REF_VALUE, CALC_RATA_REF_VALUE = EXCLUDED.CALC_RATA_REF_VALUE, RUN_STATUS_CD = EXCLUDED.RUN_STATUS_CD, BEGIN_DATE = EXCLUDED.BEGIN_DATE, BEGIN_HOUR = EXCLUDED.BEGIN_HOUR, BEGIN_MIN = EXCLUDED.BEGIN_MIN, END_DATE = EXCLUDED.END_DATE, END_HOUR = EXCLUDED.END_HOUR, END_MIN = EXCLUDED.END_MIN, USERID = EXCLUDED.USERID, ADD_DATE = EXCLUDED.ADD_DATE, UPDATE_DATE = EXCLUDED.UPDATE_DATE;
/* ORIS:      3    Location: 5         Test Type: RATA       Test Num: 202003300811ADA       SQL Ord:    8 */ insert into camdecmpswks.RATA_RUN ( RATA_RUN_ID, RATA_SUM_ID, GROSS_UNIT_LOAD, RUN_NUM, CEM_VALUE, RATA_REF_VALUE, CALC_RATA_REF_VALUE, RUN_STATUS_CD, BEGIN_DATE, BEGIN_HOUR, BEGIN_MIN, END_DATE, END_HOUR, END_MIN, USERID, ADD_DATE, UPDATE_DATE ) values ( 'TWCORNEL5-F91FA830F7DE4E9480AFEDC467D90817', 'TWCORNEL5-57B2CD09EA6D4D399BAEF698C15ED717', 604, 4, 6.38500, 7.62000, NULL, 'RUNUSED', '2020-03-30', 10, 14, '2020-03-30', 10, 35, 'bvick', '2020-04-23 11:16:02', NULL ) on conflict (RATA_RUN_ID) do update set RATA_SUM_ID = EXCLUDED.RATA_SUM_ID, GROSS_UNIT_LOAD = EXCLUDED.GROSS_UNIT_LOAD, RUN_NUM = EXCLUDED.RUN_NUM, CEM_VALUE = EXCLUDED.CEM_VALUE, RATA_REF_VALUE = EXCLUDED.RATA_REF_VALUE, CALC_RATA_REF_VALUE = EXCLUDED.CALC_RATA_REF_VALUE, RUN_STATUS_CD = EXCLUDED.RUN_STATUS_CD, BEGIN_DATE = EXCLUDED.BEGIN_DATE, BEGIN_HOUR = EXCLUDED.BEGIN_HOUR, BEGIN_MIN = EXCLUDED.BEGIN_MIN, END_DATE = EXCLUDED.END_DATE, END_HOUR = EXCLUDED.END_HOUR, END_MIN = EXCLUDED.END_MIN, USERID = EXCLUDED.USERID, ADD_DATE = EXCLUDED.ADD_DATE, UPDATE_DATE = EXCLUDED.UPDATE_DATE;
/* ORIS:      3    Location: 5         Test Type: RATA       Test Num: 202003301130ADE       SQL Ord:    1 */ delete from camdecmpswks.TEST_SUMMARY where TEST_SUM_ID = 'TWCORNEL5-ECF52E6C3FCA4988ABBD8162EBE5B455';
/* ORIS:      3    Location: 5         Test Type: RATA       Test Num: 202003301130ADE       SQL Ord:    2 */ insert into camdecmpswks.TEST_SUMMARY ( TEST_SUM_ID, MON_LOC_ID, TEST_TYPE_CD, TEST_NUM, MON_SYS_ID, COMPONENT_ID, GP_IND, TEST_REASON_CD, TEST_RESULT_CD, RPT_PERIOD_ID, BEGIN_DATE, BEGIN_HOUR, BEGIN_MIN, END_DATE, END_HOUR, END_MIN, SPAN_SCALE_CD, INJECTION_PROTOCOL_CD, TEST_COMMENT, TEST_DESCRIPTION, CALC_GP_IND, CALC_TEST_RESULT_CD, CALC_SPAN_VALUE, LAST_UPDATED, UPDATED_STATUS_FLG, NEEDS_EVAL_FLG, CHK_SESSION_ID, USERID, ADD_DATE, UPDATE_DATE ) values ( 'TWCORNEL5-ECF52E6C3FCA4988ABBD8162EBE5B455', '11', 'RATA', '202003301130ADE', 'TWCORNEL5-7DEB3F748C644FCBBD9AC55BC5B6CAF0', NULL, 0, 'QA', 'PASSED', NULL, '2020-03-30', 11, 30, '2020-03-30', 17, 48, NULL, NULL, NULL, NULL, NULL, NULL, NULL, '2021-12-08 15:04:09', 'Y', 'N', 'CAMD-WIN81-41B95510E7F54050900FBD0B6E8FF1EF', 'bvick', '2020-04-23 11:16:02', '2021-12-08 15:04:13' ) on conflict (TEST_SUM_ID) do update set MON_LOC_ID = EXCLUDED.MON_LOC_ID, TEST_TYPE_CD = EXCLUDED.TEST_TYPE_CD, TEST_NUM = EXCLUDED.TEST_NUM, MON_SYS_ID = EXCLUDED.MON_SYS_ID, COMPONENT_ID = EXCLUDED.COMPONENT_ID, GP_IND = EXCLUDED.GP_IND, TEST_REASON_CD = EXCLUDED.TEST_REASON_CD, TEST_RESULT_CD = EXCLUDED.TEST_RESULT_CD, RPT_PERIOD_ID = EXCLUDED.RPT_PERIOD_ID, BEGIN_DATE = EXCLUDED.BEGIN_DATE, BEGIN_HOUR = EXCLUDED.BEGIN_HOUR, BEGIN_MIN = EXCLUDED.BEGIN_MIN, END_DATE = EXCLUDED.END_DATE, END_HOUR = EXCLUDED.END_HOUR, END_MIN = EXCLUDED.END_MIN, SPAN_SCALE_CD = EXCLUDED.SPAN_SCALE_CD, INJECTION_PROTOCOL_CD = EXCLUDED.INJECTION_PROTOCOL_CD, TEST_COMMENT = EXCLUDED.TEST_COMMENT, TEST_DESCRIPTION = EXCLUDED.TEST_DESCRIPTION, CALC_GP_IND = EXCLUDED.CALC_GP_IND, CALC_TEST_RESULT_CD = EXCLUDED.CALC_TEST_RESULT_CD, CALC_SPAN_VALUE = EXCLUDED.CALC_SPAN_VALUE, LAST_UPDATED = EXCLUDED.LAST_UPDATED, UPDATED_STATUS_FLG = EXCLUDED.UPDATED_STATUS_FLG, NEEDS_EVAL_FLG = EXCLUDED.NEEDS_EVAL_FLG, CHK_SESSION_ID = EXCLUDED.CHK_SESSION_ID, USERID = EXCLUDED.USERID, ADD_DATE = EXCLUDED.ADD_DATE, UPDATE_DATE = EXCLUDED.UPDATE_DATE;
/* ORIS:      3    Location: 5         Test Type: RATA       Test Num: 202003301130ADE       SQL Ord:    4 */ insert into camdecmpswks.AIR_EMISSION_TESTING ( AIR_EMISSION_TEST_ID, TEST_SUM_ID, QI_LAST_NAME, QI_FIRST_NAME, QI_MIDDLE_INITIAL, AETB_NAME, AETB_PHONE_NUMBER, AETB_EMAIL, EXAM_DATE, PROVIDER_NAME, PROVIDER_EMAIL, ADD_DATE, UPDATE_DATE, USERID ) values ( 'CAMD-WIN81-6AC043CD92CF44C4874EBC158C3FF0DF', 'TWCORNEL5-ECF52E6C3FCA4988ABBD8162EBE5B455', 'a', 'a', 'A', NULL, NULL, NULL, NULL, NULL, NULL, '2021-12-08 15:04:09', NULL, 'bvick' ) on conflict (AIR_EMISSION_TEST_ID) do update set TEST_SUM_ID = EXCLUDED.TEST_SUM_ID, QI_LAST_NAME = EXCLUDED.QI_LAST_NAME, QI_FIRST_NAME = EXCLUDED.QI_FIRST_NAME, QI_MIDDLE_INITIAL = EXCLUDED.QI_MIDDLE_INITIAL, AETB_NAME = EXCLUDED.AETB_NAME, AETB_PHONE_NUMBER = EXCLUDED.AETB_PHONE_NUMBER, AETB_EMAIL = EXCLUDED.AETB_EMAIL, EXAM_DATE = EXCLUDED.EXAM_DATE, PROVIDER_NAME = EXCLUDED.PROVIDER_NAME, PROVIDER_EMAIL = EXCLUDED.PROVIDER_EMAIL, ADD_DATE = EXCLUDED.ADD_DATE, UPDATE_DATE = EXCLUDED.UPDATE_DATE, USERID = EXCLUDED.USERID;
/* ORIS:      3    Location: 5         Test Type: RATA       Test Num: 202003301130ADE       SQL Ord:    6 */ insert into camdecmpswks.RATA ( RATA_ID, TEST_SUM_ID, RATA_FREQUENCY_CD, CALC_RATA_FREQUENCY_CD, RELATIVE_ACCURACY, CALC_RELATIVE_ACCURACY, OVERALL_BIAS_ADJ_FACTOR, CALC_OVERALL_BIAS_ADJ_FACTOR, NUM_LOAD_LEVEL, CALC_NUM_LOAD_LEVEL, USERID, ADD_DATE, UPDATE_DATE ) values ( 'TWCORNEL5-CE3555A85BAD4ABBB09274804E684E1A', 'TWCORNEL5-ECF52E6C3FCA4988ABBD8162EBE5B455', '4QTRS', '4QTRS', 11.88, 11.88, 1.000, 1.000, 1, 1, 'bvick', '2020-04-23 11:16:02', '2021-12-08 15:04:13' ) on conflict (RATA_ID) do update set TEST_SUM_ID = EXCLUDED.TEST_SUM_ID, RATA_FREQUENCY_CD = EXCLUDED.RATA_FREQUENCY_CD, CALC_RATA_FREQUENCY_CD = EXCLUDED.CALC_RATA_FREQUENCY_CD, RELATIVE_ACCURACY = EXCLUDED.RELATIVE_ACCURACY, CALC_RELATIVE_ACCURACY = EXCLUDED.CALC_RELATIVE_ACCURACY, OVERALL_BIAS_ADJ_FACTOR = EXCLUDED.OVERALL_BIAS_ADJ_FACTOR, CALC_OVERALL_BIAS_ADJ_FACTOR = EXCLUDED.CALC_OVERALL_BIAS_ADJ_FACTOR, NUM_LOAD_LEVEL = EXCLUDED.NUM_LOAD_LEVEL, CALC_NUM_LOAD_LEVEL = EXCLUDED.CALC_NUM_LOAD_LEVEL, USERID = EXCLUDED.USERID, ADD_DATE = EXCLUDED.ADD_DATE, UPDATE_DATE = EXCLUDED.UPDATE_DATE;
/* ORIS:      3    Location: 5         Test Type: RATA       Test Num: 202003301130ADE       SQL Ord:    7 */ insert into camdecmpswks.RATA_SUMMARY ( RATA_SUM_ID, RATA_ID, RELATIVE_ACCURACY, CALC_RELATIVE_ACCURACY, BIAS_ADJ_FACTOR, CALC_BIAS_ADJ_FACTOR, MEAN_CEM_VALUE, CALC_MEAN_CEM_VALUE, MEAN_RATA_REF_VALUE, CALC_MEAN_RATA_REF_VALUE, OP_LEVEL_CD, MEAN_DIFF, CALC_MEAN_DIFF, DEFAULT_WAF, AVG_GROSS_UNIT_LOAD, CALC_AVG_GROSS_UNIT_LOAD, APS_IND, CALC_APS_IND, STND_DEV_DIFF, CALC_STND_DEV_DIFF, CONFIDENCE_COEF, CALC_CONFIDENCE_COEF, CO2_O2_REF_METHOD_CD, REF_METHOD_CD, T_VALUE, CALC_T_VALUE, STACK_DIAMETER, STACK_AREA, CALC_STACK_AREA, CALC_WAF, CALC_CALC_WAF, NUM_TRAVERSE_POINT, USERID, ADD_DATE, UPDATE_DATE, APS_CD ) values ( 'TWCORNEL5-37D7291ACA484BB8BC927D539F0D37CD', 'TWCORNEL5-CE3555A85BAD4ABBB09274804E684E1A', 11.88, 11.88, 1.000, 1.000, 0.24811, 0.24811, 0.23044, 0.23044, 'M', -0.01767, -0.01767, NULL, 604, 604, 0, 0, 0.01262, 0.01262, 0.00970, 0.00970, NULL, '30B', 2.306, 2.306, NULL, NULL, NULL, NULL, NULL, NULL, 'bvick', '2020-04-23 11:16:02', '2021-12-08 15:04:13', NULL ) on conflict (RATA_SUM_ID) do update set RATA_ID = EXCLUDED.RATA_ID, RELATIVE_ACCURACY = EXCLUDED.RELATIVE_ACCURACY, CALC_RELATIVE_ACCURACY = EXCLUDED.CALC_RELATIVE_ACCURACY, BIAS_ADJ_FACTOR = EXCLUDED.BIAS_ADJ_FACTOR, CALC_BIAS_ADJ_FACTOR = EXCLUDED.CALC_BIAS_ADJ_FACTOR, MEAN_CEM_VALUE = EXCLUDED.MEAN_CEM_VALUE, CALC_MEAN_CEM_VALUE = EXCLUDED.CALC_MEAN_CEM_VALUE, MEAN_RATA_REF_VALUE = EXCLUDED.MEAN_RATA_REF_VALUE, CALC_MEAN_RATA_REF_VALUE = EXCLUDED.CALC_MEAN_RATA_REF_VALUE, OP_LEVEL_CD = EXCLUDED.OP_LEVEL_CD, MEAN_DIFF = EXCLUDED.MEAN_DIFF, CALC_MEAN_DIFF = EXCLUDED.CALC_MEAN_DIFF, DEFAULT_WAF = EXCLUDED.DEFAULT_WAF, AVG_GROSS_UNIT_LOAD = EXCLUDED.AVG_GROSS_UNIT_LOAD, CALC_AVG_GROSS_UNIT_LOAD = EXCLUDED.CALC_AVG_GROSS_UNIT_LOAD, APS_IND = EXCLUDED.APS_IND, CALC_APS_IND = EXCLUDED.CALC_APS_IND, STND_DEV_DIFF = EXCLUDED.STND_DEV_DIFF, CALC_STND_DEV_DIFF = EXCLUDED.CALC_STND_DEV_DIFF, CONFIDENCE_COEF = EXCLUDED.CONFIDENCE_COEF, CALC_CONFIDENCE_COEF = EXCLUDED.CALC_CONFIDENCE_COEF, CO2_O2_REF_METHOD_CD = EXCLUDED.CO2_O2_REF_METHOD_CD, REF_METHOD_CD = EXCLUDED.REF_METHOD_CD, T_VALUE = EXCLUDED.T_VALUE, CALC_T_VALUE = EXCLUDED.CALC_T_VALUE, STACK_DIAMETER = EXCLUDED.STACK_DIAMETER, STACK_AREA = EXCLUDED.STACK_AREA, CALC_STACK_AREA = EXCLUDED.CALC_STACK_AREA, CALC_WAF = EXCLUDED.CALC_WAF, CALC_CALC_WAF = EXCLUDED.CALC_CALC_WAF, NUM_TRAVERSE_POINT = EXCLUDED.NUM_TRAVERSE_POINT, APS_CD = EXCLUDED.APS_CD, USERID = EXCLUDED.USERID, ADD_DATE = EXCLUDED.ADD_DATE, UPDATE_DATE = EXCLUDED.UPDATE_DATE;
/* ORIS:      3    Location: 5         Test Type: RATA       Test Num: 202003301130ADE       SQL Ord:    8 */ insert into camdecmpswks.RATA_RUN ( RATA_RUN_ID, RATA_SUM_ID, GROSS_UNIT_LOAD, RUN_NUM, CEM_VALUE, RATA_REF_VALUE, CALC_RATA_REF_VALUE, RUN_STATUS_CD, BEGIN_DATE, BEGIN_HOUR, BEGIN_MIN, END_DATE, END_HOUR, END_MIN, USERID, ADD_DATE, UPDATE_DATE ) values ( 'TWCORNEL5-084718003E304105A6851E70D8D4E1D2', 'TWCORNEL5-37D7291ACA484BB8BC927D539F0D37CD', 604, 4, 0.24500, 0.21700, NULL, 'RUNUSED', '2020-03-30', 13, 29, '2020-03-30', 13, 59, 'bvick', '2020-04-23 11:16:02', NULL ) on conflict (RATA_RUN_ID) do update set RATA_SUM_ID = EXCLUDED.RATA_SUM_ID, GROSS_UNIT_LOAD = EXCLUDED.GROSS_UNIT_LOAD, RUN_NUM = EXCLUDED.RUN_NUM, CEM_VALUE = EXCLUDED.CEM_VALUE, RATA_REF_VALUE = EXCLUDED.RATA_REF_VALUE, CALC_RATA_REF_VALUE = EXCLUDED.CALC_RATA_REF_VALUE, RUN_STATUS_CD = EXCLUDED.RUN_STATUS_CD, BEGIN_DATE = EXCLUDED.BEGIN_DATE, BEGIN_HOUR = EXCLUDED.BEGIN_HOUR, BEGIN_MIN = EXCLUDED.BEGIN_MIN, END_DATE = EXCLUDED.END_DATE, END_HOUR = EXCLUDED.END_HOUR, END_MIN = EXCLUDED.END_MIN, USERID = EXCLUDED.USERID, ADD_DATE = EXCLUDED.ADD_DATE, UPDATE_DATE = EXCLUDED.UPDATE_DATE;
/* ORIS:      3    Location: 5         Test Type: RATA       Test Num: 202003301130ADE       SQL Ord:    8 */ insert into camdecmpswks.RATA_RUN ( RATA_RUN_ID, RATA_SUM_ID, GROSS_UNIT_LOAD, RUN_NUM, CEM_VALUE, RATA_REF_VALUE, CALC_RATA_REF_VALUE, RUN_STATUS_CD, BEGIN_DATE, BEGIN_HOUR, BEGIN_MIN, END_DATE, END_HOUR, END_MIN, USERID, ADD_DATE, UPDATE_DATE ) values ( 'TWCORNEL5-14903B001C32440580B94F9CBB66F47E', 'TWCORNEL5-37D7291ACA484BB8BC927D539F0D37CD', 604, 6, 0.26600, 0.22000, NULL, 'NOTUSED', '2020-03-30', 14, 44, '2020-03-30', 15, 14, 'bvick', '2020-04-23 11:16:02', NULL ) on conflict (RATA_RUN_ID) do update set RATA_SUM_ID = EXCLUDED.RATA_SUM_ID, GROSS_UNIT_LOAD = EXCLUDED.GROSS_UNIT_LOAD, RUN_NUM = EXCLUDED.RUN_NUM, CEM_VALUE = EXCLUDED.CEM_VALUE, RATA_REF_VALUE = EXCLUDED.RATA_REF_VALUE, CALC_RATA_REF_VALUE = EXCLUDED.CALC_RATA_REF_VALUE, RUN_STATUS_CD = EXCLUDED.RUN_STATUS_CD, BEGIN_DATE = EXCLUDED.BEGIN_DATE, BEGIN_HOUR = EXCLUDED.BEGIN_HOUR, BEGIN_MIN = EXCLUDED.BEGIN_MIN, END_DATE = EXCLUDED.END_DATE, END_HOUR = EXCLUDED.END_HOUR, END_MIN = EXCLUDED.END_MIN, USERID = EXCLUDED.USERID, ADD_DATE = EXCLUDED.ADD_DATE, UPDATE_DATE = EXCLUDED.UPDATE_DATE;
/* ORIS:      3    Location: 5         Test Type: RATA       Test Num: 202003301130ADE       SQL Ord:    8 */ insert into camdecmpswks.RATA_RUN ( RATA_RUN_ID, RATA_SUM_ID, GROSS_UNIT_LOAD, RUN_NUM, CEM_VALUE, RATA_REF_VALUE, CALC_RATA_REF_VALUE, RUN_STATUS_CD, BEGIN_DATE, BEGIN_HOUR, BEGIN_MIN, END_DATE, END_HOUR, END_MIN, USERID, ADD_DATE, UPDATE_DATE ) values ( 'TWCORNEL5-1AEA4824A5564ED5BFBF936268521E88', 'TWCORNEL5-37D7291ACA484BB8BC927D539F0D37CD', 604, 3, 0.23400, 0.23300, NULL, 'RUNUSED', '2020-03-30', 12, 49, '2020-03-30', 13, 19, 'bvick', '2020-04-23 11:16:02', NULL ) on conflict (RATA_RUN_ID) do update set RATA_SUM_ID = EXCLUDED.RATA_SUM_ID, GROSS_UNIT_LOAD = EXCLUDED.GROSS_UNIT_LOAD, RUN_NUM = EXCLUDED.RUN_NUM, CEM_VALUE = EXCLUDED.CEM_VALUE, RATA_REF_VALUE = EXCLUDED.RATA_REF_VALUE, CALC_RATA_REF_VALUE = EXCLUDED.CALC_RATA_REF_VALUE, RUN_STATUS_CD = EXCLUDED.RUN_STATUS_CD, BEGIN_DATE = EXCLUDED.BEGIN_DATE, BEGIN_HOUR = EXCLUDED.BEGIN_HOUR, BEGIN_MIN = EXCLUDED.BEGIN_MIN, END_DATE = EXCLUDED.END_DATE, END_HOUR = EXCLUDED.END_HOUR, END_MIN = EXCLUDED.END_MIN, USERID = EXCLUDED.USERID, ADD_DATE = EXCLUDED.ADD_DATE, UPDATE_DATE = EXCLUDED.UPDATE_DATE;
/* ORIS:      3    Location: 5         Test Type: RATA       Test Num: 202003301130ADE       SQL Ord:    8 */ insert into camdecmpswks.RATA_RUN ( RATA_RUN_ID, RATA_SUM_ID, GROSS_UNIT_LOAD, RUN_NUM, CEM_VALUE, RATA_REF_VALUE, CALC_RATA_REF_VALUE, RUN_STATUS_CD, BEGIN_DATE, BEGIN_HOUR, BEGIN_MIN, END_DATE, END_HOUR, END_MIN, USERID, ADD_DATE, UPDATE_DATE ) values ( 'TWCORNEL5-4744E11A214A41BFB4181400343085BA', 'TWCORNEL5-37D7291ACA484BB8BC927D539F0D37CD', 604, 1, 0.21500, 0.19200, NULL, 'RUNUSED', '2020-03-30', 11, 30, '2020-03-30', 12, 0, 'bvick', '2020-04-23 11:16:02', NULL ) on conflict (RATA_RUN_ID) do update set RATA_SUM_ID = EXCLUDED.RATA_SUM_ID, GROSS_UNIT_LOAD = EXCLUDED.GROSS_UNIT_LOAD, RUN_NUM = EXCLUDED.RUN_NUM, CEM_VALUE = EXCLUDED.CEM_VALUE, RATA_REF_VALUE = EXCLUDED.RATA_REF_VALUE, CALC_RATA_REF_VALUE = EXCLUDED.CALC_RATA_REF_VALUE, RUN_STATUS_CD = EXCLUDED.RUN_STATUS_CD, BEGIN_DATE = EXCLUDED.BEGIN_DATE, BEGIN_HOUR = EXCLUDED.BEGIN_HOUR, BEGIN_MIN = EXCLUDED.BEGIN_MIN, END_DATE = EXCLUDED.END_DATE, END_HOUR = EXCLUDED.END_HOUR, END_MIN = EXCLUDED.END_MIN, USERID = EXCLUDED.USERID, ADD_DATE = EXCLUDED.ADD_DATE, UPDATE_DATE = EXCLUDED.UPDATE_DATE;
/* ORIS:      3    Location: 5         Test Type: RATA       Test Num: 202003301130ADE       SQL Ord:    8 */ insert into camdecmpswks.RATA_RUN ( RATA_RUN_ID, RATA_SUM_ID, GROSS_UNIT_LOAD, RUN_NUM, CEM_VALUE, RATA_REF_VALUE, CALC_RATA_REF_VALUE, RUN_STATUS_CD, BEGIN_DATE, BEGIN_HOUR, BEGIN_MIN, END_DATE, END_HOUR, END_MIN, USERID, ADD_DATE, UPDATE_DATE ) values ( 'TWCORNEL5-5E9BA271B7304D5AAA09385B7D6A346B', 'TWCORNEL5-37D7291ACA484BB8BC927D539F0D37CD', 604, 8, 0.26700, 0.22700, NULL, 'RUNUSED', '2020-03-30', 16, 0, '2020-03-30', 16, 30, 'bvick', '2020-04-23 11:16:02', NULL ) on conflict (RATA_RUN_ID) do update set RATA_SUM_ID = EXCLUDED.RATA_SUM_ID, GROSS_UNIT_LOAD = EXCLUDED.GROSS_UNIT_LOAD, RUN_NUM = EXCLUDED.RUN_NUM, CEM_VALUE = EXCLUDED.CEM_VALUE, RATA_REF_VALUE = EXCLUDED.RATA_REF_VALUE, CALC_RATA_REF_VALUE = EXCLUDED.CALC_RATA_REF_VALUE, RUN_STATUS_CD = EXCLUDED.RUN_STATUS_CD, BEGIN_DATE = EXCLUDED.BEGIN_DATE, BEGIN_HOUR = EXCLUDED.BEGIN_HOUR, BEGIN_MIN = EXCLUDED.BEGIN_MIN, END_DATE = EXCLUDED.END_DATE, END_HOUR = EXCLUDED.END_HOUR, END_MIN = EXCLUDED.END_MIN, USERID = EXCLUDED.USERID, ADD_DATE = EXCLUDED.ADD_DATE, UPDATE_DATE = EXCLUDED.UPDATE_DATE;
/* ORIS:      3    Location: 5         Test Type: RATA       Test Num: 202003301130ADE       SQL Ord:    8 */ insert into camdecmpswks.RATA_RUN ( RATA_RUN_ID, RATA_SUM_ID, GROSS_UNIT_LOAD, RUN_NUM, CEM_VALUE, RATA_REF_VALUE, CALC_RATA_REF_VALUE, RUN_STATUS_CD, BEGIN_DATE, BEGIN_HOUR, BEGIN_MIN, END_DATE, END_HOUR, END_MIN, USERID, ADD_DATE, UPDATE_DATE ) values ( 'TWCORNEL5-81574A29BD44420B83D0AE9309B26316', 'TWCORNEL5-37D7291ACA484BB8BC927D539F0D37CD', 604, 9, 0.25100, 0.24900, NULL, 'RUNUSED', '2020-03-30', 16, 40, '2020-03-30', 17, 10, 'bvick', '2020-04-23 11:16:02', NULL ) on conflict (RATA_RUN_ID) do update set RATA_SUM_ID = EXCLUDED.RATA_SUM_ID, GROSS_UNIT_LOAD = EXCLUDED.GROSS_UNIT_LOAD, RUN_NUM = EXCLUDED.RUN_NUM, CEM_VALUE = EXCLUDED.CEM_VALUE, RATA_REF_VALUE = EXCLUDED.RATA_REF_VALUE, CALC_RATA_REF_VALUE = EXCLUDED.CALC_RATA_REF_VALUE, RUN_STATUS_CD = EXCLUDED.RUN_STATUS_CD, BEGIN_DATE = EXCLUDED.BEGIN_DATE, BEGIN_HOUR = EXCLUDED.BEGIN_HOUR, BEGIN_MIN = EXCLUDED.BEGIN_MIN, END_DATE = EXCLUDED.END_DATE, END_HOUR = EXCLUDED.END_HOUR, END_MIN = EXCLUDED.END_MIN, USERID = EXCLUDED.USERID, ADD_DATE = EXCLUDED.ADD_DATE, UPDATE_DATE = EXCLUDED.UPDATE_DATE;
/* ORIS:      3    Location: 5         Test Type: RATA       Test Num: 202003301130ADE       SQL Ord:    8 */ insert into camdecmpswks.RATA_RUN ( RATA_RUN_ID, RATA_SUM_ID, GROSS_UNIT_LOAD, RUN_NUM, CEM_VALUE, RATA_REF_VALUE, CALC_RATA_REF_VALUE, RUN_STATUS_CD, BEGIN_DATE, BEGIN_HOUR, BEGIN_MIN, END_DATE, END_HOUR, END_MIN, USERID, ADD_DATE, UPDATE_DATE ) values ( 'TWCORNEL5-8BB060D521F54906A2AED70FE0E16E89', 'TWCORNEL5-37D7291ACA484BB8BC927D539F0D37CD', 604, 2, 0.25900, 0.25100, NULL, 'RUNUSED', '2020-03-30', 12, 9, '2020-03-30', 12, 39, 'bvick', '2020-04-23 11:16:02', NULL ) on conflict (RATA_RUN_ID) do update set RATA_SUM_ID = EXCLUDED.RATA_SUM_ID, GROSS_UNIT_LOAD = EXCLUDED.GROSS_UNIT_LOAD, RUN_NUM = EXCLUDED.RUN_NUM, CEM_VALUE = EXCLUDED.CEM_VALUE, RATA_REF_VALUE = EXCLUDED.RATA_REF_VALUE, CALC_RATA_REF_VALUE = EXCLUDED.CALC_RATA_REF_VALUE, RUN_STATUS_CD = EXCLUDED.RUN_STATUS_CD, BEGIN_DATE = EXCLUDED.BEGIN_DATE, BEGIN_HOUR = EXCLUDED.BEGIN_HOUR, BEGIN_MIN = EXCLUDED.BEGIN_MIN, END_DATE = EXCLUDED.END_DATE, END_HOUR = EXCLUDED.END_HOUR, END_MIN = EXCLUDED.END_MIN, USERID = EXCLUDED.USERID, ADD_DATE = EXCLUDED.ADD_DATE, UPDATE_DATE = EXCLUDED.UPDATE_DATE;
/* ORIS:      3    Location: 5         Test Type: RATA       Test Num: 202003301130ADE       SQL Ord:    8 */ insert into camdecmpswks.RATA_RUN ( RATA_RUN_ID, RATA_SUM_ID, GROSS_UNIT_LOAD, RUN_NUM, CEM_VALUE, RATA_REF_VALUE, CALC_RATA_REF_VALUE, RUN_STATUS_CD, BEGIN_DATE, BEGIN_HOUR, BEGIN_MIN, END_DATE, END_HOUR, END_MIN, USERID, ADD_DATE, UPDATE_DATE ) values ( 'TWCORNEL5-CAF831D623F24BFFB8FCA1D8BB31D34E', 'TWCORNEL5-37D7291ACA484BB8BC927D539F0D37CD', 604, 7, 0.24400, 0.22500, NULL, 'RUNUSED', '2020-03-30', 15, 23, '2020-03-30', 15, 53, 'bvick', '2020-04-23 11:16:02', NULL ) on conflict (RATA_RUN_ID) do update set RATA_SUM_ID = EXCLUDED.RATA_SUM_ID, GROSS_UNIT_LOAD = EXCLUDED.GROSS_UNIT_LOAD, RUN_NUM = EXCLUDED.RUN_NUM, CEM_VALUE = EXCLUDED.CEM_VALUE, RATA_REF_VALUE = EXCLUDED.RATA_REF_VALUE, CALC_RATA_REF_VALUE = EXCLUDED.CALC_RATA_REF_VALUE, RUN_STATUS_CD = EXCLUDED.RUN_STATUS_CD, BEGIN_DATE = EXCLUDED.BEGIN_DATE, BEGIN_HOUR = EXCLUDED.BEGIN_HOUR, BEGIN_MIN = EXCLUDED.BEGIN_MIN, END_DATE = EXCLUDED.END_DATE, END_HOUR = EXCLUDED.END_HOUR, END_MIN = EXCLUDED.END_MIN, USERID = EXCLUDED.USERID, ADD_DATE = EXCLUDED.ADD_DATE, UPDATE_DATE = EXCLUDED.UPDATE_DATE;
/* ORIS:      3    Location: 5         Test Type: RATA       Test Num: 202003301130ADE       SQL Ord:    8 */ insert into camdecmpswks.RATA_RUN ( RATA_RUN_ID, RATA_SUM_ID, GROSS_UNIT_LOAD, RUN_NUM, CEM_VALUE, RATA_REF_VALUE, CALC_RATA_REF_VALUE, RUN_STATUS_CD, BEGIN_DATE, BEGIN_HOUR, BEGIN_MIN, END_DATE, END_HOUR, END_MIN, USERID, ADD_DATE, UPDATE_DATE ) values ( 'TWCORNEL5-E757AE2A6D384B8A90E4C631BEC03C79', 'TWCORNEL5-37D7291ACA484BB8BC927D539F0D37CD', 604, 5, 0.25700, 0.23500, NULL, 'RUNUSED', '2020-03-30', 14, 6, '2020-03-30', 14, 36, 'bvick', '2020-04-23 11:16:02', NULL ) on conflict (RATA_RUN_ID) do update set RATA_SUM_ID = EXCLUDED.RATA_SUM_ID, GROSS_UNIT_LOAD = EXCLUDED.GROSS_UNIT_LOAD, RUN_NUM = EXCLUDED.RUN_NUM, CEM_VALUE = EXCLUDED.CEM_VALUE, RATA_REF_VALUE = EXCLUDED.RATA_REF_VALUE, CALC_RATA_REF_VALUE = EXCLUDED.CALC_RATA_REF_VALUE, RUN_STATUS_CD = EXCLUDED.RUN_STATUS_CD, BEGIN_DATE = EXCLUDED.BEGIN_DATE, BEGIN_HOUR = EXCLUDED.BEGIN_HOUR, BEGIN_MIN = EXCLUDED.BEGIN_MIN, END_DATE = EXCLUDED.END_DATE, END_HOUR = EXCLUDED.END_HOUR, END_MIN = EXCLUDED.END_MIN, USERID = EXCLUDED.USERID, ADD_DATE = EXCLUDED.ADD_DATE, UPDATE_DATE = EXCLUDED.UPDATE_DATE;
/* ORIS:      3    Location: 5         Test Type: RATA       Test Num: 202003301130ADE       SQL Ord:    8 */ insert into camdecmpswks.RATA_RUN ( RATA_RUN_ID, RATA_SUM_ID, GROSS_UNIT_LOAD, RUN_NUM, CEM_VALUE, RATA_REF_VALUE, CALC_RATA_REF_VALUE, RUN_STATUS_CD, BEGIN_DATE, BEGIN_HOUR, BEGIN_MIN, END_DATE, END_HOUR, END_MIN, USERID, ADD_DATE, UPDATE_DATE ) values ( 'TWCORNEL5-F96558C7B3964D1B9B9DC193FBBFD5A8', 'TWCORNEL5-37D7291ACA484BB8BC927D539F0D37CD', 604, 10, 0.26100, 0.24500, NULL, 'RUNUSED', '2020-03-30', 17, 18, '2020-03-30', 17, 48, 'bvick', '2020-04-23 11:16:02', NULL ) on conflict (RATA_RUN_ID) do update set RATA_SUM_ID = EXCLUDED.RATA_SUM_ID, GROSS_UNIT_LOAD = EXCLUDED.GROSS_UNIT_LOAD, RUN_NUM = EXCLUDED.RUN_NUM, CEM_VALUE = EXCLUDED.CEM_VALUE, RATA_REF_VALUE = EXCLUDED.RATA_REF_VALUE, CALC_RATA_REF_VALUE = EXCLUDED.CALC_RATA_REF_VALUE, RUN_STATUS_CD = EXCLUDED.RUN_STATUS_CD, BEGIN_DATE = EXCLUDED.BEGIN_DATE, BEGIN_HOUR = EXCLUDED.BEGIN_HOUR, BEGIN_MIN = EXCLUDED.BEGIN_MIN, END_DATE = EXCLUDED.END_DATE, END_HOUR = EXCLUDED.END_HOUR, END_MIN = EXCLUDED.END_MIN, USERID = EXCLUDED.USERID, ADD_DATE = EXCLUDED.ADD_DATE, UPDATE_DATE = EXCLUDED.UPDATE_DATE;
/* ORIS:      3    Location: 6A        Test Type: RATA       Test Num: 201602150844MA3       SQL Ord:    1 */ delete from camdecmpswks.TEST_SUMMARY where TEST_SUM_ID = 'TWCORNEL5-DAB99C69B32643149B6489A1159629B8';
/* ORIS:      3    Location: 6A        Test Type: RATA       Test Num: 201602150844MA3       SQL Ord:    2 */ insert into camdecmpswks.TEST_SUMMARY ( TEST_SUM_ID, MON_LOC_ID, TEST_TYPE_CD, TEST_NUM, MON_SYS_ID, COMPONENT_ID, GP_IND, TEST_REASON_CD, TEST_RESULT_CD, RPT_PERIOD_ID, BEGIN_DATE, BEGIN_HOUR, BEGIN_MIN, END_DATE, END_HOUR, END_MIN, SPAN_SCALE_CD, INJECTION_PROTOCOL_CD, TEST_COMMENT, TEST_DESCRIPTION, CALC_GP_IND, CALC_TEST_RESULT_CD, CALC_SPAN_VALUE, LAST_UPDATED, UPDATED_STATUS_FLG, NEEDS_EVAL_FLG, CHK_SESSION_ID, USERID, ADD_DATE, UPDATE_DATE ) values ( 'TWCORNEL5-DAB99C69B32643149B6489A1159629B8', '2706', 'RATA', '201602150844MA3', 'CAMD-5FAA2DEC1413455FBDB5C148AF7FF02F', NULL, 0, 'QA', 'PASSAPS', NULL, '2016-02-15', 8, 44, '2016-02-15', 13, 47, NULL, NULL, NULL, NULL, NULL, NULL, NULL, '2021-12-08 15:30:27', 'Y', 'N', 'CAMD-WIN81-7AAE428EEC5A47F79CC8749F3DAB1243', 'bvick', '2016-04-25 12:31:26', '2021-12-08 15:30:30' ) on conflict (TEST_SUM_ID) do update set MON_LOC_ID = EXCLUDED.MON_LOC_ID, TEST_TYPE_CD = EXCLUDED.TEST_TYPE_CD, TEST_NUM = EXCLUDED.TEST_NUM, MON_SYS_ID = EXCLUDED.MON_SYS_ID, COMPONENT_ID = EXCLUDED.COMPONENT_ID, GP_IND = EXCLUDED.GP_IND, TEST_REASON_CD = EXCLUDED.TEST_REASON_CD, TEST_RESULT_CD = EXCLUDED.TEST_RESULT_CD, RPT_PERIOD_ID = EXCLUDED.RPT_PERIOD_ID, BEGIN_DATE = EXCLUDED.BEGIN_DATE, BEGIN_HOUR = EXCLUDED.BEGIN_HOUR, BEGIN_MIN = EXCLUDED.BEGIN_MIN, END_DATE = EXCLUDED.END_DATE, END_HOUR = EXCLUDED.END_HOUR, END_MIN = EXCLUDED.END_MIN, SPAN_SCALE_CD = EXCLUDED.SPAN_SCALE_CD, INJECTION_PROTOCOL_CD = EXCLUDED.INJECTION_PROTOCOL_CD, TEST_COMMENT = EXCLUDED.TEST_COMMENT, TEST_DESCRIPTION = EXCLUDED.TEST_DESCRIPTION, CALC_GP_IND = EXCLUDED.CALC_GP_IND, CALC_TEST_RESULT_CD = EXCLUDED.CALC_TEST_RESULT_CD, CALC_SPAN_VALUE = EXCLUDED.CALC_SPAN_VALUE, LAST_UPDATED = EXCLUDED.LAST_UPDATED, UPDATED_STATUS_FLG = EXCLUDED.UPDATED_STATUS_FLG, NEEDS_EVAL_FLG = EXCLUDED.NEEDS_EVAL_FLG, CHK_SESSION_ID = EXCLUDED.CHK_SESSION_ID, USERID = EXCLUDED.USERID, ADD_DATE = EXCLUDED.ADD_DATE, UPDATE_DATE = EXCLUDED.UPDATE_DATE;
/* ORIS:      3    Location: 6A        Test Type: RATA       Test Num: 201602150844MA3       SQL Ord:    3 */ insert into camdecmpswks.PROTOCOL_GAS ( PROTOCOL_GAS_ID, TEST_SUM_ID, GAS_LEVEL_CD, GAS_TYPE_CD, VENDOR_ID, CYLINDER_ID, EXPIRATION_DATE, USERID, ADD_DATE, UPDATE_DATE ) values ( 'TWCORNEL5-0665A8EDE4AD46019A971E566473C37E', 'TWCORNEL5-DAB99C69B32643149B6489A1159629B8', 'LOW', 'ZERO', NULL, NULL, NULL, 'bvick', '2016-04-25 12:31:38', NULL ) on conflict (PROTOCOL_GAS_ID) do update set TEST_SUM_ID = EXCLUDED.TEST_SUM_ID, GAS_LEVEL_CD = EXCLUDED.GAS_LEVEL_CD, GAS_TYPE_CD = EXCLUDED.GAS_TYPE_CD, VENDOR_ID = EXCLUDED.VENDOR_ID, CYLINDER_ID = EXCLUDED.CYLINDER_ID, EXPIRATION_DATE = EXCLUDED.EXPIRATION_DATE, USERID = EXCLUDED.USERID, ADD_DATE = EXCLUDED.ADD_DATE, UPDATE_DATE = EXCLUDED.UPDATE_DATE;
/* ORIS:      3    Location: 6A        Test Type: RATA       Test Num: 201602150844MA3       SQL Ord:    3 */ insert into camdecmpswks.PROTOCOL_GAS ( PROTOCOL_GAS_ID, TEST_SUM_ID, GAS_LEVEL_CD, GAS_TYPE_CD, VENDOR_ID, CYLINDER_ID, EXPIRATION_DATE, USERID, ADD_DATE, UPDATE_DATE ) values ( 'TWCORNEL5-163F2AD8CCF645A5A8210D1B73FE4D47', 'TWCORNEL5-DAB99C69B32643149B6489A1159629B8', 'HIGH', 'NO,BALN', 'B22014', 'CC318700', '2017-02-11', 'bvick', '2016-04-25 12:31:38', NULL ) on conflict (PROTOCOL_GAS_ID) do update set TEST_SUM_ID = EXCLUDED.TEST_SUM_ID, GAS_LEVEL_CD = EXCLUDED.GAS_LEVEL_CD, GAS_TYPE_CD = EXCLUDED.GAS_TYPE_CD, VENDOR_ID = EXCLUDED.VENDOR_ID, CYLINDER_ID = EXCLUDED.CYLINDER_ID, EXPIRATION_DATE = EXCLUDED.EXPIRATION_DATE, USERID = EXCLUDED.USERID, ADD_DATE = EXCLUDED.ADD_DATE, UPDATE_DATE = EXCLUDED.UPDATE_DATE;
/* ORIS:      3    Location: 6A        Test Type: RATA       Test Num: 201602150844MA3       SQL Ord:    3 */ insert into camdecmpswks.PROTOCOL_GAS ( PROTOCOL_GAS_ID, TEST_SUM_ID, GAS_LEVEL_CD, GAS_TYPE_CD, VENDOR_ID, CYLINDER_ID, EXPIRATION_DATE, USERID, ADD_DATE, UPDATE_DATE ) values ( 'TWCORNEL5-1B99454B19F749A9B18EAF922744D72B', 'TWCORNEL5-DAB99C69B32643149B6489A1159629B8', 'MID', 'CO2,BALN', 'B22015', 'CC354586', '2023-05-27', 'bvick', '2016-04-25 12:31:38', NULL ) on conflict (PROTOCOL_GAS_ID) do update set TEST_SUM_ID = EXCLUDED.TEST_SUM_ID, GAS_LEVEL_CD = EXCLUDED.GAS_LEVEL_CD, GAS_TYPE_CD = EXCLUDED.GAS_TYPE_CD, VENDOR_ID = EXCLUDED.VENDOR_ID, CYLINDER_ID = EXCLUDED.CYLINDER_ID, EXPIRATION_DATE = EXCLUDED.EXPIRATION_DATE, USERID = EXCLUDED.USERID, ADD_DATE = EXCLUDED.ADD_DATE, UPDATE_DATE = EXCLUDED.UPDATE_DATE;
/* ORIS:      3    Location: 6A        Test Type: RATA       Test Num: 201602150844MA3       SQL Ord:    3 */ insert into camdecmpswks.PROTOCOL_GAS ( PROTOCOL_GAS_ID, TEST_SUM_ID, GAS_LEVEL_CD, GAS_TYPE_CD, VENDOR_ID, CYLINDER_ID, EXPIRATION_DATE, USERID, ADD_DATE, UPDATE_DATE ) values ( 'TWCORNEL5-53D8894042614031B0082A0AEB47BF30', 'TWCORNEL5-DAB99C69B32643149B6489A1159629B8', 'MID', 'NO,NOX,BALN', 'B22015', 'EB0070813', '2018-08-31', 'bvick', '2016-04-25 12:31:38', NULL ) on conflict (PROTOCOL_GAS_ID) do update set TEST_SUM_ID = EXCLUDED.TEST_SUM_ID, GAS_LEVEL_CD = EXCLUDED.GAS_LEVEL_CD, GAS_TYPE_CD = EXCLUDED.GAS_TYPE_CD, VENDOR_ID = EXCLUDED.VENDOR_ID, CYLINDER_ID = EXCLUDED.CYLINDER_ID, EXPIRATION_DATE = EXCLUDED.EXPIRATION_DATE, USERID = EXCLUDED.USERID, ADD_DATE = EXCLUDED.ADD_DATE, UPDATE_DATE = EXCLUDED.UPDATE_DATE;
/* ORIS:      3    Location: 6A        Test Type: RATA       Test Num: 201602150844MA3       SQL Ord:    3 */ insert into camdecmpswks.PROTOCOL_GAS ( PROTOCOL_GAS_ID, TEST_SUM_ID, GAS_LEVEL_CD, GAS_TYPE_CD, VENDOR_ID, CYLINDER_ID, EXPIRATION_DATE, USERID, ADD_DATE, UPDATE_DATE ) values ( 'TWCORNEL5-DBDD3F4208F14EFAAA924A635F1201ED', 'TWCORNEL5-DAB99C69B32643149B6489A1159629B8', 'HIGH', 'CO2,BALN', 'B22014', 'CC430583', '2022-11-26', 'bvick', '2016-04-25 12:31:38', NULL ) on conflict (PROTOCOL_GAS_ID) do update set TEST_SUM_ID = EXCLUDED.TEST_SUM_ID, GAS_LEVEL_CD = EXCLUDED.GAS_LEVEL_CD, GAS_TYPE_CD = EXCLUDED.GAS_TYPE_CD, VENDOR_ID = EXCLUDED.VENDOR_ID, CYLINDER_ID = EXCLUDED.CYLINDER_ID, EXPIRATION_DATE = EXCLUDED.EXPIRATION_DATE, USERID = EXCLUDED.USERID, ADD_DATE = EXCLUDED.ADD_DATE, UPDATE_DATE = EXCLUDED.UPDATE_DATE;
/* ORIS:      3    Location: 6A        Test Type: RATA       Test Num: 201602150844MA3       SQL Ord:    3 */ insert into camdecmpswks.PROTOCOL_GAS ( PROTOCOL_GAS_ID, TEST_SUM_ID, GAS_LEVEL_CD, GAS_TYPE_CD, VENDOR_ID, CYLINDER_ID, EXPIRATION_DATE, USERID, ADD_DATE, UPDATE_DATE ) values ( 'TWCORNEL5-DE77AD0A2E234A7EB15BFF33915DA2CF', 'TWCORNEL5-DAB99C69B32643149B6489A1159629B8', 'LOW', 'ZERO', NULL, NULL, NULL, 'bvick', '2016-04-25 12:31:38', NULL ) on conflict (PROTOCOL_GAS_ID) do update set TEST_SUM_ID = EXCLUDED.TEST_SUM_ID, GAS_LEVEL_CD = EXCLUDED.GAS_LEVEL_CD, GAS_TYPE_CD = EXCLUDED.GAS_TYPE_CD, VENDOR_ID = EXCLUDED.VENDOR_ID, CYLINDER_ID = EXCLUDED.CYLINDER_ID, EXPIRATION_DATE = EXCLUDED.EXPIRATION_DATE, USERID = EXCLUDED.USERID, ADD_DATE = EXCLUDED.ADD_DATE, UPDATE_DATE = EXCLUDED.UPDATE_DATE;
/* ORIS:      3    Location: 6A        Test Type: RATA       Test Num: 201602150844MA3       SQL Ord:    4 */ insert into camdecmpswks.AIR_EMISSION_TESTING ( AIR_EMISSION_TEST_ID, TEST_SUM_ID, QI_LAST_NAME, QI_FIRST_NAME, QI_MIDDLE_INITIAL, AETB_NAME, AETB_PHONE_NUMBER, AETB_EMAIL, EXAM_DATE, PROVIDER_NAME, PROVIDER_EMAIL, ADD_DATE, UPDATE_DATE, USERID ) values ( 'TWCORNEL5-4BC9860F4741463BA87D268CB86A0A16', 'TWCORNEL5-DAB99C69B32643149B6489A1159629B8', 'Chalk', 'Benjamin', 'A', 'Alabama Power Field Services Air Quality', '251-434-5528', NULL, '2012-08-06', 'Source Evaluation Society', 'qstiprogram@gmail.com', '2021-12-08 15:01:22', '2021-12-08 15:30:27', 'bvick' ) on conflict (AIR_EMISSION_TEST_ID) do update set TEST_SUM_ID = EXCLUDED.TEST_SUM_ID, QI_LAST_NAME = EXCLUDED.QI_LAST_NAME, QI_FIRST_NAME = EXCLUDED.QI_FIRST_NAME, QI_MIDDLE_INITIAL = EXCLUDED.QI_MIDDLE_INITIAL, AETB_NAME = EXCLUDED.AETB_NAME, AETB_PHONE_NUMBER = EXCLUDED.AETB_PHONE_NUMBER, AETB_EMAIL = EXCLUDED.AETB_EMAIL, EXAM_DATE = EXCLUDED.EXAM_DATE, PROVIDER_NAME = EXCLUDED.PROVIDER_NAME, PROVIDER_EMAIL = EXCLUDED.PROVIDER_EMAIL, ADD_DATE = EXCLUDED.ADD_DATE, UPDATE_DATE = EXCLUDED.UPDATE_DATE, USERID = EXCLUDED.USERID;
/* ORIS:      3    Location: 6A        Test Type: RATA       Test Num: 201602150844MA3       SQL Ord:    6 */ insert into camdecmpswks.RATA ( RATA_ID, TEST_SUM_ID, RATA_FREQUENCY_CD, CALC_RATA_FREQUENCY_CD, RELATIVE_ACCURACY, CALC_RELATIVE_ACCURACY, OVERALL_BIAS_ADJ_FACTOR, CALC_OVERALL_BIAS_ADJ_FACTOR, NUM_LOAD_LEVEL, CALC_NUM_LOAD_LEVEL, USERID, ADD_DATE, UPDATE_DATE ) values ( 'TWCORNEL5-B30F73F3662444D98DBC789B902F1810', 'TWCORNEL5-DAB99C69B32643149B6489A1159629B8', '4QTRS', '4QTRS', 14.29, 14.29, 1.000, 1.000, 1, 1, 'bvick', '2016-04-25 12:31:26', '2021-12-08 15:30:30' ) on conflict (RATA_ID) do update set TEST_SUM_ID = EXCLUDED.TEST_SUM_ID, RATA_FREQUENCY_CD = EXCLUDED.RATA_FREQUENCY_CD, CALC_RATA_FREQUENCY_CD = EXCLUDED.CALC_RATA_FREQUENCY_CD, RELATIVE_ACCURACY = EXCLUDED.RELATIVE_ACCURACY, CALC_RELATIVE_ACCURACY = EXCLUDED.CALC_RELATIVE_ACCURACY, OVERALL_BIAS_ADJ_FACTOR = EXCLUDED.OVERALL_BIAS_ADJ_FACTOR, CALC_OVERALL_BIAS_ADJ_FACTOR = EXCLUDED.CALC_OVERALL_BIAS_ADJ_FACTOR, NUM_LOAD_LEVEL = EXCLUDED.NUM_LOAD_LEVEL, CALC_NUM_LOAD_LEVEL = EXCLUDED.CALC_NUM_LOAD_LEVEL, USERID = EXCLUDED.USERID, ADD_DATE = EXCLUDED.ADD_DATE, UPDATE_DATE = EXCLUDED.UPDATE_DATE;
/* ORIS:      3    Location: 6A        Test Type: RATA       Test Num: 201602150844MA3       SQL Ord:    7 */ insert into camdecmpswks.RATA_SUMMARY ( RATA_SUM_ID, RATA_ID, RELATIVE_ACCURACY, CALC_RELATIVE_ACCURACY, BIAS_ADJ_FACTOR, CALC_BIAS_ADJ_FACTOR, MEAN_CEM_VALUE, CALC_MEAN_CEM_VALUE, MEAN_RATA_REF_VALUE, CALC_MEAN_RATA_REF_VALUE, OP_LEVEL_CD, MEAN_DIFF, CALC_MEAN_DIFF, DEFAULT_WAF, AVG_GROSS_UNIT_LOAD, CALC_AVG_GROSS_UNIT_LOAD, APS_IND, CALC_APS_IND, STND_DEV_DIFF, CALC_STND_DEV_DIFF, CONFIDENCE_COEF, CALC_CONFIDENCE_COEF, CO2_O2_REF_METHOD_CD, REF_METHOD_CD, T_VALUE, CALC_T_VALUE, STACK_DIAMETER, STACK_AREA, CALC_STACK_AREA, CALC_WAF, CALC_CALC_WAF, NUM_TRAVERSE_POINT, USERID, ADD_DATE, UPDATE_DATE, APS_CD ) values ( 'TWCORNEL5-01FCB6DB44F84627886E0628EBCCC056', 'TWCORNEL5-B30F73F3662444D98DBC789B902F1810', 14.29, 14.29, 1.000, 1.000, 0.00800, 0.00800, 0.00700, 0.00700, 'H', -0.00100, -0.00100, NULL, 262, 262, 1, 1, 0.00000, 0.00000, 0.00000, 0.00000, NULL, '7E,3A', 2.306, 2.306, NULL, NULL, NULL, NULL, NULL, NULL, 'bvick', '2016-04-25 12:31:28', '2021-12-08 15:30:30', NULL ) on conflict (RATA_SUM_ID) do update set RATA_ID = EXCLUDED.RATA_ID, RELATIVE_ACCURACY = EXCLUDED.RELATIVE_ACCURACY, CALC_RELATIVE_ACCURACY = EXCLUDED.CALC_RELATIVE_ACCURACY, BIAS_ADJ_FACTOR = EXCLUDED.BIAS_ADJ_FACTOR, CALC_BIAS_ADJ_FACTOR = EXCLUDED.CALC_BIAS_ADJ_FACTOR, MEAN_CEM_VALUE = EXCLUDED.MEAN_CEM_VALUE, CALC_MEAN_CEM_VALUE = EXCLUDED.CALC_MEAN_CEM_VALUE, MEAN_RATA_REF_VALUE = EXCLUDED.MEAN_RATA_REF_VALUE, CALC_MEAN_RATA_REF_VALUE = EXCLUDED.CALC_MEAN_RATA_REF_VALUE, OP_LEVEL_CD = EXCLUDED.OP_LEVEL_CD, MEAN_DIFF = EXCLUDED.MEAN_DIFF, CALC_MEAN_DIFF = EXCLUDED.CALC_MEAN_DIFF, DEFAULT_WAF = EXCLUDED.DEFAULT_WAF, AVG_GROSS_UNIT_LOAD = EXCLUDED.AVG_GROSS_UNIT_LOAD, CALC_AVG_GROSS_UNIT_LOAD = EXCLUDED.CALC_AVG_GROSS_UNIT_LOAD, APS_IND = EXCLUDED.APS_IND, CALC_APS_IND = EXCLUDED.CALC_APS_IND, STND_DEV_DIFF = EXCLUDED.STND_DEV_DIFF, CALC_STND_DEV_DIFF = EXCLUDED.CALC_STND_DEV_DIFF, CONFIDENCE_COEF = EXCLUDED.CONFIDENCE_COEF, CALC_CONFIDENCE_COEF = EXCLUDED.CALC_CONFIDENCE_COEF, CO2_O2_REF_METHOD_CD = EXCLUDED.CO2_O2_REF_METHOD_CD, REF_METHOD_CD = EXCLUDED.REF_METHOD_CD, T_VALUE = EXCLUDED.T_VALUE, CALC_T_VALUE = EXCLUDED.CALC_T_VALUE, STACK_DIAMETER = EXCLUDED.STACK_DIAMETER, STACK_AREA = EXCLUDED.STACK_AREA, CALC_STACK_AREA = EXCLUDED.CALC_STACK_AREA, CALC_WAF = EXCLUDED.CALC_WAF, CALC_CALC_WAF = EXCLUDED.CALC_CALC_WAF, NUM_TRAVERSE_POINT = EXCLUDED.NUM_TRAVERSE_POINT, APS_CD = EXCLUDED.APS_CD, USERID = EXCLUDED.USERID, ADD_DATE = EXCLUDED.ADD_DATE, UPDATE_DATE = EXCLUDED.UPDATE_DATE;
/* ORIS:      3    Location: 6A        Test Type: RATA       Test Num: 201602150844MA3       SQL Ord:    8 */ insert into camdecmpswks.RATA_RUN ( RATA_RUN_ID, RATA_SUM_ID, GROSS_UNIT_LOAD, RUN_NUM, CEM_VALUE, RATA_REF_VALUE, CALC_RATA_REF_VALUE, RUN_STATUS_CD, BEGIN_DATE, BEGIN_HOUR, BEGIN_MIN, END_DATE, END_HOUR, END_MIN, USERID, ADD_DATE, UPDATE_DATE ) values ( 'TWCORNEL5-03417495D57E48C48E3D95FFB1A94B3C', 'TWCORNEL5-01FCB6DB44F84627886E0628EBCCC056', 262, 5, 0.00800, 0.00700, NULL, 'RUNUSED', '2016-02-15', 11, 21, '2016-02-15', 11, 42, 'bvick', '2016-04-25 12:31:32', NULL ) on conflict (RATA_RUN_ID) do update set RATA_SUM_ID = EXCLUDED.RATA_SUM_ID, GROSS_UNIT_LOAD = EXCLUDED.GROSS_UNIT_LOAD, RUN_NUM = EXCLUDED.RUN_NUM, CEM_VALUE = EXCLUDED.CEM_VALUE, RATA_REF_VALUE = EXCLUDED.RATA_REF_VALUE, CALC_RATA_REF_VALUE = EXCLUDED.CALC_RATA_REF_VALUE, RUN_STATUS_CD = EXCLUDED.RUN_STATUS_CD, BEGIN_DATE = EXCLUDED.BEGIN_DATE, BEGIN_HOUR = EXCLUDED.BEGIN_HOUR, BEGIN_MIN = EXCLUDED.BEGIN_MIN, END_DATE = EXCLUDED.END_DATE, END_HOUR = EXCLUDED.END_HOUR, END_MIN = EXCLUDED.END_MIN, USERID = EXCLUDED.USERID, ADD_DATE = EXCLUDED.ADD_DATE, UPDATE_DATE = EXCLUDED.UPDATE_DATE;
/* ORIS:      3    Location: 6A        Test Type: RATA       Test Num: 201602150844MA3       SQL Ord:    8 */ insert into camdecmpswks.RATA_RUN ( RATA_RUN_ID, RATA_SUM_ID, GROSS_UNIT_LOAD, RUN_NUM, CEM_VALUE, RATA_REF_VALUE, CALC_RATA_REF_VALUE, RUN_STATUS_CD, BEGIN_DATE, BEGIN_HOUR, BEGIN_MIN, END_DATE, END_HOUR, END_MIN, USERID, ADD_DATE, UPDATE_DATE ) values ( 'TWCORNEL5-06E1555142434BAFBF6847F5215289E6', 'TWCORNEL5-01FCB6DB44F84627886E0628EBCCC056', 262, 8, 0.00800, 0.00700, NULL, 'RUNUSED', '2016-02-15', 12, 55, '2016-02-15', 13, 16, 'bvick', '2016-04-25 12:31:32', NULL ) on conflict (RATA_RUN_ID) do update set RATA_SUM_ID = EXCLUDED.RATA_SUM_ID, GROSS_UNIT_LOAD = EXCLUDED.GROSS_UNIT_LOAD, RUN_NUM = EXCLUDED.RUN_NUM, CEM_VALUE = EXCLUDED.CEM_VALUE, RATA_REF_VALUE = EXCLUDED.RATA_REF_VALUE, CALC_RATA_REF_VALUE = EXCLUDED.CALC_RATA_REF_VALUE, RUN_STATUS_CD = EXCLUDED.RUN_STATUS_CD, BEGIN_DATE = EXCLUDED.BEGIN_DATE, BEGIN_HOUR = EXCLUDED.BEGIN_HOUR, BEGIN_MIN = EXCLUDED.BEGIN_MIN, END_DATE = EXCLUDED.END_DATE, END_HOUR = EXCLUDED.END_HOUR, END_MIN = EXCLUDED.END_MIN, USERID = EXCLUDED.USERID, ADD_DATE = EXCLUDED.ADD_DATE, UPDATE_DATE = EXCLUDED.UPDATE_DATE;
/* ORIS:      3    Location: 6A        Test Type: RATA       Test Num: 201602150844MA3       SQL Ord:    8 */ insert into camdecmpswks.RATA_RUN ( RATA_RUN_ID, RATA_SUM_ID, GROSS_UNIT_LOAD, RUN_NUM, CEM_VALUE, RATA_REF_VALUE, CALC_RATA_REF_VALUE, RUN_STATUS_CD, BEGIN_DATE, BEGIN_HOUR, BEGIN_MIN, END_DATE, END_HOUR, END_MIN, USERID, ADD_DATE, UPDATE_DATE ) values ( 'TWCORNEL5-285B40A48B23422883EFDECB97D26E62', 'TWCORNEL5-01FCB6DB44F84627886E0628EBCCC056', 262, 9, 0.00800, 0.00700, NULL, 'RUNUSED', '2016-02-15', 13, 26, '2016-02-15', 13, 47, 'bvick', '2016-04-25 12:31:32', NULL ) on conflict (RATA_RUN_ID) do update set RATA_SUM_ID = EXCLUDED.RATA_SUM_ID, GROSS_UNIT_LOAD = EXCLUDED.GROSS_UNIT_LOAD, RUN_NUM = EXCLUDED.RUN_NUM, CEM_VALUE = EXCLUDED.CEM_VALUE, RATA_REF_VALUE = EXCLUDED.RATA_REF_VALUE, CALC_RATA_REF_VALUE = EXCLUDED.CALC_RATA_REF_VALUE, RUN_STATUS_CD = EXCLUDED.RUN_STATUS_CD, BEGIN_DATE = EXCLUDED.BEGIN_DATE, BEGIN_HOUR = EXCLUDED.BEGIN_HOUR, BEGIN_MIN = EXCLUDED.BEGIN_MIN, END_DATE = EXCLUDED.END_DATE, END_HOUR = EXCLUDED.END_HOUR, END_MIN = EXCLUDED.END_MIN, USERID = EXCLUDED.USERID, ADD_DATE = EXCLUDED.ADD_DATE, UPDATE_DATE = EXCLUDED.UPDATE_DATE;
/* ORIS:      3    Location: 6A        Test Type: RATA       Test Num: 201602150844MA3       SQL Ord:    8 */ insert into camdecmpswks.RATA_RUN ( RATA_RUN_ID, RATA_SUM_ID, GROSS_UNIT_LOAD, RUN_NUM, CEM_VALUE, RATA_REF_VALUE, CALC_RATA_REF_VALUE, RUN_STATUS_CD, BEGIN_DATE, BEGIN_HOUR, BEGIN_MIN, END_DATE, END_HOUR, END_MIN, USERID, ADD_DATE, UPDATE_DATE ) values ( 'TWCORNEL5-332934BFFF924427922E5C767B9685FD', 'TWCORNEL5-01FCB6DB44F84627886E0628EBCCC056', 262, 7, 0.00800, 0.00700, NULL, 'RUNUSED', '2016-02-15', 12, 24, '2016-02-15', 12, 45, 'bvick', '2016-04-25 12:31:32', NULL ) on conflict (RATA_RUN_ID) do update set RATA_SUM_ID = EXCLUDED.RATA_SUM_ID, GROSS_UNIT_LOAD = EXCLUDED.GROSS_UNIT_LOAD, RUN_NUM = EXCLUDED.RUN_NUM, CEM_VALUE = EXCLUDED.CEM_VALUE, RATA_REF_VALUE = EXCLUDED.RATA_REF_VALUE, CALC_RATA_REF_VALUE = EXCLUDED.CALC_RATA_REF_VALUE, RUN_STATUS_CD = EXCLUDED.RUN_STATUS_CD, BEGIN_DATE = EXCLUDED.BEGIN_DATE, BEGIN_HOUR = EXCLUDED.BEGIN_HOUR, BEGIN_MIN = EXCLUDED.BEGIN_MIN, END_DATE = EXCLUDED.END_DATE, END_HOUR = EXCLUDED.END_HOUR, END_MIN = EXCLUDED.END_MIN, USERID = EXCLUDED.USERID, ADD_DATE = EXCLUDED.ADD_DATE, UPDATE_DATE = EXCLUDED.UPDATE_DATE;
/* ORIS:      3    Location: 6A        Test Type: RATA       Test Num: 201602150844MA3       SQL Ord:    8 */ insert into camdecmpswks.RATA_RUN ( RATA_RUN_ID, RATA_SUM_ID, GROSS_UNIT_LOAD, RUN_NUM, CEM_VALUE, RATA_REF_VALUE, CALC_RATA_REF_VALUE, RUN_STATUS_CD, BEGIN_DATE, BEGIN_HOUR, BEGIN_MIN, END_DATE, END_HOUR, END_MIN, USERID, ADD_DATE, UPDATE_DATE ) values ( 'TWCORNEL5-520A8BC27E034FEAA15DCB25D4392CD6', 'TWCORNEL5-01FCB6DB44F84627886E0628EBCCC056', 263, 2, 0.00800, 0.00700, NULL, 'RUNUSED', '2016-02-15', 9, 15, '2016-02-15', 9, 36, 'bvick', '2016-04-25 12:31:32', NULL ) on conflict (RATA_RUN_ID) do update set RATA_SUM_ID = EXCLUDED.RATA_SUM_ID, GROSS_UNIT_LOAD = EXCLUDED.GROSS_UNIT_LOAD, RUN_NUM = EXCLUDED.RUN_NUM, CEM_VALUE = EXCLUDED.CEM_VALUE, RATA_REF_VALUE = EXCLUDED.RATA_REF_VALUE, CALC_RATA_REF_VALUE = EXCLUDED.CALC_RATA_REF_VALUE, RUN_STATUS_CD = EXCLUDED.RUN_STATUS_CD, BEGIN_DATE = EXCLUDED.BEGIN_DATE, BEGIN_HOUR = EXCLUDED.BEGIN_HOUR, BEGIN_MIN = EXCLUDED.BEGIN_MIN, END_DATE = EXCLUDED.END_DATE, END_HOUR = EXCLUDED.END_HOUR, END_MIN = EXCLUDED.END_MIN, USERID = EXCLUDED.USERID, ADD_DATE = EXCLUDED.ADD_DATE, UPDATE_DATE = EXCLUDED.UPDATE_DATE;
/* ORIS:      3    Location: 6A        Test Type: RATA       Test Num: 201602150844MA3       SQL Ord:    8 */ insert into camdecmpswks.RATA_RUN ( RATA_RUN_ID, RATA_SUM_ID, GROSS_UNIT_LOAD, RUN_NUM, CEM_VALUE, RATA_REF_VALUE, CALC_RATA_REF_VALUE, RUN_STATUS_CD, BEGIN_DATE, BEGIN_HOUR, BEGIN_MIN, END_DATE, END_HOUR, END_MIN, USERID, ADD_DATE, UPDATE_DATE ) values ( 'TWCORNEL5-9273BC16242A42069955045A7ED1AFC6', 'TWCORNEL5-01FCB6DB44F84627886E0628EBCCC056', 262, 6, 0.00800, 0.00700, NULL, 'RUNUSED', '2016-02-15', 11, 52, '2016-02-15', 12, 13, 'bvick', '2016-04-25 12:31:32', NULL ) on conflict (RATA_RUN_ID) do update set RATA_SUM_ID = EXCLUDED.RATA_SUM_ID, GROSS_UNIT_LOAD = EXCLUDED.GROSS_UNIT_LOAD, RUN_NUM = EXCLUDED.RUN_NUM, CEM_VALUE = EXCLUDED.CEM_VALUE, RATA_REF_VALUE = EXCLUDED.RATA_REF_VALUE, CALC_RATA_REF_VALUE = EXCLUDED.CALC_RATA_REF_VALUE, RUN_STATUS_CD = EXCLUDED.RUN_STATUS_CD, BEGIN_DATE = EXCLUDED.BEGIN_DATE, BEGIN_HOUR = EXCLUDED.BEGIN_HOUR, BEGIN_MIN = EXCLUDED.BEGIN_MIN, END_DATE = EXCLUDED.END_DATE, END_HOUR = EXCLUDED.END_HOUR, END_MIN = EXCLUDED.END_MIN, USERID = EXCLUDED.USERID, ADD_DATE = EXCLUDED.ADD_DATE, UPDATE_DATE = EXCLUDED.UPDATE_DATE;
/* ORIS:      3    Location: 6A        Test Type: RATA       Test Num: 201602150844MA3       SQL Ord:    8 */ insert into camdecmpswks.RATA_RUN ( RATA_RUN_ID, RATA_SUM_ID, GROSS_UNIT_LOAD, RUN_NUM, CEM_VALUE, RATA_REF_VALUE, CALC_RATA_REF_VALUE, RUN_STATUS_CD, BEGIN_DATE, BEGIN_HOUR, BEGIN_MIN, END_DATE, END_HOUR, END_MIN, USERID, ADD_DATE, UPDATE_DATE ) values ( 'TWCORNEL5-BDD836131E554C01833F6480ED7C0C48', 'TWCORNEL5-01FCB6DB44F84627886E0628EBCCC056', 262, 3, 0.00800, 0.00700, NULL, 'RUNUSED', '2016-02-15', 9, 47, '2016-02-15', 10, 8, 'bvick', '2016-04-25 12:31:32', NULL ) on conflict (RATA_RUN_ID) do update set RATA_SUM_ID = EXCLUDED.RATA_SUM_ID, GROSS_UNIT_LOAD = EXCLUDED.GROSS_UNIT_LOAD, RUN_NUM = EXCLUDED.RUN_NUM, CEM_VALUE = EXCLUDED.CEM_VALUE, RATA_REF_VALUE = EXCLUDED.RATA_REF_VALUE, CALC_RATA_REF_VALUE = EXCLUDED.CALC_RATA_REF_VALUE, RUN_STATUS_CD = EXCLUDED.RUN_STATUS_CD, BEGIN_DATE = EXCLUDED.BEGIN_DATE, BEGIN_HOUR = EXCLUDED.BEGIN_HOUR, BEGIN_MIN = EXCLUDED.BEGIN_MIN, END_DATE = EXCLUDED.END_DATE, END_HOUR = EXCLUDED.END_HOUR, END_MIN = EXCLUDED.END_MIN, USERID = EXCLUDED.USERID, ADD_DATE = EXCLUDED.ADD_DATE, UPDATE_DATE = EXCLUDED.UPDATE_DATE;
/* ORIS:      3    Location: 6A        Test Type: RATA       Test Num: 201602150844MA3       SQL Ord:    8 */ insert into camdecmpswks.RATA_RUN ( RATA_RUN_ID, RATA_SUM_ID, GROSS_UNIT_LOAD, RUN_NUM, CEM_VALUE, RATA_REF_VALUE, CALC_RATA_REF_VALUE, RUN_STATUS_CD, BEGIN_DATE, BEGIN_HOUR, BEGIN_MIN, END_DATE, END_HOUR, END_MIN, USERID, ADD_DATE, UPDATE_DATE ) values ( 'TWCORNEL5-C809EBDDBB7D40B9A0687A0AC0BC9DB0', 'TWCORNEL5-01FCB6DB44F84627886E0628EBCCC056', 265, 1, 0.00800, 0.00700, NULL, 'RUNUSED', '2016-02-15', 8, 44, '2016-02-15', 9, 5, 'bvick', '2016-04-25 12:31:32', NULL ) on conflict (RATA_RUN_ID) do update set RATA_SUM_ID = EXCLUDED.RATA_SUM_ID, GROSS_UNIT_LOAD = EXCLUDED.GROSS_UNIT_LOAD, RUN_NUM = EXCLUDED.RUN_NUM, CEM_VALUE = EXCLUDED.CEM_VALUE, RATA_REF_VALUE = EXCLUDED.RATA_REF_VALUE, CALC_RATA_REF_VALUE = EXCLUDED.CALC_RATA_REF_VALUE, RUN_STATUS_CD = EXCLUDED.RUN_STATUS_CD, BEGIN_DATE = EXCLUDED.BEGIN_DATE, BEGIN_HOUR = EXCLUDED.BEGIN_HOUR, BEGIN_MIN = EXCLUDED.BEGIN_MIN, END_DATE = EXCLUDED.END_DATE, END_HOUR = EXCLUDED.END_HOUR, END_MIN = EXCLUDED.END_MIN, USERID = EXCLUDED.USERID, ADD_DATE = EXCLUDED.ADD_DATE, UPDATE_DATE = EXCLUDED.UPDATE_DATE;
/* ORIS:      3    Location: 6A        Test Type: RATA       Test Num: 201602150844MA3       SQL Ord:    8 */ insert into camdecmpswks.RATA_RUN ( RATA_RUN_ID, RATA_SUM_ID, GROSS_UNIT_LOAD, RUN_NUM, CEM_VALUE, RATA_REF_VALUE, CALC_RATA_REF_VALUE, RUN_STATUS_CD, BEGIN_DATE, BEGIN_HOUR, BEGIN_MIN, END_DATE, END_HOUR, END_MIN, USERID, ADD_DATE, UPDATE_DATE ) values ( 'TWCORNEL5-C8F13F0E04CF49E1B23E672A37305E20', 'TWCORNEL5-01FCB6DB44F84627886E0628EBCCC056', 262, 4, 0.00800, 0.00700, NULL, 'RUNUSED', '2016-02-15', 10, 18, '2016-02-15', 10, 39, 'bvick', '2016-04-25 12:31:32', NULL ) on conflict (RATA_RUN_ID) do update set RATA_SUM_ID = EXCLUDED.RATA_SUM_ID, GROSS_UNIT_LOAD = EXCLUDED.GROSS_UNIT_LOAD, RUN_NUM = EXCLUDED.RUN_NUM, CEM_VALUE = EXCLUDED.CEM_VALUE, RATA_REF_VALUE = EXCLUDED.RATA_REF_VALUE, CALC_RATA_REF_VALUE = EXCLUDED.CALC_RATA_REF_VALUE, RUN_STATUS_CD = EXCLUDED.RUN_STATUS_CD, BEGIN_DATE = EXCLUDED.BEGIN_DATE, BEGIN_HOUR = EXCLUDED.BEGIN_HOUR, BEGIN_MIN = EXCLUDED.BEGIN_MIN, END_DATE = EXCLUDED.END_DATE, END_HOUR = EXCLUDED.END_HOUR, END_MIN = EXCLUDED.END_MIN, USERID = EXCLUDED.USERID, ADD_DATE = EXCLUDED.ADD_DATE, UPDATE_DATE = EXCLUDED.UPDATE_DATE;
/* ORIS:      3    Location: 6A        Test Type: RATA       Test Num: 201703281312MA3       SQL Ord:    1 */ delete from camdecmpswks.TEST_SUMMARY where TEST_SUM_ID = 'TWCORNEL5-40EE1436487A491386C9DEF9D97BF0C9';
/* ORIS:      3    Location: 6A        Test Type: RATA       Test Num: 201703281312MA3       SQL Ord:    2 */ insert into camdecmpswks.TEST_SUMMARY ( TEST_SUM_ID, MON_LOC_ID, TEST_TYPE_CD, TEST_NUM, MON_SYS_ID, COMPONENT_ID, GP_IND, TEST_REASON_CD, TEST_RESULT_CD, RPT_PERIOD_ID, BEGIN_DATE, BEGIN_HOUR, BEGIN_MIN, END_DATE, END_HOUR, END_MIN, SPAN_SCALE_CD, INJECTION_PROTOCOL_CD, TEST_COMMENT, TEST_DESCRIPTION, CALC_GP_IND, CALC_TEST_RESULT_CD, CALC_SPAN_VALUE, LAST_UPDATED, UPDATED_STATUS_FLG, NEEDS_EVAL_FLG, CHK_SESSION_ID, USERID, ADD_DATE, UPDATE_DATE ) values ( 'TWCORNEL5-40EE1436487A491386C9DEF9D97BF0C9', '2706', 'RATA', '201703281312MA3', 'CAMD-5FAA2DEC1413455FBDB5C148AF7FF02F', NULL, 0, 'RECERT', 'PASSED', NULL, '2017-03-28', 13, 12, '2017-03-28', 17, 48, NULL, NULL, NULL, NULL, NULL, 'PASSED', NULL, '2021-12-08 15:09:17', 'Y', 'N', 'CAMD-WIN81-2189054AC4724A4FA22802AA9F82CF96', 'bvick', '2017-04-25 10:32:48', '2021-12-08 15:09:21' ) on conflict (TEST_SUM_ID) do update set MON_LOC_ID = EXCLUDED.MON_LOC_ID, TEST_TYPE_CD = EXCLUDED.TEST_TYPE_CD, TEST_NUM = EXCLUDED.TEST_NUM, MON_SYS_ID = EXCLUDED.MON_SYS_ID, COMPONENT_ID = EXCLUDED.COMPONENT_ID, GP_IND = EXCLUDED.GP_IND, TEST_REASON_CD = EXCLUDED.TEST_REASON_CD, TEST_RESULT_CD = EXCLUDED.TEST_RESULT_CD, RPT_PERIOD_ID = EXCLUDED.RPT_PERIOD_ID, BEGIN_DATE = EXCLUDED.BEGIN_DATE, BEGIN_HOUR = EXCLUDED.BEGIN_HOUR, BEGIN_MIN = EXCLUDED.BEGIN_MIN, END_DATE = EXCLUDED.END_DATE, END_HOUR = EXCLUDED.END_HOUR, END_MIN = EXCLUDED.END_MIN, SPAN_SCALE_CD = EXCLUDED.SPAN_SCALE_CD, INJECTION_PROTOCOL_CD = EXCLUDED.INJECTION_PROTOCOL_CD, TEST_COMMENT = EXCLUDED.TEST_COMMENT, TEST_DESCRIPTION = EXCLUDED.TEST_DESCRIPTION, CALC_GP_IND = EXCLUDED.CALC_GP_IND, CALC_TEST_RESULT_CD = EXCLUDED.CALC_TEST_RESULT_CD, CALC_SPAN_VALUE = EXCLUDED.CALC_SPAN_VALUE, LAST_UPDATED = EXCLUDED.LAST_UPDATED, UPDATED_STATUS_FLG = EXCLUDED.UPDATED_STATUS_FLG, NEEDS_EVAL_FLG = EXCLUDED.NEEDS_EVAL_FLG, CHK_SESSION_ID = EXCLUDED.CHK_SESSION_ID, USERID = EXCLUDED.USERID, ADD_DATE = EXCLUDED.ADD_DATE, UPDATE_DATE = EXCLUDED.UPDATE_DATE;
/* ORIS:      3    Location: 6A        Test Type: RATA       Test Num: 201703281312MA3       SQL Ord:    3 */ insert into camdecmpswks.PROTOCOL_GAS ( PROTOCOL_GAS_ID, TEST_SUM_ID, GAS_LEVEL_CD, GAS_TYPE_CD, VENDOR_ID, CYLINDER_ID, EXPIRATION_DATE, USERID, ADD_DATE, UPDATE_DATE ) values ( 'TWCORNEL5-0E3E576FFE2F42BFAE28604A8494AEC6', 'TWCORNEL5-40EE1436487A491386C9DEF9D97BF0C9', 'MID', 'NO,NOX,BALN', 'B22015', 'EB0070813', '2018-08-31', 'bvick', '2017-04-25 10:33:01', NULL ) on conflict (PROTOCOL_GAS_ID) do update set TEST_SUM_ID = EXCLUDED.TEST_SUM_ID, GAS_LEVEL_CD = EXCLUDED.GAS_LEVEL_CD, GAS_TYPE_CD = EXCLUDED.GAS_TYPE_CD, VENDOR_ID = EXCLUDED.VENDOR_ID, CYLINDER_ID = EXCLUDED.CYLINDER_ID, EXPIRATION_DATE = EXCLUDED.EXPIRATION_DATE, USERID = EXCLUDED.USERID, ADD_DATE = EXCLUDED.ADD_DATE, UPDATE_DATE = EXCLUDED.UPDATE_DATE;
/* ORIS:      3    Location: 6A        Test Type: RATA       Test Num: 201703281312MA3       SQL Ord:    3 */ insert into camdecmpswks.PROTOCOL_GAS ( PROTOCOL_GAS_ID, TEST_SUM_ID, GAS_LEVEL_CD, GAS_TYPE_CD, VENDOR_ID, CYLINDER_ID, EXPIRATION_DATE, USERID, ADD_DATE, UPDATE_DATE ) values ( 'TWCORNEL5-1E4ED7C596C140198B4A3A108B1542B6', 'TWCORNEL5-40EE1436487A491386C9DEF9D97BF0C9', 'HIGH', 'CO2,BALN', 'B22016', 'SG9150979BAL', '2024-09-27', 'bvick', '2017-04-25 10:33:01', NULL ) on conflict (PROTOCOL_GAS_ID) do update set TEST_SUM_ID = EXCLUDED.TEST_SUM_ID, GAS_LEVEL_CD = EXCLUDED.GAS_LEVEL_CD, GAS_TYPE_CD = EXCLUDED.GAS_TYPE_CD, VENDOR_ID = EXCLUDED.VENDOR_ID, CYLINDER_ID = EXCLUDED.CYLINDER_ID, EXPIRATION_DATE = EXCLUDED.EXPIRATION_DATE, USERID = EXCLUDED.USERID, ADD_DATE = EXCLUDED.ADD_DATE, UPDATE_DATE = EXCLUDED.UPDATE_DATE;
/* ORIS:      3    Location: 6A        Test Type: RATA       Test Num: 201703281312MA3       SQL Ord:    3 */ insert into camdecmpswks.PROTOCOL_GAS ( PROTOCOL_GAS_ID, TEST_SUM_ID, GAS_LEVEL_CD, GAS_TYPE_CD, VENDOR_ID, CYLINDER_ID, EXPIRATION_DATE, USERID, ADD_DATE, UPDATE_DATE ) values ( 'TWCORNEL5-4043B9B4FAA34C0B9464144BAA4D1E04', 'TWCORNEL5-40EE1436487A491386C9DEF9D97BF0C9', 'LOW', 'ZERO', NULL, NULL, NULL, 'bvick', '2017-04-25 10:33:01', NULL ) on conflict (PROTOCOL_GAS_ID) do update set TEST_SUM_ID = EXCLUDED.TEST_SUM_ID, GAS_LEVEL_CD = EXCLUDED.GAS_LEVEL_CD, GAS_TYPE_CD = EXCLUDED.GAS_TYPE_CD, VENDOR_ID = EXCLUDED.VENDOR_ID, CYLINDER_ID = EXCLUDED.CYLINDER_ID, EXPIRATION_DATE = EXCLUDED.EXPIRATION_DATE, USERID = EXCLUDED.USERID, ADD_DATE = EXCLUDED.ADD_DATE, UPDATE_DATE = EXCLUDED.UPDATE_DATE;
/* ORIS:      3    Location: 6A        Test Type: RATA       Test Num: 201703281312MA3       SQL Ord:    3 */ insert into camdecmpswks.PROTOCOL_GAS ( PROTOCOL_GAS_ID, TEST_SUM_ID, GAS_LEVEL_CD, GAS_TYPE_CD, VENDOR_ID, CYLINDER_ID, EXPIRATION_DATE, USERID, ADD_DATE, UPDATE_DATE ) values ( 'TWCORNEL5-697F5ECEC30340B7B0ADFB9B17B877D2', 'TWCORNEL5-40EE1436487A491386C9DEF9D97BF0C9', 'MID', 'CO2,BALN', 'B22016', 'CC138036', '2024-06-24', 'bvick', '2017-04-25 10:33:01', NULL ) on conflict (PROTOCOL_GAS_ID) do update set TEST_SUM_ID = EXCLUDED.TEST_SUM_ID, GAS_LEVEL_CD = EXCLUDED.GAS_LEVEL_CD, GAS_TYPE_CD = EXCLUDED.GAS_TYPE_CD, VENDOR_ID = EXCLUDED.VENDOR_ID, CYLINDER_ID = EXCLUDED.CYLINDER_ID, EXPIRATION_DATE = EXCLUDED.EXPIRATION_DATE, USERID = EXCLUDED.USERID, ADD_DATE = EXCLUDED.ADD_DATE, UPDATE_DATE = EXCLUDED.UPDATE_DATE;
/* ORIS:      3    Location: 6A        Test Type: RATA       Test Num: 201703281312MA3       SQL Ord:    3 */ insert into camdecmpswks.PROTOCOL_GAS ( PROTOCOL_GAS_ID, TEST_SUM_ID, GAS_LEVEL_CD, GAS_TYPE_CD, VENDOR_ID, CYLINDER_ID, EXPIRATION_DATE, USERID, ADD_DATE, UPDATE_DATE ) values ( 'TWCORNEL5-7A99CC04DC8C4F05984443BAA786C483', 'TWCORNEL5-40EE1436487A491386C9DEF9D97BF0C9', 'LOW', 'ZERO', NULL, NULL, NULL, 'bvick', '2017-04-25 10:33:01', NULL ) on conflict (PROTOCOL_GAS_ID) do update set TEST_SUM_ID = EXCLUDED.TEST_SUM_ID, GAS_LEVEL_CD = EXCLUDED.GAS_LEVEL_CD, GAS_TYPE_CD = EXCLUDED.GAS_TYPE_CD, VENDOR_ID = EXCLUDED.VENDOR_ID, CYLINDER_ID = EXCLUDED.CYLINDER_ID, EXPIRATION_DATE = EXCLUDED.EXPIRATION_DATE, USERID = EXCLUDED.USERID, ADD_DATE = EXCLUDED.ADD_DATE, UPDATE_DATE = EXCLUDED.UPDATE_DATE;
/* ORIS:      3    Location: 6A        Test Type: RATA       Test Num: 201703281312MA3       SQL Ord:    3 */ insert into camdecmpswks.PROTOCOL_GAS ( PROTOCOL_GAS_ID, TEST_SUM_ID, GAS_LEVEL_CD, GAS_TYPE_CD, VENDOR_ID, CYLINDER_ID, EXPIRATION_DATE, USERID, ADD_DATE, UPDATE_DATE ) values ( 'TWCORNEL5-BC4F5F18B3D24869B70300F1EC947384', 'TWCORNEL5-40EE1436487A491386C9DEF9D97BF0C9', 'HIGH', 'NO,NOX,BALN', 'B22015', 'CC466853', '2018-04-27', 'bvick', '2017-04-25 10:33:01', NULL ) on conflict (PROTOCOL_GAS_ID) do update set TEST_SUM_ID = EXCLUDED.TEST_SUM_ID, GAS_LEVEL_CD = EXCLUDED.GAS_LEVEL_CD, GAS_TYPE_CD = EXCLUDED.GAS_TYPE_CD, VENDOR_ID = EXCLUDED.VENDOR_ID, CYLINDER_ID = EXCLUDED.CYLINDER_ID, EXPIRATION_DATE = EXCLUDED.EXPIRATION_DATE, USERID = EXCLUDED.USERID, ADD_DATE = EXCLUDED.ADD_DATE, UPDATE_DATE = EXCLUDED.UPDATE_DATE;
/* ORIS:      3    Location: 6A        Test Type: RATA       Test Num: 201703281312MA3       SQL Ord:    4 */ insert into camdecmpswks.AIR_EMISSION_TESTING ( AIR_EMISSION_TEST_ID, TEST_SUM_ID, QI_LAST_NAME, QI_FIRST_NAME, QI_MIDDLE_INITIAL, AETB_NAME, AETB_PHONE_NUMBER, AETB_EMAIL, EXAM_DATE, PROVIDER_NAME, PROVIDER_EMAIL, ADD_DATE, UPDATE_DATE, USERID ) values ( 'TWCORNEL5-39BD3C5ACA434CE0A41DDF021D1DA4DD', 'TWCORNEL5-40EE1436487A491386C9DEF9D97BF0C9', 'Rew', '2', 'M', 'Alabama Power Field Services Air Quality', '251-331-7560', 'jmrew@southernco.com', '2014-12-19', 'Source Evaluation Society', 'qstiprogram@gmail.com', '2021-12-08 15:01:22', '2021-12-08 15:09:17', 'bvick' ) on conflict (AIR_EMISSION_TEST_ID) do update set TEST_SUM_ID = EXCLUDED.TEST_SUM_ID, QI_LAST_NAME = EXCLUDED.QI_LAST_NAME, QI_FIRST_NAME = EXCLUDED.QI_FIRST_NAME, QI_MIDDLE_INITIAL = EXCLUDED.QI_MIDDLE_INITIAL, AETB_NAME = EXCLUDED.AETB_NAME, AETB_PHONE_NUMBER = EXCLUDED.AETB_PHONE_NUMBER, AETB_EMAIL = EXCLUDED.AETB_EMAIL, EXAM_DATE = EXCLUDED.EXAM_DATE, PROVIDER_NAME = EXCLUDED.PROVIDER_NAME, PROVIDER_EMAIL = EXCLUDED.PROVIDER_EMAIL, ADD_DATE = EXCLUDED.ADD_DATE, UPDATE_DATE = EXCLUDED.UPDATE_DATE, USERID = EXCLUDED.USERID;
/* ORIS:      3    Location: 6A        Test Type: RATA       Test Num: 201703281312MA3       SQL Ord:    6 */ insert into camdecmpswks.RATA ( RATA_ID, TEST_SUM_ID, RATA_FREQUENCY_CD, CALC_RATA_FREQUENCY_CD, RELATIVE_ACCURACY, CALC_RELATIVE_ACCURACY, OVERALL_BIAS_ADJ_FACTOR, CALC_OVERALL_BIAS_ADJ_FACTOR, NUM_LOAD_LEVEL, CALC_NUM_LOAD_LEVEL, USERID, ADD_DATE, UPDATE_DATE ) values ( 'TWCORNEL5-CD63E2BBD4FF4A4A90842280D2CCC767', 'TWCORNEL5-40EE1436487A491386C9DEF9D97BF0C9', '4QTRS', '4QTRS', 0.00, 0.00, 1.000, 1.000, 1, 1, 'bvick', '2017-04-25 10:32:48', '2021-12-08 15:09:21' ) on conflict (RATA_ID) do update set TEST_SUM_ID = EXCLUDED.TEST_SUM_ID, RATA_FREQUENCY_CD = EXCLUDED.RATA_FREQUENCY_CD, CALC_RATA_FREQUENCY_CD = EXCLUDED.CALC_RATA_FREQUENCY_CD, RELATIVE_ACCURACY = EXCLUDED.RELATIVE_ACCURACY, CALC_RELATIVE_ACCURACY = EXCLUDED.CALC_RELATIVE_ACCURACY, OVERALL_BIAS_ADJ_FACTOR = EXCLUDED.OVERALL_BIAS_ADJ_FACTOR, CALC_OVERALL_BIAS_ADJ_FACTOR = EXCLUDED.CALC_OVERALL_BIAS_ADJ_FACTOR, NUM_LOAD_LEVEL = EXCLUDED.NUM_LOAD_LEVEL, CALC_NUM_LOAD_LEVEL = EXCLUDED.CALC_NUM_LOAD_LEVEL, USERID = EXCLUDED.USERID, ADD_DATE = EXCLUDED.ADD_DATE, UPDATE_DATE = EXCLUDED.UPDATE_DATE;
/* ORIS:      3    Location: 6A        Test Type: RATA       Test Num: 201703281312MA3       SQL Ord:    7 */ insert into camdecmpswks.RATA_SUMMARY ( RATA_SUM_ID, RATA_ID, RELATIVE_ACCURACY, CALC_RELATIVE_ACCURACY, BIAS_ADJ_FACTOR, CALC_BIAS_ADJ_FACTOR, MEAN_CEM_VALUE, CALC_MEAN_CEM_VALUE, MEAN_RATA_REF_VALUE, CALC_MEAN_RATA_REF_VALUE, OP_LEVEL_CD, MEAN_DIFF, CALC_MEAN_DIFF, DEFAULT_WAF, AVG_GROSS_UNIT_LOAD, CALC_AVG_GROSS_UNIT_LOAD, APS_IND, CALC_APS_IND, STND_DEV_DIFF, CALC_STND_DEV_DIFF, CONFIDENCE_COEF, CALC_CONFIDENCE_COEF, CO2_O2_REF_METHOD_CD, REF_METHOD_CD, T_VALUE, CALC_T_VALUE, STACK_DIAMETER, STACK_AREA, CALC_STACK_AREA, CALC_WAF, CALC_CALC_WAF, NUM_TRAVERSE_POINT, USERID, ADD_DATE, UPDATE_DATE, APS_CD ) values ( 'TWCORNEL5-80814C92073D473389216788E86CB8F7', 'TWCORNEL5-CD63E2BBD4FF4A4A90842280D2CCC767', 0.00, 0.00, 1.000, 1.000, 0.00800, 0.00800, 0.00800, 0.00800, 'H', 0.00000, 0.00000, NULL, 266, 266, 0, 0, 0.00000, 0.00000, 0.00000, 0.00000, NULL, '7E,3A', 2.306, 2.306, NULL, NULL, NULL, NULL, NULL, NULL, 'bvick', '2017-04-25 10:32:51', '2021-12-08 15:09:21', NULL ) on conflict (RATA_SUM_ID) do update set RATA_ID = EXCLUDED.RATA_ID, RELATIVE_ACCURACY = EXCLUDED.RELATIVE_ACCURACY, CALC_RELATIVE_ACCURACY = EXCLUDED.CALC_RELATIVE_ACCURACY, BIAS_ADJ_FACTOR = EXCLUDED.BIAS_ADJ_FACTOR, CALC_BIAS_ADJ_FACTOR = EXCLUDED.CALC_BIAS_ADJ_FACTOR, MEAN_CEM_VALUE = EXCLUDED.MEAN_CEM_VALUE, CALC_MEAN_CEM_VALUE = EXCLUDED.CALC_MEAN_CEM_VALUE, MEAN_RATA_REF_VALUE = EXCLUDED.MEAN_RATA_REF_VALUE, CALC_MEAN_RATA_REF_VALUE = EXCLUDED.CALC_MEAN_RATA_REF_VALUE, OP_LEVEL_CD = EXCLUDED.OP_LEVEL_CD, MEAN_DIFF = EXCLUDED.MEAN_DIFF, CALC_MEAN_DIFF = EXCLUDED.CALC_MEAN_DIFF, DEFAULT_WAF = EXCLUDED.DEFAULT_WAF, AVG_GROSS_UNIT_LOAD = EXCLUDED.AVG_GROSS_UNIT_LOAD, CALC_AVG_GROSS_UNIT_LOAD = EXCLUDED.CALC_AVG_GROSS_UNIT_LOAD, APS_IND = EXCLUDED.APS_IND, CALC_APS_IND = EXCLUDED.CALC_APS_IND, STND_DEV_DIFF = EXCLUDED.STND_DEV_DIFF, CALC_STND_DEV_DIFF = EXCLUDED.CALC_STND_DEV_DIFF, CONFIDENCE_COEF = EXCLUDED.CONFIDENCE_COEF, CALC_CONFIDENCE_COEF = EXCLUDED.CALC_CONFIDENCE_COEF, CO2_O2_REF_METHOD_CD = EXCLUDED.CO2_O2_REF_METHOD_CD, REF_METHOD_CD = EXCLUDED.REF_METHOD_CD, T_VALUE = EXCLUDED.T_VALUE, CALC_T_VALUE = EXCLUDED.CALC_T_VALUE, STACK_DIAMETER = EXCLUDED.STACK_DIAMETER, STACK_AREA = EXCLUDED.STACK_AREA, CALC_STACK_AREA = EXCLUDED.CALC_STACK_AREA, CALC_WAF = EXCLUDED.CALC_WAF, CALC_CALC_WAF = EXCLUDED.CALC_CALC_WAF, NUM_TRAVERSE_POINT = EXCLUDED.NUM_TRAVERSE_POINT, APS_CD = EXCLUDED.APS_CD, USERID = EXCLUDED.USERID, ADD_DATE = EXCLUDED.ADD_DATE, UPDATE_DATE = EXCLUDED.UPDATE_DATE;
/* ORIS:      3    Location: 6A        Test Type: RATA       Test Num: 201703281312MA3       SQL Ord:    8 */ insert into camdecmpswks.RATA_RUN ( RATA_RUN_ID, RATA_SUM_ID, GROSS_UNIT_LOAD, RUN_NUM, CEM_VALUE, RATA_REF_VALUE, CALC_RATA_REF_VALUE, RUN_STATUS_CD, BEGIN_DATE, BEGIN_HOUR, BEGIN_MIN, END_DATE, END_HOUR, END_MIN, USERID, ADD_DATE, UPDATE_DATE ) values ( 'TWCORNEL5-059D5D9191A34994B44CD40D9CD653C3', 'TWCORNEL5-80814C92073D473389216788E86CB8F7', 265, 4, 0.00800, 0.00800, NULL, 'RUNUSED', '2017-03-28', 14, 48, '2017-03-28', 15, 9, 'bvick', '2017-04-25 10:32:53', NULL ) on conflict (RATA_RUN_ID) do update set RATA_SUM_ID = EXCLUDED.RATA_SUM_ID, GROSS_UNIT_LOAD = EXCLUDED.GROSS_UNIT_LOAD, RUN_NUM = EXCLUDED.RUN_NUM, CEM_VALUE = EXCLUDED.CEM_VALUE, RATA_REF_VALUE = EXCLUDED.RATA_REF_VALUE, CALC_RATA_REF_VALUE = EXCLUDED.CALC_RATA_REF_VALUE, RUN_STATUS_CD = EXCLUDED.RUN_STATUS_CD, BEGIN_DATE = EXCLUDED.BEGIN_DATE, BEGIN_HOUR = EXCLUDED.BEGIN_HOUR, BEGIN_MIN = EXCLUDED.BEGIN_MIN, END_DATE = EXCLUDED.END_DATE, END_HOUR = EXCLUDED.END_HOUR, END_MIN = EXCLUDED.END_MIN, USERID = EXCLUDED.USERID, ADD_DATE = EXCLUDED.ADD_DATE, UPDATE_DATE = EXCLUDED.UPDATE_DATE;
/* ORIS:      3    Location: 6A        Test Type: RATA       Test Num: 201703281312MA3       SQL Ord:    8 */ insert into camdecmpswks.RATA_RUN ( RATA_RUN_ID, RATA_SUM_ID, GROSS_UNIT_LOAD, RUN_NUM, CEM_VALUE, RATA_REF_VALUE, CALC_RATA_REF_VALUE, RUN_STATUS_CD, BEGIN_DATE, BEGIN_HOUR, BEGIN_MIN, END_DATE, END_HOUR, END_MIN, USERID, ADD_DATE, UPDATE_DATE ) values ( 'TWCORNEL5-193CFD49985C4C659D47AA726546A8EB', 'TWCORNEL5-80814C92073D473389216788E86CB8F7', 267, 8, 0.00800, 0.00800, NULL, 'RUNUSED', '2017-03-28', 16, 56, '2017-03-28', 17, 17, 'bvick', '2017-04-25 10:32:53', NULL ) on conflict (RATA_RUN_ID) do update set RATA_SUM_ID = EXCLUDED.RATA_SUM_ID, GROSS_UNIT_LOAD = EXCLUDED.GROSS_UNIT_LOAD, RUN_NUM = EXCLUDED.RUN_NUM, CEM_VALUE = EXCLUDED.CEM_VALUE, RATA_REF_VALUE = EXCLUDED.RATA_REF_VALUE, CALC_RATA_REF_VALUE = EXCLUDED.CALC_RATA_REF_VALUE, RUN_STATUS_CD = EXCLUDED.RUN_STATUS_CD, BEGIN_DATE = EXCLUDED.BEGIN_DATE, BEGIN_HOUR = EXCLUDED.BEGIN_HOUR, BEGIN_MIN = EXCLUDED.BEGIN_MIN, END_DATE = EXCLUDED.END_DATE, END_HOUR = EXCLUDED.END_HOUR, END_MIN = EXCLUDED.END_MIN, USERID = EXCLUDED.USERID, ADD_DATE = EXCLUDED.ADD_DATE, UPDATE_DATE = EXCLUDED.UPDATE_DATE;
/* ORIS:      3    Location: 6A        Test Type: RATA       Test Num: 201703281312MA3       SQL Ord:    8 */ insert into camdecmpswks.RATA_RUN ( RATA_RUN_ID, RATA_SUM_ID, GROSS_UNIT_LOAD, RUN_NUM, CEM_VALUE, RATA_REF_VALUE, CALC_RATA_REF_VALUE, RUN_STATUS_CD, BEGIN_DATE, BEGIN_HOUR, BEGIN_MIN, END_DATE, END_HOUR, END_MIN, USERID, ADD_DATE, UPDATE_DATE ) values ( 'TWCORNEL5-21E833EE4CA3423FB17BF69D53DB8B91', 'TWCORNEL5-80814C92073D473389216788E86CB8F7', 267, 7, 0.00800, 0.00800, NULL, 'RUNUSED', '2017-03-28', 16, 24, '2017-03-28', 16, 45, 'bvick', '2017-04-25 10:32:53', NULL ) on conflict (RATA_RUN_ID) do update set RATA_SUM_ID = EXCLUDED.RATA_SUM_ID, GROSS_UNIT_LOAD = EXCLUDED.GROSS_UNIT_LOAD, RUN_NUM = EXCLUDED.RUN_NUM, CEM_VALUE = EXCLUDED.CEM_VALUE, RATA_REF_VALUE = EXCLUDED.RATA_REF_VALUE, CALC_RATA_REF_VALUE = EXCLUDED.CALC_RATA_REF_VALUE, RUN_STATUS_CD = EXCLUDED.RUN_STATUS_CD, BEGIN_DATE = EXCLUDED.BEGIN_DATE, BEGIN_HOUR = EXCLUDED.BEGIN_HOUR, BEGIN_MIN = EXCLUDED.BEGIN_MIN, END_DATE = EXCLUDED.END_DATE, END_HOUR = EXCLUDED.END_HOUR, END_MIN = EXCLUDED.END_MIN, USERID = EXCLUDED.USERID, ADD_DATE = EXCLUDED.ADD_DATE, UPDATE_DATE = EXCLUDED.UPDATE_DATE;
/* ORIS:      3    Location: 6A        Test Type: RATA       Test Num: 201703281312MA3       SQL Ord:    8 */ insert into camdecmpswks.RATA_RUN ( RATA_RUN_ID, RATA_SUM_ID, GROSS_UNIT_LOAD, RUN_NUM, CEM_VALUE, RATA_REF_VALUE, CALC_RATA_REF_VALUE, RUN_STATUS_CD, BEGIN_DATE, BEGIN_HOUR, BEGIN_MIN, END_DATE, END_HOUR, END_MIN, USERID, ADD_DATE, UPDATE_DATE ) values ( 'TWCORNEL5-5D024D0661DE4DCEB9BBBF1CDC721B04', 'TWCORNEL5-80814C92073D473389216788E86CB8F7', 265, 3, 0.00800, 0.00800, NULL, 'RUNUSED', '2017-03-28', 14, 17, '2017-03-28', 14, 38, 'bvick', '2017-04-25 10:32:53', NULL ) on conflict (RATA_RUN_ID) do update set RATA_SUM_ID = EXCLUDED.RATA_SUM_ID, GROSS_UNIT_LOAD = EXCLUDED.GROSS_UNIT_LOAD, RUN_NUM = EXCLUDED.RUN_NUM, CEM_VALUE = EXCLUDED.CEM_VALUE, RATA_REF_VALUE = EXCLUDED.RATA_REF_VALUE, CALC_RATA_REF_VALUE = EXCLUDED.CALC_RATA_REF_VALUE, RUN_STATUS_CD = EXCLUDED.RUN_STATUS_CD, BEGIN_DATE = EXCLUDED.BEGIN_DATE, BEGIN_HOUR = EXCLUDED.BEGIN_HOUR, BEGIN_MIN = EXCLUDED.BEGIN_MIN, END_DATE = EXCLUDED.END_DATE, END_HOUR = EXCLUDED.END_HOUR, END_MIN = EXCLUDED.END_MIN, USERID = EXCLUDED.USERID, ADD_DATE = EXCLUDED.ADD_DATE, UPDATE_DATE = EXCLUDED.UPDATE_DATE;
/* ORIS:      3    Location: 6A        Test Type: RATA       Test Num: 201703281312MA3       SQL Ord:    8 */ insert into camdecmpswks.RATA_RUN ( RATA_RUN_ID, RATA_SUM_ID, GROSS_UNIT_LOAD, RUN_NUM, CEM_VALUE, RATA_REF_VALUE, CALC_RATA_REF_VALUE, RUN_STATUS_CD, BEGIN_DATE, BEGIN_HOUR, BEGIN_MIN, END_DATE, END_HOUR, END_MIN, USERID, ADD_DATE, UPDATE_DATE ) values ( 'TWCORNEL5-6EB6E244D676469BA7D71E38FB8740F2', 'TWCORNEL5-80814C92073D473389216788E86CB8F7', 268, 9, 0.00800, 0.00800, NULL, 'RUNUSED', '2017-03-28', 17, 27, '2017-03-28', 17, 48, 'bvick', '2017-04-25 10:32:53', NULL ) on conflict (RATA_RUN_ID) do update set RATA_SUM_ID = EXCLUDED.RATA_SUM_ID, GROSS_UNIT_LOAD = EXCLUDED.GROSS_UNIT_LOAD, RUN_NUM = EXCLUDED.RUN_NUM, CEM_VALUE = EXCLUDED.CEM_VALUE, RATA_REF_VALUE = EXCLUDED.RATA_REF_VALUE, CALC_RATA_REF_VALUE = EXCLUDED.CALC_RATA_REF_VALUE, RUN_STATUS_CD = EXCLUDED.RUN_STATUS_CD, BEGIN_DATE = EXCLUDED.BEGIN_DATE, BEGIN_HOUR = EXCLUDED.BEGIN_HOUR, BEGIN_MIN = EXCLUDED.BEGIN_MIN, END_DATE = EXCLUDED.END_DATE, END_HOUR = EXCLUDED.END_HOUR, END_MIN = EXCLUDED.END_MIN, USERID = EXCLUDED.USERID, ADD_DATE = EXCLUDED.ADD_DATE, UPDATE_DATE = EXCLUDED.UPDATE_DATE;
/* ORIS:      3    Location: 6A        Test Type: RATA       Test Num: 201703281312MA3       SQL Ord:    8 */ insert into camdecmpswks.RATA_RUN ( RATA_RUN_ID, RATA_SUM_ID, GROSS_UNIT_LOAD, RUN_NUM, CEM_VALUE, RATA_REF_VALUE, CALC_RATA_REF_VALUE, RUN_STATUS_CD, BEGIN_DATE, BEGIN_HOUR, BEGIN_MIN, END_DATE, END_HOUR, END_MIN, USERID, ADD_DATE, UPDATE_DATE ) values ( 'TWCORNEL5-6FC45786C4CC402ABD4CA6D298FC2685', 'TWCORNEL5-80814C92073D473389216788E86CB8F7', 265, 2, 0.00800, 0.00800, NULL, 'RUNUSED', '2017-03-28', 13, 45, '2017-03-28', 14, 6, 'bvick', '2017-04-25 10:32:53', NULL ) on conflict (RATA_RUN_ID) do update set RATA_SUM_ID = EXCLUDED.RATA_SUM_ID, GROSS_UNIT_LOAD = EXCLUDED.GROSS_UNIT_LOAD, RUN_NUM = EXCLUDED.RUN_NUM, CEM_VALUE = EXCLUDED.CEM_VALUE, RATA_REF_VALUE = EXCLUDED.RATA_REF_VALUE, CALC_RATA_REF_VALUE = EXCLUDED.CALC_RATA_REF_VALUE, RUN_STATUS_CD = EXCLUDED.RUN_STATUS_CD, BEGIN_DATE = EXCLUDED.BEGIN_DATE, BEGIN_HOUR = EXCLUDED.BEGIN_HOUR, BEGIN_MIN = EXCLUDED.BEGIN_MIN, END_DATE = EXCLUDED.END_DATE, END_HOUR = EXCLUDED.END_HOUR, END_MIN = EXCLUDED.END_MIN, USERID = EXCLUDED.USERID, ADD_DATE = EXCLUDED.ADD_DATE, UPDATE_DATE = EXCLUDED.UPDATE_DATE;
/* ORIS:      3    Location: 6A        Test Type: RATA       Test Num: 201703281312MA3       SQL Ord:    8 */ insert into camdecmpswks.RATA_RUN ( RATA_RUN_ID, RATA_SUM_ID, GROSS_UNIT_LOAD, RUN_NUM, CEM_VALUE, RATA_REF_VALUE, CALC_RATA_REF_VALUE, RUN_STATUS_CD, BEGIN_DATE, BEGIN_HOUR, BEGIN_MIN, END_DATE, END_HOUR, END_MIN, USERID, ADD_DATE, UPDATE_DATE ) values ( 'TWCORNEL5-8426D75AA2DF4A6E88981C5518782C29', 'TWCORNEL5-80814C92073D473389216788E86CB8F7', 266, 6, 0.00800, 0.00800, NULL, 'RUNUSED', '2017-03-28', 15, 52, '2017-03-28', 16, 13, 'bvick', '2017-04-25 10:32:53', NULL ) on conflict (RATA_RUN_ID) do update set RATA_SUM_ID = EXCLUDED.RATA_SUM_ID, GROSS_UNIT_LOAD = EXCLUDED.GROSS_UNIT_LOAD, RUN_NUM = EXCLUDED.RUN_NUM, CEM_VALUE = EXCLUDED.CEM_VALUE, RATA_REF_VALUE = EXCLUDED.RATA_REF_VALUE, CALC_RATA_REF_VALUE = EXCLUDED.CALC_RATA_REF_VALUE, RUN_STATUS_CD = EXCLUDED.RUN_STATUS_CD, BEGIN_DATE = EXCLUDED.BEGIN_DATE, BEGIN_HOUR = EXCLUDED.BEGIN_HOUR, BEGIN_MIN = EXCLUDED.BEGIN_MIN, END_DATE = EXCLUDED.END_DATE, END_HOUR = EXCLUDED.END_HOUR, END_MIN = EXCLUDED.END_MIN, USERID = EXCLUDED.USERID, ADD_DATE = EXCLUDED.ADD_DATE, UPDATE_DATE = EXCLUDED.UPDATE_DATE;
/* ORIS:      3    Location: 6A        Test Type: RATA       Test Num: 201703281312MA3       SQL Ord:    8 */ insert into camdecmpswks.RATA_RUN ( RATA_RUN_ID, RATA_SUM_ID, GROSS_UNIT_LOAD, RUN_NUM, CEM_VALUE, RATA_REF_VALUE, CALC_RATA_REF_VALUE, RUN_STATUS_CD, BEGIN_DATE, BEGIN_HOUR, BEGIN_MIN, END_DATE, END_HOUR, END_MIN, USERID, ADD_DATE, UPDATE_DATE ) values ( 'TWCORNEL5-9B9E2C7FD7F041C1B5CA7AAE1AFDAE01', 'TWCORNEL5-80814C92073D473389216788E86CB8F7', 265, 1, 0.00800, 0.00800, NULL, 'RUNUSED', '2017-03-28', 13, 12, '2017-03-28', 13, 33, 'bvick', '2017-04-25 10:32:53', NULL ) on conflict (RATA_RUN_ID) do update set RATA_SUM_ID = EXCLUDED.RATA_SUM_ID, GROSS_UNIT_LOAD = EXCLUDED.GROSS_UNIT_LOAD, RUN_NUM = EXCLUDED.RUN_NUM, CEM_VALUE = EXCLUDED.CEM_VALUE, RATA_REF_VALUE = EXCLUDED.RATA_REF_VALUE, CALC_RATA_REF_VALUE = EXCLUDED.CALC_RATA_REF_VALUE, RUN_STATUS_CD = EXCLUDED.RUN_STATUS_CD, BEGIN_DATE = EXCLUDED.BEGIN_DATE, BEGIN_HOUR = EXCLUDED.BEGIN_HOUR, BEGIN_MIN = EXCLUDED.BEGIN_MIN, END_DATE = EXCLUDED.END_DATE, END_HOUR = EXCLUDED.END_HOUR, END_MIN = EXCLUDED.END_MIN, USERID = EXCLUDED.USERID, ADD_DATE = EXCLUDED.ADD_DATE, UPDATE_DATE = EXCLUDED.UPDATE_DATE;
/* ORIS:      3    Location: 6A        Test Type: RATA       Test Num: 201703281312MA3       SQL Ord:    8 */ insert into camdecmpswks.RATA_RUN ( RATA_RUN_ID, RATA_SUM_ID, GROSS_UNIT_LOAD, RUN_NUM, CEM_VALUE, RATA_REF_VALUE, CALC_RATA_REF_VALUE, RUN_STATUS_CD, BEGIN_DATE, BEGIN_HOUR, BEGIN_MIN, END_DATE, END_HOUR, END_MIN, USERID, ADD_DATE, UPDATE_DATE ) values ( 'TWCORNEL5-9BCD4415E0B4444096CCEE14C2337822', 'TWCORNEL5-80814C92073D473389216788E86CB8F7', 265, 5, 0.00800, 0.00800, NULL, 'RUNUSED', '2017-03-28', 15, 20, '2017-03-28', 15, 41, 'bvick', '2017-04-25 10:32:53', NULL ) on conflict (RATA_RUN_ID) do update set RATA_SUM_ID = EXCLUDED.RATA_SUM_ID, GROSS_UNIT_LOAD = EXCLUDED.GROSS_UNIT_LOAD, RUN_NUM = EXCLUDED.RUN_NUM, CEM_VALUE = EXCLUDED.CEM_VALUE, RATA_REF_VALUE = EXCLUDED.RATA_REF_VALUE, CALC_RATA_REF_VALUE = EXCLUDED.CALC_RATA_REF_VALUE, RUN_STATUS_CD = EXCLUDED.RUN_STATUS_CD, BEGIN_DATE = EXCLUDED.BEGIN_DATE, BEGIN_HOUR = EXCLUDED.BEGIN_HOUR, BEGIN_MIN = EXCLUDED.BEGIN_MIN, END_DATE = EXCLUDED.END_DATE, END_HOUR = EXCLUDED.END_HOUR, END_MIN = EXCLUDED.END_MIN, USERID = EXCLUDED.USERID, ADD_DATE = EXCLUDED.ADD_DATE, UPDATE_DATE = EXCLUDED.UPDATE_DATE;
/* ORIS:      3    Location: 6A        Test Type: RATA       Test Num: 201802270921MA3       SQL Ord:    1 */ delete from camdecmpswks.TEST_SUMMARY where TEST_SUM_ID = 'TWCORNEL5-22F251FBE908456FA602381683DB2F70';
/* ORIS:      3    Location: 6A        Test Type: RATA       Test Num: 201802270921MA3       SQL Ord:    2 */ insert into camdecmpswks.TEST_SUMMARY ( TEST_SUM_ID, MON_LOC_ID, TEST_TYPE_CD, TEST_NUM, MON_SYS_ID, COMPONENT_ID, GP_IND, TEST_REASON_CD, TEST_RESULT_CD, RPT_PERIOD_ID, BEGIN_DATE, BEGIN_HOUR, BEGIN_MIN, END_DATE, END_HOUR, END_MIN, SPAN_SCALE_CD, INJECTION_PROTOCOL_CD, TEST_COMMENT, TEST_DESCRIPTION, CALC_GP_IND, CALC_TEST_RESULT_CD, CALC_SPAN_VALUE, LAST_UPDATED, UPDATED_STATUS_FLG, NEEDS_EVAL_FLG, CHK_SESSION_ID, USERID, ADD_DATE, UPDATE_DATE ) values ( 'TWCORNEL5-22F251FBE908456FA602381683DB2F70', '2706', 'RATA', '201802270921MA3', 'CAMD-5FAA2DEC1413455FBDB5C148AF7FF02F', NULL, 0, 'RECERT', 'PASSAPS', NULL, '2018-02-27', 9, 21, '2018-02-27', 13, 45, NULL, NULL, NULL, NULL, NULL, NULL, NULL, '2021-12-08 15:30:49', 'Y', 'N', 'CAMD-WIN81-F7DE01D998864ECF97381071A63613CB', 'bvick', '2018-04-23 10:17:24', '2021-12-08 15:30:53' ) on conflict (TEST_SUM_ID) do update set MON_LOC_ID = EXCLUDED.MON_LOC_ID, TEST_TYPE_CD = EXCLUDED.TEST_TYPE_CD, TEST_NUM = EXCLUDED.TEST_NUM, MON_SYS_ID = EXCLUDED.MON_SYS_ID, COMPONENT_ID = EXCLUDED.COMPONENT_ID, GP_IND = EXCLUDED.GP_IND, TEST_REASON_CD = EXCLUDED.TEST_REASON_CD, TEST_RESULT_CD = EXCLUDED.TEST_RESULT_CD, RPT_PERIOD_ID = EXCLUDED.RPT_PERIOD_ID, BEGIN_DATE = EXCLUDED.BEGIN_DATE, BEGIN_HOUR = EXCLUDED.BEGIN_HOUR, BEGIN_MIN = EXCLUDED.BEGIN_MIN, END_DATE = EXCLUDED.END_DATE, END_HOUR = EXCLUDED.END_HOUR, END_MIN = EXCLUDED.END_MIN, SPAN_SCALE_CD = EXCLUDED.SPAN_SCALE_CD, INJECTION_PROTOCOL_CD = EXCLUDED.INJECTION_PROTOCOL_CD, TEST_COMMENT = EXCLUDED.TEST_COMMENT, TEST_DESCRIPTION = EXCLUDED.TEST_DESCRIPTION, CALC_GP_IND = EXCLUDED.CALC_GP_IND, CALC_TEST_RESULT_CD = EXCLUDED.CALC_TEST_RESULT_CD, CALC_SPAN_VALUE = EXCLUDED.CALC_SPAN_VALUE, LAST_UPDATED = EXCLUDED.LAST_UPDATED, UPDATED_STATUS_FLG = EXCLUDED.UPDATED_STATUS_FLG, NEEDS_EVAL_FLG = EXCLUDED.NEEDS_EVAL_FLG, CHK_SESSION_ID = EXCLUDED.CHK_SESSION_ID, USERID = EXCLUDED.USERID, ADD_DATE = EXCLUDED.ADD_DATE, UPDATE_DATE = EXCLUDED.UPDATE_DATE;
/* ORIS:      3    Location: 6A        Test Type: RATA       Test Num: 201802270921MA3       SQL Ord:    3 */ insert into camdecmpswks.PROTOCOL_GAS ( PROTOCOL_GAS_ID, TEST_SUM_ID, GAS_LEVEL_CD, GAS_TYPE_CD, VENDOR_ID, CYLINDER_ID, EXPIRATION_DATE, USERID, ADD_DATE, UPDATE_DATE ) values ( 'TWCORNEL5-0A7E757403EA477C9FB9C56623756E41', 'TWCORNEL5-22F251FBE908456FA602381683DB2F70', 'MID', 'CO2,BALN', 'B22016', 'CC418921', '2024-08-16', 'bvick', '2018-04-23 10:17:25', NULL ) on conflict (PROTOCOL_GAS_ID) do update set TEST_SUM_ID = EXCLUDED.TEST_SUM_ID, GAS_LEVEL_CD = EXCLUDED.GAS_LEVEL_CD, GAS_TYPE_CD = EXCLUDED.GAS_TYPE_CD, VENDOR_ID = EXCLUDED.VENDOR_ID, CYLINDER_ID = EXCLUDED.CYLINDER_ID, EXPIRATION_DATE = EXCLUDED.EXPIRATION_DATE, USERID = EXCLUDED.USERID, ADD_DATE = EXCLUDED.ADD_DATE, UPDATE_DATE = EXCLUDED.UPDATE_DATE;
/* ORIS:      3    Location: 6A        Test Type: RATA       Test Num: 201802270921MA3       SQL Ord:    3 */ insert into camdecmpswks.PROTOCOL_GAS ( PROTOCOL_GAS_ID, TEST_SUM_ID, GAS_LEVEL_CD, GAS_TYPE_CD, VENDOR_ID, CYLINDER_ID, EXPIRATION_DATE, USERID, ADD_DATE, UPDATE_DATE ) values ( 'TWCORNEL5-45AEAD02CBF440FE8EC20C3E70EA48CC', 'TWCORNEL5-22F251FBE908456FA602381683DB2F70', 'MID', 'NO,NOX,BALN', 'B22017', 'CC317864', '2020-07-05', 'bvick', '2018-04-23 10:17:25', NULL ) on conflict (PROTOCOL_GAS_ID) do update set TEST_SUM_ID = EXCLUDED.TEST_SUM_ID, GAS_LEVEL_CD = EXCLUDED.GAS_LEVEL_CD, GAS_TYPE_CD = EXCLUDED.GAS_TYPE_CD, VENDOR_ID = EXCLUDED.VENDOR_ID, CYLINDER_ID = EXCLUDED.CYLINDER_ID, EXPIRATION_DATE = EXCLUDED.EXPIRATION_DATE, USERID = EXCLUDED.USERID, ADD_DATE = EXCLUDED.ADD_DATE, UPDATE_DATE = EXCLUDED.UPDATE_DATE;
/* ORIS:      3    Location: 6A        Test Type: RATA       Test Num: 201802270921MA3       SQL Ord:    3 */ insert into camdecmpswks.PROTOCOL_GAS ( PROTOCOL_GAS_ID, TEST_SUM_ID, GAS_LEVEL_CD, GAS_TYPE_CD, VENDOR_ID, CYLINDER_ID, EXPIRATION_DATE, USERID, ADD_DATE, UPDATE_DATE ) values ( 'TWCORNEL5-5C30C81B222F4D84BA69D51F433724A9', 'TWCORNEL5-22F251FBE908456FA602381683DB2F70', 'LOW', 'ZERO', NULL, NULL, NULL, 'bvick', '2018-04-23 10:17:25', NULL ) on conflict (PROTOCOL_GAS_ID) do update set TEST_SUM_ID = EXCLUDED.TEST_SUM_ID, GAS_LEVEL_CD = EXCLUDED.GAS_LEVEL_CD, GAS_TYPE_CD = EXCLUDED.GAS_TYPE_CD, VENDOR_ID = EXCLUDED.VENDOR_ID, CYLINDER_ID = EXCLUDED.CYLINDER_ID, EXPIRATION_DATE = EXCLUDED.EXPIRATION_DATE, USERID = EXCLUDED.USERID, ADD_DATE = EXCLUDED.ADD_DATE, UPDATE_DATE = EXCLUDED.UPDATE_DATE;
/* ORIS:      3    Location: 6A        Test Type: RATA       Test Num: 201802270921MA3       SQL Ord:    3 */ insert into camdecmpswks.PROTOCOL_GAS ( PROTOCOL_GAS_ID, TEST_SUM_ID, GAS_LEVEL_CD, GAS_TYPE_CD, VENDOR_ID, CYLINDER_ID, EXPIRATION_DATE, USERID, ADD_DATE, UPDATE_DATE ) values ( 'TWCORNEL5-6318BBF4E73F4F439B16B69799D65762', 'TWCORNEL5-22F251FBE908456FA602381683DB2F70', 'HIGH', 'CO2,BALN', 'B22016', 'SG9150979BAL', '2024-09-27', 'bvick', '2018-04-23 10:17:25', NULL ) on conflict (PROTOCOL_GAS_ID) do update set TEST_SUM_ID = EXCLUDED.TEST_SUM_ID, GAS_LEVEL_CD = EXCLUDED.GAS_LEVEL_CD, GAS_TYPE_CD = EXCLUDED.GAS_TYPE_CD, VENDOR_ID = EXCLUDED.VENDOR_ID, CYLINDER_ID = EXCLUDED.CYLINDER_ID, EXPIRATION_DATE = EXCLUDED.EXPIRATION_DATE, USERID = EXCLUDED.USERID, ADD_DATE = EXCLUDED.ADD_DATE, UPDATE_DATE = EXCLUDED.UPDATE_DATE;
/* ORIS:      3    Location: 6A        Test Type: RATA       Test Num: 201802270921MA3       SQL Ord:    3 */ insert into camdecmpswks.PROTOCOL_GAS ( PROTOCOL_GAS_ID, TEST_SUM_ID, GAS_LEVEL_CD, GAS_TYPE_CD, VENDOR_ID, CYLINDER_ID, EXPIRATION_DATE, USERID, ADD_DATE, UPDATE_DATE ) values ( 'TWCORNEL5-89F4D24A2224495A82F8AFF94BD74010', 'TWCORNEL5-22F251FBE908456FA602381683DB2F70', 'HIGH', 'NO,NOX,BALN', 'B22015', 'CC466853', '2018-04-27', 'bvick', '2018-04-23 10:17:25', NULL ) on conflict (PROTOCOL_GAS_ID) do update set TEST_SUM_ID = EXCLUDED.TEST_SUM_ID, GAS_LEVEL_CD = EXCLUDED.GAS_LEVEL_CD, GAS_TYPE_CD = EXCLUDED.GAS_TYPE_CD, VENDOR_ID = EXCLUDED.VENDOR_ID, CYLINDER_ID = EXCLUDED.CYLINDER_ID, EXPIRATION_DATE = EXCLUDED.EXPIRATION_DATE, USERID = EXCLUDED.USERID, ADD_DATE = EXCLUDED.ADD_DATE, UPDATE_DATE = EXCLUDED.UPDATE_DATE;
/* ORIS:      3    Location: 6A        Test Type: RATA       Test Num: 201802270921MA3       SQL Ord:    3 */ insert into camdecmpswks.PROTOCOL_GAS ( PROTOCOL_GAS_ID, TEST_SUM_ID, GAS_LEVEL_CD, GAS_TYPE_CD, VENDOR_ID, CYLINDER_ID, EXPIRATION_DATE, USERID, ADD_DATE, UPDATE_DATE ) values ( 'TWCORNEL5-FC44C31CC157491B9EC570A4313E5771', 'TWCORNEL5-22F251FBE908456FA602381683DB2F70', 'LOW', 'ZERO', NULL, NULL, NULL, 'bvick', '2018-04-23 10:17:25', NULL ) on conflict (PROTOCOL_GAS_ID) do update set TEST_SUM_ID = EXCLUDED.TEST_SUM_ID, GAS_LEVEL_CD = EXCLUDED.GAS_LEVEL_CD, GAS_TYPE_CD = EXCLUDED.GAS_TYPE_CD, VENDOR_ID = EXCLUDED.VENDOR_ID, CYLINDER_ID = EXCLUDED.CYLINDER_ID, EXPIRATION_DATE = EXCLUDED.EXPIRATION_DATE, USERID = EXCLUDED.USERID, ADD_DATE = EXCLUDED.ADD_DATE, UPDATE_DATE = EXCLUDED.UPDATE_DATE;
/* ORIS:      3    Location: 6A        Test Type: RATA       Test Num: 201802270921MA3       SQL Ord:    4 */ insert into camdecmpswks.AIR_EMISSION_TESTING ( AIR_EMISSION_TEST_ID, TEST_SUM_ID, QI_LAST_NAME, QI_FIRST_NAME, QI_MIDDLE_INITIAL, AETB_NAME, AETB_PHONE_NUMBER, AETB_EMAIL, EXAM_DATE, PROVIDER_NAME, PROVIDER_EMAIL, ADD_DATE, UPDATE_DATE, USERID ) values ( 'TWCORNEL5-0AAF1F2076AC4E0A986F1F215FC69C9C', 'TWCORNEL5-22F251FBE908456FA602381683DB2F70', 'Rew', 'Judd', 'M', 'Alabama Power Field Services Air Quality', '251-331-7560', 'jmrew@southernco.com', '2014-12-19', NULL, 'qstiprogram@gmail.com', '2021-12-08 15:01:22', '2021-12-08 15:30:49', 'bvick' ) on conflict (AIR_EMISSION_TEST_ID) do update set TEST_SUM_ID = EXCLUDED.TEST_SUM_ID, QI_LAST_NAME = EXCLUDED.QI_LAST_NAME, QI_FIRST_NAME = EXCLUDED.QI_FIRST_NAME, QI_MIDDLE_INITIAL = EXCLUDED.QI_MIDDLE_INITIAL, AETB_NAME = EXCLUDED.AETB_NAME, AETB_PHONE_NUMBER = EXCLUDED.AETB_PHONE_NUMBER, AETB_EMAIL = EXCLUDED.AETB_EMAIL, EXAM_DATE = EXCLUDED.EXAM_DATE, PROVIDER_NAME = EXCLUDED.PROVIDER_NAME, PROVIDER_EMAIL = EXCLUDED.PROVIDER_EMAIL, ADD_DATE = EXCLUDED.ADD_DATE, UPDATE_DATE = EXCLUDED.UPDATE_DATE, USERID = EXCLUDED.USERID;
/* ORIS:      3    Location: 6A        Test Type: RATA       Test Num: 201802270921MA3       SQL Ord:    6 */ insert into camdecmpswks.RATA ( RATA_ID, TEST_SUM_ID, RATA_FREQUENCY_CD, CALC_RATA_FREQUENCY_CD, RELATIVE_ACCURACY, CALC_RELATIVE_ACCURACY, OVERALL_BIAS_ADJ_FACTOR, CALC_OVERALL_BIAS_ADJ_FACTOR, NUM_LOAD_LEVEL, CALC_NUM_LOAD_LEVEL, USERID, ADD_DATE, UPDATE_DATE ) values ( 'TWCORNEL5-4F61C05ECFD444DE8C811EBA3E6F6DD8', 'TWCORNEL5-22F251FBE908456FA602381683DB2F70', '4QTRS', '4QTRS', 10.06, 10.06, 1.056, 1.056, 1, 1, 'bvick', '2018-04-23 10:17:24', '2021-12-08 15:30:53' ) on conflict (RATA_ID) do update set TEST_SUM_ID = EXCLUDED.TEST_SUM_ID, RATA_FREQUENCY_CD = EXCLUDED.RATA_FREQUENCY_CD, CALC_RATA_FREQUENCY_CD = EXCLUDED.CALC_RATA_FREQUENCY_CD, RELATIVE_ACCURACY = EXCLUDED.RELATIVE_ACCURACY, CALC_RELATIVE_ACCURACY = EXCLUDED.CALC_RELATIVE_ACCURACY, OVERALL_BIAS_ADJ_FACTOR = EXCLUDED.OVERALL_BIAS_ADJ_FACTOR, CALC_OVERALL_BIAS_ADJ_FACTOR = EXCLUDED.CALC_OVERALL_BIAS_ADJ_FACTOR, NUM_LOAD_LEVEL = EXCLUDED.NUM_LOAD_LEVEL, CALC_NUM_LOAD_LEVEL = EXCLUDED.CALC_NUM_LOAD_LEVEL, USERID = EXCLUDED.USERID, ADD_DATE = EXCLUDED.ADD_DATE, UPDATE_DATE = EXCLUDED.UPDATE_DATE;
/* ORIS:      3    Location: 6A        Test Type: RATA       Test Num: 201802270921MA3       SQL Ord:    7 */ insert into camdecmpswks.RATA_SUMMARY ( RATA_SUM_ID, RATA_ID, RELATIVE_ACCURACY, CALC_RELATIVE_ACCURACY, BIAS_ADJ_FACTOR, CALC_BIAS_ADJ_FACTOR, MEAN_CEM_VALUE, CALC_MEAN_CEM_VALUE, MEAN_RATA_REF_VALUE, CALC_MEAN_RATA_REF_VALUE, OP_LEVEL_CD, MEAN_DIFF, CALC_MEAN_DIFF, DEFAULT_WAF, AVG_GROSS_UNIT_LOAD, CALC_AVG_GROSS_UNIT_LOAD, APS_IND, CALC_APS_IND, STND_DEV_DIFF, CALC_STND_DEV_DIFF, CONFIDENCE_COEF, CALC_CONFIDENCE_COEF, CO2_O2_REF_METHOD_CD, REF_METHOD_CD, T_VALUE, CALC_T_VALUE, STACK_DIAMETER, STACK_AREA, CALC_STACK_AREA, CALC_WAF, CALC_CALC_WAF, NUM_TRAVERSE_POINT, USERID, ADD_DATE, UPDATE_DATE, APS_CD ) values ( 'TWCORNEL5-F87720D5C9DB4785AD28EFBDAB43F56B', 'TWCORNEL5-4F61C05ECFD444DE8C811EBA3E6F6DD8', 10.06, 10.06, 1.056, 1.056, 0.00800, 0.00800, 0.00844, 0.00800, 'H', 0.00044, 0.00000, NULL, 265, 265, 1, 1, 0.00053, 0.00100, 0.00041, 0.00000, NULL, '7E,3A', 2.306, 2.306, NULL, NULL, NULL, NULL, NULL, NULL, 'bvick', '2018-04-23 10:17:24', '2021-12-08 15:30:53', NULL ) on conflict (RATA_SUM_ID) do update set RATA_ID = EXCLUDED.RATA_ID, RELATIVE_ACCURACY = EXCLUDED.RELATIVE_ACCURACY, CALC_RELATIVE_ACCURACY = EXCLUDED.CALC_RELATIVE_ACCURACY, BIAS_ADJ_FACTOR = EXCLUDED.BIAS_ADJ_FACTOR, CALC_BIAS_ADJ_FACTOR = EXCLUDED.CALC_BIAS_ADJ_FACTOR, MEAN_CEM_VALUE = EXCLUDED.MEAN_CEM_VALUE, CALC_MEAN_CEM_VALUE = EXCLUDED.CALC_MEAN_CEM_VALUE, MEAN_RATA_REF_VALUE = EXCLUDED.MEAN_RATA_REF_VALUE, CALC_MEAN_RATA_REF_VALUE = EXCLUDED.CALC_MEAN_RATA_REF_VALUE, OP_LEVEL_CD = EXCLUDED.OP_LEVEL_CD, MEAN_DIFF = EXCLUDED.MEAN_DIFF, CALC_MEAN_DIFF = EXCLUDED.CALC_MEAN_DIFF, DEFAULT_WAF = EXCLUDED.DEFAULT_WAF, AVG_GROSS_UNIT_LOAD = EXCLUDED.AVG_GROSS_UNIT_LOAD, CALC_AVG_GROSS_UNIT_LOAD = EXCLUDED.CALC_AVG_GROSS_UNIT_LOAD, APS_IND = EXCLUDED.APS_IND, CALC_APS_IND = EXCLUDED.CALC_APS_IND, STND_DEV_DIFF = EXCLUDED.STND_DEV_DIFF, CALC_STND_DEV_DIFF = EXCLUDED.CALC_STND_DEV_DIFF, CONFIDENCE_COEF = EXCLUDED.CONFIDENCE_COEF, CALC_CONFIDENCE_COEF = EXCLUDED.CALC_CONFIDENCE_COEF, CO2_O2_REF_METHOD_CD = EXCLUDED.CO2_O2_REF_METHOD_CD, REF_METHOD_CD = EXCLUDED.REF_METHOD_CD, T_VALUE = EXCLUDED.T_VALUE, CALC_T_VALUE = EXCLUDED.CALC_T_VALUE, STACK_DIAMETER = EXCLUDED.STACK_DIAMETER, STACK_AREA = EXCLUDED.STACK_AREA, CALC_STACK_AREA = EXCLUDED.CALC_STACK_AREA, CALC_WAF = EXCLUDED.CALC_WAF, CALC_CALC_WAF = EXCLUDED.CALC_CALC_WAF, NUM_TRAVERSE_POINT = EXCLUDED.NUM_TRAVERSE_POINT, APS_CD = EXCLUDED.APS_CD, USERID = EXCLUDED.USERID, ADD_DATE = EXCLUDED.ADD_DATE, UPDATE_DATE = EXCLUDED.UPDATE_DATE;
/* ORIS:      3    Location: 6A        Test Type: RATA       Test Num: 201802270921MA3       SQL Ord:    8 */ insert into camdecmpswks.RATA_RUN ( RATA_RUN_ID, RATA_SUM_ID, GROSS_UNIT_LOAD, RUN_NUM, CEM_VALUE, RATA_REF_VALUE, CALC_RATA_REF_VALUE, RUN_STATUS_CD, BEGIN_DATE, BEGIN_HOUR, BEGIN_MIN, END_DATE, END_HOUR, END_MIN, USERID, ADD_DATE, UPDATE_DATE ) values ( 'TWCORNEL5-03EF46B02A92481FB2E103196E1F1A4B', 'TWCORNEL5-F87720D5C9DB4785AD28EFBDAB43F56B', 266, 4, 0.00800, 0.00800, NULL, 'RUNUSED', '2018-02-27', 10, 52, '2018-02-27', 11, 13, 'bvick', '2018-04-23 10:17:25', NULL ) on conflict (RATA_RUN_ID) do update set RATA_SUM_ID = EXCLUDED.RATA_SUM_ID, GROSS_UNIT_LOAD = EXCLUDED.GROSS_UNIT_LOAD, RUN_NUM = EXCLUDED.RUN_NUM, CEM_VALUE = EXCLUDED.CEM_VALUE, RATA_REF_VALUE = EXCLUDED.RATA_REF_VALUE, CALC_RATA_REF_VALUE = EXCLUDED.CALC_RATA_REF_VALUE, RUN_STATUS_CD = EXCLUDED.RUN_STATUS_CD, BEGIN_DATE = EXCLUDED.BEGIN_DATE, BEGIN_HOUR = EXCLUDED.BEGIN_HOUR, BEGIN_MIN = EXCLUDED.BEGIN_MIN, END_DATE = EXCLUDED.END_DATE, END_HOUR = EXCLUDED.END_HOUR, END_MIN = EXCLUDED.END_MIN, USERID = EXCLUDED.USERID, ADD_DATE = EXCLUDED.ADD_DATE, UPDATE_DATE = EXCLUDED.UPDATE_DATE;
/* ORIS:      3    Location: 6A        Test Type: RATA       Test Num: 201802270921MA3       SQL Ord:    8 */ insert into camdecmpswks.RATA_RUN ( RATA_RUN_ID, RATA_SUM_ID, GROSS_UNIT_LOAD, RUN_NUM, CEM_VALUE, RATA_REF_VALUE, CALC_RATA_REF_VALUE, RUN_STATUS_CD, BEGIN_DATE, BEGIN_HOUR, BEGIN_MIN, END_DATE, END_HOUR, END_MIN, USERID, ADD_DATE, UPDATE_DATE ) values ( 'TWCORNEL5-0E92990542DE45BF86DA30BB080C4CDD', 'TWCORNEL5-F87720D5C9DB4785AD28EFBDAB43F56B', 262, 8, 0.00800, 0.00800, NULL, 'RUNUSED', '2018-02-27', 12, 55, '2018-02-27', 13, 16, 'bvick', '2018-04-23 10:17:25', NULL ) on conflict (RATA_RUN_ID) do update set RATA_SUM_ID = EXCLUDED.RATA_SUM_ID, GROSS_UNIT_LOAD = EXCLUDED.GROSS_UNIT_LOAD, RUN_NUM = EXCLUDED.RUN_NUM, CEM_VALUE = EXCLUDED.CEM_VALUE, RATA_REF_VALUE = EXCLUDED.RATA_REF_VALUE, CALC_RATA_REF_VALUE = EXCLUDED.CALC_RATA_REF_VALUE, RUN_STATUS_CD = EXCLUDED.RUN_STATUS_CD, BEGIN_DATE = EXCLUDED.BEGIN_DATE, BEGIN_HOUR = EXCLUDED.BEGIN_HOUR, BEGIN_MIN = EXCLUDED.BEGIN_MIN, END_DATE = EXCLUDED.END_DATE, END_HOUR = EXCLUDED.END_HOUR, END_MIN = EXCLUDED.END_MIN, USERID = EXCLUDED.USERID, ADD_DATE = EXCLUDED.ADD_DATE, UPDATE_DATE = EXCLUDED.UPDATE_DATE;
/* ORIS:      3    Location: 6A        Test Type: RATA       Test Num: 201802270921MA3       SQL Ord:    8 */ insert into camdecmpswks.RATA_RUN ( RATA_RUN_ID, RATA_SUM_ID, GROSS_UNIT_LOAD, RUN_NUM, CEM_VALUE, RATA_REF_VALUE, CALC_RATA_REF_VALUE, RUN_STATUS_CD, BEGIN_DATE, BEGIN_HOUR, BEGIN_MIN, END_DATE, END_HOUR, END_MIN, USERID, ADD_DATE, UPDATE_DATE ) values ( 'TWCORNEL5-16573602A50D4BDB98D41A838A258586', 'TWCORNEL5-F87720D5C9DB4785AD28EFBDAB43F56B', 268, 3, 0.00800, 0.00900, NULL, 'RUNUSED', '2018-02-27', 10, 21, '2018-02-27', 10, 42, 'bvick', '2018-04-23 10:17:25', NULL ) on conflict (RATA_RUN_ID) do update set RATA_SUM_ID = EXCLUDED.RATA_SUM_ID, GROSS_UNIT_LOAD = EXCLUDED.GROSS_UNIT_LOAD, RUN_NUM = EXCLUDED.RUN_NUM, CEM_VALUE = EXCLUDED.CEM_VALUE, RATA_REF_VALUE = EXCLUDED.RATA_REF_VALUE, CALC_RATA_REF_VALUE = EXCLUDED.CALC_RATA_REF_VALUE, RUN_STATUS_CD = EXCLUDED.RUN_STATUS_CD, BEGIN_DATE = EXCLUDED.BEGIN_DATE, BEGIN_HOUR = EXCLUDED.BEGIN_HOUR, BEGIN_MIN = EXCLUDED.BEGIN_MIN, END_DATE = EXCLUDED.END_DATE, END_HOUR = EXCLUDED.END_HOUR, END_MIN = EXCLUDED.END_MIN, USERID = EXCLUDED.USERID, ADD_DATE = EXCLUDED.ADD_DATE, UPDATE_DATE = EXCLUDED.UPDATE_DATE;
/* ORIS:      3    Location: 6A        Test Type: RATA       Test Num: 201802270921MA3       SQL Ord:    8 */ insert into camdecmpswks.RATA_RUN ( RATA_RUN_ID, RATA_SUM_ID, GROSS_UNIT_LOAD, RUN_NUM, CEM_VALUE, RATA_REF_VALUE, CALC_RATA_REF_VALUE, RUN_STATUS_CD, BEGIN_DATE, BEGIN_HOUR, BEGIN_MIN, END_DATE, END_HOUR, END_MIN, USERID, ADD_DATE, UPDATE_DATE ) values ( 'TWCORNEL5-5ACD41ECB14A4286B6A94E923D59E735', 'TWCORNEL5-F87720D5C9DB4785AD28EFBDAB43F56B', 270, 1, 0.00800, 0.00900, NULL, 'RUNUSED', '2018-02-27', 9, 21, '2018-02-27', 9, 42, 'bvick', '2018-04-23 10:17:25', NULL ) on conflict (RATA_RUN_ID) do update set RATA_SUM_ID = EXCLUDED.RATA_SUM_ID, GROSS_UNIT_LOAD = EXCLUDED.GROSS_UNIT_LOAD, RUN_NUM = EXCLUDED.RUN_NUM, CEM_VALUE = EXCLUDED.CEM_VALUE, RATA_REF_VALUE = EXCLUDED.RATA_REF_VALUE, CALC_RATA_REF_VALUE = EXCLUDED.CALC_RATA_REF_VALUE, RUN_STATUS_CD = EXCLUDED.RUN_STATUS_CD, BEGIN_DATE = EXCLUDED.BEGIN_DATE, BEGIN_HOUR = EXCLUDED.BEGIN_HOUR, BEGIN_MIN = EXCLUDED.BEGIN_MIN, END_DATE = EXCLUDED.END_DATE, END_HOUR = EXCLUDED.END_HOUR, END_MIN = EXCLUDED.END_MIN, USERID = EXCLUDED.USERID, ADD_DATE = EXCLUDED.ADD_DATE, UPDATE_DATE = EXCLUDED.UPDATE_DATE;
/* ORIS:      3    Location: 6A        Test Type: RATA       Test Num: 201802270921MA3       SQL Ord:    8 */ insert into camdecmpswks.RATA_RUN ( RATA_RUN_ID, RATA_SUM_ID, GROSS_UNIT_LOAD, RUN_NUM, CEM_VALUE, RATA_REF_VALUE, CALC_RATA_REF_VALUE, RUN_STATUS_CD, BEGIN_DATE, BEGIN_HOUR, BEGIN_MIN, END_DATE, END_HOUR, END_MIN, USERID, ADD_DATE, UPDATE_DATE ) values ( 'TWCORNEL5-7E9885BA52BA413CB04C56E4C0D4BFDC', 'TWCORNEL5-F87720D5C9DB4785AD28EFBDAB43F56B', 270, 2, 0.00800, 0.00900, NULL, 'RUNUSED', '2018-02-27', 9, 52, '2018-02-27', 10, 13, 'bvick', '2018-04-23 10:17:25', NULL ) on conflict (RATA_RUN_ID) do update set RATA_SUM_ID = EXCLUDED.RATA_SUM_ID, GROSS_UNIT_LOAD = EXCLUDED.GROSS_UNIT_LOAD, RUN_NUM = EXCLUDED.RUN_NUM, CEM_VALUE = EXCLUDED.CEM_VALUE, RATA_REF_VALUE = EXCLUDED.RATA_REF_VALUE, CALC_RATA_REF_VALUE = EXCLUDED.CALC_RATA_REF_VALUE, RUN_STATUS_CD = EXCLUDED.RUN_STATUS_CD, BEGIN_DATE = EXCLUDED.BEGIN_DATE, BEGIN_HOUR = EXCLUDED.BEGIN_HOUR, BEGIN_MIN = EXCLUDED.BEGIN_MIN, END_DATE = EXCLUDED.END_DATE, END_HOUR = EXCLUDED.END_HOUR, END_MIN = EXCLUDED.END_MIN, USERID = EXCLUDED.USERID, ADD_DATE = EXCLUDED.ADD_DATE, UPDATE_DATE = EXCLUDED.UPDATE_DATE;
/* ORIS:      3    Location: 6A        Test Type: RATA       Test Num: 201802270921MA3       SQL Ord:    8 */ insert into camdecmpswks.RATA_RUN ( RATA_RUN_ID, RATA_SUM_ID, GROSS_UNIT_LOAD, RUN_NUM, CEM_VALUE, RATA_REF_VALUE, CALC_RATA_REF_VALUE, RUN_STATUS_CD, BEGIN_DATE, BEGIN_HOUR, BEGIN_MIN, END_DATE, END_HOUR, END_MIN, USERID, ADD_DATE, UPDATE_DATE ) values ( 'TWCORNEL5-B7A76E795C894075AAA5BEB7670CCCA5', 'TWCORNEL5-F87720D5C9DB4785AD28EFBDAB43F56B', 261, 9, 0.00800, 0.00800, NULL, 'RUNUSED', '2018-02-27', 13, 24, '2018-02-27', 13, 45, 'bvick', '2018-04-23 10:17:25', NULL ) on conflict (RATA_RUN_ID) do update set RATA_SUM_ID = EXCLUDED.RATA_SUM_ID, GROSS_UNIT_LOAD = EXCLUDED.GROSS_UNIT_LOAD, RUN_NUM = EXCLUDED.RUN_NUM, CEM_VALUE = EXCLUDED.CEM_VALUE, RATA_REF_VALUE = EXCLUDED.RATA_REF_VALUE, CALC_RATA_REF_VALUE = EXCLUDED.CALC_RATA_REF_VALUE, RUN_STATUS_CD = EXCLUDED.RUN_STATUS_CD, BEGIN_DATE = EXCLUDED.BEGIN_DATE, BEGIN_HOUR = EXCLUDED.BEGIN_HOUR, BEGIN_MIN = EXCLUDED.BEGIN_MIN, END_DATE = EXCLUDED.END_DATE, END_HOUR = EXCLUDED.END_HOUR, END_MIN = EXCLUDED.END_MIN, USERID = EXCLUDED.USERID, ADD_DATE = EXCLUDED.ADD_DATE, UPDATE_DATE = EXCLUDED.UPDATE_DATE;
/* ORIS:      3    Location: 6A        Test Type: RATA       Test Num: 201802270921MA3       SQL Ord:    8 */ insert into camdecmpswks.RATA_RUN ( RATA_RUN_ID, RATA_SUM_ID, GROSS_UNIT_LOAD, RUN_NUM, CEM_VALUE, RATA_REF_VALUE, CALC_RATA_REF_VALUE, RUN_STATUS_CD, BEGIN_DATE, BEGIN_HOUR, BEGIN_MIN, END_DATE, END_HOUR, END_MIN, USERID, ADD_DATE, UPDATE_DATE ) values ( 'TWCORNEL5-CF0D02ECDB134990A1D9E7A3693B210D', 'TWCORNEL5-F87720D5C9DB4785AD28EFBDAB43F56B', 263, 7, 0.00800, 0.00800, NULL, 'RUNUSED', '2018-02-27', 12, 24, '2018-02-27', 12, 45, 'bvick', '2018-04-23 10:17:25', NULL ) on conflict (RATA_RUN_ID) do update set RATA_SUM_ID = EXCLUDED.RATA_SUM_ID, GROSS_UNIT_LOAD = EXCLUDED.GROSS_UNIT_LOAD, RUN_NUM = EXCLUDED.RUN_NUM, CEM_VALUE = EXCLUDED.CEM_VALUE, RATA_REF_VALUE = EXCLUDED.RATA_REF_VALUE, CALC_RATA_REF_VALUE = EXCLUDED.CALC_RATA_REF_VALUE, RUN_STATUS_CD = EXCLUDED.RUN_STATUS_CD, BEGIN_DATE = EXCLUDED.BEGIN_DATE, BEGIN_HOUR = EXCLUDED.BEGIN_HOUR, BEGIN_MIN = EXCLUDED.BEGIN_MIN, END_DATE = EXCLUDED.END_DATE, END_HOUR = EXCLUDED.END_HOUR, END_MIN = EXCLUDED.END_MIN, USERID = EXCLUDED.USERID, ADD_DATE = EXCLUDED.ADD_DATE, UPDATE_DATE = EXCLUDED.UPDATE_DATE;
/* ORIS:      3    Location: 6A        Test Type: RATA       Test Num: 201802270921MA3       SQL Ord:    8 */ insert into camdecmpswks.RATA_RUN ( RATA_RUN_ID, RATA_SUM_ID, GROSS_UNIT_LOAD, RUN_NUM, CEM_VALUE, RATA_REF_VALUE, CALC_RATA_REF_VALUE, RUN_STATUS_CD, BEGIN_DATE, BEGIN_HOUR, BEGIN_MIN, END_DATE, END_HOUR, END_MIN, USERID, ADD_DATE, UPDATE_DATE ) values ( 'TWCORNEL5-EB3887FEED0C4F829A3114FD03F7F5DC', 'TWCORNEL5-F87720D5C9DB4785AD28EFBDAB43F56B', 264, 5, 0.00800, 0.00900, NULL, 'RUNUSED', '2018-02-27', 11, 22, '2018-02-27', 11, 43, 'bvick', '2018-04-23 10:17:25', NULL ) on conflict (RATA_RUN_ID) do update set RATA_SUM_ID = EXCLUDED.RATA_SUM_ID, GROSS_UNIT_LOAD = EXCLUDED.GROSS_UNIT_LOAD, RUN_NUM = EXCLUDED.RUN_NUM, CEM_VALUE = EXCLUDED.CEM_VALUE, RATA_REF_VALUE = EXCLUDED.RATA_REF_VALUE, CALC_RATA_REF_VALUE = EXCLUDED.CALC_RATA_REF_VALUE, RUN_STATUS_CD = EXCLUDED.RUN_STATUS_CD, BEGIN_DATE = EXCLUDED.BEGIN_DATE, BEGIN_HOUR = EXCLUDED.BEGIN_HOUR, BEGIN_MIN = EXCLUDED.BEGIN_MIN, END_DATE = EXCLUDED.END_DATE, END_HOUR = EXCLUDED.END_HOUR, END_MIN = EXCLUDED.END_MIN, USERID = EXCLUDED.USERID, ADD_DATE = EXCLUDED.ADD_DATE, UPDATE_DATE = EXCLUDED.UPDATE_DATE;
/* ORIS:      3    Location: 6A        Test Type: RATA       Test Num: 201802270921MA3       SQL Ord:    8 */ insert into camdecmpswks.RATA_RUN ( RATA_RUN_ID, RATA_SUM_ID, GROSS_UNIT_LOAD, RUN_NUM, CEM_VALUE, RATA_REF_VALUE, CALC_RATA_REF_VALUE, RUN_STATUS_CD, BEGIN_DATE, BEGIN_HOUR, BEGIN_MIN, END_DATE, END_HOUR, END_MIN, USERID, ADD_DATE, UPDATE_DATE ) values ( 'TWCORNEL5-F9FF36888ECC4D02B64E5843491B3322', 'TWCORNEL5-F87720D5C9DB4785AD28EFBDAB43F56B', 264, 6, 0.00800, 0.00800, NULL, 'RUNUSED', '2018-02-27', 11, 52, '2018-02-27', 12, 13, 'bvick', '2018-04-23 10:17:25', NULL ) on conflict (RATA_RUN_ID) do update set RATA_SUM_ID = EXCLUDED.RATA_SUM_ID, GROSS_UNIT_LOAD = EXCLUDED.GROSS_UNIT_LOAD, RUN_NUM = EXCLUDED.RUN_NUM, CEM_VALUE = EXCLUDED.CEM_VALUE, RATA_REF_VALUE = EXCLUDED.RATA_REF_VALUE, CALC_RATA_REF_VALUE = EXCLUDED.CALC_RATA_REF_VALUE, RUN_STATUS_CD = EXCLUDED.RUN_STATUS_CD, BEGIN_DATE = EXCLUDED.BEGIN_DATE, BEGIN_HOUR = EXCLUDED.BEGIN_HOUR, BEGIN_MIN = EXCLUDED.BEGIN_MIN, END_DATE = EXCLUDED.END_DATE, END_HOUR = EXCLUDED.END_HOUR, END_MIN = EXCLUDED.END_MIN, USERID = EXCLUDED.USERID, ADD_DATE = EXCLUDED.ADD_DATE, UPDATE_DATE = EXCLUDED.UPDATE_DATE;
/* ORIS:      3    Location: 6A        Test Type: RATA       Test Num: 201901220932MA3       SQL Ord:    1 */ delete from camdecmpswks.TEST_SUMMARY where TEST_SUM_ID = 'TWCORNEL5-6CAA42CFC0EE44A3BFC1878FE0EA59EF';
/* ORIS:      3    Location: 6A        Test Type: RATA       Test Num: 201901220932MA3       SQL Ord:    2 */ insert into camdecmpswks.TEST_SUMMARY ( TEST_SUM_ID, MON_LOC_ID, TEST_TYPE_CD, TEST_NUM, MON_SYS_ID, COMPONENT_ID, GP_IND, TEST_REASON_CD, TEST_RESULT_CD, RPT_PERIOD_ID, BEGIN_DATE, BEGIN_HOUR, BEGIN_MIN, END_DATE, END_HOUR, END_MIN, SPAN_SCALE_CD, INJECTION_PROTOCOL_CD, TEST_COMMENT, TEST_DESCRIPTION, CALC_GP_IND, CALC_TEST_RESULT_CD, CALC_SPAN_VALUE, LAST_UPDATED, UPDATED_STATUS_FLG, NEEDS_EVAL_FLG, CHK_SESSION_ID, USERID, ADD_DATE, UPDATE_DATE ) values ( 'TWCORNEL5-6CAA42CFC0EE44A3BFC1878FE0EA59EF', '2706', 'RATA', '201901220932MA3', 'CAMD-5FAA2DEC1413455FBDB5C148AF7FF02F', NULL, 0, 'RECERT', 'PASSED', NULL, '2019-01-22', 9, 32, '2019-01-22', 14, 8, NULL, NULL, NULL, NULL, NULL, 'PASSED', NULL, '2021-12-08 15:10:26', 'Y', 'N', 'CAMD-WIN81-288D41E7CD5B44BB89D259AB6E6BF2DF', 'bvick', '2019-04-24 20:10:29', '2021-12-08 15:10:30' ) on conflict (TEST_SUM_ID) do update set MON_LOC_ID = EXCLUDED.MON_LOC_ID, TEST_TYPE_CD = EXCLUDED.TEST_TYPE_CD, TEST_NUM = EXCLUDED.TEST_NUM, MON_SYS_ID = EXCLUDED.MON_SYS_ID, COMPONENT_ID = EXCLUDED.COMPONENT_ID, GP_IND = EXCLUDED.GP_IND, TEST_REASON_CD = EXCLUDED.TEST_REASON_CD, TEST_RESULT_CD = EXCLUDED.TEST_RESULT_CD, RPT_PERIOD_ID = EXCLUDED.RPT_PERIOD_ID, BEGIN_DATE = EXCLUDED.BEGIN_DATE, BEGIN_HOUR = EXCLUDED.BEGIN_HOUR, BEGIN_MIN = EXCLUDED.BEGIN_MIN, END_DATE = EXCLUDED.END_DATE, END_HOUR = EXCLUDED.END_HOUR, END_MIN = EXCLUDED.END_MIN, SPAN_SCALE_CD = EXCLUDED.SPAN_SCALE_CD, INJECTION_PROTOCOL_CD = EXCLUDED.INJECTION_PROTOCOL_CD, TEST_COMMENT = EXCLUDED.TEST_COMMENT, TEST_DESCRIPTION = EXCLUDED.TEST_DESCRIPTION, CALC_GP_IND = EXCLUDED.CALC_GP_IND, CALC_TEST_RESULT_CD = EXCLUDED.CALC_TEST_RESULT_CD, CALC_SPAN_VALUE = EXCLUDED.CALC_SPAN_VALUE, LAST_UPDATED = EXCLUDED.LAST_UPDATED, UPDATED_STATUS_FLG = EXCLUDED.UPDATED_STATUS_FLG, NEEDS_EVAL_FLG = EXCLUDED.NEEDS_EVAL_FLG, CHK_SESSION_ID = EXCLUDED.CHK_SESSION_ID, USERID = EXCLUDED.USERID, ADD_DATE = EXCLUDED.ADD_DATE, UPDATE_DATE = EXCLUDED.UPDATE_DATE;
/* ORIS:      3    Location: 6A        Test Type: RATA       Test Num: 201901220932MA3       SQL Ord:    3 */ insert into camdecmpswks.PROTOCOL_GAS ( PROTOCOL_GAS_ID, TEST_SUM_ID, GAS_LEVEL_CD, GAS_TYPE_CD, VENDOR_ID, CYLINDER_ID, EXPIRATION_DATE, USERID, ADD_DATE, UPDATE_DATE ) values ( 'TWCORNEL5-27395E429D794FBF8DC93F107656781A', 'TWCORNEL5-6CAA42CFC0EE44A3BFC1878FE0EA59EF', 'LOW', 'ZERO', NULL, NULL, NULL, 'bvick', '2019-04-24 20:10:30', NULL ) on conflict (PROTOCOL_GAS_ID) do update set TEST_SUM_ID = EXCLUDED.TEST_SUM_ID, GAS_LEVEL_CD = EXCLUDED.GAS_LEVEL_CD, GAS_TYPE_CD = EXCLUDED.GAS_TYPE_CD, VENDOR_ID = EXCLUDED.VENDOR_ID, CYLINDER_ID = EXCLUDED.CYLINDER_ID, EXPIRATION_DATE = EXCLUDED.EXPIRATION_DATE, USERID = EXCLUDED.USERID, ADD_DATE = EXCLUDED.ADD_DATE, UPDATE_DATE = EXCLUDED.UPDATE_DATE;
/* ORIS:      3    Location: 6A        Test Type: RATA       Test Num: 201901220932MA3       SQL Ord:    3 */ insert into camdecmpswks.PROTOCOL_GAS ( PROTOCOL_GAS_ID, TEST_SUM_ID, GAS_LEVEL_CD, GAS_TYPE_CD, VENDOR_ID, CYLINDER_ID, EXPIRATION_DATE, USERID, ADD_DATE, UPDATE_DATE ) values ( 'TWCORNEL5-3B73043656DE4A1B908DB3949DE33E12', 'TWCORNEL5-6CAA42CFC0EE44A3BFC1878FE0EA59EF', 'HIGH', 'NO,NOX,BALN', 'B22017', 'CC365215', '2020-04-12', 'bvick', '2019-04-24 20:10:30', NULL ) on conflict (PROTOCOL_GAS_ID) do update set TEST_SUM_ID = EXCLUDED.TEST_SUM_ID, GAS_LEVEL_CD = EXCLUDED.GAS_LEVEL_CD, GAS_TYPE_CD = EXCLUDED.GAS_TYPE_CD, VENDOR_ID = EXCLUDED.VENDOR_ID, CYLINDER_ID = EXCLUDED.CYLINDER_ID, EXPIRATION_DATE = EXCLUDED.EXPIRATION_DATE, USERID = EXCLUDED.USERID, ADD_DATE = EXCLUDED.ADD_DATE, UPDATE_DATE = EXCLUDED.UPDATE_DATE;
/* ORIS:      3    Location: 6A        Test Type: RATA       Test Num: 201901220932MA3       SQL Ord:    3 */ insert into camdecmpswks.PROTOCOL_GAS ( PROTOCOL_GAS_ID, TEST_SUM_ID, GAS_LEVEL_CD, GAS_TYPE_CD, VENDOR_ID, CYLINDER_ID, EXPIRATION_DATE, USERID, ADD_DATE, UPDATE_DATE ) values ( 'TWCORNEL5-3EC623DF9C134F7A8AB5433356AF10B1', 'TWCORNEL5-6CAA42CFC0EE44A3BFC1878FE0EA59EF', 'HIGH', 'CO2,BALN', 'B22017', 'ALM-055199', '2025-12-26', 'bvick', '2019-04-24 20:10:30', NULL ) on conflict (PROTOCOL_GAS_ID) do update set TEST_SUM_ID = EXCLUDED.TEST_SUM_ID, GAS_LEVEL_CD = EXCLUDED.GAS_LEVEL_CD, GAS_TYPE_CD = EXCLUDED.GAS_TYPE_CD, VENDOR_ID = EXCLUDED.VENDOR_ID, CYLINDER_ID = EXCLUDED.CYLINDER_ID, EXPIRATION_DATE = EXCLUDED.EXPIRATION_DATE, USERID = EXCLUDED.USERID, ADD_DATE = EXCLUDED.ADD_DATE, UPDATE_DATE = EXCLUDED.UPDATE_DATE;
/* ORIS:      3    Location: 6A        Test Type: RATA       Test Num: 201901220932MA3       SQL Ord:    3 */ insert into camdecmpswks.PROTOCOL_GAS ( PROTOCOL_GAS_ID, TEST_SUM_ID, GAS_LEVEL_CD, GAS_TYPE_CD, VENDOR_ID, CYLINDER_ID, EXPIRATION_DATE, USERID, ADD_DATE, UPDATE_DATE ) values ( 'TWCORNEL5-6322EF421EC747DB82B7C20129A42CCE', 'TWCORNEL5-6CAA42CFC0EE44A3BFC1878FE0EA59EF', 'LOW', 'ZERO', NULL, NULL, NULL, 'bvick', '2019-04-24 20:10:30', NULL ) on conflict (PROTOCOL_GAS_ID) do update set TEST_SUM_ID = EXCLUDED.TEST_SUM_ID, GAS_LEVEL_CD = EXCLUDED.GAS_LEVEL_CD, GAS_TYPE_CD = EXCLUDED.GAS_TYPE_CD, VENDOR_ID = EXCLUDED.VENDOR_ID, CYLINDER_ID = EXCLUDED.CYLINDER_ID, EXPIRATION_DATE = EXCLUDED.EXPIRATION_DATE, USERID = EXCLUDED.USERID, ADD_DATE = EXCLUDED.ADD_DATE, UPDATE_DATE = EXCLUDED.UPDATE_DATE;
/* ORIS:      3    Location: 6A        Test Type: RATA       Test Num: 201901220932MA3       SQL Ord:    3 */ insert into camdecmpswks.PROTOCOL_GAS ( PROTOCOL_GAS_ID, TEST_SUM_ID, GAS_LEVEL_CD, GAS_TYPE_CD, VENDOR_ID, CYLINDER_ID, EXPIRATION_DATE, USERID, ADD_DATE, UPDATE_DATE ) values ( 'TWCORNEL5-B73236FB5D0243829F83AF9D02AE5439', 'TWCORNEL5-6CAA42CFC0EE44A3BFC1878FE0EA59EF', 'MID', 'NO,NOX,BALN', 'B22017', 'CC410861', '2020-04-14', 'bvick', '2019-04-24 20:10:30', NULL ) on conflict (PROTOCOL_GAS_ID) do update set TEST_SUM_ID = EXCLUDED.TEST_SUM_ID, GAS_LEVEL_CD = EXCLUDED.GAS_LEVEL_CD, GAS_TYPE_CD = EXCLUDED.GAS_TYPE_CD, VENDOR_ID = EXCLUDED.VENDOR_ID, CYLINDER_ID = EXCLUDED.CYLINDER_ID, EXPIRATION_DATE = EXCLUDED.EXPIRATION_DATE, USERID = EXCLUDED.USERID, ADD_DATE = EXCLUDED.ADD_DATE, UPDATE_DATE = EXCLUDED.UPDATE_DATE;
/* ORIS:      3    Location: 6A        Test Type: RATA       Test Num: 201901220932MA3       SQL Ord:    3 */ insert into camdecmpswks.PROTOCOL_GAS ( PROTOCOL_GAS_ID, TEST_SUM_ID, GAS_LEVEL_CD, GAS_TYPE_CD, VENDOR_ID, CYLINDER_ID, EXPIRATION_DATE, USERID, ADD_DATE, UPDATE_DATE ) values ( 'TWCORNEL5-BEC82F41A6B746888427087EEF08F61E', 'TWCORNEL5-6CAA42CFC0EE44A3BFC1878FE0EA59EF', 'MID', 'CO2,BALN', 'B22018', 'CC341312', '2026-04-23', 'bvick', '2019-04-24 20:10:30', NULL ) on conflict (PROTOCOL_GAS_ID) do update set TEST_SUM_ID = EXCLUDED.TEST_SUM_ID, GAS_LEVEL_CD = EXCLUDED.GAS_LEVEL_CD, GAS_TYPE_CD = EXCLUDED.GAS_TYPE_CD, VENDOR_ID = EXCLUDED.VENDOR_ID, CYLINDER_ID = EXCLUDED.CYLINDER_ID, EXPIRATION_DATE = EXCLUDED.EXPIRATION_DATE, USERID = EXCLUDED.USERID, ADD_DATE = EXCLUDED.ADD_DATE, UPDATE_DATE = EXCLUDED.UPDATE_DATE;
/* ORIS:      3    Location: 6A        Test Type: RATA       Test Num: 201901220932MA3       SQL Ord:    4 */ insert into camdecmpswks.AIR_EMISSION_TESTING ( AIR_EMISSION_TEST_ID, TEST_SUM_ID, QI_LAST_NAME, QI_FIRST_NAME, QI_MIDDLE_INITIAL, AETB_NAME, AETB_PHONE_NUMBER, AETB_EMAIL, EXAM_DATE, PROVIDER_NAME, PROVIDER_EMAIL, ADD_DATE, UPDATE_DATE, USERID ) values ( 'TWCORNEL5-FCCF907ECF8D481296874B40549A61E2', 'TWCORNEL5-6CAA42CFC0EE44A3BFC1878FE0EA59EF', 'Rew', 'Judd', '3', 'Alabama Power Field Services Air Quality', '251-331-7560', 'jmrew@southernco.com', '2014-12-19', 'Source Evaluation Society', 'qstiprogram@gmail.com', '2021-12-08 15:01:22', '2021-12-08 15:10:26', 'bvick' ) on conflict (AIR_EMISSION_TEST_ID) do update set TEST_SUM_ID = EXCLUDED.TEST_SUM_ID, QI_LAST_NAME = EXCLUDED.QI_LAST_NAME, QI_FIRST_NAME = EXCLUDED.QI_FIRST_NAME, QI_MIDDLE_INITIAL = EXCLUDED.QI_MIDDLE_INITIAL, AETB_NAME = EXCLUDED.AETB_NAME, AETB_PHONE_NUMBER = EXCLUDED.AETB_PHONE_NUMBER, AETB_EMAIL = EXCLUDED.AETB_EMAIL, EXAM_DATE = EXCLUDED.EXAM_DATE, PROVIDER_NAME = EXCLUDED.PROVIDER_NAME, PROVIDER_EMAIL = EXCLUDED.PROVIDER_EMAIL, ADD_DATE = EXCLUDED.ADD_DATE, UPDATE_DATE = EXCLUDED.UPDATE_DATE, USERID = EXCLUDED.USERID;
/* ORIS:      3    Location: 6A        Test Type: RATA       Test Num: 201901220932MA3       SQL Ord:    6 */ insert into camdecmpswks.RATA ( RATA_ID, TEST_SUM_ID, RATA_FREQUENCY_CD, CALC_RATA_FREQUENCY_CD, RELATIVE_ACCURACY, CALC_RELATIVE_ACCURACY, OVERALL_BIAS_ADJ_FACTOR, CALC_OVERALL_BIAS_ADJ_FACTOR, NUM_LOAD_LEVEL, CALC_NUM_LOAD_LEVEL, USERID, ADD_DATE, UPDATE_DATE ) values ( 'TWCORNEL5-6F3F36D899CF465EA17D44AAB8CEABA5', 'TWCORNEL5-6CAA42CFC0EE44A3BFC1878FE0EA59EF', '4QTRS', '4QTRS', 0.00, 0.00, 1.000, 1.000, 1, 1, 'bvick', '2019-04-24 20:10:30', '2021-12-08 15:10:30' ) on conflict (RATA_ID) do update set TEST_SUM_ID = EXCLUDED.TEST_SUM_ID, RATA_FREQUENCY_CD = EXCLUDED.RATA_FREQUENCY_CD, CALC_RATA_FREQUENCY_CD = EXCLUDED.CALC_RATA_FREQUENCY_CD, RELATIVE_ACCURACY = EXCLUDED.RELATIVE_ACCURACY, CALC_RELATIVE_ACCURACY = EXCLUDED.CALC_RELATIVE_ACCURACY, OVERALL_BIAS_ADJ_FACTOR = EXCLUDED.OVERALL_BIAS_ADJ_FACTOR, CALC_OVERALL_BIAS_ADJ_FACTOR = EXCLUDED.CALC_OVERALL_BIAS_ADJ_FACTOR, NUM_LOAD_LEVEL = EXCLUDED.NUM_LOAD_LEVEL, CALC_NUM_LOAD_LEVEL = EXCLUDED.CALC_NUM_LOAD_LEVEL, USERID = EXCLUDED.USERID, ADD_DATE = EXCLUDED.ADD_DATE, UPDATE_DATE = EXCLUDED.UPDATE_DATE;
/* ORIS:      3    Location: 6A        Test Type: RATA       Test Num: 201901220932MA3       SQL Ord:    7 */ insert into camdecmpswks.RATA_SUMMARY ( RATA_SUM_ID, RATA_ID, RELATIVE_ACCURACY, CALC_RELATIVE_ACCURACY, BIAS_ADJ_FACTOR, CALC_BIAS_ADJ_FACTOR, MEAN_CEM_VALUE, CALC_MEAN_CEM_VALUE, MEAN_RATA_REF_VALUE, CALC_MEAN_RATA_REF_VALUE, OP_LEVEL_CD, MEAN_DIFF, CALC_MEAN_DIFF, DEFAULT_WAF, AVG_GROSS_UNIT_LOAD, CALC_AVG_GROSS_UNIT_LOAD, APS_IND, CALC_APS_IND, STND_DEV_DIFF, CALC_STND_DEV_DIFF, CONFIDENCE_COEF, CALC_CONFIDENCE_COEF, CO2_O2_REF_METHOD_CD, REF_METHOD_CD, T_VALUE, CALC_T_VALUE, STACK_DIAMETER, STACK_AREA, CALC_STACK_AREA, CALC_WAF, CALC_CALC_WAF, NUM_TRAVERSE_POINT, USERID, ADD_DATE, UPDATE_DATE, APS_CD ) values ( 'TWCORNEL5-352A3E0430DA498B830C62BA25B1BE51', 'TWCORNEL5-6F3F36D899CF465EA17D44AAB8CEABA5', 0.00, 0.00, 1.000, 1.000, 0.00800, 0.00800, 0.00800, 0.00800, 'H', 0.00000, 0.00000, NULL, 277, 277, 0, 0, 0.00000, 0.00000, 0.00000, 0.00000, NULL, '7E,3A', 2.306, 2.306, NULL, NULL, NULL, NULL, NULL, NULL, 'bvick', '2019-04-24 20:10:30', '2021-12-08 15:10:30', NULL ) on conflict (RATA_SUM_ID) do update set RATA_ID = EXCLUDED.RATA_ID, RELATIVE_ACCURACY = EXCLUDED.RELATIVE_ACCURACY, CALC_RELATIVE_ACCURACY = EXCLUDED.CALC_RELATIVE_ACCURACY, BIAS_ADJ_FACTOR = EXCLUDED.BIAS_ADJ_FACTOR, CALC_BIAS_ADJ_FACTOR = EXCLUDED.CALC_BIAS_ADJ_FACTOR, MEAN_CEM_VALUE = EXCLUDED.MEAN_CEM_VALUE, CALC_MEAN_CEM_VALUE = EXCLUDED.CALC_MEAN_CEM_VALUE, MEAN_RATA_REF_VALUE = EXCLUDED.MEAN_RATA_REF_VALUE, CALC_MEAN_RATA_REF_VALUE = EXCLUDED.CALC_MEAN_RATA_REF_VALUE, OP_LEVEL_CD = EXCLUDED.OP_LEVEL_CD, MEAN_DIFF = EXCLUDED.MEAN_DIFF, CALC_MEAN_DIFF = EXCLUDED.CALC_MEAN_DIFF, DEFAULT_WAF = EXCLUDED.DEFAULT_WAF, AVG_GROSS_UNIT_LOAD = EXCLUDED.AVG_GROSS_UNIT_LOAD, CALC_AVG_GROSS_UNIT_LOAD = EXCLUDED.CALC_AVG_GROSS_UNIT_LOAD, APS_IND = EXCLUDED.APS_IND, CALC_APS_IND = EXCLUDED.CALC_APS_IND, STND_DEV_DIFF = EXCLUDED.STND_DEV_DIFF, CALC_STND_DEV_DIFF = EXCLUDED.CALC_STND_DEV_DIFF, CONFIDENCE_COEF = EXCLUDED.CONFIDENCE_COEF, CALC_CONFIDENCE_COEF = EXCLUDED.CALC_CONFIDENCE_COEF, CO2_O2_REF_METHOD_CD = EXCLUDED.CO2_O2_REF_METHOD_CD, REF_METHOD_CD = EXCLUDED.REF_METHOD_CD, T_VALUE = EXCLUDED.T_VALUE, CALC_T_VALUE = EXCLUDED.CALC_T_VALUE, STACK_DIAMETER = EXCLUDED.STACK_DIAMETER, STACK_AREA = EXCLUDED.STACK_AREA, CALC_STACK_AREA = EXCLUDED.CALC_STACK_AREA, CALC_WAF = EXCLUDED.CALC_WAF, CALC_CALC_WAF = EXCLUDED.CALC_CALC_WAF, NUM_TRAVERSE_POINT = EXCLUDED.NUM_TRAVERSE_POINT, APS_CD = EXCLUDED.APS_CD, USERID = EXCLUDED.USERID, ADD_DATE = EXCLUDED.ADD_DATE, UPDATE_DATE = EXCLUDED.UPDATE_DATE;
/* ORIS:      3    Location: 6A        Test Type: RATA       Test Num: 201901220932MA3       SQL Ord:    8 */ insert into camdecmpswks.RATA_RUN ( RATA_RUN_ID, RATA_SUM_ID, GROSS_UNIT_LOAD, RUN_NUM, CEM_VALUE, RATA_REF_VALUE, CALC_RATA_REF_VALUE, RUN_STATUS_CD, BEGIN_DATE, BEGIN_HOUR, BEGIN_MIN, END_DATE, END_HOUR, END_MIN, USERID, ADD_DATE, UPDATE_DATE ) values ( 'TWCORNEL5-6B6CD7D0E0F64DA6B65BAD022AC64885', 'TWCORNEL5-352A3E0430DA498B830C62BA25B1BE51', 280, 5, 0.00800, 0.00800, NULL, 'RUNUSED', '2019-01-22', 11, 42, '2019-01-22', 12, 3, 'bvick', '2019-04-24 20:10:30', NULL ) on conflict (RATA_RUN_ID) do update set RATA_SUM_ID = EXCLUDED.RATA_SUM_ID, GROSS_UNIT_LOAD = EXCLUDED.GROSS_UNIT_LOAD, RUN_NUM = EXCLUDED.RUN_NUM, CEM_VALUE = EXCLUDED.CEM_VALUE, RATA_REF_VALUE = EXCLUDED.RATA_REF_VALUE, CALC_RATA_REF_VALUE = EXCLUDED.CALC_RATA_REF_VALUE, RUN_STATUS_CD = EXCLUDED.RUN_STATUS_CD, BEGIN_DATE = EXCLUDED.BEGIN_DATE, BEGIN_HOUR = EXCLUDED.BEGIN_HOUR, BEGIN_MIN = EXCLUDED.BEGIN_MIN, END_DATE = EXCLUDED.END_DATE, END_HOUR = EXCLUDED.END_HOUR, END_MIN = EXCLUDED.END_MIN, USERID = EXCLUDED.USERID, ADD_DATE = EXCLUDED.ADD_DATE, UPDATE_DATE = EXCLUDED.UPDATE_DATE;
/* ORIS:      3    Location: 6A        Test Type: RATA       Test Num: 201901220932MA3       SQL Ord:    8 */ insert into camdecmpswks.RATA_RUN ( RATA_RUN_ID, RATA_SUM_ID, GROSS_UNIT_LOAD, RUN_NUM, CEM_VALUE, RATA_REF_VALUE, CALC_RATA_REF_VALUE, RUN_STATUS_CD, BEGIN_DATE, BEGIN_HOUR, BEGIN_MIN, END_DATE, END_HOUR, END_MIN, USERID, ADD_DATE, UPDATE_DATE ) values ( 'TWCORNEL5-7DF38AEA0E80402896BB2E15619DF5B7', 'TWCORNEL5-352A3E0430DA498B830C62BA25B1BE51', 271, 8, 0.00800, 0.00800, NULL, 'RUNUSED', '2019-01-22', 13, 16, '2019-01-22', 13, 37, 'bvick', '2019-04-24 20:10:30', NULL ) on conflict (RATA_RUN_ID) do update set RATA_SUM_ID = EXCLUDED.RATA_SUM_ID, GROSS_UNIT_LOAD = EXCLUDED.GROSS_UNIT_LOAD, RUN_NUM = EXCLUDED.RUN_NUM, CEM_VALUE = EXCLUDED.CEM_VALUE, RATA_REF_VALUE = EXCLUDED.RATA_REF_VALUE, CALC_RATA_REF_VALUE = EXCLUDED.CALC_RATA_REF_VALUE, RUN_STATUS_CD = EXCLUDED.RUN_STATUS_CD, BEGIN_DATE = EXCLUDED.BEGIN_DATE, BEGIN_HOUR = EXCLUDED.BEGIN_HOUR, BEGIN_MIN = EXCLUDED.BEGIN_MIN, END_DATE = EXCLUDED.END_DATE, END_HOUR = EXCLUDED.END_HOUR, END_MIN = EXCLUDED.END_MIN, USERID = EXCLUDED.USERID, ADD_DATE = EXCLUDED.ADD_DATE, UPDATE_DATE = EXCLUDED.UPDATE_DATE;
/* ORIS:      3    Location: 6A        Test Type: RATA       Test Num: 201901220932MA3       SQL Ord:    8 */ insert into camdecmpswks.RATA_RUN ( RATA_RUN_ID, RATA_SUM_ID, GROSS_UNIT_LOAD, RUN_NUM, CEM_VALUE, RATA_REF_VALUE, CALC_RATA_REF_VALUE, RUN_STATUS_CD, BEGIN_DATE, BEGIN_HOUR, BEGIN_MIN, END_DATE, END_HOUR, END_MIN, USERID, ADD_DATE, UPDATE_DATE ) values ( 'TWCORNEL5-86799978166646DCA7D979A9365B8CD9', 'TWCORNEL5-352A3E0430DA498B830C62BA25B1BE51', 282, 1, 0.00800, 0.00800, NULL, 'RUNUSED', '2019-01-22', 9, 32, '2019-01-22', 9, 53, 'bvick', '2019-04-24 20:10:30', NULL ) on conflict (RATA_RUN_ID) do update set RATA_SUM_ID = EXCLUDED.RATA_SUM_ID, GROSS_UNIT_LOAD = EXCLUDED.GROSS_UNIT_LOAD, RUN_NUM = EXCLUDED.RUN_NUM, CEM_VALUE = EXCLUDED.CEM_VALUE, RATA_REF_VALUE = EXCLUDED.RATA_REF_VALUE, CALC_RATA_REF_VALUE = EXCLUDED.CALC_RATA_REF_VALUE, RUN_STATUS_CD = EXCLUDED.RUN_STATUS_CD, BEGIN_DATE = EXCLUDED.BEGIN_DATE, BEGIN_HOUR = EXCLUDED.BEGIN_HOUR, BEGIN_MIN = EXCLUDED.BEGIN_MIN, END_DATE = EXCLUDED.END_DATE, END_HOUR = EXCLUDED.END_HOUR, END_MIN = EXCLUDED.END_MIN, USERID = EXCLUDED.USERID, ADD_DATE = EXCLUDED.ADD_DATE, UPDATE_DATE = EXCLUDED.UPDATE_DATE;
/* ORIS:      3    Location: 6A        Test Type: RATA       Test Num: 201901220932MA3       SQL Ord:    8 */ insert into camdecmpswks.RATA_RUN ( RATA_RUN_ID, RATA_SUM_ID, GROSS_UNIT_LOAD, RUN_NUM, CEM_VALUE, RATA_REF_VALUE, CALC_RATA_REF_VALUE, RUN_STATUS_CD, BEGIN_DATE, BEGIN_HOUR, BEGIN_MIN, END_DATE, END_HOUR, END_MIN, USERID, ADD_DATE, UPDATE_DATE ) values ( 'TWCORNEL5-8A764C24BF48432D9C5395EC26B95616', 'TWCORNEL5-352A3E0430DA498B830C62BA25B1BE51', 283, 3, 0.00800, 0.00800, NULL, 'RUNUSED', '2019-01-22', 10, 36, '2019-01-22', 10, 57, 'bvick', '2019-04-24 20:10:30', NULL ) on conflict (RATA_RUN_ID) do update set RATA_SUM_ID = EXCLUDED.RATA_SUM_ID, GROSS_UNIT_LOAD = EXCLUDED.GROSS_UNIT_LOAD, RUN_NUM = EXCLUDED.RUN_NUM, CEM_VALUE = EXCLUDED.CEM_VALUE, RATA_REF_VALUE = EXCLUDED.RATA_REF_VALUE, CALC_RATA_REF_VALUE = EXCLUDED.CALC_RATA_REF_VALUE, RUN_STATUS_CD = EXCLUDED.RUN_STATUS_CD, BEGIN_DATE = EXCLUDED.BEGIN_DATE, BEGIN_HOUR = EXCLUDED.BEGIN_HOUR, BEGIN_MIN = EXCLUDED.BEGIN_MIN, END_DATE = EXCLUDED.END_DATE, END_HOUR = EXCLUDED.END_HOUR, END_MIN = EXCLUDED.END_MIN, USERID = EXCLUDED.USERID, ADD_DATE = EXCLUDED.ADD_DATE, UPDATE_DATE = EXCLUDED.UPDATE_DATE;
/* ORIS:      3    Location: 6A        Test Type: RATA       Test Num: 201901220932MA3       SQL Ord:    8 */ insert into camdecmpswks.RATA_RUN ( RATA_RUN_ID, RATA_SUM_ID, GROSS_UNIT_LOAD, RUN_NUM, CEM_VALUE, RATA_REF_VALUE, CALC_RATA_REF_VALUE, RUN_STATUS_CD, BEGIN_DATE, BEGIN_HOUR, BEGIN_MIN, END_DATE, END_HOUR, END_MIN, USERID, ADD_DATE, UPDATE_DATE ) values ( 'TWCORNEL5-ABB868BC09B04691865A131EBD860225', 'TWCORNEL5-352A3E0430DA498B830C62BA25B1BE51', 282, 4, 0.00800, 0.00800, NULL, 'RUNUSED', '2019-01-22', 11, 8, '2019-01-22', 11, 29, 'bvick', '2019-04-24 20:10:30', NULL ) on conflict (RATA_RUN_ID) do update set RATA_SUM_ID = EXCLUDED.RATA_SUM_ID, GROSS_UNIT_LOAD = EXCLUDED.GROSS_UNIT_LOAD, RUN_NUM = EXCLUDED.RUN_NUM, CEM_VALUE = EXCLUDED.CEM_VALUE, RATA_REF_VALUE = EXCLUDED.RATA_REF_VALUE, CALC_RATA_REF_VALUE = EXCLUDED.CALC_RATA_REF_VALUE, RUN_STATUS_CD = EXCLUDED.RUN_STATUS_CD, BEGIN_DATE = EXCLUDED.BEGIN_DATE, BEGIN_HOUR = EXCLUDED.BEGIN_HOUR, BEGIN_MIN = EXCLUDED.BEGIN_MIN, END_DATE = EXCLUDED.END_DATE, END_HOUR = EXCLUDED.END_HOUR, END_MIN = EXCLUDED.END_MIN, USERID = EXCLUDED.USERID, ADD_DATE = EXCLUDED.ADD_DATE, UPDATE_DATE = EXCLUDED.UPDATE_DATE;
/* ORIS:      3    Location: 6A        Test Type: RATA       Test Num: 201901220932MA3       SQL Ord:    8 */ insert into camdecmpswks.RATA_RUN ( RATA_RUN_ID, RATA_SUM_ID, GROSS_UNIT_LOAD, RUN_NUM, CEM_VALUE, RATA_REF_VALUE, CALC_RATA_REF_VALUE, RUN_STATUS_CD, BEGIN_DATE, BEGIN_HOUR, BEGIN_MIN, END_DATE, END_HOUR, END_MIN, USERID, ADD_DATE, UPDATE_DATE ) values ( 'TWCORNEL5-C0035BF1E5CC476A9B0471613013961B', 'TWCORNEL5-352A3E0430DA498B830C62BA25B1BE51', 270, 6, 0.00800, 0.00800, NULL, 'RUNUSED', '2019-01-22', 12, 13, '2019-01-22', 12, 34, 'bvick', '2019-04-24 20:10:30', NULL ) on conflict (RATA_RUN_ID) do update set RATA_SUM_ID = EXCLUDED.RATA_SUM_ID, GROSS_UNIT_LOAD = EXCLUDED.GROSS_UNIT_LOAD, RUN_NUM = EXCLUDED.RUN_NUM, CEM_VALUE = EXCLUDED.CEM_VALUE, RATA_REF_VALUE = EXCLUDED.RATA_REF_VALUE, CALC_RATA_REF_VALUE = EXCLUDED.CALC_RATA_REF_VALUE, RUN_STATUS_CD = EXCLUDED.RUN_STATUS_CD, BEGIN_DATE = EXCLUDED.BEGIN_DATE, BEGIN_HOUR = EXCLUDED.BEGIN_HOUR, BEGIN_MIN = EXCLUDED.BEGIN_MIN, END_DATE = EXCLUDED.END_DATE, END_HOUR = EXCLUDED.END_HOUR, END_MIN = EXCLUDED.END_MIN, USERID = EXCLUDED.USERID, ADD_DATE = EXCLUDED.ADD_DATE, UPDATE_DATE = EXCLUDED.UPDATE_DATE;
/* ORIS:      3    Location: 6A        Test Type: RATA       Test Num: 201901220932MA3       SQL Ord:    8 */ insert into camdecmpswks.RATA_RUN ( RATA_RUN_ID, RATA_SUM_ID, GROSS_UNIT_LOAD, RUN_NUM, CEM_VALUE, RATA_REF_VALUE, CALC_RATA_REF_VALUE, RUN_STATUS_CD, BEGIN_DATE, BEGIN_HOUR, BEGIN_MIN, END_DATE, END_HOUR, END_MIN, USERID, ADD_DATE, UPDATE_DATE ) values ( 'TWCORNEL5-D1CFC246F8134B65B17A4BEB33334CB1', 'TWCORNEL5-352A3E0430DA498B830C62BA25B1BE51', 272, 7, 0.00800, 0.00800, NULL, 'RUNUSED', '2019-01-22', 12, 44, '2019-01-22', 13, 5, 'bvick', '2019-04-24 20:10:30', NULL ) on conflict (RATA_RUN_ID) do update set RATA_SUM_ID = EXCLUDED.RATA_SUM_ID, GROSS_UNIT_LOAD = EXCLUDED.GROSS_UNIT_LOAD, RUN_NUM = EXCLUDED.RUN_NUM, CEM_VALUE = EXCLUDED.CEM_VALUE, RATA_REF_VALUE = EXCLUDED.RATA_REF_VALUE, CALC_RATA_REF_VALUE = EXCLUDED.CALC_RATA_REF_VALUE, RUN_STATUS_CD = EXCLUDED.RUN_STATUS_CD, BEGIN_DATE = EXCLUDED.BEGIN_DATE, BEGIN_HOUR = EXCLUDED.BEGIN_HOUR, BEGIN_MIN = EXCLUDED.BEGIN_MIN, END_DATE = EXCLUDED.END_DATE, END_HOUR = EXCLUDED.END_HOUR, END_MIN = EXCLUDED.END_MIN, USERID = EXCLUDED.USERID, ADD_DATE = EXCLUDED.ADD_DATE, UPDATE_DATE = EXCLUDED.UPDATE_DATE;
/* ORIS:      3    Location: 6A        Test Type: RATA       Test Num: 201901220932MA3       SQL Ord:    8 */ insert into camdecmpswks.RATA_RUN ( RATA_RUN_ID, RATA_SUM_ID, GROSS_UNIT_LOAD, RUN_NUM, CEM_VALUE, RATA_REF_VALUE, CALC_RATA_REF_VALUE, RUN_STATUS_CD, BEGIN_DATE, BEGIN_HOUR, BEGIN_MIN, END_DATE, END_HOUR, END_MIN, USERID, ADD_DATE, UPDATE_DATE ) values ( 'TWCORNEL5-D3C01FFEBFFE47E49FE3B43F38E0C97E', 'TWCORNEL5-352A3E0430DA498B830C62BA25B1BE51', 283, 2, 0.00800, 0.00800, NULL, 'RUNUSED', '2019-01-22', 10, 4, '2019-01-22', 10, 25, 'bvick', '2019-04-24 20:10:30', NULL ) on conflict (RATA_RUN_ID) do update set RATA_SUM_ID = EXCLUDED.RATA_SUM_ID, GROSS_UNIT_LOAD = EXCLUDED.GROSS_UNIT_LOAD, RUN_NUM = EXCLUDED.RUN_NUM, CEM_VALUE = EXCLUDED.CEM_VALUE, RATA_REF_VALUE = EXCLUDED.RATA_REF_VALUE, CALC_RATA_REF_VALUE = EXCLUDED.CALC_RATA_REF_VALUE, RUN_STATUS_CD = EXCLUDED.RUN_STATUS_CD, BEGIN_DATE = EXCLUDED.BEGIN_DATE, BEGIN_HOUR = EXCLUDED.BEGIN_HOUR, BEGIN_MIN = EXCLUDED.BEGIN_MIN, END_DATE = EXCLUDED.END_DATE, END_HOUR = EXCLUDED.END_HOUR, END_MIN = EXCLUDED.END_MIN, USERID = EXCLUDED.USERID, ADD_DATE = EXCLUDED.ADD_DATE, UPDATE_DATE = EXCLUDED.UPDATE_DATE;
/* ORIS:      3    Location: 6A        Test Type: RATA       Test Num: 201901220932MA3       SQL Ord:    8 */ insert into camdecmpswks.RATA_RUN ( RATA_RUN_ID, RATA_SUM_ID, GROSS_UNIT_LOAD, RUN_NUM, CEM_VALUE, RATA_REF_VALUE, CALC_RATA_REF_VALUE, RUN_STATUS_CD, BEGIN_DATE, BEGIN_HOUR, BEGIN_MIN, END_DATE, END_HOUR, END_MIN, USERID, ADD_DATE, UPDATE_DATE ) values ( 'TWCORNEL5-DA189891EF9D4628AFA028F1E8CEDFAD', 'TWCORNEL5-352A3E0430DA498B830C62BA25B1BE51', 270, 9, 0.00800, 0.00800, NULL, 'RUNUSED', '2019-01-22', 13, 47, '2019-01-22', 14, 8, 'bvick', '2019-04-24 20:10:30', NULL ) on conflict (RATA_RUN_ID) do update set RATA_SUM_ID = EXCLUDED.RATA_SUM_ID, GROSS_UNIT_LOAD = EXCLUDED.GROSS_UNIT_LOAD, RUN_NUM = EXCLUDED.RUN_NUM, CEM_VALUE = EXCLUDED.CEM_VALUE, RATA_REF_VALUE = EXCLUDED.RATA_REF_VALUE, CALC_RATA_REF_VALUE = EXCLUDED.CALC_RATA_REF_VALUE, RUN_STATUS_CD = EXCLUDED.RUN_STATUS_CD, BEGIN_DATE = EXCLUDED.BEGIN_DATE, BEGIN_HOUR = EXCLUDED.BEGIN_HOUR, BEGIN_MIN = EXCLUDED.BEGIN_MIN, END_DATE = EXCLUDED.END_DATE, END_HOUR = EXCLUDED.END_HOUR, END_MIN = EXCLUDED.END_MIN, USERID = EXCLUDED.USERID, ADD_DATE = EXCLUDED.ADD_DATE, UPDATE_DATE = EXCLUDED.UPDATE_DATE;
/* ORIS:      3    Location: 6A        Test Type: RATA       Test Num: 201905150756MA3       SQL Ord:    1 */ delete from camdecmpswks.TEST_SUMMARY where TEST_SUM_ID = 'TWCORNEL5-202CEDDEC3EE4E0CB580A4292411C237';
/* ORIS:      3    Location: 6A        Test Type: RATA       Test Num: 201905150756MA3       SQL Ord:    2 */ insert into camdecmpswks.TEST_SUMMARY ( TEST_SUM_ID, MON_LOC_ID, TEST_TYPE_CD, TEST_NUM, MON_SYS_ID, COMPONENT_ID, GP_IND, TEST_REASON_CD, TEST_RESULT_CD, RPT_PERIOD_ID, BEGIN_DATE, BEGIN_HOUR, BEGIN_MIN, END_DATE, END_HOUR, END_MIN, SPAN_SCALE_CD, INJECTION_PROTOCOL_CD, TEST_COMMENT, TEST_DESCRIPTION, CALC_GP_IND, CALC_TEST_RESULT_CD, CALC_SPAN_VALUE, LAST_UPDATED, UPDATED_STATUS_FLG, NEEDS_EVAL_FLG, CHK_SESSION_ID, USERID, ADD_DATE, UPDATE_DATE ) values ( 'TWCORNEL5-202CEDDEC3EE4E0CB580A4292411C237', '2706', 'RATA', '201905150756MA3', 'CAMD-5FAA2DEC1413455FBDB5C148AF7FF02F', NULL, 0, 'RECERT', 'PASSAPS', NULL, '2019-05-15', 7, 56, '2019-05-15', 12, 37, NULL, NULL, NULL, NULL, NULL, 'PASSAPS', NULL, '2021-12-08 15:13:33', 'Y', 'N', 'CAMD-WIN81-A74A48A498ED4581B4A874F4EE39B1A7', 'bvick', '2019-07-24 18:17:18', '2021-12-08 15:13:37' ) on conflict (TEST_SUM_ID) do update set MON_LOC_ID = EXCLUDED.MON_LOC_ID, TEST_TYPE_CD = EXCLUDED.TEST_TYPE_CD, TEST_NUM = EXCLUDED.TEST_NUM, MON_SYS_ID = EXCLUDED.MON_SYS_ID, COMPONENT_ID = EXCLUDED.COMPONENT_ID, GP_IND = EXCLUDED.GP_IND, TEST_REASON_CD = EXCLUDED.TEST_REASON_CD, TEST_RESULT_CD = EXCLUDED.TEST_RESULT_CD, RPT_PERIOD_ID = EXCLUDED.RPT_PERIOD_ID, BEGIN_DATE = EXCLUDED.BEGIN_DATE, BEGIN_HOUR = EXCLUDED.BEGIN_HOUR, BEGIN_MIN = EXCLUDED.BEGIN_MIN, END_DATE = EXCLUDED.END_DATE, END_HOUR = EXCLUDED.END_HOUR, END_MIN = EXCLUDED.END_MIN, SPAN_SCALE_CD = EXCLUDED.SPAN_SCALE_CD, INJECTION_PROTOCOL_CD = EXCLUDED.INJECTION_PROTOCOL_CD, TEST_COMMENT = EXCLUDED.TEST_COMMENT, TEST_DESCRIPTION = EXCLUDED.TEST_DESCRIPTION, CALC_GP_IND = EXCLUDED.CALC_GP_IND, CALC_TEST_RESULT_CD = EXCLUDED.CALC_TEST_RESULT_CD, CALC_SPAN_VALUE = EXCLUDED.CALC_SPAN_VALUE, LAST_UPDATED = EXCLUDED.LAST_UPDATED, UPDATED_STATUS_FLG = EXCLUDED.UPDATED_STATUS_FLG, NEEDS_EVAL_FLG = EXCLUDED.NEEDS_EVAL_FLG, CHK_SESSION_ID = EXCLUDED.CHK_SESSION_ID, USERID = EXCLUDED.USERID, ADD_DATE = EXCLUDED.ADD_DATE, UPDATE_DATE = EXCLUDED.UPDATE_DATE;
/* ORIS:      3    Location: 6A        Test Type: RATA       Test Num: 201905150756MA3       SQL Ord:    3 */ insert into camdecmpswks.PROTOCOL_GAS ( PROTOCOL_GAS_ID, TEST_SUM_ID, GAS_LEVEL_CD, GAS_TYPE_CD, VENDOR_ID, CYLINDER_ID, EXPIRATION_DATE, USERID, ADD_DATE, UPDATE_DATE ) values ( 'TWCORNEL5-12B2EA34F06E4490AA6CE7897A525348', 'TWCORNEL5-202CEDDEC3EE4E0CB580A4292411C237', 'MID', 'CO2,BALN', 'B22016', 'EB0034740', '2024-01-11', 'bvick', '2019-07-24 18:17:19', NULL ) on conflict (PROTOCOL_GAS_ID) do update set TEST_SUM_ID = EXCLUDED.TEST_SUM_ID, GAS_LEVEL_CD = EXCLUDED.GAS_LEVEL_CD, GAS_TYPE_CD = EXCLUDED.GAS_TYPE_CD, VENDOR_ID = EXCLUDED.VENDOR_ID, CYLINDER_ID = EXCLUDED.CYLINDER_ID, EXPIRATION_DATE = EXCLUDED.EXPIRATION_DATE, USERID = EXCLUDED.USERID, ADD_DATE = EXCLUDED.ADD_DATE, UPDATE_DATE = EXCLUDED.UPDATE_DATE;
/* ORIS:      3    Location: 6A        Test Type: RATA       Test Num: 201905150756MA3       SQL Ord:    3 */ insert into camdecmpswks.PROTOCOL_GAS ( PROTOCOL_GAS_ID, TEST_SUM_ID, GAS_LEVEL_CD, GAS_TYPE_CD, VENDOR_ID, CYLINDER_ID, EXPIRATION_DATE, USERID, ADD_DATE, UPDATE_DATE ) values ( 'TWCORNEL5-1AD6952F038146D3ACD41E70F69B1701', 'TWCORNEL5-202CEDDEC3EE4E0CB580A4292411C237', 'LOW', 'ZERO', NULL, NULL, NULL, 'bvick', '2019-07-24 18:17:19', NULL ) on conflict (PROTOCOL_GAS_ID) do update set TEST_SUM_ID = EXCLUDED.TEST_SUM_ID, GAS_LEVEL_CD = EXCLUDED.GAS_LEVEL_CD, GAS_TYPE_CD = EXCLUDED.GAS_TYPE_CD, VENDOR_ID = EXCLUDED.VENDOR_ID, CYLINDER_ID = EXCLUDED.CYLINDER_ID, EXPIRATION_DATE = EXCLUDED.EXPIRATION_DATE, USERID = EXCLUDED.USERID, ADD_DATE = EXCLUDED.ADD_DATE, UPDATE_DATE = EXCLUDED.UPDATE_DATE;
/* ORIS:      3    Location: 6A        Test Type: RATA       Test Num: 201905150756MA3       SQL Ord:    3 */ insert into camdecmpswks.PROTOCOL_GAS ( PROTOCOL_GAS_ID, TEST_SUM_ID, GAS_LEVEL_CD, GAS_TYPE_CD, VENDOR_ID, CYLINDER_ID, EXPIRATION_DATE, USERID, ADD_DATE, UPDATE_DATE ) values ( 'TWCORNEL5-6D1CF1F6A6D040D584C4D1BAA4ED49FD', 'TWCORNEL5-202CEDDEC3EE4E0CB580A4292411C237', 'LOW', 'ZERO', NULL, NULL, NULL, 'bvick', '2019-07-24 18:17:19', NULL ) on conflict (PROTOCOL_GAS_ID) do update set TEST_SUM_ID = EXCLUDED.TEST_SUM_ID, GAS_LEVEL_CD = EXCLUDED.GAS_LEVEL_CD, GAS_TYPE_CD = EXCLUDED.GAS_TYPE_CD, VENDOR_ID = EXCLUDED.VENDOR_ID, CYLINDER_ID = EXCLUDED.CYLINDER_ID, EXPIRATION_DATE = EXCLUDED.EXPIRATION_DATE, USERID = EXCLUDED.USERID, ADD_DATE = EXCLUDED.ADD_DATE, UPDATE_DATE = EXCLUDED.UPDATE_DATE;
/* ORIS:      3    Location: 6A        Test Type: RATA       Test Num: 201905150756MA3       SQL Ord:    3 */ insert into camdecmpswks.PROTOCOL_GAS ( PROTOCOL_GAS_ID, TEST_SUM_ID, GAS_LEVEL_CD, GAS_TYPE_CD, VENDOR_ID, CYLINDER_ID, EXPIRATION_DATE, USERID, ADD_DATE, UPDATE_DATE ) values ( 'TWCORNEL5-A321B9B26BE14E98B2F180C0235DF5D0', 'TWCORNEL5-202CEDDEC3EE4E0CB580A4292411C237', 'HIGH', 'CO2,BALN', 'B22015', 'CC448536', '2023-05-27', 'bvick', '2019-07-24 18:17:19', NULL ) on conflict (PROTOCOL_GAS_ID) do update set TEST_SUM_ID = EXCLUDED.TEST_SUM_ID, GAS_LEVEL_CD = EXCLUDED.GAS_LEVEL_CD, GAS_TYPE_CD = EXCLUDED.GAS_TYPE_CD, VENDOR_ID = EXCLUDED.VENDOR_ID, CYLINDER_ID = EXCLUDED.CYLINDER_ID, EXPIRATION_DATE = EXCLUDED.EXPIRATION_DATE, USERID = EXCLUDED.USERID, ADD_DATE = EXCLUDED.ADD_DATE, UPDATE_DATE = EXCLUDED.UPDATE_DATE;
/* ORIS:      3    Location: 6A        Test Type: RATA       Test Num: 201905150756MA3       SQL Ord:    3 */ insert into camdecmpswks.PROTOCOL_GAS ( PROTOCOL_GAS_ID, TEST_SUM_ID, GAS_LEVEL_CD, GAS_TYPE_CD, VENDOR_ID, CYLINDER_ID, EXPIRATION_DATE, USERID, ADD_DATE, UPDATE_DATE ) values ( 'TWCORNEL5-A5B173FBCFE546598EE696255703C56A', 'TWCORNEL5-202CEDDEC3EE4E0CB580A4292411C237', 'MID', 'NO,NOX,BALN', 'B22017', 'CC410861', '2020-04-14', 'bvick', '2019-07-24 18:17:19', NULL ) on conflict (PROTOCOL_GAS_ID) do update set TEST_SUM_ID = EXCLUDED.TEST_SUM_ID, GAS_LEVEL_CD = EXCLUDED.GAS_LEVEL_CD, GAS_TYPE_CD = EXCLUDED.GAS_TYPE_CD, VENDOR_ID = EXCLUDED.VENDOR_ID, CYLINDER_ID = EXCLUDED.CYLINDER_ID, EXPIRATION_DATE = EXCLUDED.EXPIRATION_DATE, USERID = EXCLUDED.USERID, ADD_DATE = EXCLUDED.ADD_DATE, UPDATE_DATE = EXCLUDED.UPDATE_DATE;
/* ORIS:      3    Location: 6A        Test Type: RATA       Test Num: 201905150756MA3       SQL Ord:    3 */ insert into camdecmpswks.PROTOCOL_GAS ( PROTOCOL_GAS_ID, TEST_SUM_ID, GAS_LEVEL_CD, GAS_TYPE_CD, VENDOR_ID, CYLINDER_ID, EXPIRATION_DATE, USERID, ADD_DATE, UPDATE_DATE ) values ( 'TWCORNEL5-C7BFD1D088A544DABEECF3385CD5D38A', 'TWCORNEL5-202CEDDEC3EE4E0CB580A4292411C237', 'HIGH', 'NO,NOX,BALN', 'B22017', 'CC365215', '2020-04-12', 'bvick', '2019-07-24 18:17:19', NULL ) on conflict (PROTOCOL_GAS_ID) do update set TEST_SUM_ID = EXCLUDED.TEST_SUM_ID, GAS_LEVEL_CD = EXCLUDED.GAS_LEVEL_CD, GAS_TYPE_CD = EXCLUDED.GAS_TYPE_CD, VENDOR_ID = EXCLUDED.VENDOR_ID, CYLINDER_ID = EXCLUDED.CYLINDER_ID, EXPIRATION_DATE = EXCLUDED.EXPIRATION_DATE, USERID = EXCLUDED.USERID, ADD_DATE = EXCLUDED.ADD_DATE, UPDATE_DATE = EXCLUDED.UPDATE_DATE;
/* ORIS:      3    Location: 6A        Test Type: RATA       Test Num: 201905150756MA3       SQL Ord:    4 */ insert into camdecmpswks.AIR_EMISSION_TESTING ( AIR_EMISSION_TEST_ID, TEST_SUM_ID, QI_LAST_NAME, QI_FIRST_NAME, QI_MIDDLE_INITIAL, AETB_NAME, AETB_PHONE_NUMBER, AETB_EMAIL, EXAM_DATE, PROVIDER_NAME, PROVIDER_EMAIL, ADD_DATE, UPDATE_DATE, USERID ) values ( 'TWCORNEL5-CCC3A8A5D0D94767B9F403AEB10F00E3', 'TWCORNEL5-202CEDDEC3EE4E0CB580A4292411C237', 'Rew', 'Judd', 'M', 'Alabama Power Field Services Air Quality', '2513317560', 'jmrew@southernco.com', '2014-12-19', 'Source Evaluation Society', 'qstiprogram@gmail.com', '2021-12-08 15:01:22', '2021-12-08 15:13:33', 'bvick' ) on conflict (AIR_EMISSION_TEST_ID) do update set TEST_SUM_ID = EXCLUDED.TEST_SUM_ID, QI_LAST_NAME = EXCLUDED.QI_LAST_NAME, QI_FIRST_NAME = EXCLUDED.QI_FIRST_NAME, QI_MIDDLE_INITIAL = EXCLUDED.QI_MIDDLE_INITIAL, AETB_NAME = EXCLUDED.AETB_NAME, AETB_PHONE_NUMBER = EXCLUDED.AETB_PHONE_NUMBER, AETB_EMAIL = EXCLUDED.AETB_EMAIL, EXAM_DATE = EXCLUDED.EXAM_DATE, PROVIDER_NAME = EXCLUDED.PROVIDER_NAME, PROVIDER_EMAIL = EXCLUDED.PROVIDER_EMAIL, ADD_DATE = EXCLUDED.ADD_DATE, UPDATE_DATE = EXCLUDED.UPDATE_DATE, USERID = EXCLUDED.USERID;
/* ORIS:      3    Location: 6A        Test Type: RATA       Test Num: 201905150756MA3       SQL Ord:    6 */ insert into camdecmpswks.RATA ( RATA_ID, TEST_SUM_ID, RATA_FREQUENCY_CD, CALC_RATA_FREQUENCY_CD, RELATIVE_ACCURACY, CALC_RELATIVE_ACCURACY, OVERALL_BIAS_ADJ_FACTOR, CALC_OVERALL_BIAS_ADJ_FACTOR, NUM_LOAD_LEVEL, CALC_NUM_LOAD_LEVEL, USERID, ADD_DATE, UPDATE_DATE ) values ( 'TWCORNEL5-C326CE7B3EC44291A4B33CC9625F8FAE', 'TWCORNEL5-202CEDDEC3EE4E0CB580A4292411C237', '4QTRS', '4QTRS', 14.33, 14.33, 1.000, 1.000, 1, 1, 'bvick', '2019-07-24 18:17:18', '2021-12-08 15:13:37' ) on conflict (RATA_ID) do update set TEST_SUM_ID = EXCLUDED.TEST_SUM_ID, RATA_FREQUENCY_CD = EXCLUDED.RATA_FREQUENCY_CD, CALC_RATA_FREQUENCY_CD = EXCLUDED.CALC_RATA_FREQUENCY_CD, RELATIVE_ACCURACY = EXCLUDED.RELATIVE_ACCURACY, CALC_RELATIVE_ACCURACY = EXCLUDED.CALC_RELATIVE_ACCURACY, OVERALL_BIAS_ADJ_FACTOR = EXCLUDED.OVERALL_BIAS_ADJ_FACTOR, CALC_OVERALL_BIAS_ADJ_FACTOR = EXCLUDED.CALC_OVERALL_BIAS_ADJ_FACTOR, NUM_LOAD_LEVEL = EXCLUDED.NUM_LOAD_LEVEL, CALC_NUM_LOAD_LEVEL = EXCLUDED.CALC_NUM_LOAD_LEVEL, USERID = EXCLUDED.USERID, ADD_DATE = EXCLUDED.ADD_DATE, UPDATE_DATE = EXCLUDED.UPDATE_DATE;
/* ORIS:      3    Location: 6A        Test Type: RATA       Test Num: 201905150756MA3       SQL Ord:    7 */ insert into camdecmpswks.RATA_SUMMARY ( RATA_SUM_ID, RATA_ID, RELATIVE_ACCURACY, CALC_RELATIVE_ACCURACY, BIAS_ADJ_FACTOR, CALC_BIAS_ADJ_FACTOR, MEAN_CEM_VALUE, CALC_MEAN_CEM_VALUE, MEAN_RATA_REF_VALUE, CALC_MEAN_RATA_REF_VALUE, OP_LEVEL_CD, MEAN_DIFF, CALC_MEAN_DIFF, DEFAULT_WAF, AVG_GROSS_UNIT_LOAD, CALC_AVG_GROSS_UNIT_LOAD, APS_IND, CALC_APS_IND, STND_DEV_DIFF, CALC_STND_DEV_DIFF, CONFIDENCE_COEF, CALC_CONFIDENCE_COEF, CO2_O2_REF_METHOD_CD, REF_METHOD_CD, T_VALUE, CALC_T_VALUE, STACK_DIAMETER, STACK_AREA, CALC_STACK_AREA, CALC_WAF, CALC_CALC_WAF, NUM_TRAVERSE_POINT, USERID, ADD_DATE, UPDATE_DATE, APS_CD ) values ( 'TWCORNEL5-41297563876D4208910F02785A6D67C7', 'TWCORNEL5-C326CE7B3EC44291A4B33CC9625F8FAE', 14.33, 14.33, 1.000, 1.000, 0.00800, 0.00800, 0.00733, 0.00700, 'H', -0.00067, -0.00100, NULL, 262, 262, 1, 1, 0.00050, 0.00100, 0.00038, 0.00000, NULL, '7E,3A', 2.306, 2.306, NULL, NULL, NULL, NULL, NULL, NULL, 'bvick', '2019-07-24 18:17:18', '2021-12-08 15:13:37', NULL ) on conflict (RATA_SUM_ID) do update set RATA_ID = EXCLUDED.RATA_ID, RELATIVE_ACCURACY = EXCLUDED.RELATIVE_ACCURACY, CALC_RELATIVE_ACCURACY = EXCLUDED.CALC_RELATIVE_ACCURACY, BIAS_ADJ_FACTOR = EXCLUDED.BIAS_ADJ_FACTOR, CALC_BIAS_ADJ_FACTOR = EXCLUDED.CALC_BIAS_ADJ_FACTOR, MEAN_CEM_VALUE = EXCLUDED.MEAN_CEM_VALUE, CALC_MEAN_CEM_VALUE = EXCLUDED.CALC_MEAN_CEM_VALUE, MEAN_RATA_REF_VALUE = EXCLUDED.MEAN_RATA_REF_VALUE, CALC_MEAN_RATA_REF_VALUE = EXCLUDED.CALC_MEAN_RATA_REF_VALUE, OP_LEVEL_CD = EXCLUDED.OP_LEVEL_CD, MEAN_DIFF = EXCLUDED.MEAN_DIFF, CALC_MEAN_DIFF = EXCLUDED.CALC_MEAN_DIFF, DEFAULT_WAF = EXCLUDED.DEFAULT_WAF, AVG_GROSS_UNIT_LOAD = EXCLUDED.AVG_GROSS_UNIT_LOAD, CALC_AVG_GROSS_UNIT_LOAD = EXCLUDED.CALC_AVG_GROSS_UNIT_LOAD, APS_IND = EXCLUDED.APS_IND, CALC_APS_IND = EXCLUDED.CALC_APS_IND, STND_DEV_DIFF = EXCLUDED.STND_DEV_DIFF, CALC_STND_DEV_DIFF = EXCLUDED.CALC_STND_DEV_DIFF, CONFIDENCE_COEF = EXCLUDED.CONFIDENCE_COEF, CALC_CONFIDENCE_COEF = EXCLUDED.CALC_CONFIDENCE_COEF, CO2_O2_REF_METHOD_CD = EXCLUDED.CO2_O2_REF_METHOD_CD, REF_METHOD_CD = EXCLUDED.REF_METHOD_CD, T_VALUE = EXCLUDED.T_VALUE, CALC_T_VALUE = EXCLUDED.CALC_T_VALUE, STACK_DIAMETER = EXCLUDED.STACK_DIAMETER, STACK_AREA = EXCLUDED.STACK_AREA, CALC_STACK_AREA = EXCLUDED.CALC_STACK_AREA, CALC_WAF = EXCLUDED.CALC_WAF, CALC_CALC_WAF = EXCLUDED.CALC_CALC_WAF, NUM_TRAVERSE_POINT = EXCLUDED.NUM_TRAVERSE_POINT, APS_CD = EXCLUDED.APS_CD, USERID = EXCLUDED.USERID, ADD_DATE = EXCLUDED.ADD_DATE, UPDATE_DATE = EXCLUDED.UPDATE_DATE;
/* ORIS:      3    Location: 6A        Test Type: RATA       Test Num: 201905150756MA3       SQL Ord:    8 */ insert into camdecmpswks.RATA_RUN ( RATA_RUN_ID, RATA_SUM_ID, GROSS_UNIT_LOAD, RUN_NUM, CEM_VALUE, RATA_REF_VALUE, CALC_RATA_REF_VALUE, RUN_STATUS_CD, BEGIN_DATE, BEGIN_HOUR, BEGIN_MIN, END_DATE, END_HOUR, END_MIN, USERID, ADD_DATE, UPDATE_DATE ) values ( 'TWCORNEL5-05B6F52F832A45ADA5D6A113EB377709', 'TWCORNEL5-41297563876D4208910F02785A6D67C7', 259, 9, 0.00800, 0.00800, NULL, 'RUNUSED', '2019-05-15', 12, 16, '2019-05-15', 12, 37, 'bvick', '2019-07-24 18:17:18', NULL ) on conflict (RATA_RUN_ID) do update set RATA_SUM_ID = EXCLUDED.RATA_SUM_ID, GROSS_UNIT_LOAD = EXCLUDED.GROSS_UNIT_LOAD, RUN_NUM = EXCLUDED.RUN_NUM, CEM_VALUE = EXCLUDED.CEM_VALUE, RATA_REF_VALUE = EXCLUDED.RATA_REF_VALUE, CALC_RATA_REF_VALUE = EXCLUDED.CALC_RATA_REF_VALUE, RUN_STATUS_CD = EXCLUDED.RUN_STATUS_CD, BEGIN_DATE = EXCLUDED.BEGIN_DATE, BEGIN_HOUR = EXCLUDED.BEGIN_HOUR, BEGIN_MIN = EXCLUDED.BEGIN_MIN, END_DATE = EXCLUDED.END_DATE, END_HOUR = EXCLUDED.END_HOUR, END_MIN = EXCLUDED.END_MIN, USERID = EXCLUDED.USERID, ADD_DATE = EXCLUDED.ADD_DATE, UPDATE_DATE = EXCLUDED.UPDATE_DATE;
/* ORIS:      3    Location: 6A        Test Type: RATA       Test Num: 201905150756MA3       SQL Ord:    8 */ insert into camdecmpswks.RATA_RUN ( RATA_RUN_ID, RATA_SUM_ID, GROSS_UNIT_LOAD, RUN_NUM, CEM_VALUE, RATA_REF_VALUE, CALC_RATA_REF_VALUE, RUN_STATUS_CD, BEGIN_DATE, BEGIN_HOUR, BEGIN_MIN, END_DATE, END_HOUR, END_MIN, USERID, ADD_DATE, UPDATE_DATE ) values ( 'TWCORNEL5-0705D2791EAC43908EEEF1A80DD2347B', 'TWCORNEL5-41297563876D4208910F02785A6D67C7', 265, 1, 0.00800, 0.00700, NULL, 'RUNUSED', '2019-05-15', 7, 56, '2019-05-15', 8, 17, 'bvick', '2019-07-24 18:17:18', NULL ) on conflict (RATA_RUN_ID) do update set RATA_SUM_ID = EXCLUDED.RATA_SUM_ID, GROSS_UNIT_LOAD = EXCLUDED.GROSS_UNIT_LOAD, RUN_NUM = EXCLUDED.RUN_NUM, CEM_VALUE = EXCLUDED.CEM_VALUE, RATA_REF_VALUE = EXCLUDED.RATA_REF_VALUE, CALC_RATA_REF_VALUE = EXCLUDED.CALC_RATA_REF_VALUE, RUN_STATUS_CD = EXCLUDED.RUN_STATUS_CD, BEGIN_DATE = EXCLUDED.BEGIN_DATE, BEGIN_HOUR = EXCLUDED.BEGIN_HOUR, BEGIN_MIN = EXCLUDED.BEGIN_MIN, END_DATE = EXCLUDED.END_DATE, END_HOUR = EXCLUDED.END_HOUR, END_MIN = EXCLUDED.END_MIN, USERID = EXCLUDED.USERID, ADD_DATE = EXCLUDED.ADD_DATE, UPDATE_DATE = EXCLUDED.UPDATE_DATE;
/* ORIS:      3    Location: 6A        Test Type: RATA       Test Num: 201905150756MA3       SQL Ord:    8 */ insert into camdecmpswks.RATA_RUN ( RATA_RUN_ID, RATA_SUM_ID, GROSS_UNIT_LOAD, RUN_NUM, CEM_VALUE, RATA_REF_VALUE, CALC_RATA_REF_VALUE, RUN_STATUS_CD, BEGIN_DATE, BEGIN_HOUR, BEGIN_MIN, END_DATE, END_HOUR, END_MIN, USERID, ADD_DATE, UPDATE_DATE ) values ( 'TWCORNEL5-2C82AA0FDCBC4536BC560D908FC03998', 'TWCORNEL5-41297563876D4208910F02785A6D67C7', 261, 7, 0.00800, 0.00800, NULL, 'RUNUSED', '2019-05-15', 11, 10, '2019-05-15', 11, 31, 'bvick', '2019-07-24 18:17:18', NULL ) on conflict (RATA_RUN_ID) do update set RATA_SUM_ID = EXCLUDED.RATA_SUM_ID, GROSS_UNIT_LOAD = EXCLUDED.GROSS_UNIT_LOAD, RUN_NUM = EXCLUDED.RUN_NUM, CEM_VALUE = EXCLUDED.CEM_VALUE, RATA_REF_VALUE = EXCLUDED.RATA_REF_VALUE, CALC_RATA_REF_VALUE = EXCLUDED.CALC_RATA_REF_VALUE, RUN_STATUS_CD = EXCLUDED.RUN_STATUS_CD, BEGIN_DATE = EXCLUDED.BEGIN_DATE, BEGIN_HOUR = EXCLUDED.BEGIN_HOUR, BEGIN_MIN = EXCLUDED.BEGIN_MIN, END_DATE = EXCLUDED.END_DATE, END_HOUR = EXCLUDED.END_HOUR, END_MIN = EXCLUDED.END_MIN, USERID = EXCLUDED.USERID, ADD_DATE = EXCLUDED.ADD_DATE, UPDATE_DATE = EXCLUDED.UPDATE_DATE;
/* ORIS:      3    Location: 6A        Test Type: RATA       Test Num: 201905150756MA3       SQL Ord:    8 */ insert into camdecmpswks.RATA_RUN ( RATA_RUN_ID, RATA_SUM_ID, GROSS_UNIT_LOAD, RUN_NUM, CEM_VALUE, RATA_REF_VALUE, CALC_RATA_REF_VALUE, RUN_STATUS_CD, BEGIN_DATE, BEGIN_HOUR, BEGIN_MIN, END_DATE, END_HOUR, END_MIN, USERID, ADD_DATE, UPDATE_DATE ) values ( 'TWCORNEL5-56CDF64FBE504B308A64090E12BE3CB7', 'TWCORNEL5-41297563876D4208910F02785A6D67C7', 265, 2, 0.00800, 0.00700, NULL, 'RUNUSED', '2019-05-15', 8, 29, '2019-05-15', 8, 50, 'bvick', '2019-07-24 18:17:18', NULL ) on conflict (RATA_RUN_ID) do update set RATA_SUM_ID = EXCLUDED.RATA_SUM_ID, GROSS_UNIT_LOAD = EXCLUDED.GROSS_UNIT_LOAD, RUN_NUM = EXCLUDED.RUN_NUM, CEM_VALUE = EXCLUDED.CEM_VALUE, RATA_REF_VALUE = EXCLUDED.RATA_REF_VALUE, CALC_RATA_REF_VALUE = EXCLUDED.CALC_RATA_REF_VALUE, RUN_STATUS_CD = EXCLUDED.RUN_STATUS_CD, BEGIN_DATE = EXCLUDED.BEGIN_DATE, BEGIN_HOUR = EXCLUDED.BEGIN_HOUR, BEGIN_MIN = EXCLUDED.BEGIN_MIN, END_DATE = EXCLUDED.END_DATE, END_HOUR = EXCLUDED.END_HOUR, END_MIN = EXCLUDED.END_MIN, USERID = EXCLUDED.USERID, ADD_DATE = EXCLUDED.ADD_DATE, UPDATE_DATE = EXCLUDED.UPDATE_DATE;
/* ORIS:      3    Location: 6A        Test Type: RATA       Test Num: 201905150756MA3       SQL Ord:    8 */ insert into camdecmpswks.RATA_RUN ( RATA_RUN_ID, RATA_SUM_ID, GROSS_UNIT_LOAD, RUN_NUM, CEM_VALUE, RATA_REF_VALUE, CALC_RATA_REF_VALUE, RUN_STATUS_CD, BEGIN_DATE, BEGIN_HOUR, BEGIN_MIN, END_DATE, END_HOUR, END_MIN, USERID, ADD_DATE, UPDATE_DATE ) values ( 'TWCORNEL5-62D3DDC0225641EFB7C62AA4C02A34C9', 'TWCORNEL5-41297563876D4208910F02785A6D67C7', 260, 8, 0.00800, 0.00800, NULL, 'RUNUSED', '2019-05-15', 11, 42, '2019-05-15', 12, 3, 'bvick', '2019-07-24 18:17:18', NULL ) on conflict (RATA_RUN_ID) do update set RATA_SUM_ID = EXCLUDED.RATA_SUM_ID, GROSS_UNIT_LOAD = EXCLUDED.GROSS_UNIT_LOAD, RUN_NUM = EXCLUDED.RUN_NUM, CEM_VALUE = EXCLUDED.CEM_VALUE, RATA_REF_VALUE = EXCLUDED.RATA_REF_VALUE, CALC_RATA_REF_VALUE = EXCLUDED.CALC_RATA_REF_VALUE, RUN_STATUS_CD = EXCLUDED.RUN_STATUS_CD, BEGIN_DATE = EXCLUDED.BEGIN_DATE, BEGIN_HOUR = EXCLUDED.BEGIN_HOUR, BEGIN_MIN = EXCLUDED.BEGIN_MIN, END_DATE = EXCLUDED.END_DATE, END_HOUR = EXCLUDED.END_HOUR, END_MIN = EXCLUDED.END_MIN, USERID = EXCLUDED.USERID, ADD_DATE = EXCLUDED.ADD_DATE, UPDATE_DATE = EXCLUDED.UPDATE_DATE;
/* ORIS:      3    Location: 6A        Test Type: RATA       Test Num: 201905150756MA3       SQL Ord:    8 */ insert into camdecmpswks.RATA_RUN ( RATA_RUN_ID, RATA_SUM_ID, GROSS_UNIT_LOAD, RUN_NUM, CEM_VALUE, RATA_REF_VALUE, CALC_RATA_REF_VALUE, RUN_STATUS_CD, BEGIN_DATE, BEGIN_HOUR, BEGIN_MIN, END_DATE, END_HOUR, END_MIN, USERID, ADD_DATE, UPDATE_DATE ) values ( 'TWCORNEL5-8B051BDCDDD34AF49D2D0D874DB1F547', 'TWCORNEL5-41297563876D4208910F02785A6D67C7', 263, 5, 0.00800, 0.00700, NULL, 'RUNUSED', '2019-05-15', 10, 7, '2019-05-15', 10, 28, 'bvick', '2019-07-24 18:17:18', NULL ) on conflict (RATA_RUN_ID) do update set RATA_SUM_ID = EXCLUDED.RATA_SUM_ID, GROSS_UNIT_LOAD = EXCLUDED.GROSS_UNIT_LOAD, RUN_NUM = EXCLUDED.RUN_NUM, CEM_VALUE = EXCLUDED.CEM_VALUE, RATA_REF_VALUE = EXCLUDED.RATA_REF_VALUE, CALC_RATA_REF_VALUE = EXCLUDED.CALC_RATA_REF_VALUE, RUN_STATUS_CD = EXCLUDED.RUN_STATUS_CD, BEGIN_DATE = EXCLUDED.BEGIN_DATE, BEGIN_HOUR = EXCLUDED.BEGIN_HOUR, BEGIN_MIN = EXCLUDED.BEGIN_MIN, END_DATE = EXCLUDED.END_DATE, END_HOUR = EXCLUDED.END_HOUR, END_MIN = EXCLUDED.END_MIN, USERID = EXCLUDED.USERID, ADD_DATE = EXCLUDED.ADD_DATE, UPDATE_DATE = EXCLUDED.UPDATE_DATE;
/* ORIS:      3    Location: 6A        Test Type: RATA       Test Num: 201905150756MA3       SQL Ord:    8 */ insert into camdecmpswks.RATA_RUN ( RATA_RUN_ID, RATA_SUM_ID, GROSS_UNIT_LOAD, RUN_NUM, CEM_VALUE, RATA_REF_VALUE, CALC_RATA_REF_VALUE, RUN_STATUS_CD, BEGIN_DATE, BEGIN_HOUR, BEGIN_MIN, END_DATE, END_HOUR, END_MIN, USERID, ADD_DATE, UPDATE_DATE ) values ( 'TWCORNEL5-B48EBAB0A69043798E7D5BFC964A4F87', 'TWCORNEL5-41297563876D4208910F02785A6D67C7', 264, 3, 0.00800, 0.00700, NULL, 'RUNUSED', '2019-05-15', 9, 2, '2019-05-15', 9, 23, 'bvick', '2019-07-24 18:17:18', NULL ) on conflict (RATA_RUN_ID) do update set RATA_SUM_ID = EXCLUDED.RATA_SUM_ID, GROSS_UNIT_LOAD = EXCLUDED.GROSS_UNIT_LOAD, RUN_NUM = EXCLUDED.RUN_NUM, CEM_VALUE = EXCLUDED.CEM_VALUE, RATA_REF_VALUE = EXCLUDED.RATA_REF_VALUE, CALC_RATA_REF_VALUE = EXCLUDED.CALC_RATA_REF_VALUE, RUN_STATUS_CD = EXCLUDED.RUN_STATUS_CD, BEGIN_DATE = EXCLUDED.BEGIN_DATE, BEGIN_HOUR = EXCLUDED.BEGIN_HOUR, BEGIN_MIN = EXCLUDED.BEGIN_MIN, END_DATE = EXCLUDED.END_DATE, END_HOUR = EXCLUDED.END_HOUR, END_MIN = EXCLUDED.END_MIN, USERID = EXCLUDED.USERID, ADD_DATE = EXCLUDED.ADD_DATE, UPDATE_DATE = EXCLUDED.UPDATE_DATE;
/* ORIS:      3    Location: 6A        Test Type: RATA       Test Num: 201905150756MA3       SQL Ord:    8 */ insert into camdecmpswks.RATA_RUN ( RATA_RUN_ID, RATA_SUM_ID, GROSS_UNIT_LOAD, RUN_NUM, CEM_VALUE, RATA_REF_VALUE, CALC_RATA_REF_VALUE, RUN_STATUS_CD, BEGIN_DATE, BEGIN_HOUR, BEGIN_MIN, END_DATE, END_HOUR, END_MIN, USERID, ADD_DATE, UPDATE_DATE ) values ( 'TWCORNEL5-C6E62F4F67464C169599BDFC15A7FFD5', 'TWCORNEL5-41297563876D4208910F02785A6D67C7', 262, 6, 0.00800, 0.00700, NULL, 'RUNUSED', '2019-05-15', 10, 39, '2019-05-15', 11, 0, 'bvick', '2019-07-24 18:17:18', NULL ) on conflict (RATA_RUN_ID) do update set RATA_SUM_ID = EXCLUDED.RATA_SUM_ID, GROSS_UNIT_LOAD = EXCLUDED.GROSS_UNIT_LOAD, RUN_NUM = EXCLUDED.RUN_NUM, CEM_VALUE = EXCLUDED.CEM_VALUE, RATA_REF_VALUE = EXCLUDED.RATA_REF_VALUE, CALC_RATA_REF_VALUE = EXCLUDED.CALC_RATA_REF_VALUE, RUN_STATUS_CD = EXCLUDED.RUN_STATUS_CD, BEGIN_DATE = EXCLUDED.BEGIN_DATE, BEGIN_HOUR = EXCLUDED.BEGIN_HOUR, BEGIN_MIN = EXCLUDED.BEGIN_MIN, END_DATE = EXCLUDED.END_DATE, END_HOUR = EXCLUDED.END_HOUR, END_MIN = EXCLUDED.END_MIN, USERID = EXCLUDED.USERID, ADD_DATE = EXCLUDED.ADD_DATE, UPDATE_DATE = EXCLUDED.UPDATE_DATE;
/* ORIS:      3    Location: 6A        Test Type: RATA       Test Num: 201905150756MA3       SQL Ord:    8 */ insert into camdecmpswks.RATA_RUN ( RATA_RUN_ID, RATA_SUM_ID, GROSS_UNIT_LOAD, RUN_NUM, CEM_VALUE, RATA_REF_VALUE, CALC_RATA_REF_VALUE, RUN_STATUS_CD, BEGIN_DATE, BEGIN_HOUR, BEGIN_MIN, END_DATE, END_HOUR, END_MIN, USERID, ADD_DATE, UPDATE_DATE ) values ( 'TWCORNEL5-DEC0D72D96C44FDDA2BF982BD7094583', 'TWCORNEL5-41297563876D4208910F02785A6D67C7', 263, 4, 0.00800, 0.00700, NULL, 'RUNUSED', '2019-05-15', 9, 35, '2019-05-15', 9, 56, 'bvick', '2019-07-24 18:17:18', NULL ) on conflict (RATA_RUN_ID) do update set RATA_SUM_ID = EXCLUDED.RATA_SUM_ID, GROSS_UNIT_LOAD = EXCLUDED.GROSS_UNIT_LOAD, RUN_NUM = EXCLUDED.RUN_NUM, CEM_VALUE = EXCLUDED.CEM_VALUE, RATA_REF_VALUE = EXCLUDED.RATA_REF_VALUE, CALC_RATA_REF_VALUE = EXCLUDED.CALC_RATA_REF_VALUE, RUN_STATUS_CD = EXCLUDED.RUN_STATUS_CD, BEGIN_DATE = EXCLUDED.BEGIN_DATE, BEGIN_HOUR = EXCLUDED.BEGIN_HOUR, BEGIN_MIN = EXCLUDED.BEGIN_MIN, END_DATE = EXCLUDED.END_DATE, END_HOUR = EXCLUDED.END_HOUR, END_MIN = EXCLUDED.END_MIN, USERID = EXCLUDED.USERID, ADD_DATE = EXCLUDED.ADD_DATE, UPDATE_DATE = EXCLUDED.UPDATE_DATE;
/* ORIS:      3    Location: 6A        Test Type: RATA       Test Num: 202001070829MA3       SQL Ord:    1 */ delete from camdecmpswks.TEST_SUMMARY where TEST_SUM_ID = 'TWCORNEL5-DFE02CAA396F4945B5E4FC2A400F83DE';
/* ORIS:      3    Location: 6A        Test Type: RATA       Test Num: 202001070829MA3       SQL Ord:    2 */ insert into camdecmpswks.TEST_SUMMARY ( TEST_SUM_ID, MON_LOC_ID, TEST_TYPE_CD, TEST_NUM, MON_SYS_ID, COMPONENT_ID, GP_IND, TEST_REASON_CD, TEST_RESULT_CD, RPT_PERIOD_ID, BEGIN_DATE, BEGIN_HOUR, BEGIN_MIN, END_DATE, END_HOUR, END_MIN, SPAN_SCALE_CD, INJECTION_PROTOCOL_CD, TEST_COMMENT, TEST_DESCRIPTION, CALC_GP_IND, CALC_TEST_RESULT_CD, CALC_SPAN_VALUE, LAST_UPDATED, UPDATED_STATUS_FLG, NEEDS_EVAL_FLG, CHK_SESSION_ID, USERID, ADD_DATE, UPDATE_DATE ) values ( 'TWCORNEL5-DFE02CAA396F4945B5E4FC2A400F83DE', '2706', 'RATA', '202001070829MA3', 'CAMD-5FAA2DEC1413455FBDB5C148AF7FF02F', NULL, 0, 'RECERT', 'PASSED', NULL, '2020-01-07', 8, 29, '2020-01-07', 12, 48, NULL, NULL, NULL, NULL, NULL, NULL, NULL, '2021-12-08 15:12:45', 'Y', 'N', 'CAMD-WIN81-DF1C3C4AEA0B448B9D83A3991F0378D7', 'bvick', '2020-04-23 11:17:33', '2021-12-08 15:12:48' ) on conflict (TEST_SUM_ID) do update set MON_LOC_ID = EXCLUDED.MON_LOC_ID, TEST_TYPE_CD = EXCLUDED.TEST_TYPE_CD, TEST_NUM = EXCLUDED.TEST_NUM, MON_SYS_ID = EXCLUDED.MON_SYS_ID, COMPONENT_ID = EXCLUDED.COMPONENT_ID, GP_IND = EXCLUDED.GP_IND, TEST_REASON_CD = EXCLUDED.TEST_REASON_CD, TEST_RESULT_CD = EXCLUDED.TEST_RESULT_CD, RPT_PERIOD_ID = EXCLUDED.RPT_PERIOD_ID, BEGIN_DATE = EXCLUDED.BEGIN_DATE, BEGIN_HOUR = EXCLUDED.BEGIN_HOUR, BEGIN_MIN = EXCLUDED.BEGIN_MIN, END_DATE = EXCLUDED.END_DATE, END_HOUR = EXCLUDED.END_HOUR, END_MIN = EXCLUDED.END_MIN, SPAN_SCALE_CD = EXCLUDED.SPAN_SCALE_CD, INJECTION_PROTOCOL_CD = EXCLUDED.INJECTION_PROTOCOL_CD, TEST_COMMENT = EXCLUDED.TEST_COMMENT, TEST_DESCRIPTION = EXCLUDED.TEST_DESCRIPTION, CALC_GP_IND = EXCLUDED.CALC_GP_IND, CALC_TEST_RESULT_CD = EXCLUDED.CALC_TEST_RESULT_CD, CALC_SPAN_VALUE = EXCLUDED.CALC_SPAN_VALUE, LAST_UPDATED = EXCLUDED.LAST_UPDATED, UPDATED_STATUS_FLG = EXCLUDED.UPDATED_STATUS_FLG, NEEDS_EVAL_FLG = EXCLUDED.NEEDS_EVAL_FLG, CHK_SESSION_ID = EXCLUDED.CHK_SESSION_ID, USERID = EXCLUDED.USERID, ADD_DATE = EXCLUDED.ADD_DATE, UPDATE_DATE = EXCLUDED.UPDATE_DATE;
/* ORIS:      3    Location: 6A        Test Type: RATA       Test Num: 202001070829MA3       SQL Ord:    3 */ insert into camdecmpswks.PROTOCOL_GAS ( PROTOCOL_GAS_ID, TEST_SUM_ID, GAS_LEVEL_CD, GAS_TYPE_CD, VENDOR_ID, CYLINDER_ID, EXPIRATION_DATE, USERID, ADD_DATE, UPDATE_DATE ) values ( 'TWCORNEL5-0A18D302113C4E6EBDF22FD0842FE3F2', 'TWCORNEL5-DFE02CAA396F4945B5E4FC2A400F83DE', 'LOW', 'ZERO', NULL, NULL, NULL, 'bvick', '2020-04-23 11:17:33', NULL ) on conflict (PROTOCOL_GAS_ID) do update set TEST_SUM_ID = EXCLUDED.TEST_SUM_ID, GAS_LEVEL_CD = EXCLUDED.GAS_LEVEL_CD, GAS_TYPE_CD = EXCLUDED.GAS_TYPE_CD, VENDOR_ID = EXCLUDED.VENDOR_ID, CYLINDER_ID = EXCLUDED.CYLINDER_ID, EXPIRATION_DATE = EXCLUDED.EXPIRATION_DATE, USERID = EXCLUDED.USERID, ADD_DATE = EXCLUDED.ADD_DATE, UPDATE_DATE = EXCLUDED.UPDATE_DATE;
/* ORIS:      3    Location: 6A        Test Type: RATA       Test Num: 202001070829MA3       SQL Ord:    3 */ insert into camdecmpswks.PROTOCOL_GAS ( PROTOCOL_GAS_ID, TEST_SUM_ID, GAS_LEVEL_CD, GAS_TYPE_CD, VENDOR_ID, CYLINDER_ID, EXPIRATION_DATE, USERID, ADD_DATE, UPDATE_DATE ) values ( 'TWCORNEL5-1A94D07C90604510A94495D5C7C28373', 'TWCORNEL5-DFE02CAA396F4945B5E4FC2A400F83DE', 'HIGH', 'CO2,BALN', 'B22019', 'XC007994B', '2027-01-18', 'bvick', '2020-04-23 11:17:33', NULL ) on conflict (PROTOCOL_GAS_ID) do update set TEST_SUM_ID = EXCLUDED.TEST_SUM_ID, GAS_LEVEL_CD = EXCLUDED.GAS_LEVEL_CD, GAS_TYPE_CD = EXCLUDED.GAS_TYPE_CD, VENDOR_ID = EXCLUDED.VENDOR_ID, CYLINDER_ID = EXCLUDED.CYLINDER_ID, EXPIRATION_DATE = EXCLUDED.EXPIRATION_DATE, USERID = EXCLUDED.USERID, ADD_DATE = EXCLUDED.ADD_DATE, UPDATE_DATE = EXCLUDED.UPDATE_DATE;
/* ORIS:      3    Location: 6A        Test Type: RATA       Test Num: 202001070829MA3       SQL Ord:    3 */ insert into camdecmpswks.PROTOCOL_GAS ( PROTOCOL_GAS_ID, TEST_SUM_ID, GAS_LEVEL_CD, GAS_TYPE_CD, VENDOR_ID, CYLINDER_ID, EXPIRATION_DATE, USERID, ADD_DATE, UPDATE_DATE ) values ( 'TWCORNEL5-5505D03640F14BD49EC05E9F4E47BC99', 'TWCORNEL5-DFE02CAA396F4945B5E4FC2A400F83DE', 'MID', 'CO2,BALN', 'B22019', 'CC456156', '2027-10-22', 'bvick', '2020-04-23 11:17:33', NULL ) on conflict (PROTOCOL_GAS_ID) do update set TEST_SUM_ID = EXCLUDED.TEST_SUM_ID, GAS_LEVEL_CD = EXCLUDED.GAS_LEVEL_CD, GAS_TYPE_CD = EXCLUDED.GAS_TYPE_CD, VENDOR_ID = EXCLUDED.VENDOR_ID, CYLINDER_ID = EXCLUDED.CYLINDER_ID, EXPIRATION_DATE = EXCLUDED.EXPIRATION_DATE, USERID = EXCLUDED.USERID, ADD_DATE = EXCLUDED.ADD_DATE, UPDATE_DATE = EXCLUDED.UPDATE_DATE;
/* ORIS:      3    Location: 6A        Test Type: RATA       Test Num: 202001070829MA3       SQL Ord:    3 */ insert into camdecmpswks.PROTOCOL_GAS ( PROTOCOL_GAS_ID, TEST_SUM_ID, GAS_LEVEL_CD, GAS_TYPE_CD, VENDOR_ID, CYLINDER_ID, EXPIRATION_DATE, USERID, ADD_DATE, UPDATE_DATE ) values ( 'TWCORNEL5-81EAA2F7F13D45F8917F5E7F9D7BC9D6', 'TWCORNEL5-DFE02CAA396F4945B5E4FC2A400F83DE', 'LOW', 'ZERO', NULL, NULL, NULL, 'bvick', '2020-04-23 11:17:33', NULL ) on conflict (PROTOCOL_GAS_ID) do update set TEST_SUM_ID = EXCLUDED.TEST_SUM_ID, GAS_LEVEL_CD = EXCLUDED.GAS_LEVEL_CD, GAS_TYPE_CD = EXCLUDED.GAS_TYPE_CD, VENDOR_ID = EXCLUDED.VENDOR_ID, CYLINDER_ID = EXCLUDED.CYLINDER_ID, EXPIRATION_DATE = EXCLUDED.EXPIRATION_DATE, USERID = EXCLUDED.USERID, ADD_DATE = EXCLUDED.ADD_DATE, UPDATE_DATE = EXCLUDED.UPDATE_DATE;
/* ORIS:      3    Location: 6A        Test Type: RATA       Test Num: 202001070829MA3       SQL Ord:    3 */ insert into camdecmpswks.PROTOCOL_GAS ( PROTOCOL_GAS_ID, TEST_SUM_ID, GAS_LEVEL_CD, GAS_TYPE_CD, VENDOR_ID, CYLINDER_ID, EXPIRATION_DATE, USERID, ADD_DATE, UPDATE_DATE ) values ( 'TWCORNEL5-995EA2006A5E4669A51C31564E593A3E', 'TWCORNEL5-DFE02CAA396F4945B5E4FC2A400F83DE', 'MID', 'NO,NOX,BALN', 'B22019', 'EB0111514', '2022-04-16', 'bvick', '2020-04-23 11:17:33', NULL ) on conflict (PROTOCOL_GAS_ID) do update set TEST_SUM_ID = EXCLUDED.TEST_SUM_ID, GAS_LEVEL_CD = EXCLUDED.GAS_LEVEL_CD, GAS_TYPE_CD = EXCLUDED.GAS_TYPE_CD, VENDOR_ID = EXCLUDED.VENDOR_ID, CYLINDER_ID = EXCLUDED.CYLINDER_ID, EXPIRATION_DATE = EXCLUDED.EXPIRATION_DATE, USERID = EXCLUDED.USERID, ADD_DATE = EXCLUDED.ADD_DATE, UPDATE_DATE = EXCLUDED.UPDATE_DATE;
/* ORIS:      3    Location: 6A        Test Type: RATA       Test Num: 202001070829MA3       SQL Ord:    3 */ insert into camdecmpswks.PROTOCOL_GAS ( PROTOCOL_GAS_ID, TEST_SUM_ID, GAS_LEVEL_CD, GAS_TYPE_CD, VENDOR_ID, CYLINDER_ID, EXPIRATION_DATE, USERID, ADD_DATE, UPDATE_DATE ) values ( 'TWCORNEL5-9970827CC6B444A59BA8A101593524E6', 'TWCORNEL5-DFE02CAA396F4945B5E4FC2A400F83DE', 'HIGH', 'NO,NOX,BALN', 'B22019', 'CC708012', '2022-08-27', 'bvick', '2020-04-23 11:17:33', NULL ) on conflict (PROTOCOL_GAS_ID) do update set TEST_SUM_ID = EXCLUDED.TEST_SUM_ID, GAS_LEVEL_CD = EXCLUDED.GAS_LEVEL_CD, GAS_TYPE_CD = EXCLUDED.GAS_TYPE_CD, VENDOR_ID = EXCLUDED.VENDOR_ID, CYLINDER_ID = EXCLUDED.CYLINDER_ID, EXPIRATION_DATE = EXCLUDED.EXPIRATION_DATE, USERID = EXCLUDED.USERID, ADD_DATE = EXCLUDED.ADD_DATE, UPDATE_DATE = EXCLUDED.UPDATE_DATE;
/* ORIS:      3    Location: 6A        Test Type: RATA       Test Num: 202001070829MA3       SQL Ord:    4 */ insert into camdecmpswks.AIR_EMISSION_TESTING ( AIR_EMISSION_TEST_ID, TEST_SUM_ID, QI_LAST_NAME, QI_FIRST_NAME, QI_MIDDLE_INITIAL, AETB_NAME, AETB_PHONE_NUMBER, AETB_EMAIL, EXAM_DATE, PROVIDER_NAME, PROVIDER_EMAIL, ADD_DATE, UPDATE_DATE, USERID ) values ( 'TWCORNEL5-FF1FDFCBED2440C6B0E5A46640036468', 'TWCORNEL5-DFE02CAA396F4945B5E4FC2A400F83DE', 'Rew', 'Judd', 'M', NULL, '251-331-7560', 'jmrew@southernco.com', '2019-04-17', 'Source Evaluation Society', 'qstiprogram@gmail.com', '2021-12-08 15:01:22', '2021-12-08 15:12:45', 'bvick' ) on conflict (AIR_EMISSION_TEST_ID) do update set TEST_SUM_ID = EXCLUDED.TEST_SUM_ID, QI_LAST_NAME = EXCLUDED.QI_LAST_NAME, QI_FIRST_NAME = EXCLUDED.QI_FIRST_NAME, QI_MIDDLE_INITIAL = EXCLUDED.QI_MIDDLE_INITIAL, AETB_NAME = EXCLUDED.AETB_NAME, AETB_PHONE_NUMBER = EXCLUDED.AETB_PHONE_NUMBER, AETB_EMAIL = EXCLUDED.AETB_EMAIL, EXAM_DATE = EXCLUDED.EXAM_DATE, PROVIDER_NAME = EXCLUDED.PROVIDER_NAME, PROVIDER_EMAIL = EXCLUDED.PROVIDER_EMAIL, ADD_DATE = EXCLUDED.ADD_DATE, UPDATE_DATE = EXCLUDED.UPDATE_DATE, USERID = EXCLUDED.USERID;
/* ORIS:      3    Location: 6A        Test Type: RATA       Test Num: 202001070829MA3       SQL Ord:    6 */ insert into camdecmpswks.RATA ( RATA_ID, TEST_SUM_ID, RATA_FREQUENCY_CD, CALC_RATA_FREQUENCY_CD, RELATIVE_ACCURACY, CALC_RELATIVE_ACCURACY, OVERALL_BIAS_ADJ_FACTOR, CALC_OVERALL_BIAS_ADJ_FACTOR, NUM_LOAD_LEVEL, CALC_NUM_LOAD_LEVEL, USERID, ADD_DATE, UPDATE_DATE ) values ( 'TWCORNEL5-CD800D9E825C4D4F923A0A93D4F0BB24', 'TWCORNEL5-DFE02CAA396F4945B5E4FC2A400F83DE', '4QTRS', '4QTRS', 6.83, 6.83, 1.000, 1.000, 1, 1, 'bvick', '2020-04-23 11:17:33', '2021-12-08 15:12:48' ) on conflict (RATA_ID) do update set TEST_SUM_ID = EXCLUDED.TEST_SUM_ID, RATA_FREQUENCY_CD = EXCLUDED.RATA_FREQUENCY_CD, CALC_RATA_FREQUENCY_CD = EXCLUDED.CALC_RATA_FREQUENCY_CD, RELATIVE_ACCURACY = EXCLUDED.RELATIVE_ACCURACY, CALC_RELATIVE_ACCURACY = EXCLUDED.CALC_RELATIVE_ACCURACY, OVERALL_BIAS_ADJ_FACTOR = EXCLUDED.OVERALL_BIAS_ADJ_FACTOR, CALC_OVERALL_BIAS_ADJ_FACTOR = EXCLUDED.CALC_OVERALL_BIAS_ADJ_FACTOR, NUM_LOAD_LEVEL = EXCLUDED.NUM_LOAD_LEVEL, CALC_NUM_LOAD_LEVEL = EXCLUDED.CALC_NUM_LOAD_LEVEL, USERID = EXCLUDED.USERID, ADD_DATE = EXCLUDED.ADD_DATE, UPDATE_DATE = EXCLUDED.UPDATE_DATE;
/* ORIS:      3    Location: 6A        Test Type: RATA       Test Num: 202001070829MA3       SQL Ord:    7 */ insert into camdecmpswks.RATA_SUMMARY ( RATA_SUM_ID, RATA_ID, RELATIVE_ACCURACY, CALC_RELATIVE_ACCURACY, BIAS_ADJ_FACTOR, CALC_BIAS_ADJ_FACTOR, MEAN_CEM_VALUE, CALC_MEAN_CEM_VALUE, MEAN_RATA_REF_VALUE, CALC_MEAN_RATA_REF_VALUE, OP_LEVEL_CD, MEAN_DIFF, CALC_MEAN_DIFF, DEFAULT_WAF, AVG_GROSS_UNIT_LOAD, CALC_AVG_GROSS_UNIT_LOAD, APS_IND, CALC_APS_IND, STND_DEV_DIFF, CALC_STND_DEV_DIFF, CONFIDENCE_COEF, CALC_CONFIDENCE_COEF, CO2_O2_REF_METHOD_CD, REF_METHOD_CD, T_VALUE, CALC_T_VALUE, STACK_DIAMETER, STACK_AREA, CALC_STACK_AREA, CALC_WAF, CALC_CALC_WAF, NUM_TRAVERSE_POINT, USERID, ADD_DATE, UPDATE_DATE, APS_CD ) values ( 'TWCORNEL5-37D9E34FE13248A38970D9EA63FDA8E7', 'TWCORNEL5-CD800D9E825C4D4F923A0A93D4F0BB24', 6.83, 6.83, 1.000, 1.000, 0.00800, 0.00800, 0.00822, 0.00800, 'H', 0.00022, 0.00000, NULL, 250, 250, 0, 0, 0.00044, 0.00000, 0.00034, 0.00000, NULL, '7E,3A', 2.306, 2.306, NULL, NULL, NULL, NULL, NULL, NULL, 'bvick', '2020-04-23 11:17:33', '2021-12-08 15:12:48', NULL ) on conflict (RATA_SUM_ID) do update set RATA_ID = EXCLUDED.RATA_ID, RELATIVE_ACCURACY = EXCLUDED.RELATIVE_ACCURACY, CALC_RELATIVE_ACCURACY = EXCLUDED.CALC_RELATIVE_ACCURACY, BIAS_ADJ_FACTOR = EXCLUDED.BIAS_ADJ_FACTOR, CALC_BIAS_ADJ_FACTOR = EXCLUDED.CALC_BIAS_ADJ_FACTOR, MEAN_CEM_VALUE = EXCLUDED.MEAN_CEM_VALUE, CALC_MEAN_CEM_VALUE = EXCLUDED.CALC_MEAN_CEM_VALUE, MEAN_RATA_REF_VALUE = EXCLUDED.MEAN_RATA_REF_VALUE, CALC_MEAN_RATA_REF_VALUE = EXCLUDED.CALC_MEAN_RATA_REF_VALUE, OP_LEVEL_CD = EXCLUDED.OP_LEVEL_CD, MEAN_DIFF = EXCLUDED.MEAN_DIFF, CALC_MEAN_DIFF = EXCLUDED.CALC_MEAN_DIFF, DEFAULT_WAF = EXCLUDED.DEFAULT_WAF, AVG_GROSS_UNIT_LOAD = EXCLUDED.AVG_GROSS_UNIT_LOAD, CALC_AVG_GROSS_UNIT_LOAD = EXCLUDED.CALC_AVG_GROSS_UNIT_LOAD, APS_IND = EXCLUDED.APS_IND, CALC_APS_IND = EXCLUDED.CALC_APS_IND, STND_DEV_DIFF = EXCLUDED.STND_DEV_DIFF, CALC_STND_DEV_DIFF = EXCLUDED.CALC_STND_DEV_DIFF, CONFIDENCE_COEF = EXCLUDED.CONFIDENCE_COEF, CALC_CONFIDENCE_COEF = EXCLUDED.CALC_CONFIDENCE_COEF, CO2_O2_REF_METHOD_CD = EXCLUDED.CO2_O2_REF_METHOD_CD, REF_METHOD_CD = EXCLUDED.REF_METHOD_CD, T_VALUE = EXCLUDED.T_VALUE, CALC_T_VALUE = EXCLUDED.CALC_T_VALUE, STACK_DIAMETER = EXCLUDED.STACK_DIAMETER, STACK_AREA = EXCLUDED.STACK_AREA, CALC_STACK_AREA = EXCLUDED.CALC_STACK_AREA, CALC_WAF = EXCLUDED.CALC_WAF, CALC_CALC_WAF = EXCLUDED.CALC_CALC_WAF, NUM_TRAVERSE_POINT = EXCLUDED.NUM_TRAVERSE_POINT, APS_CD = EXCLUDED.APS_CD, USERID = EXCLUDED.USERID, ADD_DATE = EXCLUDED.ADD_DATE, UPDATE_DATE = EXCLUDED.UPDATE_DATE;
/* ORIS:      3    Location: 6A        Test Type: RATA       Test Num: 202001070829MA3       SQL Ord:    8 */ insert into camdecmpswks.RATA_RUN ( RATA_RUN_ID, RATA_SUM_ID, GROSS_UNIT_LOAD, RUN_NUM, CEM_VALUE, RATA_REF_VALUE, CALC_RATA_REF_VALUE, RUN_STATUS_CD, BEGIN_DATE, BEGIN_HOUR, BEGIN_MIN, END_DATE, END_HOUR, END_MIN, USERID, ADD_DATE, UPDATE_DATE ) values ( 'TWCORNEL5-21593A4E722A4F2DB15BBC6943B512EE', 'TWCORNEL5-37D9E34FE13248A38970D9EA63FDA8E7', 250, 6, 0.00800, 0.00800, NULL, 'RUNUSED', '2020-01-07', 10, 58, '2020-01-07', 11, 19, 'bvick', '2020-04-23 11:17:33', NULL ) on conflict (RATA_RUN_ID) do update set RATA_SUM_ID = EXCLUDED.RATA_SUM_ID, GROSS_UNIT_LOAD = EXCLUDED.GROSS_UNIT_LOAD, RUN_NUM = EXCLUDED.RUN_NUM, CEM_VALUE = EXCLUDED.CEM_VALUE, RATA_REF_VALUE = EXCLUDED.RATA_REF_VALUE, CALC_RATA_REF_VALUE = EXCLUDED.CALC_RATA_REF_VALUE, RUN_STATUS_CD = EXCLUDED.RUN_STATUS_CD, BEGIN_DATE = EXCLUDED.BEGIN_DATE, BEGIN_HOUR = EXCLUDED.BEGIN_HOUR, BEGIN_MIN = EXCLUDED.BEGIN_MIN, END_DATE = EXCLUDED.END_DATE, END_HOUR = EXCLUDED.END_HOUR, END_MIN = EXCLUDED.END_MIN, USERID = EXCLUDED.USERID, ADD_DATE = EXCLUDED.ADD_DATE, UPDATE_DATE = EXCLUDED.UPDATE_DATE;
/* ORIS:      3    Location: 6A        Test Type: RATA       Test Num: 202001070829MA3       SQL Ord:    8 */ insert into camdecmpswks.RATA_RUN ( RATA_RUN_ID, RATA_SUM_ID, GROSS_UNIT_LOAD, RUN_NUM, CEM_VALUE, RATA_REF_VALUE, CALC_RATA_REF_VALUE, RUN_STATUS_CD, BEGIN_DATE, BEGIN_HOUR, BEGIN_MIN, END_DATE, END_HOUR, END_MIN, USERID, ADD_DATE, UPDATE_DATE ) values ( 'TWCORNEL5-5AFE1304A0EE4B9C856D4BB412522743', 'TWCORNEL5-37D9E34FE13248A38970D9EA63FDA8E7', 250, 3, 0.00800, 0.00800, NULL, 'RUNUSED', '2020-01-07', 9, 28, '2020-01-07', 9, 49, 'bvick', '2020-04-23 11:17:33', NULL ) on conflict (RATA_RUN_ID) do update set RATA_SUM_ID = EXCLUDED.RATA_SUM_ID, GROSS_UNIT_LOAD = EXCLUDED.GROSS_UNIT_LOAD, RUN_NUM = EXCLUDED.RUN_NUM, CEM_VALUE = EXCLUDED.CEM_VALUE, RATA_REF_VALUE = EXCLUDED.RATA_REF_VALUE, CALC_RATA_REF_VALUE = EXCLUDED.CALC_RATA_REF_VALUE, RUN_STATUS_CD = EXCLUDED.RUN_STATUS_CD, BEGIN_DATE = EXCLUDED.BEGIN_DATE, BEGIN_HOUR = EXCLUDED.BEGIN_HOUR, BEGIN_MIN = EXCLUDED.BEGIN_MIN, END_DATE = EXCLUDED.END_DATE, END_HOUR = EXCLUDED.END_HOUR, END_MIN = EXCLUDED.END_MIN, USERID = EXCLUDED.USERID, ADD_DATE = EXCLUDED.ADD_DATE, UPDATE_DATE = EXCLUDED.UPDATE_DATE;
/* ORIS:      3    Location: 6A        Test Type: RATA       Test Num: 202001070829MA3       SQL Ord:    8 */ insert into camdecmpswks.RATA_RUN ( RATA_RUN_ID, RATA_SUM_ID, GROSS_UNIT_LOAD, RUN_NUM, CEM_VALUE, RATA_REF_VALUE, CALC_RATA_REF_VALUE, RUN_STATUS_CD, BEGIN_DATE, BEGIN_HOUR, BEGIN_MIN, END_DATE, END_HOUR, END_MIN, USERID, ADD_DATE, UPDATE_DATE ) values ( 'TWCORNEL5-6310ACA97F3E4476A8DABB6F034EAEC4', 'TWCORNEL5-37D9E34FE13248A38970D9EA63FDA8E7', 250, 9, 0.00800, 0.00800, NULL, 'RUNUSED', '2020-01-07', 12, 27, '2020-01-07', 12, 48, 'bvick', '2020-04-23 11:17:33', NULL ) on conflict (RATA_RUN_ID) do update set RATA_SUM_ID = EXCLUDED.RATA_SUM_ID, GROSS_UNIT_LOAD = EXCLUDED.GROSS_UNIT_LOAD, RUN_NUM = EXCLUDED.RUN_NUM, CEM_VALUE = EXCLUDED.CEM_VALUE, RATA_REF_VALUE = EXCLUDED.RATA_REF_VALUE, CALC_RATA_REF_VALUE = EXCLUDED.CALC_RATA_REF_VALUE, RUN_STATUS_CD = EXCLUDED.RUN_STATUS_CD, BEGIN_DATE = EXCLUDED.BEGIN_DATE, BEGIN_HOUR = EXCLUDED.BEGIN_HOUR, BEGIN_MIN = EXCLUDED.BEGIN_MIN, END_DATE = EXCLUDED.END_DATE, END_HOUR = EXCLUDED.END_HOUR, END_MIN = EXCLUDED.END_MIN, USERID = EXCLUDED.USERID, ADD_DATE = EXCLUDED.ADD_DATE, UPDATE_DATE = EXCLUDED.UPDATE_DATE;
/* ORIS:      3    Location: 6A        Test Type: RATA       Test Num: 202001070829MA3       SQL Ord:    8 */ insert into camdecmpswks.RATA_RUN ( RATA_RUN_ID, RATA_SUM_ID, GROSS_UNIT_LOAD, RUN_NUM, CEM_VALUE, RATA_REF_VALUE, CALC_RATA_REF_VALUE, RUN_STATUS_CD, BEGIN_DATE, BEGIN_HOUR, BEGIN_MIN, END_DATE, END_HOUR, END_MIN, USERID, ADD_DATE, UPDATE_DATE ) values ( 'TWCORNEL5-7089EABED7774DE3A8A3F8FD1329BDF5', 'TWCORNEL5-37D9E34FE13248A38970D9EA63FDA8E7', 250, 2, 0.00800, 0.00800, NULL, 'RUNUSED', '2020-01-07', 8, 58, '2020-01-07', 9, 19, 'bvick', '2020-04-23 11:17:33', NULL ) on conflict (RATA_RUN_ID) do update set RATA_SUM_ID = EXCLUDED.RATA_SUM_ID, GROSS_UNIT_LOAD = EXCLUDED.GROSS_UNIT_LOAD, RUN_NUM = EXCLUDED.RUN_NUM, CEM_VALUE = EXCLUDED.CEM_VALUE, RATA_REF_VALUE = EXCLUDED.RATA_REF_VALUE, CALC_RATA_REF_VALUE = EXCLUDED.CALC_RATA_REF_VALUE, RUN_STATUS_CD = EXCLUDED.RUN_STATUS_CD, BEGIN_DATE = EXCLUDED.BEGIN_DATE, BEGIN_HOUR = EXCLUDED.BEGIN_HOUR, BEGIN_MIN = EXCLUDED.BEGIN_MIN, END_DATE = EXCLUDED.END_DATE, END_HOUR = EXCLUDED.END_HOUR, END_MIN = EXCLUDED.END_MIN, USERID = EXCLUDED.USERID, ADD_DATE = EXCLUDED.ADD_DATE, UPDATE_DATE = EXCLUDED.UPDATE_DATE;
/* ORIS:      3    Location: 6A        Test Type: RATA       Test Num: 202001070829MA3       SQL Ord:    8 */ insert into camdecmpswks.RATA_RUN ( RATA_RUN_ID, RATA_SUM_ID, GROSS_UNIT_LOAD, RUN_NUM, CEM_VALUE, RATA_REF_VALUE, CALC_RATA_REF_VALUE, RUN_STATUS_CD, BEGIN_DATE, BEGIN_HOUR, BEGIN_MIN, END_DATE, END_HOUR, END_MIN, USERID, ADD_DATE, UPDATE_DATE ) values ( 'TWCORNEL5-97366A0663FF41AEA8711094447522FF', 'TWCORNEL5-37D9E34FE13248A38970D9EA63FDA8E7', 250, 1, 0.00800, 0.00900, NULL, 'RUNUSED', '2020-01-07', 8, 29, '2020-01-07', 8, 50, 'bvick', '2020-04-23 11:17:33', NULL ) on conflict (RATA_RUN_ID) do update set RATA_SUM_ID = EXCLUDED.RATA_SUM_ID, GROSS_UNIT_LOAD = EXCLUDED.GROSS_UNIT_LOAD, RUN_NUM = EXCLUDED.RUN_NUM, CEM_VALUE = EXCLUDED.CEM_VALUE, RATA_REF_VALUE = EXCLUDED.RATA_REF_VALUE, CALC_RATA_REF_VALUE = EXCLUDED.CALC_RATA_REF_VALUE, RUN_STATUS_CD = EXCLUDED.RUN_STATUS_CD, BEGIN_DATE = EXCLUDED.BEGIN_DATE, BEGIN_HOUR = EXCLUDED.BEGIN_HOUR, BEGIN_MIN = EXCLUDED.BEGIN_MIN, END_DATE = EXCLUDED.END_DATE, END_HOUR = EXCLUDED.END_HOUR, END_MIN = EXCLUDED.END_MIN, USERID = EXCLUDED.USERID, ADD_DATE = EXCLUDED.ADD_DATE, UPDATE_DATE = EXCLUDED.UPDATE_DATE;
/* ORIS:      3    Location: 6A        Test Type: RATA       Test Num: 202001070829MA3       SQL Ord:    8 */ insert into camdecmpswks.RATA_RUN ( RATA_RUN_ID, RATA_SUM_ID, GROSS_UNIT_LOAD, RUN_NUM, CEM_VALUE, RATA_REF_VALUE, CALC_RATA_REF_VALUE, RUN_STATUS_CD, BEGIN_DATE, BEGIN_HOUR, BEGIN_MIN, END_DATE, END_HOUR, END_MIN, USERID, ADD_DATE, UPDATE_DATE ) values ( 'TWCORNEL5-A63F47F46B334992AFEA09A1D33176E9', 'TWCORNEL5-37D9E34FE13248A38970D9EA63FDA8E7', 250, 7, 0.00800, 0.00900, NULL, 'RUNUSED', '2020-01-07', 11, 29, '2020-01-07', 11, 50, 'bvick', '2020-04-23 11:17:33', NULL ) on conflict (RATA_RUN_ID) do update set RATA_SUM_ID = EXCLUDED.RATA_SUM_ID, GROSS_UNIT_LOAD = EXCLUDED.GROSS_UNIT_LOAD, RUN_NUM = EXCLUDED.RUN_NUM, CEM_VALUE = EXCLUDED.CEM_VALUE, RATA_REF_VALUE = EXCLUDED.RATA_REF_VALUE, CALC_RATA_REF_VALUE = EXCLUDED.CALC_RATA_REF_VALUE, RUN_STATUS_CD = EXCLUDED.RUN_STATUS_CD, BEGIN_DATE = EXCLUDED.BEGIN_DATE, BEGIN_HOUR = EXCLUDED.BEGIN_HOUR, BEGIN_MIN = EXCLUDED.BEGIN_MIN, END_DATE = EXCLUDED.END_DATE, END_HOUR = EXCLUDED.END_HOUR, END_MIN = EXCLUDED.END_MIN, USERID = EXCLUDED.USERID, ADD_DATE = EXCLUDED.ADD_DATE, UPDATE_DATE = EXCLUDED.UPDATE_DATE;
/* ORIS:      3    Location: 6A        Test Type: RATA       Test Num: 202001070829MA3       SQL Ord:    8 */ insert into camdecmpswks.RATA_RUN ( RATA_RUN_ID, RATA_SUM_ID, GROSS_UNIT_LOAD, RUN_NUM, CEM_VALUE, RATA_REF_VALUE, CALC_RATA_REF_VALUE, RUN_STATUS_CD, BEGIN_DATE, BEGIN_HOUR, BEGIN_MIN, END_DATE, END_HOUR, END_MIN, USERID, ADD_DATE, UPDATE_DATE ) values ( 'TWCORNEL5-D3E93719A3D04589B2E2BDCFAD4002C1', 'TWCORNEL5-37D9E34FE13248A38970D9EA63FDA8E7', 250, 8, 0.00800, 0.00800, NULL, 'RUNUSED', '2020-01-07', 11, 58, '2020-01-07', 12, 19, 'bvick', '2020-04-23 11:17:33', NULL ) on conflict (RATA_RUN_ID) do update set RATA_SUM_ID = EXCLUDED.RATA_SUM_ID, GROSS_UNIT_LOAD = EXCLUDED.GROSS_UNIT_LOAD, RUN_NUM = EXCLUDED.RUN_NUM, CEM_VALUE = EXCLUDED.CEM_VALUE, RATA_REF_VALUE = EXCLUDED.RATA_REF_VALUE, CALC_RATA_REF_VALUE = EXCLUDED.CALC_RATA_REF_VALUE, RUN_STATUS_CD = EXCLUDED.RUN_STATUS_CD, BEGIN_DATE = EXCLUDED.BEGIN_DATE, BEGIN_HOUR = EXCLUDED.BEGIN_HOUR, BEGIN_MIN = EXCLUDED.BEGIN_MIN, END_DATE = EXCLUDED.END_DATE, END_HOUR = EXCLUDED.END_HOUR, END_MIN = EXCLUDED.END_MIN, USERID = EXCLUDED.USERID, ADD_DATE = EXCLUDED.ADD_DATE, UPDATE_DATE = EXCLUDED.UPDATE_DATE;
/* ORIS:      3    Location: 6A        Test Type: RATA       Test Num: 202001070829MA3       SQL Ord:    8 */ insert into camdecmpswks.RATA_RUN ( RATA_RUN_ID, RATA_SUM_ID, GROSS_UNIT_LOAD, RUN_NUM, CEM_VALUE, RATA_REF_VALUE, CALC_RATA_REF_VALUE, RUN_STATUS_CD, BEGIN_DATE, BEGIN_HOUR, BEGIN_MIN, END_DATE, END_HOUR, END_MIN, USERID, ADD_DATE, UPDATE_DATE ) values ( 'TWCORNEL5-D591E4F4882D42BDB4101C5FAAC08F2F', 'TWCORNEL5-37D9E34FE13248A38970D9EA63FDA8E7', 250, 5, 0.00800, 0.00800, NULL, 'RUNUSED', '2020-01-07', 10, 27, '2020-01-07', 10, 48, 'bvick', '2020-04-23 11:17:33', NULL ) on conflict (RATA_RUN_ID) do update set RATA_SUM_ID = EXCLUDED.RATA_SUM_ID, GROSS_UNIT_LOAD = EXCLUDED.GROSS_UNIT_LOAD, RUN_NUM = EXCLUDED.RUN_NUM, CEM_VALUE = EXCLUDED.CEM_VALUE, RATA_REF_VALUE = EXCLUDED.RATA_REF_VALUE, CALC_RATA_REF_VALUE = EXCLUDED.CALC_RATA_REF_VALUE, RUN_STATUS_CD = EXCLUDED.RUN_STATUS_CD, BEGIN_DATE = EXCLUDED.BEGIN_DATE, BEGIN_HOUR = EXCLUDED.BEGIN_HOUR, BEGIN_MIN = EXCLUDED.BEGIN_MIN, END_DATE = EXCLUDED.END_DATE, END_HOUR = EXCLUDED.END_HOUR, END_MIN = EXCLUDED.END_MIN, USERID = EXCLUDED.USERID, ADD_DATE = EXCLUDED.ADD_DATE, UPDATE_DATE = EXCLUDED.UPDATE_DATE;
/* ORIS:      3    Location: 6A        Test Type: RATA       Test Num: 202001070829MA3       SQL Ord:    8 */ insert into camdecmpswks.RATA_RUN ( RATA_RUN_ID, RATA_SUM_ID, GROSS_UNIT_LOAD, RUN_NUM, CEM_VALUE, RATA_REF_VALUE, CALC_RATA_REF_VALUE, RUN_STATUS_CD, BEGIN_DATE, BEGIN_HOUR, BEGIN_MIN, END_DATE, END_HOUR, END_MIN, USERID, ADD_DATE, UPDATE_DATE ) values ( 'TWCORNEL5-FE3538555D32442DB7F58E3BD58C8B76', 'TWCORNEL5-37D9E34FE13248A38970D9EA63FDA8E7', 250, 4, 0.00800, 0.00800, NULL, 'RUNUSED', '2020-01-07', 9, 58, '2020-01-07', 10, 19, 'bvick', '2020-04-23 11:17:33', NULL ) on conflict (RATA_RUN_ID) do update set RATA_SUM_ID = EXCLUDED.RATA_SUM_ID, GROSS_UNIT_LOAD = EXCLUDED.GROSS_UNIT_LOAD, RUN_NUM = EXCLUDED.RUN_NUM, CEM_VALUE = EXCLUDED.CEM_VALUE, RATA_REF_VALUE = EXCLUDED.RATA_REF_VALUE, CALC_RATA_REF_VALUE = EXCLUDED.CALC_RATA_REF_VALUE, RUN_STATUS_CD = EXCLUDED.RUN_STATUS_CD, BEGIN_DATE = EXCLUDED.BEGIN_DATE, BEGIN_HOUR = EXCLUDED.BEGIN_HOUR, BEGIN_MIN = EXCLUDED.BEGIN_MIN, END_DATE = EXCLUDED.END_DATE, END_HOUR = EXCLUDED.END_HOUR, END_MIN = EXCLUDED.END_MIN, USERID = EXCLUDED.USERID, ADD_DATE = EXCLUDED.ADD_DATE, UPDATE_DATE = EXCLUDED.UPDATE_DATE;
/* ORIS:      3    Location: 6A        Test Type: RATA       Test Num: 202103021150MA3       SQL Ord:    1 */ delete from camdecmpswks.TEST_SUMMARY where TEST_SUM_ID = 'TWCORNEL5-65EFA8C0A2DC477785D8F48BF07A3BDF';
/* ORIS:      3    Location: 6A        Test Type: RATA       Test Num: 202103021150MA3       SQL Ord:    2 */ insert into camdecmpswks.TEST_SUMMARY ( TEST_SUM_ID, MON_LOC_ID, TEST_TYPE_CD, TEST_NUM, MON_SYS_ID, COMPONENT_ID, GP_IND, TEST_REASON_CD, TEST_RESULT_CD, RPT_PERIOD_ID, BEGIN_DATE, BEGIN_HOUR, BEGIN_MIN, END_DATE, END_HOUR, END_MIN, SPAN_SCALE_CD, INJECTION_PROTOCOL_CD, TEST_COMMENT, TEST_DESCRIPTION, CALC_GP_IND, CALC_TEST_RESULT_CD, CALC_SPAN_VALUE, LAST_UPDATED, UPDATED_STATUS_FLG, NEEDS_EVAL_FLG, CHK_SESSION_ID, USERID, ADD_DATE, UPDATE_DATE ) values ( 'TWCORNEL5-65EFA8C0A2DC477785D8F48BF07A3BDF', '2706', 'RATA', '202103021150MA3', 'CAMD-5FAA2DEC1413455FBDB5C148AF7FF02F', NULL, 0, 'QA', 'PASSAPS', NULL, '2021-03-02', 11, 50, '2021-03-02', 16, 5, NULL, NULL, NULL, NULL, NULL, 'PASSAPS', NULL, '2021-12-08 15:09:52', 'Y', 'N', 'CAMD-WIN81-3C54CDBE08C84F039C56F3E1714A080F', 'bvick', '2021-04-21 15:56:04', '2021-12-08 15:09:57' ) on conflict (TEST_SUM_ID) do update set MON_LOC_ID = EXCLUDED.MON_LOC_ID, TEST_TYPE_CD = EXCLUDED.TEST_TYPE_CD, TEST_NUM = EXCLUDED.TEST_NUM, MON_SYS_ID = EXCLUDED.MON_SYS_ID, COMPONENT_ID = EXCLUDED.COMPONENT_ID, GP_IND = EXCLUDED.GP_IND, TEST_REASON_CD = EXCLUDED.TEST_REASON_CD, TEST_RESULT_CD = EXCLUDED.TEST_RESULT_CD, RPT_PERIOD_ID = EXCLUDED.RPT_PERIOD_ID, BEGIN_DATE = EXCLUDED.BEGIN_DATE, BEGIN_HOUR = EXCLUDED.BEGIN_HOUR, BEGIN_MIN = EXCLUDED.BEGIN_MIN, END_DATE = EXCLUDED.END_DATE, END_HOUR = EXCLUDED.END_HOUR, END_MIN = EXCLUDED.END_MIN, SPAN_SCALE_CD = EXCLUDED.SPAN_SCALE_CD, INJECTION_PROTOCOL_CD = EXCLUDED.INJECTION_PROTOCOL_CD, TEST_COMMENT = EXCLUDED.TEST_COMMENT, TEST_DESCRIPTION = EXCLUDED.TEST_DESCRIPTION, CALC_GP_IND = EXCLUDED.CALC_GP_IND, CALC_TEST_RESULT_CD = EXCLUDED.CALC_TEST_RESULT_CD, CALC_SPAN_VALUE = EXCLUDED.CALC_SPAN_VALUE, LAST_UPDATED = EXCLUDED.LAST_UPDATED, UPDATED_STATUS_FLG = EXCLUDED.UPDATED_STATUS_FLG, NEEDS_EVAL_FLG = EXCLUDED.NEEDS_EVAL_FLG, CHK_SESSION_ID = EXCLUDED.CHK_SESSION_ID, USERID = EXCLUDED.USERID, ADD_DATE = EXCLUDED.ADD_DATE, UPDATE_DATE = EXCLUDED.UPDATE_DATE;
/* ORIS:      3    Location: 6A        Test Type: RATA       Test Num: 202103021150MA3       SQL Ord:    3 */ insert into camdecmpswks.PROTOCOL_GAS ( PROTOCOL_GAS_ID, TEST_SUM_ID, GAS_LEVEL_CD, GAS_TYPE_CD, VENDOR_ID, CYLINDER_ID, EXPIRATION_DATE, USERID, ADD_DATE, UPDATE_DATE ) values ( 'TWCORNEL5-0CA4319827CD4D77A1AF4F4193D00156', 'TWCORNEL5-65EFA8C0A2DC477785D8F48BF07A3BDF', 'LOW', 'ZERO', NULL, NULL, NULL, 'bvick', '2021-04-21 15:56:04', NULL ) on conflict (PROTOCOL_GAS_ID) do update set TEST_SUM_ID = EXCLUDED.TEST_SUM_ID, GAS_LEVEL_CD = EXCLUDED.GAS_LEVEL_CD, GAS_TYPE_CD = EXCLUDED.GAS_TYPE_CD, VENDOR_ID = EXCLUDED.VENDOR_ID, CYLINDER_ID = EXCLUDED.CYLINDER_ID, EXPIRATION_DATE = EXCLUDED.EXPIRATION_DATE, USERID = EXCLUDED.USERID, ADD_DATE = EXCLUDED.ADD_DATE, UPDATE_DATE = EXCLUDED.UPDATE_DATE;
/* ORIS:      3    Location: 6A        Test Type: RATA       Test Num: 202103021150MA3       SQL Ord:    3 */ insert into camdecmpswks.PROTOCOL_GAS ( PROTOCOL_GAS_ID, TEST_SUM_ID, GAS_LEVEL_CD, GAS_TYPE_CD, VENDOR_ID, CYLINDER_ID, EXPIRATION_DATE, USERID, ADD_DATE, UPDATE_DATE ) values ( 'TWCORNEL5-1B1C4559E7C94597B835B36D23FDBF5F', 'TWCORNEL5-65EFA8C0A2DC477785D8F48BF07A3BDF', 'HIGH', 'CO2,BALN', 'B22020', 'CC419382', '2028-11-16', 'bvick', '2021-04-21 15:56:04', NULL ) on conflict (PROTOCOL_GAS_ID) do update set TEST_SUM_ID = EXCLUDED.TEST_SUM_ID, GAS_LEVEL_CD = EXCLUDED.GAS_LEVEL_CD, GAS_TYPE_CD = EXCLUDED.GAS_TYPE_CD, VENDOR_ID = EXCLUDED.VENDOR_ID, CYLINDER_ID = EXCLUDED.CYLINDER_ID, EXPIRATION_DATE = EXCLUDED.EXPIRATION_DATE, USERID = EXCLUDED.USERID, ADD_DATE = EXCLUDED.ADD_DATE, UPDATE_DATE = EXCLUDED.UPDATE_DATE;
/* ORIS:      3    Location: 6A        Test Type: RATA       Test Num: 202103021150MA3       SQL Ord:    3 */ insert into camdecmpswks.PROTOCOL_GAS ( PROTOCOL_GAS_ID, TEST_SUM_ID, GAS_LEVEL_CD, GAS_TYPE_CD, VENDOR_ID, CYLINDER_ID, EXPIRATION_DATE, USERID, ADD_DATE, UPDATE_DATE ) values ( 'TWCORNEL5-337D020E7B704383AF97E4CAD03C6EA5', 'TWCORNEL5-65EFA8C0A2DC477785D8F48BF07A3BDF', 'HIGH', 'NO,NOX,BALN', 'B22019', 'CC357282', '2022-08-27', 'bvick', '2021-04-21 15:56:04', NULL ) on conflict (PROTOCOL_GAS_ID) do update set TEST_SUM_ID = EXCLUDED.TEST_SUM_ID, GAS_LEVEL_CD = EXCLUDED.GAS_LEVEL_CD, GAS_TYPE_CD = EXCLUDED.GAS_TYPE_CD, VENDOR_ID = EXCLUDED.VENDOR_ID, CYLINDER_ID = EXCLUDED.CYLINDER_ID, EXPIRATION_DATE = EXCLUDED.EXPIRATION_DATE, USERID = EXCLUDED.USERID, ADD_DATE = EXCLUDED.ADD_DATE, UPDATE_DATE = EXCLUDED.UPDATE_DATE;
/* ORIS:      3    Location: 6A        Test Type: RATA       Test Num: 202103021150MA3       SQL Ord:    3 */ insert into camdecmpswks.PROTOCOL_GAS ( PROTOCOL_GAS_ID, TEST_SUM_ID, GAS_LEVEL_CD, GAS_TYPE_CD, VENDOR_ID, CYLINDER_ID, EXPIRATION_DATE, USERID, ADD_DATE, UPDATE_DATE ) values ( 'TWCORNEL5-481DC500B9B34FE38FE418B7E2FD7A43', 'TWCORNEL5-65EFA8C0A2DC477785D8F48BF07A3BDF', 'LOW', 'ZERO', NULL, NULL, NULL, 'bvick', '2021-04-21 15:56:04', NULL ) on conflict (PROTOCOL_GAS_ID) do update set TEST_SUM_ID = EXCLUDED.TEST_SUM_ID, GAS_LEVEL_CD = EXCLUDED.GAS_LEVEL_CD, GAS_TYPE_CD = EXCLUDED.GAS_TYPE_CD, VENDOR_ID = EXCLUDED.VENDOR_ID, CYLINDER_ID = EXCLUDED.CYLINDER_ID, EXPIRATION_DATE = EXCLUDED.EXPIRATION_DATE, USERID = EXCLUDED.USERID, ADD_DATE = EXCLUDED.ADD_DATE, UPDATE_DATE = EXCLUDED.UPDATE_DATE;
/* ORIS:      3    Location: 6A        Test Type: RATA       Test Num: 202103021150MA3       SQL Ord:    3 */ insert into camdecmpswks.PROTOCOL_GAS ( PROTOCOL_GAS_ID, TEST_SUM_ID, GAS_LEVEL_CD, GAS_TYPE_CD, VENDOR_ID, CYLINDER_ID, EXPIRATION_DATE, USERID, ADD_DATE, UPDATE_DATE ) values ( 'TWCORNEL5-5133CF96276347CF85755648AC9AF595', 'TWCORNEL5-65EFA8C0A2DC477785D8F48BF07A3BDF', 'MID', 'CO2,BALN', 'B22016', 'EB0034740', '2024-01-11', 'bvick', '2021-04-21 15:56:04', NULL ) on conflict (PROTOCOL_GAS_ID) do update set TEST_SUM_ID = EXCLUDED.TEST_SUM_ID, GAS_LEVEL_CD = EXCLUDED.GAS_LEVEL_CD, GAS_TYPE_CD = EXCLUDED.GAS_TYPE_CD, VENDOR_ID = EXCLUDED.VENDOR_ID, CYLINDER_ID = EXCLUDED.CYLINDER_ID, EXPIRATION_DATE = EXCLUDED.EXPIRATION_DATE, USERID = EXCLUDED.USERID, ADD_DATE = EXCLUDED.ADD_DATE, UPDATE_DATE = EXCLUDED.UPDATE_DATE;
/* ORIS:      3    Location: 6A        Test Type: RATA       Test Num: 202103021150MA3       SQL Ord:    3 */ insert into camdecmpswks.PROTOCOL_GAS ( PROTOCOL_GAS_ID, TEST_SUM_ID, GAS_LEVEL_CD, GAS_TYPE_CD, VENDOR_ID, CYLINDER_ID, EXPIRATION_DATE, USERID, ADD_DATE, UPDATE_DATE ) values ( 'TWCORNEL5-C49AE5A77EFB4BC4B59EFAEB3A1E6A33', 'TWCORNEL5-65EFA8C0A2DC477785D8F48BF07A3BDF', 'MID', 'NO,NOX,BALN', 'B22019', 'CC360515', '2022-03-26', 'bvick', '2021-04-21 15:56:04', NULL ) on conflict (PROTOCOL_GAS_ID) do update set TEST_SUM_ID = EXCLUDED.TEST_SUM_ID, GAS_LEVEL_CD = EXCLUDED.GAS_LEVEL_CD, GAS_TYPE_CD = EXCLUDED.GAS_TYPE_CD, VENDOR_ID = EXCLUDED.VENDOR_ID, CYLINDER_ID = EXCLUDED.CYLINDER_ID, EXPIRATION_DATE = EXCLUDED.EXPIRATION_DATE, USERID = EXCLUDED.USERID, ADD_DATE = EXCLUDED.ADD_DATE, UPDATE_DATE = EXCLUDED.UPDATE_DATE;
/* ORIS:      3    Location: 6A        Test Type: RATA       Test Num: 202103021150MA3       SQL Ord:    4 */ insert into camdecmpswks.AIR_EMISSION_TESTING ( AIR_EMISSION_TEST_ID, TEST_SUM_ID, QI_LAST_NAME, QI_FIRST_NAME, QI_MIDDLE_INITIAL, AETB_NAME, AETB_PHONE_NUMBER, AETB_EMAIL, EXAM_DATE, PROVIDER_NAME, PROVIDER_EMAIL, ADD_DATE, UPDATE_DATE, USERID ) values ( 'TWCORNEL5-13D27CD3126C468AA39D73BE7720B98F', 'TWCORNEL5-65EFA8C0A2DC477785D8F48BF07A3BDF', '1', 'Judd', 'M', 'Alabama Power Field Services Air Quality', '251-331-7560', 'jmrew@southernco.com', '2019-04-17', 'Source Evaluation Society', 'qstiprogram@gmail.com', '2021-12-08 15:01:22', '2021-12-08 15:09:52', 'bvick' ) on conflict (AIR_EMISSION_TEST_ID) do update set TEST_SUM_ID = EXCLUDED.TEST_SUM_ID, QI_LAST_NAME = EXCLUDED.QI_LAST_NAME, QI_FIRST_NAME = EXCLUDED.QI_FIRST_NAME, QI_MIDDLE_INITIAL = EXCLUDED.QI_MIDDLE_INITIAL, AETB_NAME = EXCLUDED.AETB_NAME, AETB_PHONE_NUMBER = EXCLUDED.AETB_PHONE_NUMBER, AETB_EMAIL = EXCLUDED.AETB_EMAIL, EXAM_DATE = EXCLUDED.EXAM_DATE, PROVIDER_NAME = EXCLUDED.PROVIDER_NAME, PROVIDER_EMAIL = EXCLUDED.PROVIDER_EMAIL, ADD_DATE = EXCLUDED.ADD_DATE, UPDATE_DATE = EXCLUDED.UPDATE_DATE, USERID = EXCLUDED.USERID;
/* ORIS:      3    Location: 6A        Test Type: RATA       Test Num: 202103021150MA3       SQL Ord:    6 */ insert into camdecmpswks.RATA ( RATA_ID, TEST_SUM_ID, RATA_FREQUENCY_CD, CALC_RATA_FREQUENCY_CD, RELATIVE_ACCURACY, CALC_RELATIVE_ACCURACY, OVERALL_BIAS_ADJ_FACTOR, CALC_OVERALL_BIAS_ADJ_FACTOR, NUM_LOAD_LEVEL, CALC_NUM_LOAD_LEVEL, USERID, ADD_DATE, UPDATE_DATE ) values ( 'TWCORNEL5-0EA863FBA49B420DAA0560FE0CC3A22E', 'TWCORNEL5-65EFA8C0A2DC477785D8F48BF07A3BDF', '4QTRS', '4QTRS', 11.11, 11.11, 1.111, 1.111, 1, 1, 'bvick', '2021-04-21 15:56:04', '2021-12-08 15:09:57' ) on conflict (RATA_ID) do update set TEST_SUM_ID = EXCLUDED.TEST_SUM_ID, RATA_FREQUENCY_CD = EXCLUDED.RATA_FREQUENCY_CD, CALC_RATA_FREQUENCY_CD = EXCLUDED.CALC_RATA_FREQUENCY_CD, RELATIVE_ACCURACY = EXCLUDED.RELATIVE_ACCURACY, CALC_RELATIVE_ACCURACY = EXCLUDED.CALC_RELATIVE_ACCURACY, OVERALL_BIAS_ADJ_FACTOR = EXCLUDED.OVERALL_BIAS_ADJ_FACTOR, CALC_OVERALL_BIAS_ADJ_FACTOR = EXCLUDED.CALC_OVERALL_BIAS_ADJ_FACTOR, NUM_LOAD_LEVEL = EXCLUDED.NUM_LOAD_LEVEL, CALC_NUM_LOAD_LEVEL = EXCLUDED.CALC_NUM_LOAD_LEVEL, USERID = EXCLUDED.USERID, ADD_DATE = EXCLUDED.ADD_DATE, UPDATE_DATE = EXCLUDED.UPDATE_DATE;
/* ORIS:      3    Location: 6A        Test Type: RATA       Test Num: 202103021150MA3       SQL Ord:    7 */ insert into camdecmpswks.RATA_SUMMARY ( RATA_SUM_ID, RATA_ID, RELATIVE_ACCURACY, CALC_RELATIVE_ACCURACY, BIAS_ADJ_FACTOR, CALC_BIAS_ADJ_FACTOR, MEAN_CEM_VALUE, CALC_MEAN_CEM_VALUE, MEAN_RATA_REF_VALUE, CALC_MEAN_RATA_REF_VALUE, OP_LEVEL_CD, MEAN_DIFF, CALC_MEAN_DIFF, DEFAULT_WAF, AVG_GROSS_UNIT_LOAD, CALC_AVG_GROSS_UNIT_LOAD, APS_IND, CALC_APS_IND, STND_DEV_DIFF, CALC_STND_DEV_DIFF, CONFIDENCE_COEF, CALC_CONFIDENCE_COEF, CO2_O2_REF_METHOD_CD, REF_METHOD_CD, T_VALUE, CALC_T_VALUE, STACK_DIAMETER, STACK_AREA, CALC_STACK_AREA, CALC_WAF, CALC_CALC_WAF, NUM_TRAVERSE_POINT, USERID, ADD_DATE, UPDATE_DATE, APS_CD ) values ( 'TWCORNEL5-21A3BC97A5BB450795B91738FCBE2B2D', 'TWCORNEL5-0EA863FBA49B420DAA0560FE0CC3A22E', 11.11, 11.11, 1.111, 1.111, 0.00800, 0.00800, 0.00900, 0.00900, 'H', 0.00100, 0.00100, NULL, 297, 297, 1, 1, 0.00000, 0.00000, 0.00000, 0.00000, NULL, '7E,3A', 2.306, 2.306, NULL, NULL, NULL, NULL, NULL, NULL, 'bvick', '2021-04-21 15:56:04', '2021-12-08 15:09:57', NULL ) on conflict (RATA_SUM_ID) do update set RATA_ID = EXCLUDED.RATA_ID, RELATIVE_ACCURACY = EXCLUDED.RELATIVE_ACCURACY, CALC_RELATIVE_ACCURACY = EXCLUDED.CALC_RELATIVE_ACCURACY, BIAS_ADJ_FACTOR = EXCLUDED.BIAS_ADJ_FACTOR, CALC_BIAS_ADJ_FACTOR = EXCLUDED.CALC_BIAS_ADJ_FACTOR, MEAN_CEM_VALUE = EXCLUDED.MEAN_CEM_VALUE, CALC_MEAN_CEM_VALUE = EXCLUDED.CALC_MEAN_CEM_VALUE, MEAN_RATA_REF_VALUE = EXCLUDED.MEAN_RATA_REF_VALUE, CALC_MEAN_RATA_REF_VALUE = EXCLUDED.CALC_MEAN_RATA_REF_VALUE, OP_LEVEL_CD = EXCLUDED.OP_LEVEL_CD, MEAN_DIFF = EXCLUDED.MEAN_DIFF, CALC_MEAN_DIFF = EXCLUDED.CALC_MEAN_DIFF, DEFAULT_WAF = EXCLUDED.DEFAULT_WAF, AVG_GROSS_UNIT_LOAD = EXCLUDED.AVG_GROSS_UNIT_LOAD, CALC_AVG_GROSS_UNIT_LOAD = EXCLUDED.CALC_AVG_GROSS_UNIT_LOAD, APS_IND = EXCLUDED.APS_IND, CALC_APS_IND = EXCLUDED.CALC_APS_IND, STND_DEV_DIFF = EXCLUDED.STND_DEV_DIFF, CALC_STND_DEV_DIFF = EXCLUDED.CALC_STND_DEV_DIFF, CONFIDENCE_COEF = EXCLUDED.CONFIDENCE_COEF, CALC_CONFIDENCE_COEF = EXCLUDED.CALC_CONFIDENCE_COEF, CO2_O2_REF_METHOD_CD = EXCLUDED.CO2_O2_REF_METHOD_CD, REF_METHOD_CD = EXCLUDED.REF_METHOD_CD, T_VALUE = EXCLUDED.T_VALUE, CALC_T_VALUE = EXCLUDED.CALC_T_VALUE, STACK_DIAMETER = EXCLUDED.STACK_DIAMETER, STACK_AREA = EXCLUDED.STACK_AREA, CALC_STACK_AREA = EXCLUDED.CALC_STACK_AREA, CALC_WAF = EXCLUDED.CALC_WAF, CALC_CALC_WAF = EXCLUDED.CALC_CALC_WAF, NUM_TRAVERSE_POINT = EXCLUDED.NUM_TRAVERSE_POINT, APS_CD = EXCLUDED.APS_CD, USERID = EXCLUDED.USERID, ADD_DATE = EXCLUDED.ADD_DATE, UPDATE_DATE = EXCLUDED.UPDATE_DATE;
/* ORIS:      3    Location: 6A        Test Type: RATA       Test Num: 202103021150MA3       SQL Ord:    8 */ insert into camdecmpswks.RATA_RUN ( RATA_RUN_ID, RATA_SUM_ID, GROSS_UNIT_LOAD, RUN_NUM, CEM_VALUE, RATA_REF_VALUE, CALC_RATA_REF_VALUE, RUN_STATUS_CD, BEGIN_DATE, BEGIN_HOUR, BEGIN_MIN, END_DATE, END_HOUR, END_MIN, USERID, ADD_DATE, UPDATE_DATE ) values ( 'TWCORNEL5-160DA683C8264911998B5937B01AA601', 'TWCORNEL5-21A3BC97A5BB450795B91738FCBE2B2D', 297, 6, 0.00800, 0.00900, NULL, 'RUNUSED', '2021-03-02', 14, 16, '2021-03-02', 14, 37, 'bvick', '2021-04-21 15:56:04', NULL ) on conflict (RATA_RUN_ID) do update set RATA_SUM_ID = EXCLUDED.RATA_SUM_ID, GROSS_UNIT_LOAD = EXCLUDED.GROSS_UNIT_LOAD, RUN_NUM = EXCLUDED.RUN_NUM, CEM_VALUE = EXCLUDED.CEM_VALUE, RATA_REF_VALUE = EXCLUDED.RATA_REF_VALUE, CALC_RATA_REF_VALUE = EXCLUDED.CALC_RATA_REF_VALUE, RUN_STATUS_CD = EXCLUDED.RUN_STATUS_CD, BEGIN_DATE = EXCLUDED.BEGIN_DATE, BEGIN_HOUR = EXCLUDED.BEGIN_HOUR, BEGIN_MIN = EXCLUDED.BEGIN_MIN, END_DATE = EXCLUDED.END_DATE, END_HOUR = EXCLUDED.END_HOUR, END_MIN = EXCLUDED.END_MIN, USERID = EXCLUDED.USERID, ADD_DATE = EXCLUDED.ADD_DATE, UPDATE_DATE = EXCLUDED.UPDATE_DATE;
/* ORIS:      3    Location: 6A        Test Type: RATA       Test Num: 202103021150MA3       SQL Ord:    8 */ insert into camdecmpswks.RATA_RUN ( RATA_RUN_ID, RATA_SUM_ID, GROSS_UNIT_LOAD, RUN_NUM, CEM_VALUE, RATA_REF_VALUE, CALC_RATA_REF_VALUE, RUN_STATUS_CD, BEGIN_DATE, BEGIN_HOUR, BEGIN_MIN, END_DATE, END_HOUR, END_MIN, USERID, ADD_DATE, UPDATE_DATE ) values ( 'TWCORNEL5-20079100523D4F929EA6A046BF565215', 'TWCORNEL5-21A3BC97A5BB450795B91738FCBE2B2D', 297, 8, 0.00800, 0.00900, NULL, 'RUNUSED', '2021-03-02', 15, 15, '2021-03-02', 15, 36, 'bvick', '2021-04-21 15:56:04', NULL ) on conflict (RATA_RUN_ID) do update set RATA_SUM_ID = EXCLUDED.RATA_SUM_ID, GROSS_UNIT_LOAD = EXCLUDED.GROSS_UNIT_LOAD, RUN_NUM = EXCLUDED.RUN_NUM, CEM_VALUE = EXCLUDED.CEM_VALUE, RATA_REF_VALUE = EXCLUDED.RATA_REF_VALUE, CALC_RATA_REF_VALUE = EXCLUDED.CALC_RATA_REF_VALUE, RUN_STATUS_CD = EXCLUDED.RUN_STATUS_CD, BEGIN_DATE = EXCLUDED.BEGIN_DATE, BEGIN_HOUR = EXCLUDED.BEGIN_HOUR, BEGIN_MIN = EXCLUDED.BEGIN_MIN, END_DATE = EXCLUDED.END_DATE, END_HOUR = EXCLUDED.END_HOUR, END_MIN = EXCLUDED.END_MIN, USERID = EXCLUDED.USERID, ADD_DATE = EXCLUDED.ADD_DATE, UPDATE_DATE = EXCLUDED.UPDATE_DATE;
/* ORIS:      3    Location: 6A        Test Type: RATA       Test Num: 202103021150MA3       SQL Ord:    8 */ insert into camdecmpswks.RATA_RUN ( RATA_RUN_ID, RATA_SUM_ID, GROSS_UNIT_LOAD, RUN_NUM, CEM_VALUE, RATA_REF_VALUE, CALC_RATA_REF_VALUE, RUN_STATUS_CD, BEGIN_DATE, BEGIN_HOUR, BEGIN_MIN, END_DATE, END_HOUR, END_MIN, USERID, ADD_DATE, UPDATE_DATE ) values ( 'TWCORNEL5-2956A93986C74ABE90F53722232866D6', 'TWCORNEL5-21A3BC97A5BB450795B91738FCBE2B2D', 297, 9, 0.00800, 0.00900, NULL, 'RUNUSED', '2021-03-02', 15, 44, '2021-03-02', 16, 5, 'bvick', '2021-04-21 15:56:04', NULL ) on conflict (RATA_RUN_ID) do update set RATA_SUM_ID = EXCLUDED.RATA_SUM_ID, GROSS_UNIT_LOAD = EXCLUDED.GROSS_UNIT_LOAD, RUN_NUM = EXCLUDED.RUN_NUM, CEM_VALUE = EXCLUDED.CEM_VALUE, RATA_REF_VALUE = EXCLUDED.RATA_REF_VALUE, CALC_RATA_REF_VALUE = EXCLUDED.CALC_RATA_REF_VALUE, RUN_STATUS_CD = EXCLUDED.RUN_STATUS_CD, BEGIN_DATE = EXCLUDED.BEGIN_DATE, BEGIN_HOUR = EXCLUDED.BEGIN_HOUR, BEGIN_MIN = EXCLUDED.BEGIN_MIN, END_DATE = EXCLUDED.END_DATE, END_HOUR = EXCLUDED.END_HOUR, END_MIN = EXCLUDED.END_MIN, USERID = EXCLUDED.USERID, ADD_DATE = EXCLUDED.ADD_DATE, UPDATE_DATE = EXCLUDED.UPDATE_DATE;
/* ORIS:      3    Location: 6A        Test Type: RATA       Test Num: 202103021150MA3       SQL Ord:    8 */ insert into camdecmpswks.RATA_RUN ( RATA_RUN_ID, RATA_SUM_ID, GROSS_UNIT_LOAD, RUN_NUM, CEM_VALUE, RATA_REF_VALUE, CALC_RATA_REF_VALUE, RUN_STATUS_CD, BEGIN_DATE, BEGIN_HOUR, BEGIN_MIN, END_DATE, END_HOUR, END_MIN, USERID, ADD_DATE, UPDATE_DATE ) values ( 'TWCORNEL5-605AF06278C24A868F2987BB0815B09B', 'TWCORNEL5-21A3BC97A5BB450795B91738FCBE2B2D', 297, 2, 0.00800, 0.00900, NULL, 'RUNUSED', '2021-03-02', 12, 18, '2021-03-02', 12, 39, 'bvick', '2021-04-21 15:56:04', NULL ) on conflict (RATA_RUN_ID) do update set RATA_SUM_ID = EXCLUDED.RATA_SUM_ID, GROSS_UNIT_LOAD = EXCLUDED.GROSS_UNIT_LOAD, RUN_NUM = EXCLUDED.RUN_NUM, CEM_VALUE = EXCLUDED.CEM_VALUE, RATA_REF_VALUE = EXCLUDED.RATA_REF_VALUE, CALC_RATA_REF_VALUE = EXCLUDED.CALC_RATA_REF_VALUE, RUN_STATUS_CD = EXCLUDED.RUN_STATUS_CD, BEGIN_DATE = EXCLUDED.BEGIN_DATE, BEGIN_HOUR = EXCLUDED.BEGIN_HOUR, BEGIN_MIN = EXCLUDED.BEGIN_MIN, END_DATE = EXCLUDED.END_DATE, END_HOUR = EXCLUDED.END_HOUR, END_MIN = EXCLUDED.END_MIN, USERID = EXCLUDED.USERID, ADD_DATE = EXCLUDED.ADD_DATE, UPDATE_DATE = EXCLUDED.UPDATE_DATE;
/* ORIS:      3    Location: 6A        Test Type: RATA       Test Num: 202103021150MA3       SQL Ord:    8 */ insert into camdecmpswks.RATA_RUN ( RATA_RUN_ID, RATA_SUM_ID, GROSS_UNIT_LOAD, RUN_NUM, CEM_VALUE, RATA_REF_VALUE, CALC_RATA_REF_VALUE, RUN_STATUS_CD, BEGIN_DATE, BEGIN_HOUR, BEGIN_MIN, END_DATE, END_HOUR, END_MIN, USERID, ADD_DATE, UPDATE_DATE ) values ( 'TWCORNEL5-734DB20996434E508DB979DE9B8E0289', 'TWCORNEL5-21A3BC97A5BB450795B91738FCBE2B2D', 297, 5, 0.00800, 0.00900, NULL, 'RUNUSED', '2021-03-02', 13, 46, '2021-03-02', 14, 7, 'bvick', '2021-04-21 15:56:04', NULL ) on conflict (RATA_RUN_ID) do update set RATA_SUM_ID = EXCLUDED.RATA_SUM_ID, GROSS_UNIT_LOAD = EXCLUDED.GROSS_UNIT_LOAD, RUN_NUM = EXCLUDED.RUN_NUM, CEM_VALUE = EXCLUDED.CEM_VALUE, RATA_REF_VALUE = EXCLUDED.RATA_REF_VALUE, CALC_RATA_REF_VALUE = EXCLUDED.CALC_RATA_REF_VALUE, RUN_STATUS_CD = EXCLUDED.RUN_STATUS_CD, BEGIN_DATE = EXCLUDED.BEGIN_DATE, BEGIN_HOUR = EXCLUDED.BEGIN_HOUR, BEGIN_MIN = EXCLUDED.BEGIN_MIN, END_DATE = EXCLUDED.END_DATE, END_HOUR = EXCLUDED.END_HOUR, END_MIN = EXCLUDED.END_MIN, USERID = EXCLUDED.USERID, ADD_DATE = EXCLUDED.ADD_DATE, UPDATE_DATE = EXCLUDED.UPDATE_DATE;
/* ORIS:      3    Location: 6A        Test Type: RATA       Test Num: 202103021150MA3       SQL Ord:    8 */ insert into camdecmpswks.RATA_RUN ( RATA_RUN_ID, RATA_SUM_ID, GROSS_UNIT_LOAD, RUN_NUM, CEM_VALUE, RATA_REF_VALUE, CALC_RATA_REF_VALUE, RUN_STATUS_CD, BEGIN_DATE, BEGIN_HOUR, BEGIN_MIN, END_DATE, END_HOUR, END_MIN, USERID, ADD_DATE, UPDATE_DATE ) values ( 'TWCORNEL5-7EBCB72CE1A1449E8FF482E20DCE59C3', 'TWCORNEL5-21A3BC97A5BB450795B91738FCBE2B2D', 297, 3, 0.00800, 0.00900, NULL, 'RUNUSED', '2021-03-02', 12, 47, '2021-03-02', 13, 8, 'bvick', '2021-04-21 15:56:04', NULL ) on conflict (RATA_RUN_ID) do update set RATA_SUM_ID = EXCLUDED.RATA_SUM_ID, GROSS_UNIT_LOAD = EXCLUDED.GROSS_UNIT_LOAD, RUN_NUM = EXCLUDED.RUN_NUM, CEM_VALUE = EXCLUDED.CEM_VALUE, RATA_REF_VALUE = EXCLUDED.RATA_REF_VALUE, CALC_RATA_REF_VALUE = EXCLUDED.CALC_RATA_REF_VALUE, RUN_STATUS_CD = EXCLUDED.RUN_STATUS_CD, BEGIN_DATE = EXCLUDED.BEGIN_DATE, BEGIN_HOUR = EXCLUDED.BEGIN_HOUR, BEGIN_MIN = EXCLUDED.BEGIN_MIN, END_DATE = EXCLUDED.END_DATE, END_HOUR = EXCLUDED.END_HOUR, END_MIN = EXCLUDED.END_MIN, USERID = EXCLUDED.USERID, ADD_DATE = EXCLUDED.ADD_DATE, UPDATE_DATE = EXCLUDED.UPDATE_DATE;
/* ORIS:      3    Location: 6A        Test Type: RATA       Test Num: 202103021150MA3       SQL Ord:    8 */ insert into camdecmpswks.RATA_RUN ( RATA_RUN_ID, RATA_SUM_ID, GROSS_UNIT_LOAD, RUN_NUM, CEM_VALUE, RATA_REF_VALUE, CALC_RATA_REF_VALUE, RUN_STATUS_CD, BEGIN_DATE, BEGIN_HOUR, BEGIN_MIN, END_DATE, END_HOUR, END_MIN, USERID, ADD_DATE, UPDATE_DATE ) values ( 'TWCORNEL5-9FF0FB2C5F714016919B90B2A75FFD8F', 'TWCORNEL5-21A3BC97A5BB450795B91738FCBE2B2D', 297, 4, 0.00800, 0.00900, NULL, 'RUNUSED', '2021-03-02', 13, 17, '2021-03-02', 13, 38, 'bvick', '2021-04-21 15:56:04', NULL ) on conflict (RATA_RUN_ID) do update set RATA_SUM_ID = EXCLUDED.RATA_SUM_ID, GROSS_UNIT_LOAD = EXCLUDED.GROSS_UNIT_LOAD, RUN_NUM = EXCLUDED.RUN_NUM, CEM_VALUE = EXCLUDED.CEM_VALUE, RATA_REF_VALUE = EXCLUDED.RATA_REF_VALUE, CALC_RATA_REF_VALUE = EXCLUDED.CALC_RATA_REF_VALUE, RUN_STATUS_CD = EXCLUDED.RUN_STATUS_CD, BEGIN_DATE = EXCLUDED.BEGIN_DATE, BEGIN_HOUR = EXCLUDED.BEGIN_HOUR, BEGIN_MIN = EXCLUDED.BEGIN_MIN, END_DATE = EXCLUDED.END_DATE, END_HOUR = EXCLUDED.END_HOUR, END_MIN = EXCLUDED.END_MIN, USERID = EXCLUDED.USERID, ADD_DATE = EXCLUDED.ADD_DATE, UPDATE_DATE = EXCLUDED.UPDATE_DATE;
/* ORIS:      3    Location: 6A        Test Type: RATA       Test Num: 202103021150MA3       SQL Ord:    8 */ insert into camdecmpswks.RATA_RUN ( RATA_RUN_ID, RATA_SUM_ID, GROSS_UNIT_LOAD, RUN_NUM, CEM_VALUE, RATA_REF_VALUE, CALC_RATA_REF_VALUE, RUN_STATUS_CD, BEGIN_DATE, BEGIN_HOUR, BEGIN_MIN, END_DATE, END_HOUR, END_MIN, USERID, ADD_DATE, UPDATE_DATE ) values ( 'TWCORNEL5-AB80FEBB62F748D6966AF345D5CCCCD7', 'TWCORNEL5-21A3BC97A5BB450795B91738FCBE2B2D', 297, 7, 0.00800, 0.00900, NULL, 'RUNUSED', '2021-03-02', 14, 45, '2021-03-02', 15, 6, 'bvick', '2021-04-21 15:56:04', NULL ) on conflict (RATA_RUN_ID) do update set RATA_SUM_ID = EXCLUDED.RATA_SUM_ID, GROSS_UNIT_LOAD = EXCLUDED.GROSS_UNIT_LOAD, RUN_NUM = EXCLUDED.RUN_NUM, CEM_VALUE = EXCLUDED.CEM_VALUE, RATA_REF_VALUE = EXCLUDED.RATA_REF_VALUE, CALC_RATA_REF_VALUE = EXCLUDED.CALC_RATA_REF_VALUE, RUN_STATUS_CD = EXCLUDED.RUN_STATUS_CD, BEGIN_DATE = EXCLUDED.BEGIN_DATE, BEGIN_HOUR = EXCLUDED.BEGIN_HOUR, BEGIN_MIN = EXCLUDED.BEGIN_MIN, END_DATE = EXCLUDED.END_DATE, END_HOUR = EXCLUDED.END_HOUR, END_MIN = EXCLUDED.END_MIN, USERID = EXCLUDED.USERID, ADD_DATE = EXCLUDED.ADD_DATE, UPDATE_DATE = EXCLUDED.UPDATE_DATE;
/* ORIS:      3    Location: 6A        Test Type: RATA       Test Num: 202103021150MA3       SQL Ord:    8 */ insert into camdecmpswks.RATA_RUN ( RATA_RUN_ID, RATA_SUM_ID, GROSS_UNIT_LOAD, RUN_NUM, CEM_VALUE, RATA_REF_VALUE, CALC_RATA_REF_VALUE, RUN_STATUS_CD, BEGIN_DATE, BEGIN_HOUR, BEGIN_MIN, END_DATE, END_HOUR, END_MIN, USERID, ADD_DATE, UPDATE_DATE ) values ( 'TWCORNEL5-CECDD5E10659471B96D3BE7A58D03C14', 'TWCORNEL5-21A3BC97A5BB450795B91738FCBE2B2D', 297, 1, 0.00800, 0.00900, NULL, 'RUNUSED', '2021-03-02', 11, 50, '2021-03-02', 12, 11, 'bvick', '2021-04-21 15:56:04', NULL ) on conflict (RATA_RUN_ID) do update set RATA_SUM_ID = EXCLUDED.RATA_SUM_ID, GROSS_UNIT_LOAD = EXCLUDED.GROSS_UNIT_LOAD, RUN_NUM = EXCLUDED.RUN_NUM, CEM_VALUE = EXCLUDED.CEM_VALUE, RATA_REF_VALUE = EXCLUDED.RATA_REF_VALUE, CALC_RATA_REF_VALUE = EXCLUDED.CALC_RATA_REF_VALUE, RUN_STATUS_CD = EXCLUDED.RUN_STATUS_CD, BEGIN_DATE = EXCLUDED.BEGIN_DATE, BEGIN_HOUR = EXCLUDED.BEGIN_HOUR, BEGIN_MIN = EXCLUDED.BEGIN_MIN, END_DATE = EXCLUDED.END_DATE, END_HOUR = EXCLUDED.END_HOUR, END_MIN = EXCLUDED.END_MIN, USERID = EXCLUDED.USERID, ADD_DATE = EXCLUDED.ADD_DATE, UPDATE_DATE = EXCLUDED.UPDATE_DATE;
/* ORIS:      3    Location: 7A        Test Type: RATA       Test Num: 202103090816MC3       SQL Ord:    1 */ delete from camdecmpswks.TEST_SUMMARY where TEST_SUM_ID = 'TWCORNEL5-9B80321C2D124C4A97756A7B5F9A3D5A';
/* ORIS:      3    Location: 7A        Test Type: RATA       Test Num: 202103090816MC3       SQL Ord:    2 */ insert into camdecmpswks.TEST_SUMMARY ( TEST_SUM_ID, MON_LOC_ID, TEST_TYPE_CD, TEST_NUM, MON_SYS_ID, COMPONENT_ID, GP_IND, TEST_REASON_CD, TEST_RESULT_CD, RPT_PERIOD_ID, BEGIN_DATE, BEGIN_HOUR, BEGIN_MIN, END_DATE, END_HOUR, END_MIN, SPAN_SCALE_CD, INJECTION_PROTOCOL_CD, TEST_COMMENT, TEST_DESCRIPTION, CALC_GP_IND, CALC_TEST_RESULT_CD, CALC_SPAN_VALUE, LAST_UPDATED, UPDATED_STATUS_FLG, NEEDS_EVAL_FLG, CHK_SESSION_ID, USERID, ADD_DATE, UPDATE_DATE ) values ( 'TWCORNEL5-9B80321C2D124C4A97756A7B5F9A3D5A', '2708', 'RATA', '202103090816MC3', 'CAMD-15E3D6BE47084EB28CAEDD4FC7351F4B', NULL, 0, 'QA', 'PASSAPS', NULL, '2021-03-09', 8, 16, '2021-03-09', 12, 28, NULL, NULL, NULL, NULL, NULL, NULL, NULL, '2021-12-08 15:04:51', 'Y', 'N', 'CAMD-WIN81-75E474E47C554463B75F81070B3BEB52', 'bvick', '2021-04-21 15:56:03', '2021-12-08 15:04:56' ) on conflict (TEST_SUM_ID) do update set MON_LOC_ID = EXCLUDED.MON_LOC_ID, TEST_TYPE_CD = EXCLUDED.TEST_TYPE_CD, TEST_NUM = EXCLUDED.TEST_NUM, MON_SYS_ID = EXCLUDED.MON_SYS_ID, COMPONENT_ID = EXCLUDED.COMPONENT_ID, GP_IND = EXCLUDED.GP_IND, TEST_REASON_CD = EXCLUDED.TEST_REASON_CD, TEST_RESULT_CD = EXCLUDED.TEST_RESULT_CD, RPT_PERIOD_ID = EXCLUDED.RPT_PERIOD_ID, BEGIN_DATE = EXCLUDED.BEGIN_DATE, BEGIN_HOUR = EXCLUDED.BEGIN_HOUR, BEGIN_MIN = EXCLUDED.BEGIN_MIN, END_DATE = EXCLUDED.END_DATE, END_HOUR = EXCLUDED.END_HOUR, END_MIN = EXCLUDED.END_MIN, SPAN_SCALE_CD = EXCLUDED.SPAN_SCALE_CD, INJECTION_PROTOCOL_CD = EXCLUDED.INJECTION_PROTOCOL_CD, TEST_COMMENT = EXCLUDED.TEST_COMMENT, TEST_DESCRIPTION = EXCLUDED.TEST_DESCRIPTION, CALC_GP_IND = EXCLUDED.CALC_GP_IND, CALC_TEST_RESULT_CD = EXCLUDED.CALC_TEST_RESULT_CD, CALC_SPAN_VALUE = EXCLUDED.CALC_SPAN_VALUE, LAST_UPDATED = EXCLUDED.LAST_UPDATED, UPDATED_STATUS_FLG = EXCLUDED.UPDATED_STATUS_FLG, NEEDS_EVAL_FLG = EXCLUDED.NEEDS_EVAL_FLG, CHK_SESSION_ID = EXCLUDED.CHK_SESSION_ID, USERID = EXCLUDED.USERID, ADD_DATE = EXCLUDED.ADD_DATE, UPDATE_DATE = EXCLUDED.UPDATE_DATE;
/* ORIS:      3    Location: 7A        Test Type: RATA       Test Num: 202103090816MC3       SQL Ord:    3 */ insert into camdecmpswks.PROTOCOL_GAS ( PROTOCOL_GAS_ID, TEST_SUM_ID, GAS_LEVEL_CD, GAS_TYPE_CD, VENDOR_ID, CYLINDER_ID, EXPIRATION_DATE, USERID, ADD_DATE, UPDATE_DATE ) values ( 'TWCORNEL5-0F95023837EB4D43A24430159B517BEA', 'TWCORNEL5-9B80321C2D124C4A97756A7B5F9A3D5A', 'LOW', 'ZERO', NULL, NULL, NULL, 'bvick', '2021-04-21 15:56:04', NULL ) on conflict (PROTOCOL_GAS_ID) do update set TEST_SUM_ID = EXCLUDED.TEST_SUM_ID, GAS_LEVEL_CD = EXCLUDED.GAS_LEVEL_CD, GAS_TYPE_CD = EXCLUDED.GAS_TYPE_CD, VENDOR_ID = EXCLUDED.VENDOR_ID, CYLINDER_ID = EXCLUDED.CYLINDER_ID, EXPIRATION_DATE = EXCLUDED.EXPIRATION_DATE, USERID = EXCLUDED.USERID, ADD_DATE = EXCLUDED.ADD_DATE, UPDATE_DATE = EXCLUDED.UPDATE_DATE;
/* ORIS:      3    Location: 7A        Test Type: RATA       Test Num: 202103090816MC3       SQL Ord:    3 */ insert into camdecmpswks.PROTOCOL_GAS ( PROTOCOL_GAS_ID, TEST_SUM_ID, GAS_LEVEL_CD, GAS_TYPE_CD, VENDOR_ID, CYLINDER_ID, EXPIRATION_DATE, USERID, ADD_DATE, UPDATE_DATE ) values ( 'TWCORNEL5-34DD7C5178944A7AB394657056D4F83D', 'TWCORNEL5-9B80321C2D124C4A97756A7B5F9A3D5A', 'HIGH', 'NO,NOX,BALN', 'B22019', 'CC357282', '2022-08-27', 'bvick', '2021-04-21 15:56:04', NULL ) on conflict (PROTOCOL_GAS_ID) do update set TEST_SUM_ID = EXCLUDED.TEST_SUM_ID, GAS_LEVEL_CD = EXCLUDED.GAS_LEVEL_CD, GAS_TYPE_CD = EXCLUDED.GAS_TYPE_CD, VENDOR_ID = EXCLUDED.VENDOR_ID, CYLINDER_ID = EXCLUDED.CYLINDER_ID, EXPIRATION_DATE = EXCLUDED.EXPIRATION_DATE, USERID = EXCLUDED.USERID, ADD_DATE = EXCLUDED.ADD_DATE, UPDATE_DATE = EXCLUDED.UPDATE_DATE;
/* ORIS:      3    Location: 7A        Test Type: RATA       Test Num: 202103090816MC3       SQL Ord:    3 */ insert into camdecmpswks.PROTOCOL_GAS ( PROTOCOL_GAS_ID, TEST_SUM_ID, GAS_LEVEL_CD, GAS_TYPE_CD, VENDOR_ID, CYLINDER_ID, EXPIRATION_DATE, USERID, ADD_DATE, UPDATE_DATE ) values ( 'TWCORNEL5-91E0CC1EC12D43D1A8D0E94DCE0AB8C9', 'TWCORNEL5-9B80321C2D124C4A97756A7B5F9A3D5A', 'HIGH', 'CO2,BALN', 'B22020', 'CC419382', '2028-11-16', 'bvick', '2021-04-21 15:56:04', NULL ) on conflict (PROTOCOL_GAS_ID) do update set TEST_SUM_ID = EXCLUDED.TEST_SUM_ID, GAS_LEVEL_CD = EXCLUDED.GAS_LEVEL_CD, GAS_TYPE_CD = EXCLUDED.GAS_TYPE_CD, VENDOR_ID = EXCLUDED.VENDOR_ID, CYLINDER_ID = EXCLUDED.CYLINDER_ID, EXPIRATION_DATE = EXCLUDED.EXPIRATION_DATE, USERID = EXCLUDED.USERID, ADD_DATE = EXCLUDED.ADD_DATE, UPDATE_DATE = EXCLUDED.UPDATE_DATE;
/* ORIS:      3    Location: 7A        Test Type: RATA       Test Num: 202103090816MC3       SQL Ord:    3 */ insert into camdecmpswks.PROTOCOL_GAS ( PROTOCOL_GAS_ID, TEST_SUM_ID, GAS_LEVEL_CD, GAS_TYPE_CD, VENDOR_ID, CYLINDER_ID, EXPIRATION_DATE, USERID, ADD_DATE, UPDATE_DATE ) values ( 'TWCORNEL5-B36AC500708B42CDBC28E287AC349D56', 'TWCORNEL5-9B80321C2D124C4A97756A7B5F9A3D5A', 'LOW', 'ZERO', NULL, NULL, NULL, 'bvick', '2021-04-21 15:56:04', NULL ) on conflict (PROTOCOL_GAS_ID) do update set TEST_SUM_ID = EXCLUDED.TEST_SUM_ID, GAS_LEVEL_CD = EXCLUDED.GAS_LEVEL_CD, GAS_TYPE_CD = EXCLUDED.GAS_TYPE_CD, VENDOR_ID = EXCLUDED.VENDOR_ID, CYLINDER_ID = EXCLUDED.CYLINDER_ID, EXPIRATION_DATE = EXCLUDED.EXPIRATION_DATE, USERID = EXCLUDED.USERID, ADD_DATE = EXCLUDED.ADD_DATE, UPDATE_DATE = EXCLUDED.UPDATE_DATE;
/* ORIS:      3    Location: 7A        Test Type: RATA       Test Num: 202103090816MC3       SQL Ord:    3 */ insert into camdecmpswks.PROTOCOL_GAS ( PROTOCOL_GAS_ID, TEST_SUM_ID, GAS_LEVEL_CD, GAS_TYPE_CD, VENDOR_ID, CYLINDER_ID, EXPIRATION_DATE, USERID, ADD_DATE, UPDATE_DATE ) values ( 'TWCORNEL5-DC49BA9072F24E2B8215C8103E9FB162', 'TWCORNEL5-9B80321C2D124C4A97756A7B5F9A3D5A', 'MID', 'NO,NOX,BALN', 'B22019', 'CC360515', '2022-03-26', 'bvick', '2021-04-21 15:56:04', NULL ) on conflict (PROTOCOL_GAS_ID) do update set TEST_SUM_ID = EXCLUDED.TEST_SUM_ID, GAS_LEVEL_CD = EXCLUDED.GAS_LEVEL_CD, GAS_TYPE_CD = EXCLUDED.GAS_TYPE_CD, VENDOR_ID = EXCLUDED.VENDOR_ID, CYLINDER_ID = EXCLUDED.CYLINDER_ID, EXPIRATION_DATE = EXCLUDED.EXPIRATION_DATE, USERID = EXCLUDED.USERID, ADD_DATE = EXCLUDED.ADD_DATE, UPDATE_DATE = EXCLUDED.UPDATE_DATE;
/* ORIS:      3    Location: 7A        Test Type: RATA       Test Num: 202103090816MC3       SQL Ord:    3 */ insert into camdecmpswks.PROTOCOL_GAS ( PROTOCOL_GAS_ID, TEST_SUM_ID, GAS_LEVEL_CD, GAS_TYPE_CD, VENDOR_ID, CYLINDER_ID, EXPIRATION_DATE, USERID, ADD_DATE, UPDATE_DATE ) values ( 'TWCORNEL5-DC5560DC866646B785C7803ED7DEA016', 'TWCORNEL5-9B80321C2D124C4A97756A7B5F9A3D5A', 'MID', 'CO2,BALN', 'B22016', 'EB0034740', '2024-01-11', 'bvick', '2021-04-21 15:56:04', NULL ) on conflict (PROTOCOL_GAS_ID) do update set TEST_SUM_ID = EXCLUDED.TEST_SUM_ID, GAS_LEVEL_CD = EXCLUDED.GAS_LEVEL_CD, GAS_TYPE_CD = EXCLUDED.GAS_TYPE_CD, VENDOR_ID = EXCLUDED.VENDOR_ID, CYLINDER_ID = EXCLUDED.CYLINDER_ID, EXPIRATION_DATE = EXCLUDED.EXPIRATION_DATE, USERID = EXCLUDED.USERID, ADD_DATE = EXCLUDED.ADD_DATE, UPDATE_DATE = EXCLUDED.UPDATE_DATE;
/* ORIS:      3    Location: 7A        Test Type: RATA       Test Num: 202103090816MC3       SQL Ord:    4 */ insert into camdecmpswks.AIR_EMISSION_TESTING ( AIR_EMISSION_TEST_ID, TEST_SUM_ID, QI_LAST_NAME, QI_FIRST_NAME, QI_MIDDLE_INITIAL, AETB_NAME, AETB_PHONE_NUMBER, AETB_EMAIL, EXAM_DATE, PROVIDER_NAME, PROVIDER_EMAIL, ADD_DATE, UPDATE_DATE, USERID ) values ( 'TWCORNEL5-0167B9E046234BA0B6ABF1155EC05724', 'TWCORNEL5-9B80321C2D124C4A97756A7B5F9A3D5A', 'Rew', 'Judd', 'M', 'Alabama Power Field Services Air Quality', '251-331-7560', 'jmrew@southernco.com', '2019-04-17', 'Source Evaluation Society', NULL, '2021-12-08 15:00:33', '2021-12-08 15:04:47', 'bvick' ) on conflict (AIR_EMISSION_TEST_ID) do update set TEST_SUM_ID = EXCLUDED.TEST_SUM_ID, QI_LAST_NAME = EXCLUDED.QI_LAST_NAME, QI_FIRST_NAME = EXCLUDED.QI_FIRST_NAME, QI_MIDDLE_INITIAL = EXCLUDED.QI_MIDDLE_INITIAL, AETB_NAME = EXCLUDED.AETB_NAME, AETB_PHONE_NUMBER = EXCLUDED.AETB_PHONE_NUMBER, AETB_EMAIL = EXCLUDED.AETB_EMAIL, EXAM_DATE = EXCLUDED.EXAM_DATE, PROVIDER_NAME = EXCLUDED.PROVIDER_NAME, PROVIDER_EMAIL = EXCLUDED.PROVIDER_EMAIL, ADD_DATE = EXCLUDED.ADD_DATE, UPDATE_DATE = EXCLUDED.UPDATE_DATE, USERID = EXCLUDED.USERID;
/* ORIS:      3    Location: 7A        Test Type: RATA       Test Num: 202103090816MC3       SQL Ord:    6 */ insert into camdecmpswks.RATA ( RATA_ID, TEST_SUM_ID, RATA_FREQUENCY_CD, CALC_RATA_FREQUENCY_CD, RELATIVE_ACCURACY, CALC_RELATIVE_ACCURACY, OVERALL_BIAS_ADJ_FACTOR, CALC_OVERALL_BIAS_ADJ_FACTOR, NUM_LOAD_LEVEL, CALC_NUM_LOAD_LEVEL, USERID, ADD_DATE, UPDATE_DATE ) values ( 'TWCORNEL5-B3D310B09CC84EAAAB850BA026EE3553', 'TWCORNEL5-9B80321C2D124C4A97756A7B5F9A3D5A', '4QTRS', '4QTRS', 11.11, 11.11, 1.111, 1.111, 1, 1, 'bvick', '2021-04-21 15:56:03', '2021-12-08 15:04:56' ) on conflict (RATA_ID) do update set TEST_SUM_ID = EXCLUDED.TEST_SUM_ID, RATA_FREQUENCY_CD = EXCLUDED.RATA_FREQUENCY_CD, CALC_RATA_FREQUENCY_CD = EXCLUDED.CALC_RATA_FREQUENCY_CD, RELATIVE_ACCURACY = EXCLUDED.RELATIVE_ACCURACY, CALC_RELATIVE_ACCURACY = EXCLUDED.CALC_RELATIVE_ACCURACY, OVERALL_BIAS_ADJ_FACTOR = EXCLUDED.OVERALL_BIAS_ADJ_FACTOR, CALC_OVERALL_BIAS_ADJ_FACTOR = EXCLUDED.CALC_OVERALL_BIAS_ADJ_FACTOR, NUM_LOAD_LEVEL = EXCLUDED.NUM_LOAD_LEVEL, CALC_NUM_LOAD_LEVEL = EXCLUDED.CALC_NUM_LOAD_LEVEL, USERID = EXCLUDED.USERID, ADD_DATE = EXCLUDED.ADD_DATE, UPDATE_DATE = EXCLUDED.UPDATE_DATE;
/* ORIS:      3    Location: 7A        Test Type: RATA       Test Num: 202103090816MC3       SQL Ord:    7 */ insert into camdecmpswks.RATA_SUMMARY ( RATA_SUM_ID, RATA_ID, RELATIVE_ACCURACY, CALC_RELATIVE_ACCURACY, BIAS_ADJ_FACTOR, CALC_BIAS_ADJ_FACTOR, MEAN_CEM_VALUE, CALC_MEAN_CEM_VALUE, MEAN_RATA_REF_VALUE, CALC_MEAN_RATA_REF_VALUE, OP_LEVEL_CD, MEAN_DIFF, CALC_MEAN_DIFF, DEFAULT_WAF, AVG_GROSS_UNIT_LOAD, CALC_AVG_GROSS_UNIT_LOAD, APS_IND, CALC_APS_IND, STND_DEV_DIFF, CALC_STND_DEV_DIFF, CONFIDENCE_COEF, CALC_CONFIDENCE_COEF, CO2_O2_REF_METHOD_CD, REF_METHOD_CD, T_VALUE, CALC_T_VALUE, STACK_DIAMETER, STACK_AREA, CALC_STACK_AREA, CALC_WAF, CALC_CALC_WAF, NUM_TRAVERSE_POINT, USERID, ADD_DATE, UPDATE_DATE, APS_CD ) values ( 'TWCORNEL5-978F8BA200804F4BA0869681A36A2E19', 'TWCORNEL5-B3D310B09CC84EAAAB850BA026EE3553', 11.11, 11.11, 1.111, 1.111, 0.00800, 0.00800, 0.00900, 0.00900, 'H', 0.00100, 0.00100, NULL, 278, 278, 1, 1, 0.00000, 0.00000, 0.00000, 0.00000, NULL, '7E,3A', 2.306, 2.306, NULL, NULL, NULL, NULL, NULL, NULL, 'bvick', '2021-04-21 15:56:04', '2021-12-08 15:04:56', NULL ) on conflict (RATA_SUM_ID) do update set RATA_ID = EXCLUDED.RATA_ID, RELATIVE_ACCURACY = EXCLUDED.RELATIVE_ACCURACY, CALC_RELATIVE_ACCURACY = EXCLUDED.CALC_RELATIVE_ACCURACY, BIAS_ADJ_FACTOR = EXCLUDED.BIAS_ADJ_FACTOR, CALC_BIAS_ADJ_FACTOR = EXCLUDED.CALC_BIAS_ADJ_FACTOR, MEAN_CEM_VALUE = EXCLUDED.MEAN_CEM_VALUE, CALC_MEAN_CEM_VALUE = EXCLUDED.CALC_MEAN_CEM_VALUE, MEAN_RATA_REF_VALUE = EXCLUDED.MEAN_RATA_REF_VALUE, CALC_MEAN_RATA_REF_VALUE = EXCLUDED.CALC_MEAN_RATA_REF_VALUE, OP_LEVEL_CD = EXCLUDED.OP_LEVEL_CD, MEAN_DIFF = EXCLUDED.MEAN_DIFF, CALC_MEAN_DIFF = EXCLUDED.CALC_MEAN_DIFF, DEFAULT_WAF = EXCLUDED.DEFAULT_WAF, AVG_GROSS_UNIT_LOAD = EXCLUDED.AVG_GROSS_UNIT_LOAD, CALC_AVG_GROSS_UNIT_LOAD = EXCLUDED.CALC_AVG_GROSS_UNIT_LOAD, APS_IND = EXCLUDED.APS_IND, CALC_APS_IND = EXCLUDED.CALC_APS_IND, STND_DEV_DIFF = EXCLUDED.STND_DEV_DIFF, CALC_STND_DEV_DIFF = EXCLUDED.CALC_STND_DEV_DIFF, CONFIDENCE_COEF = EXCLUDED.CONFIDENCE_COEF, CALC_CONFIDENCE_COEF = EXCLUDED.CALC_CONFIDENCE_COEF, CO2_O2_REF_METHOD_CD = EXCLUDED.CO2_O2_REF_METHOD_CD, REF_METHOD_CD = EXCLUDED.REF_METHOD_CD, T_VALUE = EXCLUDED.T_VALUE, CALC_T_VALUE = EXCLUDED.CALC_T_VALUE, STACK_DIAMETER = EXCLUDED.STACK_DIAMETER, STACK_AREA = EXCLUDED.STACK_AREA, CALC_STACK_AREA = EXCLUDED.CALC_STACK_AREA, CALC_WAF = EXCLUDED.CALC_WAF, CALC_CALC_WAF = EXCLUDED.CALC_CALC_WAF, NUM_TRAVERSE_POINT = EXCLUDED.NUM_TRAVERSE_POINT, APS_CD = EXCLUDED.APS_CD, USERID = EXCLUDED.USERID, ADD_DATE = EXCLUDED.ADD_DATE, UPDATE_DATE = EXCLUDED.UPDATE_DATE;
/* ORIS:      3    Location: 7A        Test Type: RATA       Test Num: 202103090816MC3       SQL Ord:    8 */ insert into camdecmpswks.RATA_RUN ( RATA_RUN_ID, RATA_SUM_ID, GROSS_UNIT_LOAD, RUN_NUM, CEM_VALUE, RATA_REF_VALUE, CALC_RATA_REF_VALUE, RUN_STATUS_CD, BEGIN_DATE, BEGIN_HOUR, BEGIN_MIN, END_DATE, END_HOUR, END_MIN, USERID, ADD_DATE, UPDATE_DATE ) values ( 'TWCORNEL5-2653B833A7284E72B1A2AD447907590E', 'TWCORNEL5-978F8BA200804F4BA0869681A36A2E19', 275, 7, 0.00800, 0.00900, NULL, 'RUNUSED', '2021-03-09', 11, 12, '2021-03-09', 11, 33, 'bvick', '2021-04-21 15:56:04', NULL ) on conflict (RATA_RUN_ID) do update set RATA_SUM_ID = EXCLUDED.RATA_SUM_ID, GROSS_UNIT_LOAD = EXCLUDED.GROSS_UNIT_LOAD, RUN_NUM = EXCLUDED.RUN_NUM, CEM_VALUE = EXCLUDED.CEM_VALUE, RATA_REF_VALUE = EXCLUDED.RATA_REF_VALUE, CALC_RATA_REF_VALUE = EXCLUDED.CALC_RATA_REF_VALUE, RUN_STATUS_CD = EXCLUDED.RUN_STATUS_CD, BEGIN_DATE = EXCLUDED.BEGIN_DATE, BEGIN_HOUR = EXCLUDED.BEGIN_HOUR, BEGIN_MIN = EXCLUDED.BEGIN_MIN, END_DATE = EXCLUDED.END_DATE, END_HOUR = EXCLUDED.END_HOUR, END_MIN = EXCLUDED.END_MIN, USERID = EXCLUDED.USERID, ADD_DATE = EXCLUDED.ADD_DATE, UPDATE_DATE = EXCLUDED.UPDATE_DATE;
/* ORIS:      3    Location: 7A        Test Type: RATA       Test Num: 202103090816MC3       SQL Ord:    8 */ insert into camdecmpswks.RATA_RUN ( RATA_RUN_ID, RATA_SUM_ID, GROSS_UNIT_LOAD, RUN_NUM, CEM_VALUE, RATA_REF_VALUE, CALC_RATA_REF_VALUE, RUN_STATUS_CD, BEGIN_DATE, BEGIN_HOUR, BEGIN_MIN, END_DATE, END_HOUR, END_MIN, USERID, ADD_DATE, UPDATE_DATE ) values ( 'TWCORNEL5-298525DCA9754B7B8BFADB5FCFF3F34A', 'TWCORNEL5-978F8BA200804F4BA0869681A36A2E19', 290, 1, 0.00800, 0.00900, NULL, 'RUNUSED', '2021-03-09', 8, 16, '2021-03-09', 8, 37, 'bvick', '2021-04-21 15:56:04', NULL ) on conflict (RATA_RUN_ID) do update set RATA_SUM_ID = EXCLUDED.RATA_SUM_ID, GROSS_UNIT_LOAD = EXCLUDED.GROSS_UNIT_LOAD, RUN_NUM = EXCLUDED.RUN_NUM, CEM_VALUE = EXCLUDED.CEM_VALUE, RATA_REF_VALUE = EXCLUDED.RATA_REF_VALUE, CALC_RATA_REF_VALUE = EXCLUDED.CALC_RATA_REF_VALUE, RUN_STATUS_CD = EXCLUDED.RUN_STATUS_CD, BEGIN_DATE = EXCLUDED.BEGIN_DATE, BEGIN_HOUR = EXCLUDED.BEGIN_HOUR, BEGIN_MIN = EXCLUDED.BEGIN_MIN, END_DATE = EXCLUDED.END_DATE, END_HOUR = EXCLUDED.END_HOUR, END_MIN = EXCLUDED.END_MIN, USERID = EXCLUDED.USERID, ADD_DATE = EXCLUDED.ADD_DATE, UPDATE_DATE = EXCLUDED.UPDATE_DATE;
/* ORIS:      3    Location: 7A        Test Type: RATA       Test Num: 202103090816MC3       SQL Ord:    8 */ insert into camdecmpswks.RATA_RUN ( RATA_RUN_ID, RATA_SUM_ID, GROSS_UNIT_LOAD, RUN_NUM, CEM_VALUE, RATA_REF_VALUE, CALC_RATA_REF_VALUE, RUN_STATUS_CD, BEGIN_DATE, BEGIN_HOUR, BEGIN_MIN, END_DATE, END_HOUR, END_MIN, USERID, ADD_DATE, UPDATE_DATE ) values ( 'TWCORNEL5-2FF0E2FC4EF344A5B3AB82F66993D3F7', 'TWCORNEL5-978F8BA200804F4BA0869681A36A2E19', 279, 3, 0.00800, 0.00900, NULL, 'RUNUSED', '2021-03-09', 9, 16, '2021-03-09', 9, 37, 'bvick', '2021-04-21 15:56:04', NULL ) on conflict (RATA_RUN_ID) do update set RATA_SUM_ID = EXCLUDED.RATA_SUM_ID, GROSS_UNIT_LOAD = EXCLUDED.GROSS_UNIT_LOAD, RUN_NUM = EXCLUDED.RUN_NUM, CEM_VALUE = EXCLUDED.CEM_VALUE, RATA_REF_VALUE = EXCLUDED.RATA_REF_VALUE, CALC_RATA_REF_VALUE = EXCLUDED.CALC_RATA_REF_VALUE, RUN_STATUS_CD = EXCLUDED.RUN_STATUS_CD, BEGIN_DATE = EXCLUDED.BEGIN_DATE, BEGIN_HOUR = EXCLUDED.BEGIN_HOUR, BEGIN_MIN = EXCLUDED.BEGIN_MIN, END_DATE = EXCLUDED.END_DATE, END_HOUR = EXCLUDED.END_HOUR, END_MIN = EXCLUDED.END_MIN, USERID = EXCLUDED.USERID, ADD_DATE = EXCLUDED.ADD_DATE, UPDATE_DATE = EXCLUDED.UPDATE_DATE;
/* ORIS:      3    Location: 7A        Test Type: RATA       Test Num: 202103090816MC3       SQL Ord:    8 */ insert into camdecmpswks.RATA_RUN ( RATA_RUN_ID, RATA_SUM_ID, GROSS_UNIT_LOAD, RUN_NUM, CEM_VALUE, RATA_REF_VALUE, CALC_RATA_REF_VALUE, RUN_STATUS_CD, BEGIN_DATE, BEGIN_HOUR, BEGIN_MIN, END_DATE, END_HOUR, END_MIN, USERID, ADD_DATE, UPDATE_DATE ) values ( 'TWCORNEL5-4080DCA69C714F88A4A3746DF339DF8E', 'TWCORNEL5-978F8BA200804F4BA0869681A36A2E19', 282, 2, 0.00800, 0.00900, NULL, 'RUNUSED', '2021-03-09', 8, 44, '2021-03-09', 9, 5, 'bvick', '2021-04-21 15:56:04', NULL ) on conflict (RATA_RUN_ID) do update set RATA_SUM_ID = EXCLUDED.RATA_SUM_ID, GROSS_UNIT_LOAD = EXCLUDED.GROSS_UNIT_LOAD, RUN_NUM = EXCLUDED.RUN_NUM, CEM_VALUE = EXCLUDED.CEM_VALUE, RATA_REF_VALUE = EXCLUDED.RATA_REF_VALUE, CALC_RATA_REF_VALUE = EXCLUDED.CALC_RATA_REF_VALUE, RUN_STATUS_CD = EXCLUDED.RUN_STATUS_CD, BEGIN_DATE = EXCLUDED.BEGIN_DATE, BEGIN_HOUR = EXCLUDED.BEGIN_HOUR, BEGIN_MIN = EXCLUDED.BEGIN_MIN, END_DATE = EXCLUDED.END_DATE, END_HOUR = EXCLUDED.END_HOUR, END_MIN = EXCLUDED.END_MIN, USERID = EXCLUDED.USERID, ADD_DATE = EXCLUDED.ADD_DATE, UPDATE_DATE = EXCLUDED.UPDATE_DATE;
/* ORIS:      3    Location: 7A        Test Type: RATA       Test Num: 202103090816MC3       SQL Ord:    8 */ insert into camdecmpswks.RATA_RUN ( RATA_RUN_ID, RATA_SUM_ID, GROSS_UNIT_LOAD, RUN_NUM, CEM_VALUE, RATA_REF_VALUE, CALC_RATA_REF_VALUE, RUN_STATUS_CD, BEGIN_DATE, BEGIN_HOUR, BEGIN_MIN, END_DATE, END_HOUR, END_MIN, USERID, ADD_DATE, UPDATE_DATE ) values ( 'TWCORNEL5-AFB7EF6A6AFB4CC5B5695421B7ADC33C', 'TWCORNEL5-978F8BA200804F4BA0869681A36A2E19', 275, 8, 0.00800, 0.00900, NULL, 'RUNUSED', '2021-03-09', 11, 40, '2021-03-09', 12, 1, 'bvick', '2021-04-21 15:56:04', NULL ) on conflict (RATA_RUN_ID) do update set RATA_SUM_ID = EXCLUDED.RATA_SUM_ID, GROSS_UNIT_LOAD = EXCLUDED.GROSS_UNIT_LOAD, RUN_NUM = EXCLUDED.RUN_NUM, CEM_VALUE = EXCLUDED.CEM_VALUE, RATA_REF_VALUE = EXCLUDED.RATA_REF_VALUE, CALC_RATA_REF_VALUE = EXCLUDED.CALC_RATA_REF_VALUE, RUN_STATUS_CD = EXCLUDED.RUN_STATUS_CD, BEGIN_DATE = EXCLUDED.BEGIN_DATE, BEGIN_HOUR = EXCLUDED.BEGIN_HOUR, BEGIN_MIN = EXCLUDED.BEGIN_MIN, END_DATE = EXCLUDED.END_DATE, END_HOUR = EXCLUDED.END_HOUR, END_MIN = EXCLUDED.END_MIN, USERID = EXCLUDED.USERID, ADD_DATE = EXCLUDED.ADD_DATE, UPDATE_DATE = EXCLUDED.UPDATE_DATE;
/* ORIS:      3    Location: 7A        Test Type: RATA       Test Num: 202103090816MC3       SQL Ord:    8 */ insert into camdecmpswks.RATA_RUN ( RATA_RUN_ID, RATA_SUM_ID, GROSS_UNIT_LOAD, RUN_NUM, CEM_VALUE, RATA_REF_VALUE, CALC_RATA_REF_VALUE, RUN_STATUS_CD, BEGIN_DATE, BEGIN_HOUR, BEGIN_MIN, END_DATE, END_HOUR, END_MIN, USERID, ADD_DATE, UPDATE_DATE ) values ( 'TWCORNEL5-B05AE26C695A4D68AD8F49699183D916', 'TWCORNEL5-978F8BA200804F4BA0869681A36A2E19', 277, 4, 0.00800, 0.00900, NULL, 'RUNUSED', '2021-03-09', 9, 47, '2021-03-09', 10, 8, 'bvick', '2021-04-21 15:56:04', NULL ) on conflict (RATA_RUN_ID) do update set RATA_SUM_ID = EXCLUDED.RATA_SUM_ID, GROSS_UNIT_LOAD = EXCLUDED.GROSS_UNIT_LOAD, RUN_NUM = EXCLUDED.RUN_NUM, CEM_VALUE = EXCLUDED.CEM_VALUE, RATA_REF_VALUE = EXCLUDED.RATA_REF_VALUE, CALC_RATA_REF_VALUE = EXCLUDED.CALC_RATA_REF_VALUE, RUN_STATUS_CD = EXCLUDED.RUN_STATUS_CD, BEGIN_DATE = EXCLUDED.BEGIN_DATE, BEGIN_HOUR = EXCLUDED.BEGIN_HOUR, BEGIN_MIN = EXCLUDED.BEGIN_MIN, END_DATE = EXCLUDED.END_DATE, END_HOUR = EXCLUDED.END_HOUR, END_MIN = EXCLUDED.END_MIN, USERID = EXCLUDED.USERID, ADD_DATE = EXCLUDED.ADD_DATE, UPDATE_DATE = EXCLUDED.UPDATE_DATE;
/* ORIS:      3    Location: 7A        Test Type: RATA       Test Num: 202103090816MC3       SQL Ord:    8 */ insert into camdecmpswks.RATA_RUN ( RATA_RUN_ID, RATA_SUM_ID, GROSS_UNIT_LOAD, RUN_NUM, CEM_VALUE, RATA_REF_VALUE, CALC_RATA_REF_VALUE, RUN_STATUS_CD, BEGIN_DATE, BEGIN_HOUR, BEGIN_MIN, END_DATE, END_HOUR, END_MIN, USERID, ADD_DATE, UPDATE_DATE ) values ( 'TWCORNEL5-BBCD6140683040A2835A95B8AB0F50DD', 'TWCORNEL5-978F8BA200804F4BA0869681A36A2E19', 277, 5, 0.00800, 0.00900, NULL, 'RUNUSED', '2021-03-09', 10, 14, '2021-03-09', 10, 35, 'bvick', '2021-04-21 15:56:04', NULL ) on conflict (RATA_RUN_ID) do update set RATA_SUM_ID = EXCLUDED.RATA_SUM_ID, GROSS_UNIT_LOAD = EXCLUDED.GROSS_UNIT_LOAD, RUN_NUM = EXCLUDED.RUN_NUM, CEM_VALUE = EXCLUDED.CEM_VALUE, RATA_REF_VALUE = EXCLUDED.RATA_REF_VALUE, CALC_RATA_REF_VALUE = EXCLUDED.CALC_RATA_REF_VALUE, RUN_STATUS_CD = EXCLUDED.RUN_STATUS_CD, BEGIN_DATE = EXCLUDED.BEGIN_DATE, BEGIN_HOUR = EXCLUDED.BEGIN_HOUR, BEGIN_MIN = EXCLUDED.BEGIN_MIN, END_DATE = EXCLUDED.END_DATE, END_HOUR = EXCLUDED.END_HOUR, END_MIN = EXCLUDED.END_MIN, USERID = EXCLUDED.USERID, ADD_DATE = EXCLUDED.ADD_DATE, UPDATE_DATE = EXCLUDED.UPDATE_DATE;
/* ORIS:      3    Location: 7A        Test Type: RATA       Test Num: 202103090816MC3       SQL Ord:    8 */ insert into camdecmpswks.RATA_RUN ( RATA_RUN_ID, RATA_SUM_ID, GROSS_UNIT_LOAD, RUN_NUM, CEM_VALUE, RATA_REF_VALUE, CALC_RATA_REF_VALUE, RUN_STATUS_CD, BEGIN_DATE, BEGIN_HOUR, BEGIN_MIN, END_DATE, END_HOUR, END_MIN, USERID, ADD_DATE, UPDATE_DATE ) values ( 'TWCORNEL5-E717DA07903841AF9BB9CB5E413035D2', 'TWCORNEL5-978F8BA200804F4BA0869681A36A2E19', 274, 9, 0.00800, 0.00900, NULL, 'RUNUSED', '2021-03-09', 12, 7, '2021-03-09', 12, 28, 'bvick', '2021-04-21 15:56:04', NULL ) on conflict (RATA_RUN_ID) do update set RATA_SUM_ID = EXCLUDED.RATA_SUM_ID, GROSS_UNIT_LOAD = EXCLUDED.GROSS_UNIT_LOAD, RUN_NUM = EXCLUDED.RUN_NUM, CEM_VALUE = EXCLUDED.CEM_VALUE, RATA_REF_VALUE = EXCLUDED.RATA_REF_VALUE, CALC_RATA_REF_VALUE = EXCLUDED.CALC_RATA_REF_VALUE, RUN_STATUS_CD = EXCLUDED.RUN_STATUS_CD, BEGIN_DATE = EXCLUDED.BEGIN_DATE, BEGIN_HOUR = EXCLUDED.BEGIN_HOUR, BEGIN_MIN = EXCLUDED.BEGIN_MIN, END_DATE = EXCLUDED.END_DATE, END_HOUR = EXCLUDED.END_HOUR, END_MIN = EXCLUDED.END_MIN, USERID = EXCLUDED.USERID, ADD_DATE = EXCLUDED.ADD_DATE, UPDATE_DATE = EXCLUDED.UPDATE_DATE;
/* ORIS:      3    Location: 7A        Test Type: RATA       Test Num: 202103090816MC3       SQL Ord:    8 */ insert into camdecmpswks.RATA_RUN ( RATA_RUN_ID, RATA_SUM_ID, GROSS_UNIT_LOAD, RUN_NUM, CEM_VALUE, RATA_REF_VALUE, CALC_RATA_REF_VALUE, RUN_STATUS_CD, BEGIN_DATE, BEGIN_HOUR, BEGIN_MIN, END_DATE, END_HOUR, END_MIN, USERID, ADD_DATE, UPDATE_DATE ) values ( 'TWCORNEL5-F08A38EEF5B84F378637C66A891C6F5C', 'TWCORNEL5-978F8BA200804F4BA0869681A36A2E19', 275, 6, 0.00800, 0.00900, NULL, 'RUNUSED', '2021-03-09', 10, 43, '2021-03-09', 11, 4, 'bvick', '2021-04-21 15:56:04', NULL ) on conflict (RATA_RUN_ID) do update set RATA_SUM_ID = EXCLUDED.RATA_SUM_ID, GROSS_UNIT_LOAD = EXCLUDED.GROSS_UNIT_LOAD, RUN_NUM = EXCLUDED.RUN_NUM, CEM_VALUE = EXCLUDED.CEM_VALUE, RATA_REF_VALUE = EXCLUDED.RATA_REF_VALUE, CALC_RATA_REF_VALUE = EXCLUDED.CALC_RATA_REF_VALUE, RUN_STATUS_CD = EXCLUDED.RUN_STATUS_CD, BEGIN_DATE = EXCLUDED.BEGIN_DATE, BEGIN_HOUR = EXCLUDED.BEGIN_HOUR, BEGIN_MIN = EXCLUDED.BEGIN_MIN, END_DATE = EXCLUDED.END_DATE, END_HOUR = EXCLUDED.END_HOUR, END_MIN = EXCLUDED.END_MIN, USERID = EXCLUDED.USERID, ADD_DATE = EXCLUDED.ADD_DATE, UPDATE_DATE = EXCLUDED.UPDATE_DATE;