/* ORIS:     47    Location: CCT1      Test Type: UNITDEF    Test Num: LME_DSL_2Q2018        SQL Ord:    1 */ delete from camdecmpswks.TEST_SUMMARY where TEST_SUM_ID = 'NOTSET-1E7BF099EA1D4083B93C7E2978059892';
/* ORIS:     47    Location: CCT1      Test Type: UNITDEF    Test Num: LME_DSL_2Q2018        SQL Ord:    2 */ insert into camdecmpswks.TEST_SUMMARY ( TEST_SUM_ID, MON_LOC_ID, TEST_TYPE_CD, TEST_NUM, MON_SYS_ID, COMPONENT_ID, GP_IND, TEST_REASON_CD, TEST_RESULT_CD, RPT_PERIOD_ID, BEGIN_DATE, BEGIN_HOUR, BEGIN_MIN, END_DATE, END_HOUR, END_MIN, SPAN_SCALE_CD, INJECTION_PROTOCOL_CD, TEST_COMMENT, TEST_DESCRIPTION, CALC_GP_IND, CALC_TEST_RESULT_CD, CALC_SPAN_VALUE, LAST_UPDATED, UPDATED_STATUS_FLG, NEEDS_EVAL_FLG, CHK_SESSION_ID, USERID, ADD_DATE, UPDATE_DATE ) values ( 'NOTSET-1E7BF099EA1D4083B93C7E2978059892', '4353', 'UNITDEF', 'LME_DSL_2Q2018', NULL, NULL, NULL, NULL, NULL, NULL, '2018-05-01', 6, 39, '2018-05-01', 9, 48, NULL, NULL, NULL, NULL, NULL, NULL, NULL, '2021-12-21 11:37:34', 'Y', 'N', 'CHV-LGIANN-C202A3B1350F4C38BBBD038E21D56C0A', 'esupport', '2018-07-23 14:04:56', '2021-12-21 22:07:47' ) on conflict (TEST_SUM_ID) do update set MON_LOC_ID = EXCLUDED.MON_LOC_ID, TEST_TYPE_CD = EXCLUDED.TEST_TYPE_CD, TEST_NUM = EXCLUDED.TEST_NUM, MON_SYS_ID = EXCLUDED.MON_SYS_ID, COMPONENT_ID = EXCLUDED.COMPONENT_ID, GP_IND = EXCLUDED.GP_IND, TEST_REASON_CD = EXCLUDED.TEST_REASON_CD, TEST_RESULT_CD = EXCLUDED.TEST_RESULT_CD, RPT_PERIOD_ID = EXCLUDED.RPT_PERIOD_ID, BEGIN_DATE = EXCLUDED.BEGIN_DATE, BEGIN_HOUR = EXCLUDED.BEGIN_HOUR, BEGIN_MIN = EXCLUDED.BEGIN_MIN, END_DATE = EXCLUDED.END_DATE, END_HOUR = EXCLUDED.END_HOUR, END_MIN = EXCLUDED.END_MIN, SPAN_SCALE_CD = EXCLUDED.SPAN_SCALE_CD, INJECTION_PROTOCOL_CD = EXCLUDED.INJECTION_PROTOCOL_CD, TEST_COMMENT = EXCLUDED.TEST_COMMENT, TEST_DESCRIPTION = EXCLUDED.TEST_DESCRIPTION, CALC_GP_IND = EXCLUDED.CALC_GP_IND, CALC_TEST_RESULT_CD = EXCLUDED.CALC_TEST_RESULT_CD, CALC_SPAN_VALUE = EXCLUDED.CALC_SPAN_VALUE, LAST_UPDATED = EXCLUDED.LAST_UPDATED, UPDATED_STATUS_FLG = EXCLUDED.UPDATED_STATUS_FLG, NEEDS_EVAL_FLG = EXCLUDED.NEEDS_EVAL_FLG, CHK_SESSION_ID = EXCLUDED.CHK_SESSION_ID, USERID = EXCLUDED.USERID, ADD_DATE = EXCLUDED.ADD_DATE, UPDATE_DATE = EXCLUDED.UPDATE_DATE;
/* ORIS:     47    Location: CCT1      Test Type: UNITDEF    Test Num: LME_DSL_2Q2018        SQL Ord:    3 */ insert into camdecmpswks.PROTOCOL_GAS ( PROTOCOL_GAS_ID, TEST_SUM_ID, GAS_LEVEL_CD, GAS_TYPE_CD, VENDOR_ID, CYLINDER_ID, EXPIRATION_DATE, USERID, ADD_DATE, UPDATE_DATE ) values ( 'NOTSET-148A54DF55564972942E673A11142368', 'NOTSET-1E7BF099EA1D4083B93C7E2978059892', 'HIGH', 'BALN,O2', 'A12016', 'ALM045652', '2024-02-09', 'rhirsch', '2018-07-23 14:04:56', NULL ) on conflict (PROTOCOL_GAS_ID) do update set TEST_SUM_ID = EXCLUDED.TEST_SUM_ID, GAS_LEVEL_CD = EXCLUDED.GAS_LEVEL_CD, GAS_TYPE_CD = EXCLUDED.GAS_TYPE_CD, VENDOR_ID = EXCLUDED.VENDOR_ID, CYLINDER_ID = EXCLUDED.CYLINDER_ID, EXPIRATION_DATE = EXCLUDED.EXPIRATION_DATE, USERID = EXCLUDED.USERID, ADD_DATE = EXCLUDED.ADD_DATE, UPDATE_DATE = EXCLUDED.UPDATE_DATE;
/* ORIS:     47    Location: CCT1      Test Type: UNITDEF    Test Num: LME_DSL_2Q2018        SQL Ord:    3 */ insert into camdecmpswks.PROTOCOL_GAS ( PROTOCOL_GAS_ID, TEST_SUM_ID, GAS_LEVEL_CD, GAS_TYPE_CD, VENDOR_ID, CYLINDER_ID, EXPIRATION_DATE, USERID, ADD_DATE, UPDATE_DATE ) values ( 'NOTSET-75A90B0410DA40978BA352D43035246B', 'NOTSET-1E7BF099EA1D4083B93C7E2978059892', 'LOW', 'ZERO', NULL, NULL, NULL, 'rhirsch', '2018-07-23 14:04:56', NULL ) on conflict (PROTOCOL_GAS_ID) do update set TEST_SUM_ID = EXCLUDED.TEST_SUM_ID, GAS_LEVEL_CD = EXCLUDED.GAS_LEVEL_CD, GAS_TYPE_CD = EXCLUDED.GAS_TYPE_CD, VENDOR_ID = EXCLUDED.VENDOR_ID, CYLINDER_ID = EXCLUDED.CYLINDER_ID, EXPIRATION_DATE = EXCLUDED.EXPIRATION_DATE, USERID = EXCLUDED.USERID, ADD_DATE = EXCLUDED.ADD_DATE, UPDATE_DATE = EXCLUDED.UPDATE_DATE;
/* ORIS:     47    Location: CCT1      Test Type: UNITDEF    Test Num: LME_DSL_2Q2018        SQL Ord:    3 */ insert into camdecmpswks.PROTOCOL_GAS ( PROTOCOL_GAS_ID, TEST_SUM_ID, GAS_LEVEL_CD, GAS_TYPE_CD, VENDOR_ID, CYLINDER_ID, EXPIRATION_DATE, USERID, ADD_DATE, UPDATE_DATE ) values ( 'NOTSET-B8D20C6B95E54A6FBF1BE1998875E4EF', 'NOTSET-1E7BF099EA1D4083B93C7E2978059892', 'MID', 'BALN,NO,NOX', 'A12011', 'ALM041367', '2019-04-07', 'rhirsch', '2018-07-23 14:04:56', NULL ) on conflict (PROTOCOL_GAS_ID) do update set TEST_SUM_ID = EXCLUDED.TEST_SUM_ID, GAS_LEVEL_CD = EXCLUDED.GAS_LEVEL_CD, GAS_TYPE_CD = EXCLUDED.GAS_TYPE_CD, VENDOR_ID = EXCLUDED.VENDOR_ID, CYLINDER_ID = EXCLUDED.CYLINDER_ID, EXPIRATION_DATE = EXCLUDED.EXPIRATION_DATE, USERID = EXCLUDED.USERID, ADD_DATE = EXCLUDED.ADD_DATE, UPDATE_DATE = EXCLUDED.UPDATE_DATE;
/* ORIS:     47    Location: CCT1      Test Type: UNITDEF    Test Num: LME_DSL_2Q2018        SQL Ord:    3 */ insert into camdecmpswks.PROTOCOL_GAS ( PROTOCOL_GAS_ID, TEST_SUM_ID, GAS_LEVEL_CD, GAS_TYPE_CD, VENDOR_ID, CYLINDER_ID, EXPIRATION_DATE, USERID, ADD_DATE, UPDATE_DATE ) values ( 'NOTSET-E6B9568973364A05B19621ACDE887DA5', 'NOTSET-1E7BF099EA1D4083B93C7E2978059892', 'MID', 'BALN,O2', 'B22016', 'EB0079235', '2018-11-08', 'rhirsch', '2018-07-23 14:04:56', NULL ) on conflict (PROTOCOL_GAS_ID) do update set TEST_SUM_ID = EXCLUDED.TEST_SUM_ID, GAS_LEVEL_CD = EXCLUDED.GAS_LEVEL_CD, GAS_TYPE_CD = EXCLUDED.GAS_TYPE_CD, VENDOR_ID = EXCLUDED.VENDOR_ID, CYLINDER_ID = EXCLUDED.CYLINDER_ID, EXPIRATION_DATE = EXCLUDED.EXPIRATION_DATE, USERID = EXCLUDED.USERID, ADD_DATE = EXCLUDED.ADD_DATE, UPDATE_DATE = EXCLUDED.UPDATE_DATE;
/* ORIS:     47    Location: CCT1      Test Type: UNITDEF    Test Num: LME_DSL_2Q2018        SQL Ord:    3 */ insert into camdecmpswks.PROTOCOL_GAS ( PROTOCOL_GAS_ID, TEST_SUM_ID, GAS_LEVEL_CD, GAS_TYPE_CD, VENDOR_ID, CYLINDER_ID, EXPIRATION_DATE, USERID, ADD_DATE, UPDATE_DATE ) values ( 'NOTSET-E8D495B817574F55805D0F1F0DDE3DFC', 'NOTSET-1E7BF099EA1D4083B93C7E2978059892', 'HIGH', 'BALN,NO,NOX', 'A12011', 'AAL21525', '2019-07-16', 'rhirsch', '2018-07-23 14:04:56', NULL ) on conflict (PROTOCOL_GAS_ID) do update set TEST_SUM_ID = EXCLUDED.TEST_SUM_ID, GAS_LEVEL_CD = EXCLUDED.GAS_LEVEL_CD, GAS_TYPE_CD = EXCLUDED.GAS_TYPE_CD, VENDOR_ID = EXCLUDED.VENDOR_ID, CYLINDER_ID = EXCLUDED.CYLINDER_ID, EXPIRATION_DATE = EXCLUDED.EXPIRATION_DATE, USERID = EXCLUDED.USERID, ADD_DATE = EXCLUDED.ADD_DATE, UPDATE_DATE = EXCLUDED.UPDATE_DATE;
/* ORIS:     47    Location: CCT1      Test Type: UNITDEF    Test Num: LME_DSL_2Q2018        SQL Ord:    4 */ insert into camdecmpswks.AIR_EMISSION_TESTING ( AIR_EMISSION_TEST_ID, TEST_SUM_ID, QI_LAST_NAME, QI_FIRST_NAME, QI_MIDDLE_INITIAL, AETB_NAME, AETB_PHONE_NUMBER, AETB_EMAIL, EXAM_DATE, PROVIDER_NAME, PROVIDER_EMAIL, ADD_DATE, UPDATE_DATE, USERID ) values ( 'NOTSET-7A8007659C0F41F381C7201B2AF16FDC', 'NOTSET-1E7BF099EA1D4083B93C7E2978059892', 'Ward', 'Robert', 'D', 'TVA Performance Engineering', '423-876-6880', 'perfengg@tva.gov', '2016-03-03', 'Source Evaluation Society', 'qstiprogram@gmail.com', '2021-12-21 11:30:56', NULL, '' ) on conflict (AIR_EMISSION_TEST_ID) do update set TEST_SUM_ID = EXCLUDED.TEST_SUM_ID, QI_LAST_NAME = EXCLUDED.QI_LAST_NAME, QI_FIRST_NAME = EXCLUDED.QI_FIRST_NAME, QI_MIDDLE_INITIAL = EXCLUDED.QI_MIDDLE_INITIAL, AETB_NAME = EXCLUDED.AETB_NAME, AETB_PHONE_NUMBER = EXCLUDED.AETB_PHONE_NUMBER, AETB_EMAIL = EXCLUDED.AETB_EMAIL, EXAM_DATE = EXCLUDED.EXAM_DATE, PROVIDER_NAME = EXCLUDED.PROVIDER_NAME, PROVIDER_EMAIL = EXCLUDED.PROVIDER_EMAIL, ADD_DATE = EXCLUDED.ADD_DATE, UPDATE_DATE = EXCLUDED.UPDATE_DATE, USERID = EXCLUDED.USERID;
/* ORIS:     47    Location: CCT1      Test Type: UNITDEF    Test Num: LME_DSL_2Q2018        SQL Ord:    6 */ insert into camdecmpswks.UNIT_DEFAULT_TEST ( UNIT_DEFAULT_TEST_SUM_ID, TEST_SUM_ID, FUEL_CD, OPERATING_CONDITION_CD, NOX_DEFAULT_RATE, CALC_NOX_DEFAULT_RATE, GROUP_ID, NUM_UNITS_IN_GROUP, NUM_TESTS_FOR_GROUP, USERID, ADD_DATE, UPDATE_DATE ) values ( 'NOTSET-75EC1073B64C4E59B8A08FEC9005755D', 'NOTSET-1E7BF099EA1D4083B93C7E2978059892', 'DSL', NULL, 0.574, 0.574, 'D20182', 8, 3, 'esupport', '2018-07-23 14:04:56', '2021-12-21 22:07:47' ) on conflict (UNIT_DEFAULT_TEST_SUM_ID) do update set TEST_SUM_ID = EXCLUDED.TEST_SUM_ID, FUEL_CD = EXCLUDED.FUEL_CD, OPERATING_CONDITION_CD = EXCLUDED.OPERATING_CONDITION_CD, NOX_DEFAULT_RATE = EXCLUDED.NOX_DEFAULT_RATE, CALC_NOX_DEFAULT_RATE = EXCLUDED.CALC_NOX_DEFAULT_RATE, GROUP_ID = EXCLUDED.GROUP_ID, NUM_UNITS_IN_GROUP = EXCLUDED.NUM_UNITS_IN_GROUP, NUM_TESTS_FOR_GROUP = EXCLUDED.NUM_TESTS_FOR_GROUP, USERID = EXCLUDED.USERID, ADD_DATE = EXCLUDED.ADD_DATE, UPDATE_DATE = EXCLUDED.UPDATE_DATE;
/* ORIS:     47    Location: CCT1      Test Type: UNITDEF    Test Num: LME_DSL_2Q2018        SQL Ord:    7 */ insert into camdecmpswks.UNIT_DEFAULT_TEST_RUN ( UNIT_DEFAULT_TEST_RUN_ID, UNIT_DEFAULT_TEST_SUM_ID, OP_LEVEL_NUM, RUN_NUM, BEGIN_DATE, BEGIN_HOUR, BEGIN_MIN, END_DATE, END_HOUR, END_MIN, RESPONSE_TIME, REF_VALUE, USERID, ADD_DATE, UPDATE_DATE, RUN_USED_IND ) values ( 'NOTSET-1296DD614BE14B4C91A15A0313EE7708', 'NOTSET-75EC1073B64C4E59B8A08FEC9005755D', 1, 1, '2018-05-01', 6, 39, '2018-05-01', 7, 37, 151, 0.543, 'rhirsch', '2018-07-23 14:04:56', NULL, 1 ) on conflict (UNIT_DEFAULT_TEST_RUN_ID) do update set UNIT_DEFAULT_TEST_SUM_ID = EXCLUDED.UNIT_DEFAULT_TEST_SUM_ID, OP_LEVEL_NUM = EXCLUDED.OP_LEVEL_NUM, RUN_NUM = EXCLUDED.RUN_NUM, BEGIN_DATE = EXCLUDED.BEGIN_DATE, BEGIN_HOUR = EXCLUDED.BEGIN_HOUR, BEGIN_MIN = EXCLUDED.BEGIN_MIN, END_DATE = EXCLUDED.END_DATE, END_HOUR = EXCLUDED.END_HOUR, END_MIN = EXCLUDED.END_MIN, RESPONSE_TIME = EXCLUDED.RESPONSE_TIME, REF_VALUE = EXCLUDED.REF_VALUE, RUN_USED_IND = EXCLUDED.RUN_USED_IND, USERID = EXCLUDED.USERID, ADD_DATE = EXCLUDED.ADD_DATE, UPDATE_DATE = EXCLUDED.UPDATE_DATE;
/* ORIS:     47    Location: CCT1      Test Type: UNITDEF    Test Num: LME_DSL_2Q2018        SQL Ord:    7 */ insert into camdecmpswks.UNIT_DEFAULT_TEST_RUN ( UNIT_DEFAULT_TEST_RUN_ID, UNIT_DEFAULT_TEST_SUM_ID, OP_LEVEL_NUM, RUN_NUM, BEGIN_DATE, BEGIN_HOUR, BEGIN_MIN, END_DATE, END_HOUR, END_MIN, RESPONSE_TIME, REF_VALUE, USERID, ADD_DATE, UPDATE_DATE, RUN_USED_IND ) values ( 'NOTSET-252F08139DA64FA88C9766075E8E2AFF', 'NOTSET-75EC1073B64C4E59B8A08FEC9005755D', 1, 3, '2018-05-01', 8, 52, '2018-05-01', 9, 48, 151, 0.589, 'rhirsch', '2018-07-23 14:04:56', NULL, 1 ) on conflict (UNIT_DEFAULT_TEST_RUN_ID) do update set UNIT_DEFAULT_TEST_SUM_ID = EXCLUDED.UNIT_DEFAULT_TEST_SUM_ID, OP_LEVEL_NUM = EXCLUDED.OP_LEVEL_NUM, RUN_NUM = EXCLUDED.RUN_NUM, BEGIN_DATE = EXCLUDED.BEGIN_DATE, BEGIN_HOUR = EXCLUDED.BEGIN_HOUR, BEGIN_MIN = EXCLUDED.BEGIN_MIN, END_DATE = EXCLUDED.END_DATE, END_HOUR = EXCLUDED.END_HOUR, END_MIN = EXCLUDED.END_MIN, RESPONSE_TIME = EXCLUDED.RESPONSE_TIME, REF_VALUE = EXCLUDED.REF_VALUE, RUN_USED_IND = EXCLUDED.RUN_USED_IND, USERID = EXCLUDED.USERID, ADD_DATE = EXCLUDED.ADD_DATE, UPDATE_DATE = EXCLUDED.UPDATE_DATE;
/* ORIS:     47    Location: CCT1      Test Type: UNITDEF    Test Num: LME_DSL_2Q2018        SQL Ord:    7 */ insert into camdecmpswks.UNIT_DEFAULT_TEST_RUN ( UNIT_DEFAULT_TEST_RUN_ID, UNIT_DEFAULT_TEST_SUM_ID, OP_LEVEL_NUM, RUN_NUM, BEGIN_DATE, BEGIN_HOUR, BEGIN_MIN, END_DATE, END_HOUR, END_MIN, RESPONSE_TIME, REF_VALUE, USERID, ADD_DATE, UPDATE_DATE, RUN_USED_IND ) values ( 'NOTSET-A26110001EF7466F8E2E0A54B59F8C9B', 'NOTSET-75EC1073B64C4E59B8A08FEC9005755D', 1, 2, '2018-05-01', 7, 46, '2018-05-01', 8, 43, 151, 0.591, 'rhirsch', '2018-07-23 14:04:56', NULL, 1 ) on conflict (UNIT_DEFAULT_TEST_RUN_ID) do update set UNIT_DEFAULT_TEST_SUM_ID = EXCLUDED.UNIT_DEFAULT_TEST_SUM_ID, OP_LEVEL_NUM = EXCLUDED.OP_LEVEL_NUM, RUN_NUM = EXCLUDED.RUN_NUM, BEGIN_DATE = EXCLUDED.BEGIN_DATE, BEGIN_HOUR = EXCLUDED.BEGIN_HOUR, BEGIN_MIN = EXCLUDED.BEGIN_MIN, END_DATE = EXCLUDED.END_DATE, END_HOUR = EXCLUDED.END_HOUR, END_MIN = EXCLUDED.END_MIN, RESPONSE_TIME = EXCLUDED.RESPONSE_TIME, REF_VALUE = EXCLUDED.REF_VALUE, RUN_USED_IND = EXCLUDED.RUN_USED_IND, USERID = EXCLUDED.USERID, ADD_DATE = EXCLUDED.ADD_DATE, UPDATE_DATE = EXCLUDED.UPDATE_DATE;
/* ORIS:     47    Location: CCT1      Test Type: UNITDEF    Test Num: LME_PNG_2Q2018        SQL Ord:    1 */ delete from camdecmpswks.TEST_SUMMARY where TEST_SUM_ID = 'NOTSET-22199A4311F74AD3B194FAAB4B00E6F0';
/* ORIS:     47    Location: CCT1      Test Type: UNITDEF    Test Num: LME_PNG_2Q2018        SQL Ord:    2 */ insert into camdecmpswks.TEST_SUMMARY ( TEST_SUM_ID, MON_LOC_ID, TEST_TYPE_CD, TEST_NUM, MON_SYS_ID, COMPONENT_ID, GP_IND, TEST_REASON_CD, TEST_RESULT_CD, RPT_PERIOD_ID, BEGIN_DATE, BEGIN_HOUR, BEGIN_MIN, END_DATE, END_HOUR, END_MIN, SPAN_SCALE_CD, INJECTION_PROTOCOL_CD, TEST_COMMENT, TEST_DESCRIPTION, CALC_GP_IND, CALC_TEST_RESULT_CD, CALC_SPAN_VALUE, LAST_UPDATED, UPDATED_STATUS_FLG, NEEDS_EVAL_FLG, CHK_SESSION_ID, USERID, ADD_DATE, UPDATE_DATE ) values ( 'NOTSET-22199A4311F74AD3B194FAAB4B00E6F0', '4353', 'UNITDEF', 'LME_PNG_2Q2018', NULL, NULL, NULL, 'QA', NULL, NULL, '2018-05-01', 10, 19, '2018-05-01', 13, 31, NULL, NULL, NULL, NULL, NULL, NULL, NULL, '2021-12-21 11:42:03', 'Y', 'N', 'CHV-LGIANN-FCE398EAD30F4335BF1575C2BB85BD20', 'esupport', '2018-07-23 14:04:56', '2021-12-21 22:07:48' ) on conflict (TEST_SUM_ID) do update set MON_LOC_ID = EXCLUDED.MON_LOC_ID, TEST_TYPE_CD = EXCLUDED.TEST_TYPE_CD, TEST_NUM = EXCLUDED.TEST_NUM, MON_SYS_ID = EXCLUDED.MON_SYS_ID, COMPONENT_ID = EXCLUDED.COMPONENT_ID, GP_IND = EXCLUDED.GP_IND, TEST_REASON_CD = EXCLUDED.TEST_REASON_CD, TEST_RESULT_CD = EXCLUDED.TEST_RESULT_CD, RPT_PERIOD_ID = EXCLUDED.RPT_PERIOD_ID, BEGIN_DATE = EXCLUDED.BEGIN_DATE, BEGIN_HOUR = EXCLUDED.BEGIN_HOUR, BEGIN_MIN = EXCLUDED.BEGIN_MIN, END_DATE = EXCLUDED.END_DATE, END_HOUR = EXCLUDED.END_HOUR, END_MIN = EXCLUDED.END_MIN, SPAN_SCALE_CD = EXCLUDED.SPAN_SCALE_CD, INJECTION_PROTOCOL_CD = EXCLUDED.INJECTION_PROTOCOL_CD, TEST_COMMENT = EXCLUDED.TEST_COMMENT, TEST_DESCRIPTION = EXCLUDED.TEST_DESCRIPTION, CALC_GP_IND = EXCLUDED.CALC_GP_IND, CALC_TEST_RESULT_CD = EXCLUDED.CALC_TEST_RESULT_CD, CALC_SPAN_VALUE = EXCLUDED.CALC_SPAN_VALUE, LAST_UPDATED = EXCLUDED.LAST_UPDATED, UPDATED_STATUS_FLG = EXCLUDED.UPDATED_STATUS_FLG, NEEDS_EVAL_FLG = EXCLUDED.NEEDS_EVAL_FLG, CHK_SESSION_ID = EXCLUDED.CHK_SESSION_ID, USERID = EXCLUDED.USERID, ADD_DATE = EXCLUDED.ADD_DATE, UPDATE_DATE = EXCLUDED.UPDATE_DATE;
/* ORIS:     47    Location: CCT1      Test Type: UNITDEF    Test Num: LME_PNG_2Q2018        SQL Ord:    3 */ insert into camdecmpswks.PROTOCOL_GAS ( PROTOCOL_GAS_ID, TEST_SUM_ID, GAS_LEVEL_CD, GAS_TYPE_CD, VENDOR_ID, CYLINDER_ID, EXPIRATION_DATE, USERID, ADD_DATE, UPDATE_DATE ) values ( 'NOTSET-372BF8864FC84160AAB79193F45D9CD7', 'NOTSET-22199A4311F74AD3B194FAAB4B00E6F0', 'MID', 'BALN,O2', 'B22016', 'EB0079235', '2018-11-08', 'rhirsch', '2018-07-23 14:04:56', NULL ) on conflict (PROTOCOL_GAS_ID) do update set TEST_SUM_ID = EXCLUDED.TEST_SUM_ID, GAS_LEVEL_CD = EXCLUDED.GAS_LEVEL_CD, GAS_TYPE_CD = EXCLUDED.GAS_TYPE_CD, VENDOR_ID = EXCLUDED.VENDOR_ID, CYLINDER_ID = EXCLUDED.CYLINDER_ID, EXPIRATION_DATE = EXCLUDED.EXPIRATION_DATE, USERID = EXCLUDED.USERID, ADD_DATE = EXCLUDED.ADD_DATE, UPDATE_DATE = EXCLUDED.UPDATE_DATE;
/* ORIS:     47    Location: CCT1      Test Type: UNITDEF    Test Num: LME_PNG_2Q2018        SQL Ord:    3 */ insert into camdecmpswks.PROTOCOL_GAS ( PROTOCOL_GAS_ID, TEST_SUM_ID, GAS_LEVEL_CD, GAS_TYPE_CD, VENDOR_ID, CYLINDER_ID, EXPIRATION_DATE, USERID, ADD_DATE, UPDATE_DATE ) values ( 'NOTSET-491F238556DA4028B99AD5C69DA308C6', 'NOTSET-22199A4311F74AD3B194FAAB4B00E6F0', 'LOW', 'ZERO', NULL, NULL, NULL, 'rhirsch', '2018-07-23 14:04:56', NULL ) on conflict (PROTOCOL_GAS_ID) do update set TEST_SUM_ID = EXCLUDED.TEST_SUM_ID, GAS_LEVEL_CD = EXCLUDED.GAS_LEVEL_CD, GAS_TYPE_CD = EXCLUDED.GAS_TYPE_CD, VENDOR_ID = EXCLUDED.VENDOR_ID, CYLINDER_ID = EXCLUDED.CYLINDER_ID, EXPIRATION_DATE = EXCLUDED.EXPIRATION_DATE, USERID = EXCLUDED.USERID, ADD_DATE = EXCLUDED.ADD_DATE, UPDATE_DATE = EXCLUDED.UPDATE_DATE;
/* ORIS:     47    Location: CCT1      Test Type: UNITDEF    Test Num: LME_PNG_2Q2018        SQL Ord:    3 */ insert into camdecmpswks.PROTOCOL_GAS ( PROTOCOL_GAS_ID, TEST_SUM_ID, GAS_LEVEL_CD, GAS_TYPE_CD, VENDOR_ID, CYLINDER_ID, EXPIRATION_DATE, USERID, ADD_DATE, UPDATE_DATE ) values ( 'NOTSET-4CBF6CDA552049A3B0980A3C95BC9EC9', 'NOTSET-22199A4311F74AD3B194FAAB4B00E6F0', 'HIGH', 'BALN,O2', 'A12016', 'ALM045652', '2024-02-09', 'rhirsch', '2018-07-23 14:04:56', NULL ) on conflict (PROTOCOL_GAS_ID) do update set TEST_SUM_ID = EXCLUDED.TEST_SUM_ID, GAS_LEVEL_CD = EXCLUDED.GAS_LEVEL_CD, GAS_TYPE_CD = EXCLUDED.GAS_TYPE_CD, VENDOR_ID = EXCLUDED.VENDOR_ID, CYLINDER_ID = EXCLUDED.CYLINDER_ID, EXPIRATION_DATE = EXCLUDED.EXPIRATION_DATE, USERID = EXCLUDED.USERID, ADD_DATE = EXCLUDED.ADD_DATE, UPDATE_DATE = EXCLUDED.UPDATE_DATE;
/* ORIS:     47    Location: CCT1      Test Type: UNITDEF    Test Num: LME_PNG_2Q2018        SQL Ord:    3 */ insert into camdecmpswks.PROTOCOL_GAS ( PROTOCOL_GAS_ID, TEST_SUM_ID, GAS_LEVEL_CD, GAS_TYPE_CD, VENDOR_ID, CYLINDER_ID, EXPIRATION_DATE, USERID, ADD_DATE, UPDATE_DATE ) values ( 'NOTSET-5C98F854C7794BCBAF8185A3DBF03897', 'NOTSET-22199A4311F74AD3B194FAAB4B00E6F0', 'MID', 'BALN,NO,NOX', 'A12011', 'ALM041367', '2019-04-07', 'rhirsch', '2018-07-23 14:04:56', NULL ) on conflict (PROTOCOL_GAS_ID) do update set TEST_SUM_ID = EXCLUDED.TEST_SUM_ID, GAS_LEVEL_CD = EXCLUDED.GAS_LEVEL_CD, GAS_TYPE_CD = EXCLUDED.GAS_TYPE_CD, VENDOR_ID = EXCLUDED.VENDOR_ID, CYLINDER_ID = EXCLUDED.CYLINDER_ID, EXPIRATION_DATE = EXCLUDED.EXPIRATION_DATE, USERID = EXCLUDED.USERID, ADD_DATE = EXCLUDED.ADD_DATE, UPDATE_DATE = EXCLUDED.UPDATE_DATE;
/* ORIS:     47    Location: CCT1      Test Type: UNITDEF    Test Num: LME_PNG_2Q2018        SQL Ord:    3 */ insert into camdecmpswks.PROTOCOL_GAS ( PROTOCOL_GAS_ID, TEST_SUM_ID, GAS_LEVEL_CD, GAS_TYPE_CD, VENDOR_ID, CYLINDER_ID, EXPIRATION_DATE, USERID, ADD_DATE, UPDATE_DATE ) values ( 'NOTSET-665B7CC3C503456C8C54692C4C58525B', 'NOTSET-22199A4311F74AD3B194FAAB4B00E6F0', 'HIGH', 'BALN,NO,NOX', 'A12011', 'AAL21525', '2019-07-16', 'rhirsch', '2018-07-23 14:04:56', NULL ) on conflict (PROTOCOL_GAS_ID) do update set TEST_SUM_ID = EXCLUDED.TEST_SUM_ID, GAS_LEVEL_CD = EXCLUDED.GAS_LEVEL_CD, GAS_TYPE_CD = EXCLUDED.GAS_TYPE_CD, VENDOR_ID = EXCLUDED.VENDOR_ID, CYLINDER_ID = EXCLUDED.CYLINDER_ID, EXPIRATION_DATE = EXCLUDED.EXPIRATION_DATE, USERID = EXCLUDED.USERID, ADD_DATE = EXCLUDED.ADD_DATE, UPDATE_DATE = EXCLUDED.UPDATE_DATE;
/* ORIS:     47    Location: CCT1      Test Type: UNITDEF    Test Num: LME_PNG_2Q2018        SQL Ord:    4 */ insert into camdecmpswks.AIR_EMISSION_TESTING ( AIR_EMISSION_TEST_ID, TEST_SUM_ID, QI_LAST_NAME, QI_FIRST_NAME, QI_MIDDLE_INITIAL, AETB_NAME, AETB_PHONE_NUMBER, AETB_EMAIL, EXAM_DATE, PROVIDER_NAME, PROVIDER_EMAIL, ADD_DATE, UPDATE_DATE, USERID ) values ( 'NOTSET-9B592FF83C8D4E86ADD0E194653E2B3C', 'NOTSET-22199A4311F74AD3B194FAAB4B00E6F0', 'Ward', 'Robert', 'D', 'TVA Performance Engineering', '423-876-6880', 'perfengg@tva.gov', '2016-03-03', 'Source Evaluation Society', 'qstiprogram@gmail.com', '2021-12-21 11:30:56', NULL, '' ) on conflict (AIR_EMISSION_TEST_ID) do update set TEST_SUM_ID = EXCLUDED.TEST_SUM_ID, QI_LAST_NAME = EXCLUDED.QI_LAST_NAME, QI_FIRST_NAME = EXCLUDED.QI_FIRST_NAME, QI_MIDDLE_INITIAL = EXCLUDED.QI_MIDDLE_INITIAL, AETB_NAME = EXCLUDED.AETB_NAME, AETB_PHONE_NUMBER = EXCLUDED.AETB_PHONE_NUMBER, AETB_EMAIL = EXCLUDED.AETB_EMAIL, EXAM_DATE = EXCLUDED.EXAM_DATE, PROVIDER_NAME = EXCLUDED.PROVIDER_NAME, PROVIDER_EMAIL = EXCLUDED.PROVIDER_EMAIL, ADD_DATE = EXCLUDED.ADD_DATE, UPDATE_DATE = EXCLUDED.UPDATE_DATE, USERID = EXCLUDED.USERID;
/* ORIS:     47    Location: CCT1      Test Type: UNITDEF    Test Num: LME_PNG_2Q2018        SQL Ord:    6 */ insert into camdecmpswks.UNIT_DEFAULT_TEST ( UNIT_DEFAULT_TEST_SUM_ID, TEST_SUM_ID, FUEL_CD, OPERATING_CONDITION_CD, NOX_DEFAULT_RATE, CALC_NOX_DEFAULT_RATE, GROUP_ID, NUM_UNITS_IN_GROUP, NUM_TESTS_FOR_GROUP, USERID, ADD_DATE, UPDATE_DATE ) values ( 'NOTSET-4BB54B70C0A24F50BF58D360351E0A9C', 'NOTSET-22199A4311F74AD3B194FAAB4B00E6F0', 'PNG', NULL, -1.000, 0.348, 'G20182', 8, 3, 'esupport', '2018-07-23 14:04:56', '2021-12-21 22:07:48' ) on conflict (UNIT_DEFAULT_TEST_SUM_ID) do update set TEST_SUM_ID = EXCLUDED.TEST_SUM_ID, FUEL_CD = EXCLUDED.FUEL_CD, OPERATING_CONDITION_CD = EXCLUDED.OPERATING_CONDITION_CD, NOX_DEFAULT_RATE = EXCLUDED.NOX_DEFAULT_RATE, CALC_NOX_DEFAULT_RATE = EXCLUDED.CALC_NOX_DEFAULT_RATE, GROUP_ID = EXCLUDED.GROUP_ID, NUM_UNITS_IN_GROUP = EXCLUDED.NUM_UNITS_IN_GROUP, NUM_TESTS_FOR_GROUP = EXCLUDED.NUM_TESTS_FOR_GROUP, USERID = EXCLUDED.USERID, ADD_DATE = EXCLUDED.ADD_DATE, UPDATE_DATE = EXCLUDED.UPDATE_DATE;
/* ORIS:     47    Location: CCT1      Test Type: UNITDEF    Test Num: LME_PNG_2Q2018        SQL Ord:    7 */ insert into camdecmpswks.UNIT_DEFAULT_TEST_RUN ( UNIT_DEFAULT_TEST_RUN_ID, UNIT_DEFAULT_TEST_SUM_ID, OP_LEVEL_NUM, RUN_NUM, BEGIN_DATE, BEGIN_HOUR, BEGIN_MIN, END_DATE, END_HOUR, END_MIN, RESPONSE_TIME, REF_VALUE, USERID, ADD_DATE, UPDATE_DATE, RUN_USED_IND ) values ( 'NOTSET-CD594DEEC6874D9BBF6DEDC55BB0CC1B', 'NOTSET-4BB54B70C0A24F50BF58D360351E0A9C', 1, 1, '2018-05-01', 10, 19, '2018-05-01', 11, 16, 151, 0.352, 'rhirsch', '2018-07-23 14:04:56', NULL, 1 ) on conflict (UNIT_DEFAULT_TEST_RUN_ID) do update set UNIT_DEFAULT_TEST_SUM_ID = EXCLUDED.UNIT_DEFAULT_TEST_SUM_ID, OP_LEVEL_NUM = EXCLUDED.OP_LEVEL_NUM, RUN_NUM = EXCLUDED.RUN_NUM, BEGIN_DATE = EXCLUDED.BEGIN_DATE, BEGIN_HOUR = EXCLUDED.BEGIN_HOUR, BEGIN_MIN = EXCLUDED.BEGIN_MIN, END_DATE = EXCLUDED.END_DATE, END_HOUR = EXCLUDED.END_HOUR, END_MIN = EXCLUDED.END_MIN, RESPONSE_TIME = EXCLUDED.RESPONSE_TIME, REF_VALUE = EXCLUDED.REF_VALUE, RUN_USED_IND = EXCLUDED.RUN_USED_IND, USERID = EXCLUDED.USERID, ADD_DATE = EXCLUDED.ADD_DATE, UPDATE_DATE = EXCLUDED.UPDATE_DATE;
/* ORIS:     47    Location: CCT1      Test Type: UNITDEF    Test Num: LME_PNG_2Q2018        SQL Ord:    7 */ insert into camdecmpswks.UNIT_DEFAULT_TEST_RUN ( UNIT_DEFAULT_TEST_RUN_ID, UNIT_DEFAULT_TEST_SUM_ID, OP_LEVEL_NUM, RUN_NUM, BEGIN_DATE, BEGIN_HOUR, BEGIN_MIN, END_DATE, END_HOUR, END_MIN, RESPONSE_TIME, REF_VALUE, USERID, ADD_DATE, UPDATE_DATE, RUN_USED_IND ) values ( 'NOTSET-DED07B2A0A914402805D698D96719362', 'NOTSET-4BB54B70C0A24F50BF58D360351E0A9C', 1, 3, '2018-05-01', 12, 35, '2018-05-01', 13, 31, 151, 0.343, 'rhirsch', '2018-07-23 14:04:56', NULL, 1 ) on conflict (UNIT_DEFAULT_TEST_RUN_ID) do update set UNIT_DEFAULT_TEST_SUM_ID = EXCLUDED.UNIT_DEFAULT_TEST_SUM_ID, OP_LEVEL_NUM = EXCLUDED.OP_LEVEL_NUM, RUN_NUM = EXCLUDED.RUN_NUM, BEGIN_DATE = EXCLUDED.BEGIN_DATE, BEGIN_HOUR = EXCLUDED.BEGIN_HOUR, BEGIN_MIN = EXCLUDED.BEGIN_MIN, END_DATE = EXCLUDED.END_DATE, END_HOUR = EXCLUDED.END_HOUR, END_MIN = EXCLUDED.END_MIN, RESPONSE_TIME = EXCLUDED.RESPONSE_TIME, REF_VALUE = EXCLUDED.REF_VALUE, RUN_USED_IND = EXCLUDED.RUN_USED_IND, USERID = EXCLUDED.USERID, ADD_DATE = EXCLUDED.ADD_DATE, UPDATE_DATE = EXCLUDED.UPDATE_DATE;
/* ORIS:     47    Location: CCT1      Test Type: UNITDEF    Test Num: LME_PNG_2Q2018        SQL Ord:    7 */ insert into camdecmpswks.UNIT_DEFAULT_TEST_RUN ( UNIT_DEFAULT_TEST_RUN_ID, UNIT_DEFAULT_TEST_SUM_ID, OP_LEVEL_NUM, RUN_NUM, BEGIN_DATE, BEGIN_HOUR, BEGIN_MIN, END_DATE, END_HOUR, END_MIN, RESPONSE_TIME, REF_VALUE, USERID, ADD_DATE, UPDATE_DATE, RUN_USED_IND ) values ( 'NOTSET-E769AFB9D5E641C0A41CDCC1D5E288AF', 'NOTSET-4BB54B70C0A24F50BF58D360351E0A9C', 1, 2, '2018-05-01', 11, 25, '2018-05-01', 12, 25, 151, 0.349, 'rhirsch', '2018-07-23 14:04:56', NULL, 1 ) on conflict (UNIT_DEFAULT_TEST_RUN_ID) do update set UNIT_DEFAULT_TEST_SUM_ID = EXCLUDED.UNIT_DEFAULT_TEST_SUM_ID, OP_LEVEL_NUM = EXCLUDED.OP_LEVEL_NUM, RUN_NUM = EXCLUDED.RUN_NUM, BEGIN_DATE = EXCLUDED.BEGIN_DATE, BEGIN_HOUR = EXCLUDED.BEGIN_HOUR, BEGIN_MIN = EXCLUDED.BEGIN_MIN, END_DATE = EXCLUDED.END_DATE, END_HOUR = EXCLUDED.END_HOUR, END_MIN = EXCLUDED.END_MIN, RESPONSE_TIME = EXCLUDED.RESPONSE_TIME, REF_VALUE = EXCLUDED.REF_VALUE, RUN_USED_IND = EXCLUDED.RUN_USED_IND, USERID = EXCLUDED.USERID, ADD_DATE = EXCLUDED.ADD_DATE, UPDATE_DATE = EXCLUDED.UPDATE_DATE;
/* ORIS:     47    Location: CCT2      Test Type: UNITDEF    Test Num: LME_DSL_2Q2018        SQL Ord:    1 */ delete from camdecmpswks.TEST_SUMMARY where TEST_SUM_ID = 'NOTSET-6BB1BDA0F5D741FC80AEB9904DAFB774';
/* ORIS:     47    Location: CCT2      Test Type: UNITDEF    Test Num: LME_DSL_2Q2018        SQL Ord:    2 */ insert into camdecmpswks.TEST_SUMMARY ( TEST_SUM_ID, MON_LOC_ID, TEST_TYPE_CD, TEST_NUM, MON_SYS_ID, COMPONENT_ID, GP_IND, TEST_REASON_CD, TEST_RESULT_CD, RPT_PERIOD_ID, BEGIN_DATE, BEGIN_HOUR, BEGIN_MIN, END_DATE, END_HOUR, END_MIN, SPAN_SCALE_CD, INJECTION_PROTOCOL_CD, TEST_COMMENT, TEST_DESCRIPTION, CALC_GP_IND, CALC_TEST_RESULT_CD, CALC_SPAN_VALUE, LAST_UPDATED, UPDATED_STATUS_FLG, NEEDS_EVAL_FLG, CHK_SESSION_ID, USERID, ADD_DATE, UPDATE_DATE ) values ( 'NOTSET-6BB1BDA0F5D741FC80AEB9904DAFB774', '4354', 'UNITDEF', 'LME_DSL_2Q2018', NULL, NULL, NULL, 'QA', NULL, NULL, '2018-05-03', 6, 25, '2018-05-03', 9, 32, NULL, NULL, NULL, NULL, NULL, NULL, NULL, '2021-12-21 11:56:44', 'Y', 'N', 'CHV-LGIANN-AA8BAD8981B74964922857411B849598', 'esupport', '2018-07-23 15:41:06', '2021-12-21 22:07:50' ) on conflict (TEST_SUM_ID) do update set MON_LOC_ID = EXCLUDED.MON_LOC_ID, TEST_TYPE_CD = EXCLUDED.TEST_TYPE_CD, TEST_NUM = EXCLUDED.TEST_NUM, MON_SYS_ID = EXCLUDED.MON_SYS_ID, COMPONENT_ID = EXCLUDED.COMPONENT_ID, GP_IND = EXCLUDED.GP_IND, TEST_REASON_CD = EXCLUDED.TEST_REASON_CD, TEST_RESULT_CD = EXCLUDED.TEST_RESULT_CD, RPT_PERIOD_ID = EXCLUDED.RPT_PERIOD_ID, BEGIN_DATE = EXCLUDED.BEGIN_DATE, BEGIN_HOUR = EXCLUDED.BEGIN_HOUR, BEGIN_MIN = EXCLUDED.BEGIN_MIN, END_DATE = EXCLUDED.END_DATE, END_HOUR = EXCLUDED.END_HOUR, END_MIN = EXCLUDED.END_MIN, SPAN_SCALE_CD = EXCLUDED.SPAN_SCALE_CD, INJECTION_PROTOCOL_CD = EXCLUDED.INJECTION_PROTOCOL_CD, TEST_COMMENT = EXCLUDED.TEST_COMMENT, TEST_DESCRIPTION = EXCLUDED.TEST_DESCRIPTION, CALC_GP_IND = EXCLUDED.CALC_GP_IND, CALC_TEST_RESULT_CD = EXCLUDED.CALC_TEST_RESULT_CD, CALC_SPAN_VALUE = EXCLUDED.CALC_SPAN_VALUE, LAST_UPDATED = EXCLUDED.LAST_UPDATED, UPDATED_STATUS_FLG = EXCLUDED.UPDATED_STATUS_FLG, NEEDS_EVAL_FLG = EXCLUDED.NEEDS_EVAL_FLG, CHK_SESSION_ID = EXCLUDED.CHK_SESSION_ID, USERID = EXCLUDED.USERID, ADD_DATE = EXCLUDED.ADD_DATE, UPDATE_DATE = EXCLUDED.UPDATE_DATE;
/* ORIS:     47    Location: CCT2      Test Type: UNITDEF    Test Num: LME_DSL_2Q2018        SQL Ord:    3 */ insert into camdecmpswks.PROTOCOL_GAS ( PROTOCOL_GAS_ID, TEST_SUM_ID, GAS_LEVEL_CD, GAS_TYPE_CD, VENDOR_ID, CYLINDER_ID, EXPIRATION_DATE, USERID, ADD_DATE, UPDATE_DATE ) values ( 'NOTSET-1A8BE1F3F5E745F78386F7F959DBDBFA', 'NOTSET-6BB1BDA0F5D741FC80AEB9904DAFB774', 'HIGH', 'BALN,NO,NOX', 'A12011', 'AAL21525', '2019-07-16', 'rhirsch', '2018-07-23 15:41:06', NULL ) on conflict (PROTOCOL_GAS_ID) do update set TEST_SUM_ID = EXCLUDED.TEST_SUM_ID, GAS_LEVEL_CD = EXCLUDED.GAS_LEVEL_CD, GAS_TYPE_CD = EXCLUDED.GAS_TYPE_CD, VENDOR_ID = EXCLUDED.VENDOR_ID, CYLINDER_ID = EXCLUDED.CYLINDER_ID, EXPIRATION_DATE = EXCLUDED.EXPIRATION_DATE, USERID = EXCLUDED.USERID, ADD_DATE = EXCLUDED.ADD_DATE, UPDATE_DATE = EXCLUDED.UPDATE_DATE;
/* ORIS:     47    Location: CCT2      Test Type: UNITDEF    Test Num: LME_DSL_2Q2018        SQL Ord:    3 */ insert into camdecmpswks.PROTOCOL_GAS ( PROTOCOL_GAS_ID, TEST_SUM_ID, GAS_LEVEL_CD, GAS_TYPE_CD, VENDOR_ID, CYLINDER_ID, EXPIRATION_DATE, USERID, ADD_DATE, UPDATE_DATE ) values ( 'NOTSET-2E6CDF4EDB9D4FBA9280575D223B51CB', 'NOTSET-6BB1BDA0F5D741FC80AEB9904DAFB774', 'MID', 'BALN,NO,NOX', 'A12011', 'ALM041367', '2019-04-07', 'rhirsch', '2018-07-23 15:41:06', NULL ) on conflict (PROTOCOL_GAS_ID) do update set TEST_SUM_ID = EXCLUDED.TEST_SUM_ID, GAS_LEVEL_CD = EXCLUDED.GAS_LEVEL_CD, GAS_TYPE_CD = EXCLUDED.GAS_TYPE_CD, VENDOR_ID = EXCLUDED.VENDOR_ID, CYLINDER_ID = EXCLUDED.CYLINDER_ID, EXPIRATION_DATE = EXCLUDED.EXPIRATION_DATE, USERID = EXCLUDED.USERID, ADD_DATE = EXCLUDED.ADD_DATE, UPDATE_DATE = EXCLUDED.UPDATE_DATE;
/* ORIS:     47    Location: CCT2      Test Type: UNITDEF    Test Num: LME_DSL_2Q2018        SQL Ord:    3 */ insert into camdecmpswks.PROTOCOL_GAS ( PROTOCOL_GAS_ID, TEST_SUM_ID, GAS_LEVEL_CD, GAS_TYPE_CD, VENDOR_ID, CYLINDER_ID, EXPIRATION_DATE, USERID, ADD_DATE, UPDATE_DATE ) values ( 'NOTSET-40E609D8313F4291A13FF4CBFB704E30', 'NOTSET-6BB1BDA0F5D741FC80AEB9904DAFB774', 'HIGH', 'BALN,O2', 'A12016', 'ALM045652', '2024-02-09', 'rhirsch', '2018-07-23 15:41:06', NULL ) on conflict (PROTOCOL_GAS_ID) do update set TEST_SUM_ID = EXCLUDED.TEST_SUM_ID, GAS_LEVEL_CD = EXCLUDED.GAS_LEVEL_CD, GAS_TYPE_CD = EXCLUDED.GAS_TYPE_CD, VENDOR_ID = EXCLUDED.VENDOR_ID, CYLINDER_ID = EXCLUDED.CYLINDER_ID, EXPIRATION_DATE = EXCLUDED.EXPIRATION_DATE, USERID = EXCLUDED.USERID, ADD_DATE = EXCLUDED.ADD_DATE, UPDATE_DATE = EXCLUDED.UPDATE_DATE;
/* ORIS:     47    Location: CCT2      Test Type: UNITDEF    Test Num: LME_DSL_2Q2018        SQL Ord:    3 */ insert into camdecmpswks.PROTOCOL_GAS ( PROTOCOL_GAS_ID, TEST_SUM_ID, GAS_LEVEL_CD, GAS_TYPE_CD, VENDOR_ID, CYLINDER_ID, EXPIRATION_DATE, USERID, ADD_DATE, UPDATE_DATE ) values ( 'NOTSET-76266AC14AA247D3B477B06641D4EC7B', 'NOTSET-6BB1BDA0F5D741FC80AEB9904DAFB774', 'LOW', 'ZERO', NULL, NULL, NULL, 'rhirsch', '2018-07-23 15:41:06', NULL ) on conflict (PROTOCOL_GAS_ID) do update set TEST_SUM_ID = EXCLUDED.TEST_SUM_ID, GAS_LEVEL_CD = EXCLUDED.GAS_LEVEL_CD, GAS_TYPE_CD = EXCLUDED.GAS_TYPE_CD, VENDOR_ID = EXCLUDED.VENDOR_ID, CYLINDER_ID = EXCLUDED.CYLINDER_ID, EXPIRATION_DATE = EXCLUDED.EXPIRATION_DATE, USERID = EXCLUDED.USERID, ADD_DATE = EXCLUDED.ADD_DATE, UPDATE_DATE = EXCLUDED.UPDATE_DATE;
/* ORIS:     47    Location: CCT2      Test Type: UNITDEF    Test Num: LME_DSL_2Q2018        SQL Ord:    3 */ insert into camdecmpswks.PROTOCOL_GAS ( PROTOCOL_GAS_ID, TEST_SUM_ID, GAS_LEVEL_CD, GAS_TYPE_CD, VENDOR_ID, CYLINDER_ID, EXPIRATION_DATE, USERID, ADD_DATE, UPDATE_DATE ) values ( 'NOTSET-A729336B58784A9FB6B1918535D5DE2C', 'NOTSET-6BB1BDA0F5D741FC80AEB9904DAFB774', 'MID', 'BALN,O2', 'B22016', 'EB0079235', '2018-11-08', 'rhirsch', '2018-07-23 15:41:06', NULL ) on conflict (PROTOCOL_GAS_ID) do update set TEST_SUM_ID = EXCLUDED.TEST_SUM_ID, GAS_LEVEL_CD = EXCLUDED.GAS_LEVEL_CD, GAS_TYPE_CD = EXCLUDED.GAS_TYPE_CD, VENDOR_ID = EXCLUDED.VENDOR_ID, CYLINDER_ID = EXCLUDED.CYLINDER_ID, EXPIRATION_DATE = EXCLUDED.EXPIRATION_DATE, USERID = EXCLUDED.USERID, ADD_DATE = EXCLUDED.ADD_DATE, UPDATE_DATE = EXCLUDED.UPDATE_DATE;
/* ORIS:     47    Location: CCT2      Test Type: UNITDEF    Test Num: LME_DSL_2Q2018        SQL Ord:    4 */ insert into camdecmpswks.AIR_EMISSION_TESTING ( AIR_EMISSION_TEST_ID, TEST_SUM_ID, QI_LAST_NAME, QI_FIRST_NAME, QI_MIDDLE_INITIAL, AETB_NAME, AETB_PHONE_NUMBER, AETB_EMAIL, EXAM_DATE, PROVIDER_NAME, PROVIDER_EMAIL, ADD_DATE, UPDATE_DATE, USERID ) values ( 'NOTSET-3D4ECAEA95BA4520BDABB419C67DC21C', 'NOTSET-6BB1BDA0F5D741FC80AEB9904DAFB774', 'Ward', 'Robert', 'D', 'TVA Performance Engineering', '423-876-6880', 'perfengg@tva.gov', '2016-03-03', 'Source Evaluation Society', 'qstiprogram@gmail.com', '2021-12-21 11:30:59', NULL, '' ) on conflict (AIR_EMISSION_TEST_ID) do update set TEST_SUM_ID = EXCLUDED.TEST_SUM_ID, QI_LAST_NAME = EXCLUDED.QI_LAST_NAME, QI_FIRST_NAME = EXCLUDED.QI_FIRST_NAME, QI_MIDDLE_INITIAL = EXCLUDED.QI_MIDDLE_INITIAL, AETB_NAME = EXCLUDED.AETB_NAME, AETB_PHONE_NUMBER = EXCLUDED.AETB_PHONE_NUMBER, AETB_EMAIL = EXCLUDED.AETB_EMAIL, EXAM_DATE = EXCLUDED.EXAM_DATE, PROVIDER_NAME = EXCLUDED.PROVIDER_NAME, PROVIDER_EMAIL = EXCLUDED.PROVIDER_EMAIL, ADD_DATE = EXCLUDED.ADD_DATE, UPDATE_DATE = EXCLUDED.UPDATE_DATE, USERID = EXCLUDED.USERID;
/* ORIS:     47    Location: CCT2      Test Type: UNITDEF    Test Num: LME_DSL_2Q2018        SQL Ord:    6 */ insert into camdecmpswks.UNIT_DEFAULT_TEST ( UNIT_DEFAULT_TEST_SUM_ID, TEST_SUM_ID, FUEL_CD, OPERATING_CONDITION_CD, NOX_DEFAULT_RATE, CALC_NOX_DEFAULT_RATE, GROUP_ID, NUM_UNITS_IN_GROUP, NUM_TESTS_FOR_GROUP, USERID, ADD_DATE, UPDATE_DATE ) values ( 'NOTSET-B5FFC759C3E94BA188634D0B70D46A37', 'NOTSET-6BB1BDA0F5D741FC80AEB9904DAFB774', 'DSL', NULL, 0.552, 0.552, NULL, 8, 3, 'esupport', '2018-07-23 15:41:06', '2021-12-21 22:07:50' ) on conflict (UNIT_DEFAULT_TEST_SUM_ID) do update set TEST_SUM_ID = EXCLUDED.TEST_SUM_ID, FUEL_CD = EXCLUDED.FUEL_CD, OPERATING_CONDITION_CD = EXCLUDED.OPERATING_CONDITION_CD, NOX_DEFAULT_RATE = EXCLUDED.NOX_DEFAULT_RATE, CALC_NOX_DEFAULT_RATE = EXCLUDED.CALC_NOX_DEFAULT_RATE, GROUP_ID = EXCLUDED.GROUP_ID, NUM_UNITS_IN_GROUP = EXCLUDED.NUM_UNITS_IN_GROUP, NUM_TESTS_FOR_GROUP = EXCLUDED.NUM_TESTS_FOR_GROUP, USERID = EXCLUDED.USERID, ADD_DATE = EXCLUDED.ADD_DATE, UPDATE_DATE = EXCLUDED.UPDATE_DATE;
/* ORIS:     47    Location: CCT2      Test Type: UNITDEF    Test Num: LME_DSL_2Q2018        SQL Ord:    7 */ insert into camdecmpswks.UNIT_DEFAULT_TEST_RUN ( UNIT_DEFAULT_TEST_RUN_ID, UNIT_DEFAULT_TEST_SUM_ID, OP_LEVEL_NUM, RUN_NUM, BEGIN_DATE, BEGIN_HOUR, BEGIN_MIN, END_DATE, END_HOUR, END_MIN, RESPONSE_TIME, REF_VALUE, USERID, ADD_DATE, UPDATE_DATE, RUN_USED_IND ) values ( 'NOTSET-2180313559304030931AAD0895EDC489', 'NOTSET-B5FFC759C3E94BA188634D0B70D46A37', 1, 2, '2018-05-03', 7, 30, '2018-05-03', 8, 27, 151, 0.550, 'rhirsch', '2018-07-23 15:41:06', NULL, 1 ) on conflict (UNIT_DEFAULT_TEST_RUN_ID) do update set UNIT_DEFAULT_TEST_SUM_ID = EXCLUDED.UNIT_DEFAULT_TEST_SUM_ID, OP_LEVEL_NUM = EXCLUDED.OP_LEVEL_NUM, RUN_NUM = EXCLUDED.RUN_NUM, BEGIN_DATE = EXCLUDED.BEGIN_DATE, BEGIN_HOUR = EXCLUDED.BEGIN_HOUR, BEGIN_MIN = EXCLUDED.BEGIN_MIN, END_DATE = EXCLUDED.END_DATE, END_HOUR = EXCLUDED.END_HOUR, END_MIN = EXCLUDED.END_MIN, RESPONSE_TIME = EXCLUDED.RESPONSE_TIME, REF_VALUE = EXCLUDED.REF_VALUE, RUN_USED_IND = EXCLUDED.RUN_USED_IND, USERID = EXCLUDED.USERID, ADD_DATE = EXCLUDED.ADD_DATE, UPDATE_DATE = EXCLUDED.UPDATE_DATE;
/* ORIS:     47    Location: CCT2      Test Type: UNITDEF    Test Num: LME_DSL_2Q2018        SQL Ord:    7 */ insert into camdecmpswks.UNIT_DEFAULT_TEST_RUN ( UNIT_DEFAULT_TEST_RUN_ID, UNIT_DEFAULT_TEST_SUM_ID, OP_LEVEL_NUM, RUN_NUM, BEGIN_DATE, BEGIN_HOUR, BEGIN_MIN, END_DATE, END_HOUR, END_MIN, RESPONSE_TIME, REF_VALUE, USERID, ADD_DATE, UPDATE_DATE, RUN_USED_IND ) values ( 'NOTSET-6F33605DBE424DFC81A79AD00DFADA9B', 'NOTSET-B5FFC759C3E94BA188634D0B70D46A37', 1, 3, '2018-05-03', 8, 36, '2018-05-03', 9, 32, 151, 0.557, 'rhirsch', '2018-07-23 15:41:06', NULL, 1 ) on conflict (UNIT_DEFAULT_TEST_RUN_ID) do update set UNIT_DEFAULT_TEST_SUM_ID = EXCLUDED.UNIT_DEFAULT_TEST_SUM_ID, OP_LEVEL_NUM = EXCLUDED.OP_LEVEL_NUM, RUN_NUM = EXCLUDED.RUN_NUM, BEGIN_DATE = EXCLUDED.BEGIN_DATE, BEGIN_HOUR = EXCLUDED.BEGIN_HOUR, BEGIN_MIN = EXCLUDED.BEGIN_MIN, END_DATE = EXCLUDED.END_DATE, END_HOUR = EXCLUDED.END_HOUR, END_MIN = EXCLUDED.END_MIN, RESPONSE_TIME = EXCLUDED.RESPONSE_TIME, REF_VALUE = EXCLUDED.REF_VALUE, RUN_USED_IND = EXCLUDED.RUN_USED_IND, USERID = EXCLUDED.USERID, ADD_DATE = EXCLUDED.ADD_DATE, UPDATE_DATE = EXCLUDED.UPDATE_DATE;
/* ORIS:     47    Location: CCT2      Test Type: UNITDEF    Test Num: LME_DSL_2Q2018        SQL Ord:    7 */ insert into camdecmpswks.UNIT_DEFAULT_TEST_RUN ( UNIT_DEFAULT_TEST_RUN_ID, UNIT_DEFAULT_TEST_SUM_ID, OP_LEVEL_NUM, RUN_NUM, BEGIN_DATE, BEGIN_HOUR, BEGIN_MIN, END_DATE, END_HOUR, END_MIN, RESPONSE_TIME, REF_VALUE, USERID, ADD_DATE, UPDATE_DATE, RUN_USED_IND ) values ( 'NOTSET-B328CD8E86EC46D2919C22B69C5E5401', 'NOTSET-B5FFC759C3E94BA188634D0B70D46A37', 1, 1, '2018-05-03', 6, 25, '2018-05-03', 7, 21, 151, 0.548, 'rhirsch', '2018-07-23 15:41:06', NULL, 1 ) on conflict (UNIT_DEFAULT_TEST_RUN_ID) do update set UNIT_DEFAULT_TEST_SUM_ID = EXCLUDED.UNIT_DEFAULT_TEST_SUM_ID, OP_LEVEL_NUM = EXCLUDED.OP_LEVEL_NUM, RUN_NUM = EXCLUDED.RUN_NUM, BEGIN_DATE = EXCLUDED.BEGIN_DATE, BEGIN_HOUR = EXCLUDED.BEGIN_HOUR, BEGIN_MIN = EXCLUDED.BEGIN_MIN, END_DATE = EXCLUDED.END_DATE, END_HOUR = EXCLUDED.END_HOUR, END_MIN = EXCLUDED.END_MIN, RESPONSE_TIME = EXCLUDED.RESPONSE_TIME, REF_VALUE = EXCLUDED.REF_VALUE, RUN_USED_IND = EXCLUDED.RUN_USED_IND, USERID = EXCLUDED.USERID, ADD_DATE = EXCLUDED.ADD_DATE, UPDATE_DATE = EXCLUDED.UPDATE_DATE;
/* ORIS:     47    Location: CCT2      Test Type: UNITDEF    Test Num: LME_PNG_2Q2018        SQL Ord:    1 */ delete from camdecmpswks.TEST_SUMMARY where TEST_SUM_ID = 'NOTSET-21EABE3135DD4EEAAB98B6C678FAEBC2';
/* ORIS:     47    Location: CCT2      Test Type: UNITDEF    Test Num: LME_PNG_2Q2018        SQL Ord:    2 */ insert into camdecmpswks.TEST_SUMMARY ( TEST_SUM_ID, MON_LOC_ID, TEST_TYPE_CD, TEST_NUM, MON_SYS_ID, COMPONENT_ID, GP_IND, TEST_REASON_CD, TEST_RESULT_CD, RPT_PERIOD_ID, BEGIN_DATE, BEGIN_HOUR, BEGIN_MIN, END_DATE, END_HOUR, END_MIN, SPAN_SCALE_CD, INJECTION_PROTOCOL_CD, TEST_COMMENT, TEST_DESCRIPTION, CALC_GP_IND, CALC_TEST_RESULT_CD, CALC_SPAN_VALUE, LAST_UPDATED, UPDATED_STATUS_FLG, NEEDS_EVAL_FLG, CHK_SESSION_ID, USERID, ADD_DATE, UPDATE_DATE ) values ( 'NOTSET-21EABE3135DD4EEAAB98B6C678FAEBC2', '4354', 'UNITDEF', 'LME_PNG_2Q2018', NULL, NULL, NULL, 'QA', NULL, NULL, '2016-05-03', 10, 0, '2018-05-03', 13, 9, NULL, NULL, NULL, NULL, NULL, NULL, NULL, '2021-12-21 12:01:18', 'Y', 'N', 'CHV-LGIANN-C32FFC59A1B04C86AD994FC234D8AD5F', 'esupport', '2018-07-23 15:41:06', '2021-12-21 22:07:51' ) on conflict (TEST_SUM_ID) do update set MON_LOC_ID = EXCLUDED.MON_LOC_ID, TEST_TYPE_CD = EXCLUDED.TEST_TYPE_CD, TEST_NUM = EXCLUDED.TEST_NUM, MON_SYS_ID = EXCLUDED.MON_SYS_ID, COMPONENT_ID = EXCLUDED.COMPONENT_ID, GP_IND = EXCLUDED.GP_IND, TEST_REASON_CD = EXCLUDED.TEST_REASON_CD, TEST_RESULT_CD = EXCLUDED.TEST_RESULT_CD, RPT_PERIOD_ID = EXCLUDED.RPT_PERIOD_ID, BEGIN_DATE = EXCLUDED.BEGIN_DATE, BEGIN_HOUR = EXCLUDED.BEGIN_HOUR, BEGIN_MIN = EXCLUDED.BEGIN_MIN, END_DATE = EXCLUDED.END_DATE, END_HOUR = EXCLUDED.END_HOUR, END_MIN = EXCLUDED.END_MIN, SPAN_SCALE_CD = EXCLUDED.SPAN_SCALE_CD, INJECTION_PROTOCOL_CD = EXCLUDED.INJECTION_PROTOCOL_CD, TEST_COMMENT = EXCLUDED.TEST_COMMENT, TEST_DESCRIPTION = EXCLUDED.TEST_DESCRIPTION, CALC_GP_IND = EXCLUDED.CALC_GP_IND, CALC_TEST_RESULT_CD = EXCLUDED.CALC_TEST_RESULT_CD, CALC_SPAN_VALUE = EXCLUDED.CALC_SPAN_VALUE, LAST_UPDATED = EXCLUDED.LAST_UPDATED, UPDATED_STATUS_FLG = EXCLUDED.UPDATED_STATUS_FLG, NEEDS_EVAL_FLG = EXCLUDED.NEEDS_EVAL_FLG, CHK_SESSION_ID = EXCLUDED.CHK_SESSION_ID, USERID = EXCLUDED.USERID, ADD_DATE = EXCLUDED.ADD_DATE, UPDATE_DATE = EXCLUDED.UPDATE_DATE;
/* ORIS:     47    Location: CCT2      Test Type: UNITDEF    Test Num: LME_PNG_2Q2018        SQL Ord:    3 */ insert into camdecmpswks.PROTOCOL_GAS ( PROTOCOL_GAS_ID, TEST_SUM_ID, GAS_LEVEL_CD, GAS_TYPE_CD, VENDOR_ID, CYLINDER_ID, EXPIRATION_DATE, USERID, ADD_DATE, UPDATE_DATE ) values ( 'NOTSET-19BCD3E7C33B4677892522632954440B', 'NOTSET-21EABE3135DD4EEAAB98B6C678FAEBC2', 'MID', 'BALN,O2', 'B22016', 'EB0079235', '2018-11-08', 'rhirsch', '2018-07-23 15:41:06', NULL ) on conflict (PROTOCOL_GAS_ID) do update set TEST_SUM_ID = EXCLUDED.TEST_SUM_ID, GAS_LEVEL_CD = EXCLUDED.GAS_LEVEL_CD, GAS_TYPE_CD = EXCLUDED.GAS_TYPE_CD, VENDOR_ID = EXCLUDED.VENDOR_ID, CYLINDER_ID = EXCLUDED.CYLINDER_ID, EXPIRATION_DATE = EXCLUDED.EXPIRATION_DATE, USERID = EXCLUDED.USERID, ADD_DATE = EXCLUDED.ADD_DATE, UPDATE_DATE = EXCLUDED.UPDATE_DATE;
/* ORIS:     47    Location: CCT2      Test Type: UNITDEF    Test Num: LME_PNG_2Q2018        SQL Ord:    3 */ insert into camdecmpswks.PROTOCOL_GAS ( PROTOCOL_GAS_ID, TEST_SUM_ID, GAS_LEVEL_CD, GAS_TYPE_CD, VENDOR_ID, CYLINDER_ID, EXPIRATION_DATE, USERID, ADD_DATE, UPDATE_DATE ) values ( 'NOTSET-5E097D21572D49E89C8FCA2745D872DA', 'NOTSET-21EABE3135DD4EEAAB98B6C678FAEBC2', 'HIGH', 'BALN,O2', 'A12016', 'ALM045652', '2024-02-09', 'rhirsch', '2018-07-23 15:41:06', NULL ) on conflict (PROTOCOL_GAS_ID) do update set TEST_SUM_ID = EXCLUDED.TEST_SUM_ID, GAS_LEVEL_CD = EXCLUDED.GAS_LEVEL_CD, GAS_TYPE_CD = EXCLUDED.GAS_TYPE_CD, VENDOR_ID = EXCLUDED.VENDOR_ID, CYLINDER_ID = EXCLUDED.CYLINDER_ID, EXPIRATION_DATE = EXCLUDED.EXPIRATION_DATE, USERID = EXCLUDED.USERID, ADD_DATE = EXCLUDED.ADD_DATE, UPDATE_DATE = EXCLUDED.UPDATE_DATE;
/* ORIS:     47    Location: CCT2      Test Type: UNITDEF    Test Num: LME_PNG_2Q2018        SQL Ord:    3 */ insert into camdecmpswks.PROTOCOL_GAS ( PROTOCOL_GAS_ID, TEST_SUM_ID, GAS_LEVEL_CD, GAS_TYPE_CD, VENDOR_ID, CYLINDER_ID, EXPIRATION_DATE, USERID, ADD_DATE, UPDATE_DATE ) values ( 'NOTSET-848DE3D4FDBB4F2B8417BB8053684959', 'NOTSET-21EABE3135DD4EEAAB98B6C678FAEBC2', 'HIGH', 'BALN,NO,NOX', 'A12011', 'AAL21525', '2019-07-16', 'rhirsch', '2018-07-23 15:41:06', NULL ) on conflict (PROTOCOL_GAS_ID) do update set TEST_SUM_ID = EXCLUDED.TEST_SUM_ID, GAS_LEVEL_CD = EXCLUDED.GAS_LEVEL_CD, GAS_TYPE_CD = EXCLUDED.GAS_TYPE_CD, VENDOR_ID = EXCLUDED.VENDOR_ID, CYLINDER_ID = EXCLUDED.CYLINDER_ID, EXPIRATION_DATE = EXCLUDED.EXPIRATION_DATE, USERID = EXCLUDED.USERID, ADD_DATE = EXCLUDED.ADD_DATE, UPDATE_DATE = EXCLUDED.UPDATE_DATE;
/* ORIS:     47    Location: CCT2      Test Type: UNITDEF    Test Num: LME_PNG_2Q2018        SQL Ord:    3 */ insert into camdecmpswks.PROTOCOL_GAS ( PROTOCOL_GAS_ID, TEST_SUM_ID, GAS_LEVEL_CD, GAS_TYPE_CD, VENDOR_ID, CYLINDER_ID, EXPIRATION_DATE, USERID, ADD_DATE, UPDATE_DATE ) values ( 'NOTSET-8FC2B04F42374B14BC572F3F8AE3FCD1', 'NOTSET-21EABE3135DD4EEAAB98B6C678FAEBC2', 'MID', 'BALN,NO,NOX', 'A12011', 'ALM041367', '2019-04-07', 'rhirsch', '2018-07-23 15:41:06', NULL ) on conflict (PROTOCOL_GAS_ID) do update set TEST_SUM_ID = EXCLUDED.TEST_SUM_ID, GAS_LEVEL_CD = EXCLUDED.GAS_LEVEL_CD, GAS_TYPE_CD = EXCLUDED.GAS_TYPE_CD, VENDOR_ID = EXCLUDED.VENDOR_ID, CYLINDER_ID = EXCLUDED.CYLINDER_ID, EXPIRATION_DATE = EXCLUDED.EXPIRATION_DATE, USERID = EXCLUDED.USERID, ADD_DATE = EXCLUDED.ADD_DATE, UPDATE_DATE = EXCLUDED.UPDATE_DATE;
/* ORIS:     47    Location: CCT2      Test Type: UNITDEF    Test Num: LME_PNG_2Q2018        SQL Ord:    3 */ insert into camdecmpswks.PROTOCOL_GAS ( PROTOCOL_GAS_ID, TEST_SUM_ID, GAS_LEVEL_CD, GAS_TYPE_CD, VENDOR_ID, CYLINDER_ID, EXPIRATION_DATE, USERID, ADD_DATE, UPDATE_DATE ) values ( 'NOTSET-FEA8ECB8A0754F6897EC2EF0B160F825', 'NOTSET-21EABE3135DD4EEAAB98B6C678FAEBC2', 'LOW', 'ZERO', NULL, NULL, NULL, 'rhirsch', '2018-07-23 15:41:06', NULL ) on conflict (PROTOCOL_GAS_ID) do update set TEST_SUM_ID = EXCLUDED.TEST_SUM_ID, GAS_LEVEL_CD = EXCLUDED.GAS_LEVEL_CD, GAS_TYPE_CD = EXCLUDED.GAS_TYPE_CD, VENDOR_ID = EXCLUDED.VENDOR_ID, CYLINDER_ID = EXCLUDED.CYLINDER_ID, EXPIRATION_DATE = EXCLUDED.EXPIRATION_DATE, USERID = EXCLUDED.USERID, ADD_DATE = EXCLUDED.ADD_DATE, UPDATE_DATE = EXCLUDED.UPDATE_DATE;
/* ORIS:     47    Location: CCT2      Test Type: UNITDEF    Test Num: LME_PNG_2Q2018        SQL Ord:    4 */ insert into camdecmpswks.AIR_EMISSION_TESTING ( AIR_EMISSION_TEST_ID, TEST_SUM_ID, QI_LAST_NAME, QI_FIRST_NAME, QI_MIDDLE_INITIAL, AETB_NAME, AETB_PHONE_NUMBER, AETB_EMAIL, EXAM_DATE, PROVIDER_NAME, PROVIDER_EMAIL, ADD_DATE, UPDATE_DATE, USERID ) values ( 'NOTSET-D6CDFC6748044FB08A222E29209501B8', 'NOTSET-21EABE3135DD4EEAAB98B6C678FAEBC2', 'Ward', 'Robert', 'D', 'TVA Performance Engineering', '423-876-6880', 'perfengg@tva.gov', '2016-03-03', 'Source Evaluation Society', 'qstiprogram@gmail.com', '2021-12-21 11:30:59', NULL, '' ) on conflict (AIR_EMISSION_TEST_ID) do update set TEST_SUM_ID = EXCLUDED.TEST_SUM_ID, QI_LAST_NAME = EXCLUDED.QI_LAST_NAME, QI_FIRST_NAME = EXCLUDED.QI_FIRST_NAME, QI_MIDDLE_INITIAL = EXCLUDED.QI_MIDDLE_INITIAL, AETB_NAME = EXCLUDED.AETB_NAME, AETB_PHONE_NUMBER = EXCLUDED.AETB_PHONE_NUMBER, AETB_EMAIL = EXCLUDED.AETB_EMAIL, EXAM_DATE = EXCLUDED.EXAM_DATE, PROVIDER_NAME = EXCLUDED.PROVIDER_NAME, PROVIDER_EMAIL = EXCLUDED.PROVIDER_EMAIL, ADD_DATE = EXCLUDED.ADD_DATE, UPDATE_DATE = EXCLUDED.UPDATE_DATE, USERID = EXCLUDED.USERID;
/* ORIS:     47    Location: CCT2      Test Type: UNITDEF    Test Num: LME_PNG_2Q2018        SQL Ord:    6 */ insert into camdecmpswks.UNIT_DEFAULT_TEST ( UNIT_DEFAULT_TEST_SUM_ID, TEST_SUM_ID, FUEL_CD, OPERATING_CONDITION_CD, NOX_DEFAULT_RATE, CALC_NOX_DEFAULT_RATE, GROUP_ID, NUM_UNITS_IN_GROUP, NUM_TESTS_FOR_GROUP, USERID, ADD_DATE, UPDATE_DATE ) values ( 'NOTSET-39567132908F492889A588D4E5EC3F57', 'NOTSET-21EABE3135DD4EEAAB98B6C678FAEBC2', 'PNG', NULL, 0.331, 0.331, 'G20182', 8, 3, 'esupport', '2018-07-23 15:41:06', '2021-12-21 22:07:51' ) on conflict (UNIT_DEFAULT_TEST_SUM_ID) do update set TEST_SUM_ID = EXCLUDED.TEST_SUM_ID, FUEL_CD = EXCLUDED.FUEL_CD, OPERATING_CONDITION_CD = EXCLUDED.OPERATING_CONDITION_CD, NOX_DEFAULT_RATE = EXCLUDED.NOX_DEFAULT_RATE, CALC_NOX_DEFAULT_RATE = EXCLUDED.CALC_NOX_DEFAULT_RATE, GROUP_ID = EXCLUDED.GROUP_ID, NUM_UNITS_IN_GROUP = EXCLUDED.NUM_UNITS_IN_GROUP, NUM_TESTS_FOR_GROUP = EXCLUDED.NUM_TESTS_FOR_GROUP, USERID = EXCLUDED.USERID, ADD_DATE = EXCLUDED.ADD_DATE, UPDATE_DATE = EXCLUDED.UPDATE_DATE;
/* ORIS:     47    Location: CCT2      Test Type: UNITDEF    Test Num: LME_PNG_2Q2018        SQL Ord:    7 */ insert into camdecmpswks.UNIT_DEFAULT_TEST_RUN ( UNIT_DEFAULT_TEST_RUN_ID, UNIT_DEFAULT_TEST_SUM_ID, OP_LEVEL_NUM, RUN_NUM, BEGIN_DATE, BEGIN_HOUR, BEGIN_MIN, END_DATE, END_HOUR, END_MIN, RESPONSE_TIME, REF_VALUE, USERID, ADD_DATE, UPDATE_DATE, RUN_USED_IND ) values ( 'NOTSET-576ECE4F76C24E219EAB8E32D3A8DE3C', 'NOTSET-39567132908F492889A588D4E5EC3F57', 1, 3, '2018-05-03', 12, 13, '2018-05-03', 13, 9, 151, 0.328, 'rhirsch', '2018-07-23 15:41:06', NULL, 1 ) on conflict (UNIT_DEFAULT_TEST_RUN_ID) do update set UNIT_DEFAULT_TEST_SUM_ID = EXCLUDED.UNIT_DEFAULT_TEST_SUM_ID, OP_LEVEL_NUM = EXCLUDED.OP_LEVEL_NUM, RUN_NUM = EXCLUDED.RUN_NUM, BEGIN_DATE = EXCLUDED.BEGIN_DATE, BEGIN_HOUR = EXCLUDED.BEGIN_HOUR, BEGIN_MIN = EXCLUDED.BEGIN_MIN, END_DATE = EXCLUDED.END_DATE, END_HOUR = EXCLUDED.END_HOUR, END_MIN = EXCLUDED.END_MIN, RESPONSE_TIME = EXCLUDED.RESPONSE_TIME, REF_VALUE = EXCLUDED.REF_VALUE, RUN_USED_IND = EXCLUDED.RUN_USED_IND, USERID = EXCLUDED.USERID, ADD_DATE = EXCLUDED.ADD_DATE, UPDATE_DATE = EXCLUDED.UPDATE_DATE;
/* ORIS:     47    Location: CCT2      Test Type: UNITDEF    Test Num: LME_PNG_2Q2018        SQL Ord:    7 */ insert into camdecmpswks.UNIT_DEFAULT_TEST_RUN ( UNIT_DEFAULT_TEST_RUN_ID, UNIT_DEFAULT_TEST_SUM_ID, OP_LEVEL_NUM, RUN_NUM, BEGIN_DATE, BEGIN_HOUR, BEGIN_MIN, END_DATE, END_HOUR, END_MIN, RESPONSE_TIME, REF_VALUE, USERID, ADD_DATE, UPDATE_DATE, RUN_USED_IND ) values ( 'NOTSET-86847002739D4532A226ECE685B6724A', 'NOTSET-39567132908F492889A588D4E5EC3F57', 1, 1, '2018-05-03', 10, 0, '2018-05-03', 10, 58, 151, 0.332, 'rhirsch', '2018-07-23 15:41:06', NULL, 1 ) on conflict (UNIT_DEFAULT_TEST_RUN_ID) do update set UNIT_DEFAULT_TEST_SUM_ID = EXCLUDED.UNIT_DEFAULT_TEST_SUM_ID, OP_LEVEL_NUM = EXCLUDED.OP_LEVEL_NUM, RUN_NUM = EXCLUDED.RUN_NUM, BEGIN_DATE = EXCLUDED.BEGIN_DATE, BEGIN_HOUR = EXCLUDED.BEGIN_HOUR, BEGIN_MIN = EXCLUDED.BEGIN_MIN, END_DATE = EXCLUDED.END_DATE, END_HOUR = EXCLUDED.END_HOUR, END_MIN = EXCLUDED.END_MIN, RESPONSE_TIME = EXCLUDED.RESPONSE_TIME, REF_VALUE = EXCLUDED.REF_VALUE, RUN_USED_IND = EXCLUDED.RUN_USED_IND, USERID = EXCLUDED.USERID, ADD_DATE = EXCLUDED.ADD_DATE, UPDATE_DATE = EXCLUDED.UPDATE_DATE;
/* ORIS:     47    Location: CCT2      Test Type: UNITDEF    Test Num: LME_PNG_2Q2018        SQL Ord:    7 */ insert into camdecmpswks.UNIT_DEFAULT_TEST_RUN ( UNIT_DEFAULT_TEST_RUN_ID, UNIT_DEFAULT_TEST_SUM_ID, OP_LEVEL_NUM, RUN_NUM, BEGIN_DATE, BEGIN_HOUR, BEGIN_MIN, END_DATE, END_HOUR, END_MIN, RESPONSE_TIME, REF_VALUE, USERID, ADD_DATE, UPDATE_DATE, RUN_USED_IND ) values ( 'NOTSET-A2CBD33BD6284823B39C65A07F061B85', 'NOTSET-39567132908F492889A588D4E5EC3F57', 1, 2, '2018-05-03', 11, 7, '2018-05-03', 12, 4, 151, 0.334, 'rhirsch', '2018-07-23 15:41:06', NULL, 1 ) on conflict (UNIT_DEFAULT_TEST_RUN_ID) do update set UNIT_DEFAULT_TEST_SUM_ID = EXCLUDED.UNIT_DEFAULT_TEST_SUM_ID, OP_LEVEL_NUM = EXCLUDED.OP_LEVEL_NUM, RUN_NUM = EXCLUDED.RUN_NUM, BEGIN_DATE = EXCLUDED.BEGIN_DATE, BEGIN_HOUR = EXCLUDED.BEGIN_HOUR, BEGIN_MIN = EXCLUDED.BEGIN_MIN, END_DATE = EXCLUDED.END_DATE, END_HOUR = EXCLUDED.END_HOUR, END_MIN = EXCLUDED.END_MIN, RESPONSE_TIME = EXCLUDED.RESPONSE_TIME, REF_VALUE = EXCLUDED.REF_VALUE, RUN_USED_IND = EXCLUDED.RUN_USED_IND, USERID = EXCLUDED.USERID, ADD_DATE = EXCLUDED.ADD_DATE, UPDATE_DATE = EXCLUDED.UPDATE_DATE;
/* ORIS:     47    Location: CCT2      Test Type: UNITDEF    Test Num: UNITDEF-GAS-2012      SQL Ord:    1 */ delete from camdecmpswks.TEST_SUMMARY where TEST_SUM_ID = '22BXS71-AFD49503F1CE4AEFAE1C4AF44BC00EF8';
/* ORIS:     47    Location: CCT2      Test Type: UNITDEF    Test Num: UNITDEF-GAS-2012      SQL Ord:    2 */ insert into camdecmpswks.TEST_SUMMARY ( TEST_SUM_ID, MON_LOC_ID, TEST_TYPE_CD, TEST_NUM, MON_SYS_ID, COMPONENT_ID, GP_IND, TEST_REASON_CD, TEST_RESULT_CD, RPT_PERIOD_ID, BEGIN_DATE, BEGIN_HOUR, BEGIN_MIN, END_DATE, END_HOUR, END_MIN, SPAN_SCALE_CD, INJECTION_PROTOCOL_CD, TEST_COMMENT, TEST_DESCRIPTION, CALC_GP_IND, CALC_TEST_RESULT_CD, CALC_SPAN_VALUE, LAST_UPDATED, UPDATED_STATUS_FLG, NEEDS_EVAL_FLG, CHK_SESSION_ID, USERID, ADD_DATE, UPDATE_DATE ) values ( '22BXS71-AFD49503F1CE4AEFAE1C4AF44BC00EF8', '4354', 'UNITDEF', 'UNITDEF-GAS-2012', NULL, NULL, NULL, 'QA', NULL, NULL, '2012-11-30', 7, 40, '2011-11-30', 10, 51, NULL, NULL, NULL, NULL, NULL, NULL, NULL, '2021-12-21 12:17:03', 'Y', 'N', 'CHV-LGIANN-5BBAFF56CD1B481680739367F1E7C5CA', 'esupport', '2013-01-23 02:05:45', '2021-12-21 22:07:53' ) on conflict (TEST_SUM_ID) do update set MON_LOC_ID = EXCLUDED.MON_LOC_ID, TEST_TYPE_CD = EXCLUDED.TEST_TYPE_CD, TEST_NUM = EXCLUDED.TEST_NUM, MON_SYS_ID = EXCLUDED.MON_SYS_ID, COMPONENT_ID = EXCLUDED.COMPONENT_ID, GP_IND = EXCLUDED.GP_IND, TEST_REASON_CD = EXCLUDED.TEST_REASON_CD, TEST_RESULT_CD = EXCLUDED.TEST_RESULT_CD, RPT_PERIOD_ID = EXCLUDED.RPT_PERIOD_ID, BEGIN_DATE = EXCLUDED.BEGIN_DATE, BEGIN_HOUR = EXCLUDED.BEGIN_HOUR, BEGIN_MIN = EXCLUDED.BEGIN_MIN, END_DATE = EXCLUDED.END_DATE, END_HOUR = EXCLUDED.END_HOUR, END_MIN = EXCLUDED.END_MIN, SPAN_SCALE_CD = EXCLUDED.SPAN_SCALE_CD, INJECTION_PROTOCOL_CD = EXCLUDED.INJECTION_PROTOCOL_CD, TEST_COMMENT = EXCLUDED.TEST_COMMENT, TEST_DESCRIPTION = EXCLUDED.TEST_DESCRIPTION, CALC_GP_IND = EXCLUDED.CALC_GP_IND, CALC_TEST_RESULT_CD = EXCLUDED.CALC_TEST_RESULT_CD, CALC_SPAN_VALUE = EXCLUDED.CALC_SPAN_VALUE, LAST_UPDATED = EXCLUDED.LAST_UPDATED, UPDATED_STATUS_FLG = EXCLUDED.UPDATED_STATUS_FLG, NEEDS_EVAL_FLG = EXCLUDED.NEEDS_EVAL_FLG, CHK_SESSION_ID = EXCLUDED.CHK_SESSION_ID, USERID = EXCLUDED.USERID, ADD_DATE = EXCLUDED.ADD_DATE, UPDATE_DATE = EXCLUDED.UPDATE_DATE;
/* ORIS:     47    Location: CCT2      Test Type: UNITDEF    Test Num: UNITDEF-GAS-2012      SQL Ord:    3 */ insert into camdecmpswks.PROTOCOL_GAS ( PROTOCOL_GAS_ID, TEST_SUM_ID, GAS_LEVEL_CD, GAS_TYPE_CD, VENDOR_ID, CYLINDER_ID, EXPIRATION_DATE, USERID, ADD_DATE, UPDATE_DATE ) values ( '22BXS71-62616EFB3ED54736A47537AC77E4C66F', '22BXS71-AFD49503F1CE4AEFAE1C4AF44BC00EF8', 'MID', 'NO', 'A12011', 'CC64046', '2013-10-10', 'rhirsch', '2013-01-23 02:05:56', NULL ) on conflict (PROTOCOL_GAS_ID) do update set TEST_SUM_ID = EXCLUDED.TEST_SUM_ID, GAS_LEVEL_CD = EXCLUDED.GAS_LEVEL_CD, GAS_TYPE_CD = EXCLUDED.GAS_TYPE_CD, VENDOR_ID = EXCLUDED.VENDOR_ID, CYLINDER_ID = EXCLUDED.CYLINDER_ID, EXPIRATION_DATE = EXCLUDED.EXPIRATION_DATE, USERID = EXCLUDED.USERID, ADD_DATE = EXCLUDED.ADD_DATE, UPDATE_DATE = EXCLUDED.UPDATE_DATE;
/* ORIS:     47    Location: CCT2      Test Type: UNITDEF    Test Num: UNITDEF-GAS-2012      SQL Ord:    3 */ insert into camdecmpswks.PROTOCOL_GAS ( PROTOCOL_GAS_ID, TEST_SUM_ID, GAS_LEVEL_CD, GAS_TYPE_CD, VENDOR_ID, CYLINDER_ID, EXPIRATION_DATE, USERID, ADD_DATE, UPDATE_DATE ) values ( '22BXS71-662BA545ED7146768559DFEA3F91F114', '22BXS71-AFD49503F1CE4AEFAE1C4AF44BC00EF8', 'MID', 'O2', 'A12011', 'ALM003261', '2019-07-12', 'rhirsch', '2013-01-23 02:05:56', NULL ) on conflict (PROTOCOL_GAS_ID) do update set TEST_SUM_ID = EXCLUDED.TEST_SUM_ID, GAS_LEVEL_CD = EXCLUDED.GAS_LEVEL_CD, GAS_TYPE_CD = EXCLUDED.GAS_TYPE_CD, VENDOR_ID = EXCLUDED.VENDOR_ID, CYLINDER_ID = EXCLUDED.CYLINDER_ID, EXPIRATION_DATE = EXCLUDED.EXPIRATION_DATE, USERID = EXCLUDED.USERID, ADD_DATE = EXCLUDED.ADD_DATE, UPDATE_DATE = EXCLUDED.UPDATE_DATE;
/* ORIS:     47    Location: CCT2      Test Type: UNITDEF    Test Num: UNITDEF-GAS-2012      SQL Ord:    3 */ insert into camdecmpswks.PROTOCOL_GAS ( PROTOCOL_GAS_ID, TEST_SUM_ID, GAS_LEVEL_CD, GAS_TYPE_CD, VENDOR_ID, CYLINDER_ID, EXPIRATION_DATE, USERID, ADD_DATE, UPDATE_DATE ) values ( '22BXS71-69ABF9653BCD4C549FF5EDA8AA403081', '22BXS71-AFD49503F1CE4AEFAE1C4AF44BC00EF8', 'HIGH', 'O2', 'NONPGVP', 'ALM031876', '2018-05-11', 'rhirsch', '2013-01-23 02:05:56', NULL ) on conflict (PROTOCOL_GAS_ID) do update set TEST_SUM_ID = EXCLUDED.TEST_SUM_ID, GAS_LEVEL_CD = EXCLUDED.GAS_LEVEL_CD, GAS_TYPE_CD = EXCLUDED.GAS_TYPE_CD, VENDOR_ID = EXCLUDED.VENDOR_ID, CYLINDER_ID = EXCLUDED.CYLINDER_ID, EXPIRATION_DATE = EXCLUDED.EXPIRATION_DATE, USERID = EXCLUDED.USERID, ADD_DATE = EXCLUDED.ADD_DATE, UPDATE_DATE = EXCLUDED.UPDATE_DATE;
/* ORIS:     47    Location: CCT2      Test Type: UNITDEF    Test Num: UNITDEF-GAS-2012      SQL Ord:    3 */ insert into camdecmpswks.PROTOCOL_GAS ( PROTOCOL_GAS_ID, TEST_SUM_ID, GAS_LEVEL_CD, GAS_TYPE_CD, VENDOR_ID, CYLINDER_ID, EXPIRATION_DATE, USERID, ADD_DATE, UPDATE_DATE ) values ( '22BXS71-7DD54C2ACC6B47FFB18DE89ED792D5BF', '22BXS71-AFD49503F1CE4AEFAE1C4AF44BC00EF8', 'HIGH', 'NO', 'A12011', 'AAL4304', '2019-01-06', 'rhirsch', '2013-01-23 02:05:56', NULL ) on conflict (PROTOCOL_GAS_ID) do update set TEST_SUM_ID = EXCLUDED.TEST_SUM_ID, GAS_LEVEL_CD = EXCLUDED.GAS_LEVEL_CD, GAS_TYPE_CD = EXCLUDED.GAS_TYPE_CD, VENDOR_ID = EXCLUDED.VENDOR_ID, CYLINDER_ID = EXCLUDED.CYLINDER_ID, EXPIRATION_DATE = EXCLUDED.EXPIRATION_DATE, USERID = EXCLUDED.USERID, ADD_DATE = EXCLUDED.ADD_DATE, UPDATE_DATE = EXCLUDED.UPDATE_DATE;
/* ORIS:     47    Location: CCT2      Test Type: UNITDEF    Test Num: UNITDEF-GAS-2012      SQL Ord:    3 */ insert into camdecmpswks.PROTOCOL_GAS ( PROTOCOL_GAS_ID, TEST_SUM_ID, GAS_LEVEL_CD, GAS_TYPE_CD, VENDOR_ID, CYLINDER_ID, EXPIRATION_DATE, USERID, ADD_DATE, UPDATE_DATE ) values ( '22BXS71-E5622F95A14F4A28B08E06C925533D44', '22BXS71-AFD49503F1CE4AEFAE1C4AF44BC00EF8', 'LOW', 'ZERO', NULL, NULL, NULL, 'rhirsch', '2013-01-23 02:05:56', NULL ) on conflict (PROTOCOL_GAS_ID) do update set TEST_SUM_ID = EXCLUDED.TEST_SUM_ID, GAS_LEVEL_CD = EXCLUDED.GAS_LEVEL_CD, GAS_TYPE_CD = EXCLUDED.GAS_TYPE_CD, VENDOR_ID = EXCLUDED.VENDOR_ID, CYLINDER_ID = EXCLUDED.CYLINDER_ID, EXPIRATION_DATE = EXCLUDED.EXPIRATION_DATE, USERID = EXCLUDED.USERID, ADD_DATE = EXCLUDED.ADD_DATE, UPDATE_DATE = EXCLUDED.UPDATE_DATE;
/* ORIS:     47    Location: CCT2      Test Type: UNITDEF    Test Num: UNITDEF-GAS-2012      SQL Ord:    4 */ insert into camdecmpswks.AIR_EMISSION_TESTING ( AIR_EMISSION_TEST_ID, TEST_SUM_ID, QI_LAST_NAME, QI_FIRST_NAME, QI_MIDDLE_INITIAL, AETB_NAME, AETB_PHONE_NUMBER, AETB_EMAIL, EXAM_DATE, PROVIDER_NAME, PROVIDER_EMAIL, ADD_DATE, UPDATE_DATE, USERID ) values ( '22BXS71-565B2F1FE374469E8784E6BD215CF80A', '22BXS71-AFD49503F1CE4AEFAE1C4AF44BC00EF8', 'Ward', 'Robert', NULL, 'TVA Performance Engineering', '423-876-6880', 'perfengg@tva.gov', '2011-05-06', 'Source Evaluation Society', 'gstiprogram@gmail.com', '2021-12-21 11:30:59', NULL, '' ) on conflict (AIR_EMISSION_TEST_ID) do update set TEST_SUM_ID = EXCLUDED.TEST_SUM_ID, QI_LAST_NAME = EXCLUDED.QI_LAST_NAME, QI_FIRST_NAME = EXCLUDED.QI_FIRST_NAME, QI_MIDDLE_INITIAL = EXCLUDED.QI_MIDDLE_INITIAL, AETB_NAME = EXCLUDED.AETB_NAME, AETB_PHONE_NUMBER = EXCLUDED.AETB_PHONE_NUMBER, AETB_EMAIL = EXCLUDED.AETB_EMAIL, EXAM_DATE = EXCLUDED.EXAM_DATE, PROVIDER_NAME = EXCLUDED.PROVIDER_NAME, PROVIDER_EMAIL = EXCLUDED.PROVIDER_EMAIL, ADD_DATE = EXCLUDED.ADD_DATE, UPDATE_DATE = EXCLUDED.UPDATE_DATE, USERID = EXCLUDED.USERID;
/* ORIS:     47    Location: CCT2      Test Type: UNITDEF    Test Num: UNITDEF-GAS-2012      SQL Ord:    6 */ insert into camdecmpswks.UNIT_DEFAULT_TEST ( UNIT_DEFAULT_TEST_SUM_ID, TEST_SUM_ID, FUEL_CD, OPERATING_CONDITION_CD, NOX_DEFAULT_RATE, CALC_NOX_DEFAULT_RATE, GROUP_ID, NUM_UNITS_IN_GROUP, NUM_TESTS_FOR_GROUP, USERID, ADD_DATE, UPDATE_DATE ) values ( '22BXS71-D37DEC48EE4D4E4E824C18D5C1559806', '22BXS71-AFD49503F1CE4AEFAE1C4AF44BC00EF8', 'PNG', NULL, 0.341, 0.341, 'G20124', 8, 3, 'esupport', '2013-01-23 02:05:50', '2021-12-21 22:07:53' ) on conflict (UNIT_DEFAULT_TEST_SUM_ID) do update set TEST_SUM_ID = EXCLUDED.TEST_SUM_ID, FUEL_CD = EXCLUDED.FUEL_CD, OPERATING_CONDITION_CD = EXCLUDED.OPERATING_CONDITION_CD, NOX_DEFAULT_RATE = EXCLUDED.NOX_DEFAULT_RATE, CALC_NOX_DEFAULT_RATE = EXCLUDED.CALC_NOX_DEFAULT_RATE, GROUP_ID = EXCLUDED.GROUP_ID, NUM_UNITS_IN_GROUP = EXCLUDED.NUM_UNITS_IN_GROUP, NUM_TESTS_FOR_GROUP = EXCLUDED.NUM_TESTS_FOR_GROUP, USERID = EXCLUDED.USERID, ADD_DATE = EXCLUDED.ADD_DATE, UPDATE_DATE = EXCLUDED.UPDATE_DATE;
/* ORIS:     47    Location: CCT2      Test Type: UNITDEF    Test Num: UNITDEF-GAS-2012      SQL Ord:    7 */ insert into camdecmpswks.UNIT_DEFAULT_TEST_RUN ( UNIT_DEFAULT_TEST_RUN_ID, UNIT_DEFAULT_TEST_SUM_ID, OP_LEVEL_NUM, RUN_NUM, BEGIN_DATE, BEGIN_HOUR, BEGIN_MIN, END_DATE, END_HOUR, END_MIN, RESPONSE_TIME, REF_VALUE, USERID, ADD_DATE, UPDATE_DATE, RUN_USED_IND ) values ( '22BXS71-56F39471438947D3883668BA8256F95D', '22BXS71-D37DEC48EE4D4E4E824C18D5C1559806', 1, 1, '2012-11-30', 7, 40, '2012-11-30', 8, 36, 1, 0.342, 'rhirsch', '2013-01-23 02:05:53', NULL, 1 ) on conflict (UNIT_DEFAULT_TEST_RUN_ID) do update set UNIT_DEFAULT_TEST_SUM_ID = EXCLUDED.UNIT_DEFAULT_TEST_SUM_ID, OP_LEVEL_NUM = EXCLUDED.OP_LEVEL_NUM, RUN_NUM = EXCLUDED.RUN_NUM, BEGIN_DATE = EXCLUDED.BEGIN_DATE, BEGIN_HOUR = EXCLUDED.BEGIN_HOUR, BEGIN_MIN = EXCLUDED.BEGIN_MIN, END_DATE = EXCLUDED.END_DATE, END_HOUR = EXCLUDED.END_HOUR, END_MIN = EXCLUDED.END_MIN, RESPONSE_TIME = EXCLUDED.RESPONSE_TIME, REF_VALUE = EXCLUDED.REF_VALUE, RUN_USED_IND = EXCLUDED.RUN_USED_IND, USERID = EXCLUDED.USERID, ADD_DATE = EXCLUDED.ADD_DATE, UPDATE_DATE = EXCLUDED.UPDATE_DATE;
/* ORIS:     47    Location: CCT2      Test Type: UNITDEF    Test Num: UNITDEF-GAS-2012      SQL Ord:    7 */ insert into camdecmpswks.UNIT_DEFAULT_TEST_RUN ( UNIT_DEFAULT_TEST_RUN_ID, UNIT_DEFAULT_TEST_SUM_ID, OP_LEVEL_NUM, RUN_NUM, BEGIN_DATE, BEGIN_HOUR, BEGIN_MIN, END_DATE, END_HOUR, END_MIN, RESPONSE_TIME, REF_VALUE, USERID, ADD_DATE, UPDATE_DATE, RUN_USED_IND ) values ( '22BXS71-58B2FCBFAE624E72B7937A9F21C039D1', '22BXS71-D37DEC48EE4D4E4E824C18D5C1559806', 1, 3, '2012-11-30', 9, 54, '2012-11-30', 10, 51, 1, 0.341, 'rhirsch', '2013-01-23 02:05:53', NULL, 1 ) on conflict (UNIT_DEFAULT_TEST_RUN_ID) do update set UNIT_DEFAULT_TEST_SUM_ID = EXCLUDED.UNIT_DEFAULT_TEST_SUM_ID, OP_LEVEL_NUM = EXCLUDED.OP_LEVEL_NUM, RUN_NUM = EXCLUDED.RUN_NUM, BEGIN_DATE = EXCLUDED.BEGIN_DATE, BEGIN_HOUR = EXCLUDED.BEGIN_HOUR, BEGIN_MIN = EXCLUDED.BEGIN_MIN, END_DATE = EXCLUDED.END_DATE, END_HOUR = EXCLUDED.END_HOUR, END_MIN = EXCLUDED.END_MIN, RESPONSE_TIME = EXCLUDED.RESPONSE_TIME, REF_VALUE = EXCLUDED.REF_VALUE, RUN_USED_IND = EXCLUDED.RUN_USED_IND, USERID = EXCLUDED.USERID, ADD_DATE = EXCLUDED.ADD_DATE, UPDATE_DATE = EXCLUDED.UPDATE_DATE;
/* ORIS:     47    Location: CCT2      Test Type: UNITDEF    Test Num: UNITDEF-GAS-2012      SQL Ord:    7 */ insert into camdecmpswks.UNIT_DEFAULT_TEST_RUN ( UNIT_DEFAULT_TEST_RUN_ID, UNIT_DEFAULT_TEST_SUM_ID, OP_LEVEL_NUM, RUN_NUM, BEGIN_DATE, BEGIN_HOUR, BEGIN_MIN, END_DATE, END_HOUR, END_MIN, RESPONSE_TIME, REF_VALUE, USERID, ADD_DATE, UPDATE_DATE, RUN_USED_IND ) values ( '22BXS71-6AD54A6D41DE4948987275F34593F3E6', '22BXS71-D37DEC48EE4D4E4E824C18D5C1559806', 1, 2, '2012-11-30', 8, 47, '2012-11-30', 9, 43, 1, 0.339, 'rhirsch', '2013-01-23 02:05:53', NULL, 1 ) on conflict (UNIT_DEFAULT_TEST_RUN_ID) do update set UNIT_DEFAULT_TEST_SUM_ID = EXCLUDED.UNIT_DEFAULT_TEST_SUM_ID, OP_LEVEL_NUM = EXCLUDED.OP_LEVEL_NUM, RUN_NUM = EXCLUDED.RUN_NUM, BEGIN_DATE = EXCLUDED.BEGIN_DATE, BEGIN_HOUR = EXCLUDED.BEGIN_HOUR, BEGIN_MIN = EXCLUDED.BEGIN_MIN, END_DATE = EXCLUDED.END_DATE, END_HOUR = EXCLUDED.END_HOUR, END_MIN = EXCLUDED.END_MIN, RESPONSE_TIME = EXCLUDED.RESPONSE_TIME, REF_VALUE = EXCLUDED.REF_VALUE, RUN_USED_IND = EXCLUDED.RUN_USED_IND, USERID = EXCLUDED.USERID, ADD_DATE = EXCLUDED.ADD_DATE, UPDATE_DATE = EXCLUDED.UPDATE_DATE;
/* ORIS:     47    Location: CCT2      Test Type: UNITDEF    Test Num: UNITDEF-OIL-2012      SQL Ord:    1 */ delete from camdecmpswks.TEST_SUMMARY where TEST_SUM_ID = '22BXS71-BCD5EB3276594732920D5DD4608758E5';
/* ORIS:     47    Location: CCT2      Test Type: UNITDEF    Test Num: UNITDEF-OIL-2012      SQL Ord:    2 */ insert into camdecmpswks.TEST_SUMMARY ( TEST_SUM_ID, MON_LOC_ID, TEST_TYPE_CD, TEST_NUM, MON_SYS_ID, COMPONENT_ID, GP_IND, TEST_REASON_CD, TEST_RESULT_CD, RPT_PERIOD_ID, BEGIN_DATE, BEGIN_HOUR, BEGIN_MIN, END_DATE, END_HOUR, END_MIN, SPAN_SCALE_CD, INJECTION_PROTOCOL_CD, TEST_COMMENT, TEST_DESCRIPTION, CALC_GP_IND, CALC_TEST_RESULT_CD, CALC_SPAN_VALUE, LAST_UPDATED, UPDATED_STATUS_FLG, NEEDS_EVAL_FLG, CHK_SESSION_ID, USERID, ADD_DATE, UPDATE_DATE ) values ( '22BXS71-BCD5EB3276594732920D5DD4608758E5', '4354', 'UNITDEF', 'UNITDEF-OIL-2012', NULL, NULL, NULL, 'QA', NULL, NULL, '2012-11-30', 11, 32, '2012-11-30', 14, 42, NULL, NULL, NULL, NULL, NULL, NULL, NULL, '2021-12-21 13:46:57', 'Y', 'N', 'CHV-LGIANN-4A535F9815664DAABFE95E5658DBC2F9', 'esupport', '2013-01-23 02:05:56', '2021-12-21 22:07:54' ) on conflict (TEST_SUM_ID) do update set MON_LOC_ID = EXCLUDED.MON_LOC_ID, TEST_TYPE_CD = EXCLUDED.TEST_TYPE_CD, TEST_NUM = EXCLUDED.TEST_NUM, MON_SYS_ID = EXCLUDED.MON_SYS_ID, COMPONENT_ID = EXCLUDED.COMPONENT_ID, GP_IND = EXCLUDED.GP_IND, TEST_REASON_CD = EXCLUDED.TEST_REASON_CD, TEST_RESULT_CD = EXCLUDED.TEST_RESULT_CD, RPT_PERIOD_ID = EXCLUDED.RPT_PERIOD_ID, BEGIN_DATE = EXCLUDED.BEGIN_DATE, BEGIN_HOUR = EXCLUDED.BEGIN_HOUR, BEGIN_MIN = EXCLUDED.BEGIN_MIN, END_DATE = EXCLUDED.END_DATE, END_HOUR = EXCLUDED.END_HOUR, END_MIN = EXCLUDED.END_MIN, SPAN_SCALE_CD = EXCLUDED.SPAN_SCALE_CD, INJECTION_PROTOCOL_CD = EXCLUDED.INJECTION_PROTOCOL_CD, TEST_COMMENT = EXCLUDED.TEST_COMMENT, TEST_DESCRIPTION = EXCLUDED.TEST_DESCRIPTION, CALC_GP_IND = EXCLUDED.CALC_GP_IND, CALC_TEST_RESULT_CD = EXCLUDED.CALC_TEST_RESULT_CD, CALC_SPAN_VALUE = EXCLUDED.CALC_SPAN_VALUE, LAST_UPDATED = EXCLUDED.LAST_UPDATED, UPDATED_STATUS_FLG = EXCLUDED.UPDATED_STATUS_FLG, NEEDS_EVAL_FLG = EXCLUDED.NEEDS_EVAL_FLG, CHK_SESSION_ID = EXCLUDED.CHK_SESSION_ID, USERID = EXCLUDED.USERID, ADD_DATE = EXCLUDED.ADD_DATE, UPDATE_DATE = EXCLUDED.UPDATE_DATE;
/* ORIS:     47    Location: CCT2      Test Type: UNITDEF    Test Num: UNITDEF-OIL-2012      SQL Ord:    3 */ insert into camdecmpswks.PROTOCOL_GAS ( PROTOCOL_GAS_ID, TEST_SUM_ID, GAS_LEVEL_CD, GAS_TYPE_CD, VENDOR_ID, CYLINDER_ID, EXPIRATION_DATE, USERID, ADD_DATE, UPDATE_DATE ) values ( '22BXS71-476951A1E62C4D15B7A3BEB3B9C95AD6', '22BXS71-BCD5EB3276594732920D5DD4608758E5', 'MID', 'O2', 'A12011', 'ALM003261', '2019-07-12', 'rhirsch', '2013-01-23 02:05:56', NULL ) on conflict (PROTOCOL_GAS_ID) do update set TEST_SUM_ID = EXCLUDED.TEST_SUM_ID, GAS_LEVEL_CD = EXCLUDED.GAS_LEVEL_CD, GAS_TYPE_CD = EXCLUDED.GAS_TYPE_CD, VENDOR_ID = EXCLUDED.VENDOR_ID, CYLINDER_ID = EXCLUDED.CYLINDER_ID, EXPIRATION_DATE = EXCLUDED.EXPIRATION_DATE, USERID = EXCLUDED.USERID, ADD_DATE = EXCLUDED.ADD_DATE, UPDATE_DATE = EXCLUDED.UPDATE_DATE;
/* ORIS:     47    Location: CCT2      Test Type: UNITDEF    Test Num: UNITDEF-OIL-2012      SQL Ord:    3 */ insert into camdecmpswks.PROTOCOL_GAS ( PROTOCOL_GAS_ID, TEST_SUM_ID, GAS_LEVEL_CD, GAS_TYPE_CD, VENDOR_ID, CYLINDER_ID, EXPIRATION_DATE, USERID, ADD_DATE, UPDATE_DATE ) values ( '22BXS71-516A5E21EE0D4573A524128466DDC6DD', '22BXS71-BCD5EB3276594732920D5DD4608758E5', 'LOW', 'ZERO', NULL, NULL, NULL, 'rhirsch', '2013-01-23 02:05:56', NULL ) on conflict (PROTOCOL_GAS_ID) do update set TEST_SUM_ID = EXCLUDED.TEST_SUM_ID, GAS_LEVEL_CD = EXCLUDED.GAS_LEVEL_CD, GAS_TYPE_CD = EXCLUDED.GAS_TYPE_CD, VENDOR_ID = EXCLUDED.VENDOR_ID, CYLINDER_ID = EXCLUDED.CYLINDER_ID, EXPIRATION_DATE = EXCLUDED.EXPIRATION_DATE, USERID = EXCLUDED.USERID, ADD_DATE = EXCLUDED.ADD_DATE, UPDATE_DATE = EXCLUDED.UPDATE_DATE;
/* ORIS:     47    Location: CCT2      Test Type: UNITDEF    Test Num: UNITDEF-OIL-2012      SQL Ord:    3 */ insert into camdecmpswks.PROTOCOL_GAS ( PROTOCOL_GAS_ID, TEST_SUM_ID, GAS_LEVEL_CD, GAS_TYPE_CD, VENDOR_ID, CYLINDER_ID, EXPIRATION_DATE, USERID, ADD_DATE, UPDATE_DATE ) values ( '22BXS71-7F099E244F05458AB1B38328271CC9AC', '22BXS71-BCD5EB3276594732920D5DD4608758E5', 'MID', 'NO', 'A12011', 'CC64046', '2013-10-10', 'rhirsch', '2013-01-23 02:05:56', NULL ) on conflict (PROTOCOL_GAS_ID) do update set TEST_SUM_ID = EXCLUDED.TEST_SUM_ID, GAS_LEVEL_CD = EXCLUDED.GAS_LEVEL_CD, GAS_TYPE_CD = EXCLUDED.GAS_TYPE_CD, VENDOR_ID = EXCLUDED.VENDOR_ID, CYLINDER_ID = EXCLUDED.CYLINDER_ID, EXPIRATION_DATE = EXCLUDED.EXPIRATION_DATE, USERID = EXCLUDED.USERID, ADD_DATE = EXCLUDED.ADD_DATE, UPDATE_DATE = EXCLUDED.UPDATE_DATE;
/* ORIS:     47    Location: CCT2      Test Type: UNITDEF    Test Num: UNITDEF-OIL-2012      SQL Ord:    3 */ insert into camdecmpswks.PROTOCOL_GAS ( PROTOCOL_GAS_ID, TEST_SUM_ID, GAS_LEVEL_CD, GAS_TYPE_CD, VENDOR_ID, CYLINDER_ID, EXPIRATION_DATE, USERID, ADD_DATE, UPDATE_DATE ) values ( '22BXS71-969DAEB84659494B99A92E333708E564', '22BXS71-BCD5EB3276594732920D5DD4608758E5', 'HIGH', 'O2', 'NONPGVP', 'ALM031876', '2018-05-11', 'rhirsch', '2013-01-23 02:05:56', NULL ) on conflict (PROTOCOL_GAS_ID) do update set TEST_SUM_ID = EXCLUDED.TEST_SUM_ID, GAS_LEVEL_CD = EXCLUDED.GAS_LEVEL_CD, GAS_TYPE_CD = EXCLUDED.GAS_TYPE_CD, VENDOR_ID = EXCLUDED.VENDOR_ID, CYLINDER_ID = EXCLUDED.CYLINDER_ID, EXPIRATION_DATE = EXCLUDED.EXPIRATION_DATE, USERID = EXCLUDED.USERID, ADD_DATE = EXCLUDED.ADD_DATE, UPDATE_DATE = EXCLUDED.UPDATE_DATE;
/* ORIS:     47    Location: CCT2      Test Type: UNITDEF    Test Num: UNITDEF-OIL-2012      SQL Ord:    3 */ insert into camdecmpswks.PROTOCOL_GAS ( PROTOCOL_GAS_ID, TEST_SUM_ID, GAS_LEVEL_CD, GAS_TYPE_CD, VENDOR_ID, CYLINDER_ID, EXPIRATION_DATE, USERID, ADD_DATE, UPDATE_DATE ) values ( '22BXS71-A2132927D1A54B479A619D672C87871C', '22BXS71-BCD5EB3276594732920D5DD4608758E5', 'HIGH', 'NO', 'A12011', 'AAL4304', '2019-01-06', 'rhirsch', '2013-01-23 02:05:56', NULL ) on conflict (PROTOCOL_GAS_ID) do update set TEST_SUM_ID = EXCLUDED.TEST_SUM_ID, GAS_LEVEL_CD = EXCLUDED.GAS_LEVEL_CD, GAS_TYPE_CD = EXCLUDED.GAS_TYPE_CD, VENDOR_ID = EXCLUDED.VENDOR_ID, CYLINDER_ID = EXCLUDED.CYLINDER_ID, EXPIRATION_DATE = EXCLUDED.EXPIRATION_DATE, USERID = EXCLUDED.USERID, ADD_DATE = EXCLUDED.ADD_DATE, UPDATE_DATE = EXCLUDED.UPDATE_DATE;
/* ORIS:     47    Location: CCT2      Test Type: UNITDEF    Test Num: UNITDEF-OIL-2012      SQL Ord:    4 */ insert into camdecmpswks.AIR_EMISSION_TESTING ( AIR_EMISSION_TEST_ID, TEST_SUM_ID, QI_LAST_NAME, QI_FIRST_NAME, QI_MIDDLE_INITIAL, AETB_NAME, AETB_PHONE_NUMBER, AETB_EMAIL, EXAM_DATE, PROVIDER_NAME, PROVIDER_EMAIL, ADD_DATE, UPDATE_DATE, USERID ) values ( '22BXS71-3CAE1E95409F4BCFACA22C9E8FC46FD0', '22BXS71-BCD5EB3276594732920D5DD4608758E5', 'Ward', 'Robert', NULL, 'TVA Performance Engineering', '423-876-6880', 'perfengg@tva.gov', '2011-05-06', 'Source Evaluation Society', 'gstiprogram@gmail.com', '2021-12-21 11:30:59', NULL, '' ) on conflict (AIR_EMISSION_TEST_ID) do update set TEST_SUM_ID = EXCLUDED.TEST_SUM_ID, QI_LAST_NAME = EXCLUDED.QI_LAST_NAME, QI_FIRST_NAME = EXCLUDED.QI_FIRST_NAME, QI_MIDDLE_INITIAL = EXCLUDED.QI_MIDDLE_INITIAL, AETB_NAME = EXCLUDED.AETB_NAME, AETB_PHONE_NUMBER = EXCLUDED.AETB_PHONE_NUMBER, AETB_EMAIL = EXCLUDED.AETB_EMAIL, EXAM_DATE = EXCLUDED.EXAM_DATE, PROVIDER_NAME = EXCLUDED.PROVIDER_NAME, PROVIDER_EMAIL = EXCLUDED.PROVIDER_EMAIL, ADD_DATE = EXCLUDED.ADD_DATE, UPDATE_DATE = EXCLUDED.UPDATE_DATE, USERID = EXCLUDED.USERID;
/* ORIS:     47    Location: CCT2      Test Type: UNITDEF    Test Num: UNITDEF-OIL-2012      SQL Ord:    6 */ insert into camdecmpswks.UNIT_DEFAULT_TEST ( UNIT_DEFAULT_TEST_SUM_ID, TEST_SUM_ID, FUEL_CD, OPERATING_CONDITION_CD, NOX_DEFAULT_RATE, CALC_NOX_DEFAULT_RATE, GROUP_ID, NUM_UNITS_IN_GROUP, NUM_TESTS_FOR_GROUP, USERID, ADD_DATE, UPDATE_DATE ) values ( '22BXS71-82935A02A4AB4D88B3EC58DA0A55FB9D', '22BXS71-BCD5EB3276594732920D5DD4608758E5', 'DSL', NULL, 0.616, 0.616, 'D20124', 8, 3, 'esupport', '2013-01-23 02:05:56', '2021-12-21 22:07:54' ) on conflict (UNIT_DEFAULT_TEST_SUM_ID) do update set TEST_SUM_ID = EXCLUDED.TEST_SUM_ID, FUEL_CD = EXCLUDED.FUEL_CD, OPERATING_CONDITION_CD = EXCLUDED.OPERATING_CONDITION_CD, NOX_DEFAULT_RATE = EXCLUDED.NOX_DEFAULT_RATE, CALC_NOX_DEFAULT_RATE = EXCLUDED.CALC_NOX_DEFAULT_RATE, GROUP_ID = EXCLUDED.GROUP_ID, NUM_UNITS_IN_GROUP = EXCLUDED.NUM_UNITS_IN_GROUP, NUM_TESTS_FOR_GROUP = EXCLUDED.NUM_TESTS_FOR_GROUP, USERID = EXCLUDED.USERID, ADD_DATE = EXCLUDED.ADD_DATE, UPDATE_DATE = EXCLUDED.UPDATE_DATE;
/* ORIS:     47    Location: CCT2      Test Type: UNITDEF    Test Num: UNITDEF-OIL-2012      SQL Ord:    7 */ insert into camdecmpswks.UNIT_DEFAULT_TEST_RUN ( UNIT_DEFAULT_TEST_RUN_ID, UNIT_DEFAULT_TEST_SUM_ID, OP_LEVEL_NUM, RUN_NUM, BEGIN_DATE, BEGIN_HOUR, BEGIN_MIN, END_DATE, END_HOUR, END_MIN, RESPONSE_TIME, REF_VALUE, USERID, ADD_DATE, UPDATE_DATE, RUN_USED_IND ) values ( '22BXS71-15C41F0C630A4C33BD0B307973D574A4', '22BXS71-82935A02A4AB4D88B3EC58DA0A55FB9D', 1, 3, '2012-11-30', 13, 46, '2012-11-30', 14, 42, 1, 0.620, 'esupport', '2013-01-23 02:05:56', '2021-12-21 13:46:17', 1 ) on conflict (UNIT_DEFAULT_TEST_RUN_ID) do update set UNIT_DEFAULT_TEST_SUM_ID = EXCLUDED.UNIT_DEFAULT_TEST_SUM_ID, OP_LEVEL_NUM = EXCLUDED.OP_LEVEL_NUM, RUN_NUM = EXCLUDED.RUN_NUM, BEGIN_DATE = EXCLUDED.BEGIN_DATE, BEGIN_HOUR = EXCLUDED.BEGIN_HOUR, BEGIN_MIN = EXCLUDED.BEGIN_MIN, END_DATE = EXCLUDED.END_DATE, END_HOUR = EXCLUDED.END_HOUR, END_MIN = EXCLUDED.END_MIN, RESPONSE_TIME = EXCLUDED.RESPONSE_TIME, REF_VALUE = EXCLUDED.REF_VALUE, RUN_USED_IND = EXCLUDED.RUN_USED_IND, USERID = EXCLUDED.USERID, ADD_DATE = EXCLUDED.ADD_DATE, UPDATE_DATE = EXCLUDED.UPDATE_DATE;
/* ORIS:     47    Location: CCT2      Test Type: UNITDEF    Test Num: UNITDEF-OIL-2012      SQL Ord:    7 */ insert into camdecmpswks.UNIT_DEFAULT_TEST_RUN ( UNIT_DEFAULT_TEST_RUN_ID, UNIT_DEFAULT_TEST_SUM_ID, OP_LEVEL_NUM, RUN_NUM, BEGIN_DATE, BEGIN_HOUR, BEGIN_MIN, END_DATE, END_HOUR, END_MIN, RESPONSE_TIME, REF_VALUE, USERID, ADD_DATE, UPDATE_DATE, RUN_USED_IND ) values ( '22BXS71-79EDA0A2B7B5457D8985A7EA01948E97', '22BXS71-82935A02A4AB4D88B3EC58DA0A55FB9D', 1, 1, '2012-11-30', 11, 32, '2012-11-30', 12, 28, 1, 0.611, 'rhirsch', '2013-01-23 02:05:56', NULL, 1 ) on conflict (UNIT_DEFAULT_TEST_RUN_ID) do update set UNIT_DEFAULT_TEST_SUM_ID = EXCLUDED.UNIT_DEFAULT_TEST_SUM_ID, OP_LEVEL_NUM = EXCLUDED.OP_LEVEL_NUM, RUN_NUM = EXCLUDED.RUN_NUM, BEGIN_DATE = EXCLUDED.BEGIN_DATE, BEGIN_HOUR = EXCLUDED.BEGIN_HOUR, BEGIN_MIN = EXCLUDED.BEGIN_MIN, END_DATE = EXCLUDED.END_DATE, END_HOUR = EXCLUDED.END_HOUR, END_MIN = EXCLUDED.END_MIN, RESPONSE_TIME = EXCLUDED.RESPONSE_TIME, REF_VALUE = EXCLUDED.REF_VALUE, RUN_USED_IND = EXCLUDED.RUN_USED_IND, USERID = EXCLUDED.USERID, ADD_DATE = EXCLUDED.ADD_DATE, UPDATE_DATE = EXCLUDED.UPDATE_DATE;
/* ORIS:     47    Location: CCT2      Test Type: UNITDEF    Test Num: UNITDEF-OIL-2012      SQL Ord:    7 */ insert into camdecmpswks.UNIT_DEFAULT_TEST_RUN ( UNIT_DEFAULT_TEST_RUN_ID, UNIT_DEFAULT_TEST_SUM_ID, OP_LEVEL_NUM, RUN_NUM, BEGIN_DATE, BEGIN_HOUR, BEGIN_MIN, END_DATE, END_HOUR, END_MIN, RESPONSE_TIME, REF_VALUE, USERID, ADD_DATE, UPDATE_DATE, RUN_USED_IND ) values ( '22BXS71-D4D852B0F9CE4541B4231F846D7553CE', '22BXS71-82935A02A4AB4D88B3EC58DA0A55FB9D', 1, 2, '2012-11-30', 11, 39, '2012-11-30', 13, 35, 1, 0.617, 'esupport', '2013-01-23 02:05:56', '2021-12-21 13:46:57', 1 ) on conflict (UNIT_DEFAULT_TEST_RUN_ID) do update set UNIT_DEFAULT_TEST_SUM_ID = EXCLUDED.UNIT_DEFAULT_TEST_SUM_ID, OP_LEVEL_NUM = EXCLUDED.OP_LEVEL_NUM, RUN_NUM = EXCLUDED.RUN_NUM, BEGIN_DATE = EXCLUDED.BEGIN_DATE, BEGIN_HOUR = EXCLUDED.BEGIN_HOUR, BEGIN_MIN = EXCLUDED.BEGIN_MIN, END_DATE = EXCLUDED.END_DATE, END_HOUR = EXCLUDED.END_HOUR, END_MIN = EXCLUDED.END_MIN, RESPONSE_TIME = EXCLUDED.RESPONSE_TIME, REF_VALUE = EXCLUDED.REF_VALUE, RUN_USED_IND = EXCLUDED.RUN_USED_IND, USERID = EXCLUDED.USERID, ADD_DATE = EXCLUDED.ADD_DATE, UPDATE_DATE = EXCLUDED.UPDATE_DATE;
/* ORIS:     47    Location: CCT4      Test Type: UNITDEF    Test Num: AAA           SQL Ord:    1 */ delete from camdecmpswks.TEST_SUMMARY where TEST_SUM_ID = 'CHV-LGIANN-1DE3CD6352CF4238A6B7A1C78FD89C77';
/* ORIS:     47    Location: CCT4      Test Type: UNITDEF    Test Num: AAA           SQL Ord:    2 */ insert into camdecmpswks.TEST_SUMMARY ( TEST_SUM_ID, MON_LOC_ID, TEST_TYPE_CD, TEST_NUM, MON_SYS_ID, COMPONENT_ID, GP_IND, TEST_REASON_CD, TEST_RESULT_CD, RPT_PERIOD_ID, BEGIN_DATE, BEGIN_HOUR, BEGIN_MIN, END_DATE, END_HOUR, END_MIN, SPAN_SCALE_CD, INJECTION_PROTOCOL_CD, TEST_COMMENT, TEST_DESCRIPTION, CALC_GP_IND, CALC_TEST_RESULT_CD, CALC_SPAN_VALUE, LAST_UPDATED, UPDATED_STATUS_FLG, NEEDS_EVAL_FLG, CHK_SESSION_ID, USERID, ADD_DATE, UPDATE_DATE ) values ( 'CHV-LGIANN-1DE3CD6352CF4238A6B7A1C78FD89C77', '4356', 'UNITDEF', 'AAA', NULL, NULL, NULL, 'QA', NULL, NULL, '2018-05-02', 6, 30, '2018-05-02', 9, 30, NULL, NULL, NULL, NULL, NULL, NULL, NULL, '2021-12-21 15:33:29', 'Y', 'N', 'CHV-LGIANN-1C300298992B420081463EF90E4B9CE0', 'esupport', '2021-12-21 15:33:29', '2021-12-21 22:07:55' ) on conflict (TEST_SUM_ID) do update set MON_LOC_ID = EXCLUDED.MON_LOC_ID, TEST_TYPE_CD = EXCLUDED.TEST_TYPE_CD, TEST_NUM = EXCLUDED.TEST_NUM, MON_SYS_ID = EXCLUDED.MON_SYS_ID, COMPONENT_ID = EXCLUDED.COMPONENT_ID, GP_IND = EXCLUDED.GP_IND, TEST_REASON_CD = EXCLUDED.TEST_REASON_CD, TEST_RESULT_CD = EXCLUDED.TEST_RESULT_CD, RPT_PERIOD_ID = EXCLUDED.RPT_PERIOD_ID, BEGIN_DATE = EXCLUDED.BEGIN_DATE, BEGIN_HOUR = EXCLUDED.BEGIN_HOUR, BEGIN_MIN = EXCLUDED.BEGIN_MIN, END_DATE = EXCLUDED.END_DATE, END_HOUR = EXCLUDED.END_HOUR, END_MIN = EXCLUDED.END_MIN, SPAN_SCALE_CD = EXCLUDED.SPAN_SCALE_CD, INJECTION_PROTOCOL_CD = EXCLUDED.INJECTION_PROTOCOL_CD, TEST_COMMENT = EXCLUDED.TEST_COMMENT, TEST_DESCRIPTION = EXCLUDED.TEST_DESCRIPTION, CALC_GP_IND = EXCLUDED.CALC_GP_IND, CALC_TEST_RESULT_CD = EXCLUDED.CALC_TEST_RESULT_CD, CALC_SPAN_VALUE = EXCLUDED.CALC_SPAN_VALUE, LAST_UPDATED = EXCLUDED.LAST_UPDATED, UPDATED_STATUS_FLG = EXCLUDED.UPDATED_STATUS_FLG, NEEDS_EVAL_FLG = EXCLUDED.NEEDS_EVAL_FLG, CHK_SESSION_ID = EXCLUDED.CHK_SESSION_ID, USERID = EXCLUDED.USERID, ADD_DATE = EXCLUDED.ADD_DATE, UPDATE_DATE = EXCLUDED.UPDATE_DATE;
/* ORIS:     47    Location: CCT4      Test Type: UNITDEF    Test Num: AAA           SQL Ord:    6 */ insert into camdecmpswks.UNIT_DEFAULT_TEST ( UNIT_DEFAULT_TEST_SUM_ID, TEST_SUM_ID, FUEL_CD, OPERATING_CONDITION_CD, NOX_DEFAULT_RATE, CALC_NOX_DEFAULT_RATE, GROUP_ID, NUM_UNITS_IN_GROUP, NUM_TESTS_FOR_GROUP, USERID, ADD_DATE, UPDATE_DATE ) values ( 'CHV-LGIANN-FF86DBC8392B485D919DF2263F844988', 'CHV-LGIANN-1DE3CD6352CF4238A6B7A1C78FD89C77', 'DSL', NULL, 0.600, 0.000, NULL, NULL, NULL, 'esupport', '2021-12-21 15:33:29', '2021-12-21 22:07:55' ) on conflict (UNIT_DEFAULT_TEST_SUM_ID) do update set TEST_SUM_ID = EXCLUDED.TEST_SUM_ID, FUEL_CD = EXCLUDED.FUEL_CD, OPERATING_CONDITION_CD = EXCLUDED.OPERATING_CONDITION_CD, NOX_DEFAULT_RATE = EXCLUDED.NOX_DEFAULT_RATE, CALC_NOX_DEFAULT_RATE = EXCLUDED.CALC_NOX_DEFAULT_RATE, GROUP_ID = EXCLUDED.GROUP_ID, NUM_UNITS_IN_GROUP = EXCLUDED.NUM_UNITS_IN_GROUP, NUM_TESTS_FOR_GROUP = EXCLUDED.NUM_TESTS_FOR_GROUP, USERID = EXCLUDED.USERID, ADD_DATE = EXCLUDED.ADD_DATE, UPDATE_DATE = EXCLUDED.UPDATE_DATE;
/* ORIS:     47    Location: CCT4      Test Type: UNITDEF    Test Num: LME_DSL_2Q2018        SQL Ord:    1 */ delete from camdecmpswks.TEST_SUMMARY where TEST_SUM_ID = 'NOTSET-12F6DD4451F14931AD679D3A55EF604A';
/* ORIS:     47    Location: CCT4      Test Type: UNITDEF    Test Num: LME_DSL_2Q2018        SQL Ord:    2 */ insert into camdecmpswks.TEST_SUMMARY ( TEST_SUM_ID, MON_LOC_ID, TEST_TYPE_CD, TEST_NUM, MON_SYS_ID, COMPONENT_ID, GP_IND, TEST_REASON_CD, TEST_RESULT_CD, RPT_PERIOD_ID, BEGIN_DATE, BEGIN_HOUR, BEGIN_MIN, END_DATE, END_HOUR, END_MIN, SPAN_SCALE_CD, INJECTION_PROTOCOL_CD, TEST_COMMENT, TEST_DESCRIPTION, CALC_GP_IND, CALC_TEST_RESULT_CD, CALC_SPAN_VALUE, LAST_UPDATED, UPDATED_STATUS_FLG, NEEDS_EVAL_FLG, CHK_SESSION_ID, USERID, ADD_DATE, UPDATE_DATE ) values ( 'NOTSET-12F6DD4451F14931AD679D3A55EF604A', '4356', 'UNITDEF', 'LME_DSL_2Q2018', NULL, NULL, NULL, 'QA', NULL, NULL, '2018-05-02', 6, 25, '2018-05-02', 9, 37, NULL, NULL, NULL, NULL, NULL, NULL, NULL, NULL, 'N', 'N', 'CHV-LGIANN-EF792BF244834EA189FCAF85C425E258', 'esupport', '2018-07-23 14:10:15', '2021-12-21 22:07:57' ) on conflict (TEST_SUM_ID) do update set MON_LOC_ID = EXCLUDED.MON_LOC_ID, TEST_TYPE_CD = EXCLUDED.TEST_TYPE_CD, TEST_NUM = EXCLUDED.TEST_NUM, MON_SYS_ID = EXCLUDED.MON_SYS_ID, COMPONENT_ID = EXCLUDED.COMPONENT_ID, GP_IND = EXCLUDED.GP_IND, TEST_REASON_CD = EXCLUDED.TEST_REASON_CD, TEST_RESULT_CD = EXCLUDED.TEST_RESULT_CD, RPT_PERIOD_ID = EXCLUDED.RPT_PERIOD_ID, BEGIN_DATE = EXCLUDED.BEGIN_DATE, BEGIN_HOUR = EXCLUDED.BEGIN_HOUR, BEGIN_MIN = EXCLUDED.BEGIN_MIN, END_DATE = EXCLUDED.END_DATE, END_HOUR = EXCLUDED.END_HOUR, END_MIN = EXCLUDED.END_MIN, SPAN_SCALE_CD = EXCLUDED.SPAN_SCALE_CD, INJECTION_PROTOCOL_CD = EXCLUDED.INJECTION_PROTOCOL_CD, TEST_COMMENT = EXCLUDED.TEST_COMMENT, TEST_DESCRIPTION = EXCLUDED.TEST_DESCRIPTION, CALC_GP_IND = EXCLUDED.CALC_GP_IND, CALC_TEST_RESULT_CD = EXCLUDED.CALC_TEST_RESULT_CD, CALC_SPAN_VALUE = EXCLUDED.CALC_SPAN_VALUE, LAST_UPDATED = EXCLUDED.LAST_UPDATED, UPDATED_STATUS_FLG = EXCLUDED.UPDATED_STATUS_FLG, NEEDS_EVAL_FLG = EXCLUDED.NEEDS_EVAL_FLG, CHK_SESSION_ID = EXCLUDED.CHK_SESSION_ID, USERID = EXCLUDED.USERID, ADD_DATE = EXCLUDED.ADD_DATE, UPDATE_DATE = EXCLUDED.UPDATE_DATE;
/* ORIS:     47    Location: CCT4      Test Type: UNITDEF    Test Num: LME_DSL_2Q2018        SQL Ord:    3 */ insert into camdecmpswks.PROTOCOL_GAS ( PROTOCOL_GAS_ID, TEST_SUM_ID, GAS_LEVEL_CD, GAS_TYPE_CD, VENDOR_ID, CYLINDER_ID, EXPIRATION_DATE, USERID, ADD_DATE, UPDATE_DATE ) values ( 'NOTSET-2119E5D9D4334E2EA3A0C4B4897AE8D9', 'NOTSET-12F6DD4451F14931AD679D3A55EF604A', 'HIGH', 'BALN,O2', 'A12016', 'ALM045652', '2024-02-09', 'rhirsch', '2018-07-23 14:10:15', NULL ) on conflict (PROTOCOL_GAS_ID) do update set TEST_SUM_ID = EXCLUDED.TEST_SUM_ID, GAS_LEVEL_CD = EXCLUDED.GAS_LEVEL_CD, GAS_TYPE_CD = EXCLUDED.GAS_TYPE_CD, VENDOR_ID = EXCLUDED.VENDOR_ID, CYLINDER_ID = EXCLUDED.CYLINDER_ID, EXPIRATION_DATE = EXCLUDED.EXPIRATION_DATE, USERID = EXCLUDED.USERID, ADD_DATE = EXCLUDED.ADD_DATE, UPDATE_DATE = EXCLUDED.UPDATE_DATE;
/* ORIS:     47    Location: CCT4      Test Type: UNITDEF    Test Num: LME_DSL_2Q2018        SQL Ord:    3 */ insert into camdecmpswks.PROTOCOL_GAS ( PROTOCOL_GAS_ID, TEST_SUM_ID, GAS_LEVEL_CD, GAS_TYPE_CD, VENDOR_ID, CYLINDER_ID, EXPIRATION_DATE, USERID, ADD_DATE, UPDATE_DATE ) values ( 'NOTSET-649AA682609A4B5C836045588CB065C1', 'NOTSET-12F6DD4451F14931AD679D3A55EF604A', 'HIGH', 'BALN,NO,NOX', 'A12011', 'AAL21525', '2019-07-16', 'rhirsch', '2018-07-23 14:10:15', NULL ) on conflict (PROTOCOL_GAS_ID) do update set TEST_SUM_ID = EXCLUDED.TEST_SUM_ID, GAS_LEVEL_CD = EXCLUDED.GAS_LEVEL_CD, GAS_TYPE_CD = EXCLUDED.GAS_TYPE_CD, VENDOR_ID = EXCLUDED.VENDOR_ID, CYLINDER_ID = EXCLUDED.CYLINDER_ID, EXPIRATION_DATE = EXCLUDED.EXPIRATION_DATE, USERID = EXCLUDED.USERID, ADD_DATE = EXCLUDED.ADD_DATE, UPDATE_DATE = EXCLUDED.UPDATE_DATE;
/* ORIS:     47    Location: CCT4      Test Type: UNITDEF    Test Num: LME_DSL_2Q2018        SQL Ord:    3 */ insert into camdecmpswks.PROTOCOL_GAS ( PROTOCOL_GAS_ID, TEST_SUM_ID, GAS_LEVEL_CD, GAS_TYPE_CD, VENDOR_ID, CYLINDER_ID, EXPIRATION_DATE, USERID, ADD_DATE, UPDATE_DATE ) values ( 'NOTSET-717FC59B5BA9468F8DC696F276BA0ADC', 'NOTSET-12F6DD4451F14931AD679D3A55EF604A', 'MID', 'BALN,O2', 'B22016', 'EB0079235', '2018-11-08', 'rhirsch', '2018-07-23 14:10:15', NULL ) on conflict (PROTOCOL_GAS_ID) do update set TEST_SUM_ID = EXCLUDED.TEST_SUM_ID, GAS_LEVEL_CD = EXCLUDED.GAS_LEVEL_CD, GAS_TYPE_CD = EXCLUDED.GAS_TYPE_CD, VENDOR_ID = EXCLUDED.VENDOR_ID, CYLINDER_ID = EXCLUDED.CYLINDER_ID, EXPIRATION_DATE = EXCLUDED.EXPIRATION_DATE, USERID = EXCLUDED.USERID, ADD_DATE = EXCLUDED.ADD_DATE, UPDATE_DATE = EXCLUDED.UPDATE_DATE;
/* ORIS:     47    Location: CCT4      Test Type: UNITDEF    Test Num: LME_DSL_2Q2018        SQL Ord:    3 */ insert into camdecmpswks.PROTOCOL_GAS ( PROTOCOL_GAS_ID, TEST_SUM_ID, GAS_LEVEL_CD, GAS_TYPE_CD, VENDOR_ID, CYLINDER_ID, EXPIRATION_DATE, USERID, ADD_DATE, UPDATE_DATE ) values ( 'NOTSET-D6791527BC044F0EB98490FD5FF764A1', 'NOTSET-12F6DD4451F14931AD679D3A55EF604A', 'MID', 'BALN,NO,NOX', 'A12011', 'ALM041367', '2019-04-07', 'rhirsch', '2018-07-23 14:10:15', NULL ) on conflict (PROTOCOL_GAS_ID) do update set TEST_SUM_ID = EXCLUDED.TEST_SUM_ID, GAS_LEVEL_CD = EXCLUDED.GAS_LEVEL_CD, GAS_TYPE_CD = EXCLUDED.GAS_TYPE_CD, VENDOR_ID = EXCLUDED.VENDOR_ID, CYLINDER_ID = EXCLUDED.CYLINDER_ID, EXPIRATION_DATE = EXCLUDED.EXPIRATION_DATE, USERID = EXCLUDED.USERID, ADD_DATE = EXCLUDED.ADD_DATE, UPDATE_DATE = EXCLUDED.UPDATE_DATE;
/* ORIS:     47    Location: CCT4      Test Type: UNITDEF    Test Num: LME_DSL_2Q2018        SQL Ord:    3 */ insert into camdecmpswks.PROTOCOL_GAS ( PROTOCOL_GAS_ID, TEST_SUM_ID, GAS_LEVEL_CD, GAS_TYPE_CD, VENDOR_ID, CYLINDER_ID, EXPIRATION_DATE, USERID, ADD_DATE, UPDATE_DATE ) values ( 'NOTSET-DCCA78709EA34B68BDBC55D3AD9C203F', 'NOTSET-12F6DD4451F14931AD679D3A55EF604A', 'LOW', 'ZERO', NULL, NULL, NULL, 'rhirsch', '2018-07-23 14:10:15', NULL ) on conflict (PROTOCOL_GAS_ID) do update set TEST_SUM_ID = EXCLUDED.TEST_SUM_ID, GAS_LEVEL_CD = EXCLUDED.GAS_LEVEL_CD, GAS_TYPE_CD = EXCLUDED.GAS_TYPE_CD, VENDOR_ID = EXCLUDED.VENDOR_ID, CYLINDER_ID = EXCLUDED.CYLINDER_ID, EXPIRATION_DATE = EXCLUDED.EXPIRATION_DATE, USERID = EXCLUDED.USERID, ADD_DATE = EXCLUDED.ADD_DATE, UPDATE_DATE = EXCLUDED.UPDATE_DATE;
/* ORIS:     47    Location: CCT4      Test Type: UNITDEF    Test Num: LME_DSL_2Q2018        SQL Ord:    4 */ insert into camdecmpswks.AIR_EMISSION_TESTING ( AIR_EMISSION_TEST_ID, TEST_SUM_ID, QI_LAST_NAME, QI_FIRST_NAME, QI_MIDDLE_INITIAL, AETB_NAME, AETB_PHONE_NUMBER, AETB_EMAIL, EXAM_DATE, PROVIDER_NAME, PROVIDER_EMAIL, ADD_DATE, UPDATE_DATE, USERID ) values ( 'NOTSET-FC40E437DC6B471890E56A668B5BD09C', 'NOTSET-12F6DD4451F14931AD679D3A55EF604A', 'Ward', 'Robert', 'D', 'TVA Performance Engineering', '423-876-6880', 'perfengg@tva.gov', '2016-03-03', 'Source Evaluation Society', 'qstiprogram@gmail.com', '2021-12-21 16:26:51', NULL, '' ) on conflict (AIR_EMISSION_TEST_ID) do update set TEST_SUM_ID = EXCLUDED.TEST_SUM_ID, QI_LAST_NAME = EXCLUDED.QI_LAST_NAME, QI_FIRST_NAME = EXCLUDED.QI_FIRST_NAME, QI_MIDDLE_INITIAL = EXCLUDED.QI_MIDDLE_INITIAL, AETB_NAME = EXCLUDED.AETB_NAME, AETB_PHONE_NUMBER = EXCLUDED.AETB_PHONE_NUMBER, AETB_EMAIL = EXCLUDED.AETB_EMAIL, EXAM_DATE = EXCLUDED.EXAM_DATE, PROVIDER_NAME = EXCLUDED.PROVIDER_NAME, PROVIDER_EMAIL = EXCLUDED.PROVIDER_EMAIL, ADD_DATE = EXCLUDED.ADD_DATE, UPDATE_DATE = EXCLUDED.UPDATE_DATE, USERID = EXCLUDED.USERID;
/* ORIS:     47    Location: CCT4      Test Type: UNITDEF    Test Num: LME_DSL_2Q2018        SQL Ord:    6 */ insert into camdecmpswks.UNIT_DEFAULT_TEST ( UNIT_DEFAULT_TEST_SUM_ID, TEST_SUM_ID, FUEL_CD, OPERATING_CONDITION_CD, NOX_DEFAULT_RATE, CALC_NOX_DEFAULT_RATE, GROUP_ID, NUM_UNITS_IN_GROUP, NUM_TESTS_FOR_GROUP, USERID, ADD_DATE, UPDATE_DATE ) values ( 'NOTSET-976C4E3BCCB6441285BF1BA695709819', 'NOTSET-12F6DD4451F14931AD679D3A55EF604A', 'DSL', NULL, 0.631, 0.631, 'D20182', 8, 3, 'esupport', '2018-07-23 14:10:15', '2021-12-21 22:07:57' ) on conflict (UNIT_DEFAULT_TEST_SUM_ID) do update set TEST_SUM_ID = EXCLUDED.TEST_SUM_ID, FUEL_CD = EXCLUDED.FUEL_CD, OPERATING_CONDITION_CD = EXCLUDED.OPERATING_CONDITION_CD, NOX_DEFAULT_RATE = EXCLUDED.NOX_DEFAULT_RATE, CALC_NOX_DEFAULT_RATE = EXCLUDED.CALC_NOX_DEFAULT_RATE, GROUP_ID = EXCLUDED.GROUP_ID, NUM_UNITS_IN_GROUP = EXCLUDED.NUM_UNITS_IN_GROUP, NUM_TESTS_FOR_GROUP = EXCLUDED.NUM_TESTS_FOR_GROUP, USERID = EXCLUDED.USERID, ADD_DATE = EXCLUDED.ADD_DATE, UPDATE_DATE = EXCLUDED.UPDATE_DATE;
/* ORIS:     47    Location: CCT4      Test Type: UNITDEF    Test Num: LME_DSL_2Q2018        SQL Ord:    7 */ insert into camdecmpswks.UNIT_DEFAULT_TEST_RUN ( UNIT_DEFAULT_TEST_RUN_ID, UNIT_DEFAULT_TEST_SUM_ID, OP_LEVEL_NUM, RUN_NUM, BEGIN_DATE, BEGIN_HOUR, BEGIN_MIN, END_DATE, END_HOUR, END_MIN, RESPONSE_TIME, REF_VALUE, USERID, ADD_DATE, UPDATE_DATE, RUN_USED_IND ) values ( 'NOTSET-0432C477570C404DA9E896EFC4DC11E5', 'NOTSET-976C4E3BCCB6441285BF1BA695709819', 1, 2, '2018-05-02', 7, 32, '2018-05-02', 8, 31, 152, 0.633, 'rhirsch', '2018-07-23 14:10:15', NULL, 1 ) on conflict (UNIT_DEFAULT_TEST_RUN_ID) do update set UNIT_DEFAULT_TEST_SUM_ID = EXCLUDED.UNIT_DEFAULT_TEST_SUM_ID, OP_LEVEL_NUM = EXCLUDED.OP_LEVEL_NUM, RUN_NUM = EXCLUDED.RUN_NUM, BEGIN_DATE = EXCLUDED.BEGIN_DATE, BEGIN_HOUR = EXCLUDED.BEGIN_HOUR, BEGIN_MIN = EXCLUDED.BEGIN_MIN, END_DATE = EXCLUDED.END_DATE, END_HOUR = EXCLUDED.END_HOUR, END_MIN = EXCLUDED.END_MIN, RESPONSE_TIME = EXCLUDED.RESPONSE_TIME, REF_VALUE = EXCLUDED.REF_VALUE, RUN_USED_IND = EXCLUDED.RUN_USED_IND, USERID = EXCLUDED.USERID, ADD_DATE = EXCLUDED.ADD_DATE, UPDATE_DATE = EXCLUDED.UPDATE_DATE;
/* ORIS:     47    Location: CCT4      Test Type: UNITDEF    Test Num: LME_DSL_2Q2018        SQL Ord:    7 */ insert into camdecmpswks.UNIT_DEFAULT_TEST_RUN ( UNIT_DEFAULT_TEST_RUN_ID, UNIT_DEFAULT_TEST_SUM_ID, OP_LEVEL_NUM, RUN_NUM, BEGIN_DATE, BEGIN_HOUR, BEGIN_MIN, END_DATE, END_HOUR, END_MIN, RESPONSE_TIME, REF_VALUE, USERID, ADD_DATE, UPDATE_DATE, RUN_USED_IND ) values ( 'NOTSET-ABEBC7405CB441AAB200A310CB87B0AD', 'NOTSET-976C4E3BCCB6441285BF1BA695709819', 1, 1, '2018-05-02', 6, 25, '2018-05-02', 7, 23, 152, 0.622, 'rhirsch', '2018-07-23 14:10:15', NULL, 1 ) on conflict (UNIT_DEFAULT_TEST_RUN_ID) do update set UNIT_DEFAULT_TEST_SUM_ID = EXCLUDED.UNIT_DEFAULT_TEST_SUM_ID, OP_LEVEL_NUM = EXCLUDED.OP_LEVEL_NUM, RUN_NUM = EXCLUDED.RUN_NUM, BEGIN_DATE = EXCLUDED.BEGIN_DATE, BEGIN_HOUR = EXCLUDED.BEGIN_HOUR, BEGIN_MIN = EXCLUDED.BEGIN_MIN, END_DATE = EXCLUDED.END_DATE, END_HOUR = EXCLUDED.END_HOUR, END_MIN = EXCLUDED.END_MIN, RESPONSE_TIME = EXCLUDED.RESPONSE_TIME, REF_VALUE = EXCLUDED.REF_VALUE, RUN_USED_IND = EXCLUDED.RUN_USED_IND, USERID = EXCLUDED.USERID, ADD_DATE = EXCLUDED.ADD_DATE, UPDATE_DATE = EXCLUDED.UPDATE_DATE;
/* ORIS:     47    Location: CCT4      Test Type: UNITDEF    Test Num: LME_DSL_2Q2018        SQL Ord:    7 */ insert into camdecmpswks.UNIT_DEFAULT_TEST_RUN ( UNIT_DEFAULT_TEST_RUN_ID, UNIT_DEFAULT_TEST_SUM_ID, OP_LEVEL_NUM, RUN_NUM, BEGIN_DATE, BEGIN_HOUR, BEGIN_MIN, END_DATE, END_HOUR, END_MIN, RESPONSE_TIME, REF_VALUE, USERID, ADD_DATE, UPDATE_DATE, RUN_USED_IND ) values ( 'NOTSET-AD62A048AF9649D997A30CD92BBB6A72', 'NOTSET-976C4E3BCCB6441285BF1BA695709819', 1, 3, '2018-05-02', 8, 40, '2018-05-02', 9, 37, 152, 0.638, 'rhirsch', '2018-07-23 14:10:15', NULL, 1 ) on conflict (UNIT_DEFAULT_TEST_RUN_ID) do update set UNIT_DEFAULT_TEST_SUM_ID = EXCLUDED.UNIT_DEFAULT_TEST_SUM_ID, OP_LEVEL_NUM = EXCLUDED.OP_LEVEL_NUM, RUN_NUM = EXCLUDED.RUN_NUM, BEGIN_DATE = EXCLUDED.BEGIN_DATE, BEGIN_HOUR = EXCLUDED.BEGIN_HOUR, BEGIN_MIN = EXCLUDED.BEGIN_MIN, END_DATE = EXCLUDED.END_DATE, END_HOUR = EXCLUDED.END_HOUR, END_MIN = EXCLUDED.END_MIN, RESPONSE_TIME = EXCLUDED.RESPONSE_TIME, REF_VALUE = EXCLUDED.REF_VALUE, RUN_USED_IND = EXCLUDED.RUN_USED_IND, USERID = EXCLUDED.USERID, ADD_DATE = EXCLUDED.ADD_DATE, UPDATE_DATE = EXCLUDED.UPDATE_DATE;
/* ORIS:     47    Location: CCT4      Test Type: UNITDEF    Test Num: LME_PNG_2Q2018        SQL Ord:    1 */ delete from camdecmpswks.TEST_SUMMARY where TEST_SUM_ID = 'NOTSET-4B321986853C4927BD9FBFB2C762DB3F';
/* ORIS:     47    Location: CCT4      Test Type: UNITDEF    Test Num: LME_PNG_2Q2018        SQL Ord:    2 */ insert into camdecmpswks.TEST_SUMMARY ( TEST_SUM_ID, MON_LOC_ID, TEST_TYPE_CD, TEST_NUM, MON_SYS_ID, COMPONENT_ID, GP_IND, TEST_REASON_CD, TEST_RESULT_CD, RPT_PERIOD_ID, BEGIN_DATE, BEGIN_HOUR, BEGIN_MIN, END_DATE, END_HOUR, END_MIN, SPAN_SCALE_CD, INJECTION_PROTOCOL_CD, TEST_COMMENT, TEST_DESCRIPTION, CALC_GP_IND, CALC_TEST_RESULT_CD, CALC_SPAN_VALUE, LAST_UPDATED, UPDATED_STATUS_FLG, NEEDS_EVAL_FLG, CHK_SESSION_ID, USERID, ADD_DATE, UPDATE_DATE ) values ( 'NOTSET-4B321986853C4927BD9FBFB2C762DB3F', '4356', 'UNITDEF', 'LME_PNG_2Q2018', NULL, NULL, NULL, 'QA', NULL, NULL, '2018-05-02', 10, 5, '2018-05-02', 13, 21, NULL, NULL, NULL, NULL, NULL, NULL, NULL, '2021-12-21 16:31:30', 'Y', 'N', 'CHV-LGIANN-7DF3FCEC55724FE1AF7C7F2EB8140330', 'esupport', '2018-07-23 14:10:15', '2021-12-21 22:07:58' ) on conflict (TEST_SUM_ID) do update set MON_LOC_ID = EXCLUDED.MON_LOC_ID, TEST_TYPE_CD = EXCLUDED.TEST_TYPE_CD, TEST_NUM = EXCLUDED.TEST_NUM, MON_SYS_ID = EXCLUDED.MON_SYS_ID, COMPONENT_ID = EXCLUDED.COMPONENT_ID, GP_IND = EXCLUDED.GP_IND, TEST_REASON_CD = EXCLUDED.TEST_REASON_CD, TEST_RESULT_CD = EXCLUDED.TEST_RESULT_CD, RPT_PERIOD_ID = EXCLUDED.RPT_PERIOD_ID, BEGIN_DATE = EXCLUDED.BEGIN_DATE, BEGIN_HOUR = EXCLUDED.BEGIN_HOUR, BEGIN_MIN = EXCLUDED.BEGIN_MIN, END_DATE = EXCLUDED.END_DATE, END_HOUR = EXCLUDED.END_HOUR, END_MIN = EXCLUDED.END_MIN, SPAN_SCALE_CD = EXCLUDED.SPAN_SCALE_CD, INJECTION_PROTOCOL_CD = EXCLUDED.INJECTION_PROTOCOL_CD, TEST_COMMENT = EXCLUDED.TEST_COMMENT, TEST_DESCRIPTION = EXCLUDED.TEST_DESCRIPTION, CALC_GP_IND = EXCLUDED.CALC_GP_IND, CALC_TEST_RESULT_CD = EXCLUDED.CALC_TEST_RESULT_CD, CALC_SPAN_VALUE = EXCLUDED.CALC_SPAN_VALUE, LAST_UPDATED = EXCLUDED.LAST_UPDATED, UPDATED_STATUS_FLG = EXCLUDED.UPDATED_STATUS_FLG, NEEDS_EVAL_FLG = EXCLUDED.NEEDS_EVAL_FLG, CHK_SESSION_ID = EXCLUDED.CHK_SESSION_ID, USERID = EXCLUDED.USERID, ADD_DATE = EXCLUDED.ADD_DATE, UPDATE_DATE = EXCLUDED.UPDATE_DATE;
/* ORIS:     47    Location: CCT4      Test Type: UNITDEF    Test Num: LME_PNG_2Q2018        SQL Ord:    3 */ insert into camdecmpswks.PROTOCOL_GAS ( PROTOCOL_GAS_ID, TEST_SUM_ID, GAS_LEVEL_CD, GAS_TYPE_CD, VENDOR_ID, CYLINDER_ID, EXPIRATION_DATE, USERID, ADD_DATE, UPDATE_DATE ) values ( 'NOTSET-79E1E508D84B4954A4364E4ED9CB9F4A', 'NOTSET-4B321986853C4927BD9FBFB2C762DB3F', 'HIGH', 'BALN,O2', 'A12016', 'ALM045652', '2024-02-09', 'rhirsch', '2018-07-23 14:10:15', NULL ) on conflict (PROTOCOL_GAS_ID) do update set TEST_SUM_ID = EXCLUDED.TEST_SUM_ID, GAS_LEVEL_CD = EXCLUDED.GAS_LEVEL_CD, GAS_TYPE_CD = EXCLUDED.GAS_TYPE_CD, VENDOR_ID = EXCLUDED.VENDOR_ID, CYLINDER_ID = EXCLUDED.CYLINDER_ID, EXPIRATION_DATE = EXCLUDED.EXPIRATION_DATE, USERID = EXCLUDED.USERID, ADD_DATE = EXCLUDED.ADD_DATE, UPDATE_DATE = EXCLUDED.UPDATE_DATE;
/* ORIS:     47    Location: CCT4      Test Type: UNITDEF    Test Num: LME_PNG_2Q2018        SQL Ord:    3 */ insert into camdecmpswks.PROTOCOL_GAS ( PROTOCOL_GAS_ID, TEST_SUM_ID, GAS_LEVEL_CD, GAS_TYPE_CD, VENDOR_ID, CYLINDER_ID, EXPIRATION_DATE, USERID, ADD_DATE, UPDATE_DATE ) values ( 'NOTSET-8BA8669597CC4708907DB6DB371EE42D', 'NOTSET-4B321986853C4927BD9FBFB2C762DB3F', 'HIGH', 'BALN,NO,NOX', 'A12011', 'AAL21525', '2019-07-16', 'rhirsch', '2018-07-23 14:10:15', NULL ) on conflict (PROTOCOL_GAS_ID) do update set TEST_SUM_ID = EXCLUDED.TEST_SUM_ID, GAS_LEVEL_CD = EXCLUDED.GAS_LEVEL_CD, GAS_TYPE_CD = EXCLUDED.GAS_TYPE_CD, VENDOR_ID = EXCLUDED.VENDOR_ID, CYLINDER_ID = EXCLUDED.CYLINDER_ID, EXPIRATION_DATE = EXCLUDED.EXPIRATION_DATE, USERID = EXCLUDED.USERID, ADD_DATE = EXCLUDED.ADD_DATE, UPDATE_DATE = EXCLUDED.UPDATE_DATE;
/* ORIS:     47    Location: CCT4      Test Type: UNITDEF    Test Num: LME_PNG_2Q2018        SQL Ord:    3 */ insert into camdecmpswks.PROTOCOL_GAS ( PROTOCOL_GAS_ID, TEST_SUM_ID, GAS_LEVEL_CD, GAS_TYPE_CD, VENDOR_ID, CYLINDER_ID, EXPIRATION_DATE, USERID, ADD_DATE, UPDATE_DATE ) values ( 'NOTSET-9527898F6B2F4578BA9A6ED6BA69F9EF', 'NOTSET-4B321986853C4927BD9FBFB2C762DB3F', 'MID', 'BALN,NO,NOX', 'A12011', 'ALM041367', '2019-04-07', 'rhirsch', '2018-07-23 14:10:15', NULL ) on conflict (PROTOCOL_GAS_ID) do update set TEST_SUM_ID = EXCLUDED.TEST_SUM_ID, GAS_LEVEL_CD = EXCLUDED.GAS_LEVEL_CD, GAS_TYPE_CD = EXCLUDED.GAS_TYPE_CD, VENDOR_ID = EXCLUDED.VENDOR_ID, CYLINDER_ID = EXCLUDED.CYLINDER_ID, EXPIRATION_DATE = EXCLUDED.EXPIRATION_DATE, USERID = EXCLUDED.USERID, ADD_DATE = EXCLUDED.ADD_DATE, UPDATE_DATE = EXCLUDED.UPDATE_DATE;
/* ORIS:     47    Location: CCT4      Test Type: UNITDEF    Test Num: LME_PNG_2Q2018        SQL Ord:    3 */ insert into camdecmpswks.PROTOCOL_GAS ( PROTOCOL_GAS_ID, TEST_SUM_ID, GAS_LEVEL_CD, GAS_TYPE_CD, VENDOR_ID, CYLINDER_ID, EXPIRATION_DATE, USERID, ADD_DATE, UPDATE_DATE ) values ( 'NOTSET-9BE7F4082748470793601ABC5F48455E', 'NOTSET-4B321986853C4927BD9FBFB2C762DB3F', 'LOW', 'ZERO', NULL, NULL, NULL, 'rhirsch', '2018-07-23 14:10:15', NULL ) on conflict (PROTOCOL_GAS_ID) do update set TEST_SUM_ID = EXCLUDED.TEST_SUM_ID, GAS_LEVEL_CD = EXCLUDED.GAS_LEVEL_CD, GAS_TYPE_CD = EXCLUDED.GAS_TYPE_CD, VENDOR_ID = EXCLUDED.VENDOR_ID, CYLINDER_ID = EXCLUDED.CYLINDER_ID, EXPIRATION_DATE = EXCLUDED.EXPIRATION_DATE, USERID = EXCLUDED.USERID, ADD_DATE = EXCLUDED.ADD_DATE, UPDATE_DATE = EXCLUDED.UPDATE_DATE;
/* ORIS:     47    Location: CCT4      Test Type: UNITDEF    Test Num: LME_PNG_2Q2018        SQL Ord:    3 */ insert into camdecmpswks.PROTOCOL_GAS ( PROTOCOL_GAS_ID, TEST_SUM_ID, GAS_LEVEL_CD, GAS_TYPE_CD, VENDOR_ID, CYLINDER_ID, EXPIRATION_DATE, USERID, ADD_DATE, UPDATE_DATE ) values ( 'NOTSET-BEBDBAEA3B4E4C24A026AA972A856572', 'NOTSET-4B321986853C4927BD9FBFB2C762DB3F', 'MID', 'BALN,O2', 'B22016', 'EB0079235', '2018-11-08', 'rhirsch', '2018-07-23 14:10:15', NULL ) on conflict (PROTOCOL_GAS_ID) do update set TEST_SUM_ID = EXCLUDED.TEST_SUM_ID, GAS_LEVEL_CD = EXCLUDED.GAS_LEVEL_CD, GAS_TYPE_CD = EXCLUDED.GAS_TYPE_CD, VENDOR_ID = EXCLUDED.VENDOR_ID, CYLINDER_ID = EXCLUDED.CYLINDER_ID, EXPIRATION_DATE = EXCLUDED.EXPIRATION_DATE, USERID = EXCLUDED.USERID, ADD_DATE = EXCLUDED.ADD_DATE, UPDATE_DATE = EXCLUDED.UPDATE_DATE;
/* ORIS:     47    Location: CCT4      Test Type: UNITDEF    Test Num: LME_PNG_2Q2018        SQL Ord:    4 */ insert into camdecmpswks.AIR_EMISSION_TESTING ( AIR_EMISSION_TEST_ID, TEST_SUM_ID, QI_LAST_NAME, QI_FIRST_NAME, QI_MIDDLE_INITIAL, AETB_NAME, AETB_PHONE_NUMBER, AETB_EMAIL, EXAM_DATE, PROVIDER_NAME, PROVIDER_EMAIL, ADD_DATE, UPDATE_DATE, USERID ) values ( 'NOTSET-BDF5A2CFC7EA472A8BF5B4EE4B29ABD3', 'NOTSET-4B321986853C4927BD9FBFB2C762DB3F', 'Ward', 'Robert', 'D', 'TVA Performance Engineering', '423-876-6880', 'perfengg@tva.gov', '2016-03-03', 'Source Evaluation Society', 'qstiprogram@gmail.com', '2021-12-21 16:26:51', NULL, '' ) on conflict (AIR_EMISSION_TEST_ID) do update set TEST_SUM_ID = EXCLUDED.TEST_SUM_ID, QI_LAST_NAME = EXCLUDED.QI_LAST_NAME, QI_FIRST_NAME = EXCLUDED.QI_FIRST_NAME, QI_MIDDLE_INITIAL = EXCLUDED.QI_MIDDLE_INITIAL, AETB_NAME = EXCLUDED.AETB_NAME, AETB_PHONE_NUMBER = EXCLUDED.AETB_PHONE_NUMBER, AETB_EMAIL = EXCLUDED.AETB_EMAIL, EXAM_DATE = EXCLUDED.EXAM_DATE, PROVIDER_NAME = EXCLUDED.PROVIDER_NAME, PROVIDER_EMAIL = EXCLUDED.PROVIDER_EMAIL, ADD_DATE = EXCLUDED.ADD_DATE, UPDATE_DATE = EXCLUDED.UPDATE_DATE, USERID = EXCLUDED.USERID;
/* ORIS:     47    Location: CCT4      Test Type: UNITDEF    Test Num: LME_PNG_2Q2018        SQL Ord:    6 */ insert into camdecmpswks.UNIT_DEFAULT_TEST ( UNIT_DEFAULT_TEST_SUM_ID, TEST_SUM_ID, FUEL_CD, OPERATING_CONDITION_CD, NOX_DEFAULT_RATE, CALC_NOX_DEFAULT_RATE, GROUP_ID, NUM_UNITS_IN_GROUP, NUM_TESTS_FOR_GROUP, USERID, ADD_DATE, UPDATE_DATE ) values ( 'NOTSET-2565AA23344648BD810010F40E010952', 'NOTSET-4B321986853C4927BD9FBFB2C762DB3F', 'PNG', NULL, 0.392, -1.000, 'G20182', 8, 3, 'esupport', '2018-07-23 14:10:15', '2021-12-21 22:07:58' ) on conflict (UNIT_DEFAULT_TEST_SUM_ID) do update set TEST_SUM_ID = EXCLUDED.TEST_SUM_ID, FUEL_CD = EXCLUDED.FUEL_CD, OPERATING_CONDITION_CD = EXCLUDED.OPERATING_CONDITION_CD, NOX_DEFAULT_RATE = EXCLUDED.NOX_DEFAULT_RATE, CALC_NOX_DEFAULT_RATE = EXCLUDED.CALC_NOX_DEFAULT_RATE, GROUP_ID = EXCLUDED.GROUP_ID, NUM_UNITS_IN_GROUP = EXCLUDED.NUM_UNITS_IN_GROUP, NUM_TESTS_FOR_GROUP = EXCLUDED.NUM_TESTS_FOR_GROUP, USERID = EXCLUDED.USERID, ADD_DATE = EXCLUDED.ADD_DATE, UPDATE_DATE = EXCLUDED.UPDATE_DATE;
/* ORIS:     47    Location: CCT4      Test Type: UNITDEF    Test Num: LME_PNG_2Q2018        SQL Ord:    7 */ insert into camdecmpswks.UNIT_DEFAULT_TEST_RUN ( UNIT_DEFAULT_TEST_RUN_ID, UNIT_DEFAULT_TEST_SUM_ID, OP_LEVEL_NUM, RUN_NUM, BEGIN_DATE, BEGIN_HOUR, BEGIN_MIN, END_DATE, END_HOUR, END_MIN, RESPONSE_TIME, REF_VALUE, USERID, ADD_DATE, UPDATE_DATE, RUN_USED_IND ) values ( 'CHV-LGIANN-581EA7858442458184330509590547EB', 'NOTSET-2565AA23344648BD810010F40E010952', 2, 1, '2018-05-02', 13, 10, '2018-05-02', 13, 21, 1, 0.630, 'esupport', '2021-12-21 16:28:39', NULL, 1 ) on conflict (UNIT_DEFAULT_TEST_RUN_ID) do update set UNIT_DEFAULT_TEST_SUM_ID = EXCLUDED.UNIT_DEFAULT_TEST_SUM_ID, OP_LEVEL_NUM = EXCLUDED.OP_LEVEL_NUM, RUN_NUM = EXCLUDED.RUN_NUM, BEGIN_DATE = EXCLUDED.BEGIN_DATE, BEGIN_HOUR = EXCLUDED.BEGIN_HOUR, BEGIN_MIN = EXCLUDED.BEGIN_MIN, END_DATE = EXCLUDED.END_DATE, END_HOUR = EXCLUDED.END_HOUR, END_MIN = EXCLUDED.END_MIN, RESPONSE_TIME = EXCLUDED.RESPONSE_TIME, REF_VALUE = EXCLUDED.REF_VALUE, RUN_USED_IND = EXCLUDED.RUN_USED_IND, USERID = EXCLUDED.USERID, ADD_DATE = EXCLUDED.ADD_DATE, UPDATE_DATE = EXCLUDED.UPDATE_DATE;
/* ORIS:     47    Location: CCT4      Test Type: UNITDEF    Test Num: LME_PNG_2Q2018        SQL Ord:    7 */ insert into camdecmpswks.UNIT_DEFAULT_TEST_RUN ( UNIT_DEFAULT_TEST_RUN_ID, UNIT_DEFAULT_TEST_SUM_ID, OP_LEVEL_NUM, RUN_NUM, BEGIN_DATE, BEGIN_HOUR, BEGIN_MIN, END_DATE, END_HOUR, END_MIN, RESPONSE_TIME, REF_VALUE, USERID, ADD_DATE, UPDATE_DATE, RUN_USED_IND ) values ( 'NOTSET-26FF41E3397148589C05D1F1378BBF9D', 'NOTSET-2565AA23344648BD810010F40E010952', 1, 1, '2018-05-02', 10, 5, '2018-05-02', 11, 5, 152, 0.396, 'rhirsch', '2018-07-23 14:10:15', NULL, 1 ) on conflict (UNIT_DEFAULT_TEST_RUN_ID) do update set UNIT_DEFAULT_TEST_SUM_ID = EXCLUDED.UNIT_DEFAULT_TEST_SUM_ID, OP_LEVEL_NUM = EXCLUDED.OP_LEVEL_NUM, RUN_NUM = EXCLUDED.RUN_NUM, BEGIN_DATE = EXCLUDED.BEGIN_DATE, BEGIN_HOUR = EXCLUDED.BEGIN_HOUR, BEGIN_MIN = EXCLUDED.BEGIN_MIN, END_DATE = EXCLUDED.END_DATE, END_HOUR = EXCLUDED.END_HOUR, END_MIN = EXCLUDED.END_MIN, RESPONSE_TIME = EXCLUDED.RESPONSE_TIME, REF_VALUE = EXCLUDED.REF_VALUE, RUN_USED_IND = EXCLUDED.RUN_USED_IND, USERID = EXCLUDED.USERID, ADD_DATE = EXCLUDED.ADD_DATE, UPDATE_DATE = EXCLUDED.UPDATE_DATE;
/* ORIS:     47    Location: CCT4      Test Type: UNITDEF    Test Num: LME_PNG_2Q2018        SQL Ord:    7 */ insert into camdecmpswks.UNIT_DEFAULT_TEST_RUN ( UNIT_DEFAULT_TEST_RUN_ID, UNIT_DEFAULT_TEST_SUM_ID, OP_LEVEL_NUM, RUN_NUM, BEGIN_DATE, BEGIN_HOUR, BEGIN_MIN, END_DATE, END_HOUR, END_MIN, RESPONSE_TIME, REF_VALUE, USERID, ADD_DATE, UPDATE_DATE, RUN_USED_IND ) values ( 'NOTSET-A9B3E10BEF7F4B60ABDCA5A267BE1C3E', 'NOTSET-2565AA23344648BD810010F40E010952', 1, 2, '2018-05-02', 11, 14, '2018-05-02', 12, 13, 152, 0.393, 'rhirsch', '2018-07-23 14:10:15', NULL, 1 ) on conflict (UNIT_DEFAULT_TEST_RUN_ID) do update set UNIT_DEFAULT_TEST_SUM_ID = EXCLUDED.UNIT_DEFAULT_TEST_SUM_ID, OP_LEVEL_NUM = EXCLUDED.OP_LEVEL_NUM, RUN_NUM = EXCLUDED.RUN_NUM, BEGIN_DATE = EXCLUDED.BEGIN_DATE, BEGIN_HOUR = EXCLUDED.BEGIN_HOUR, BEGIN_MIN = EXCLUDED.BEGIN_MIN, END_DATE = EXCLUDED.END_DATE, END_HOUR = EXCLUDED.END_HOUR, END_MIN = EXCLUDED.END_MIN, RESPONSE_TIME = EXCLUDED.RESPONSE_TIME, REF_VALUE = EXCLUDED.REF_VALUE, RUN_USED_IND = EXCLUDED.RUN_USED_IND, USERID = EXCLUDED.USERID, ADD_DATE = EXCLUDED.ADD_DATE, UPDATE_DATE = EXCLUDED.UPDATE_DATE;
/* ORIS:     47    Location: CCT5      Test Type: UNITDEF    Test Num: EPA-UNITDEF-8001      SQL Ord:    1 */ delete from camdecmpswks.TEST_SUMMARY where TEST_SUM_ID = 'EPA-3E55BA23BA2B4B60B3FE3AC4ACAFBE2E';
/* ORIS:     47    Location: CCT5      Test Type: UNITDEF    Test Num: EPA-UNITDEF-8001      SQL Ord:    2 */ insert into camdecmpswks.TEST_SUMMARY ( TEST_SUM_ID, MON_LOC_ID, TEST_TYPE_CD, TEST_NUM, MON_SYS_ID, COMPONENT_ID, GP_IND, TEST_REASON_CD, TEST_RESULT_CD, RPT_PERIOD_ID, BEGIN_DATE, BEGIN_HOUR, BEGIN_MIN, END_DATE, END_HOUR, END_MIN, SPAN_SCALE_CD, INJECTION_PROTOCOL_CD, TEST_COMMENT, TEST_DESCRIPTION, CALC_GP_IND, CALC_TEST_RESULT_CD, CALC_SPAN_VALUE, LAST_UPDATED, UPDATED_STATUS_FLG, NEEDS_EVAL_FLG, CHK_SESSION_ID, USERID, ADD_DATE, UPDATE_DATE ) values ( 'EPA-3E55BA23BA2B4B60B3FE3AC4ACAFBE2E', '4357', 'UNITDEF', 'EPA-UNITDEF-8001', NULL, NULL, 0, NULL, NULL, NULL, '2003-02-20', 6, 8, '2003-02-20', 16, 3, NULL, NULL, NULL, NULL, NULL, NULL, NULL, '2021-12-21 16:38:15', 'Y', 'N', 'CHV-LGIANN-88DCC49ACBBD446686FA00C5F39E1D60', 'esupport', '2008-11-20 01:29:39', '2021-12-21 22:08:00' ) on conflict (TEST_SUM_ID) do update set MON_LOC_ID = EXCLUDED.MON_LOC_ID, TEST_TYPE_CD = EXCLUDED.TEST_TYPE_CD, TEST_NUM = EXCLUDED.TEST_NUM, MON_SYS_ID = EXCLUDED.MON_SYS_ID, COMPONENT_ID = EXCLUDED.COMPONENT_ID, GP_IND = EXCLUDED.GP_IND, TEST_REASON_CD = EXCLUDED.TEST_REASON_CD, TEST_RESULT_CD = EXCLUDED.TEST_RESULT_CD, RPT_PERIOD_ID = EXCLUDED.RPT_PERIOD_ID, BEGIN_DATE = EXCLUDED.BEGIN_DATE, BEGIN_HOUR = EXCLUDED.BEGIN_HOUR, BEGIN_MIN = EXCLUDED.BEGIN_MIN, END_DATE = EXCLUDED.END_DATE, END_HOUR = EXCLUDED.END_HOUR, END_MIN = EXCLUDED.END_MIN, SPAN_SCALE_CD = EXCLUDED.SPAN_SCALE_CD, INJECTION_PROTOCOL_CD = EXCLUDED.INJECTION_PROTOCOL_CD, TEST_COMMENT = EXCLUDED.TEST_COMMENT, TEST_DESCRIPTION = EXCLUDED.TEST_DESCRIPTION, CALC_GP_IND = EXCLUDED.CALC_GP_IND, CALC_TEST_RESULT_CD = EXCLUDED.CALC_TEST_RESULT_CD, CALC_SPAN_VALUE = EXCLUDED.CALC_SPAN_VALUE, LAST_UPDATED = EXCLUDED.LAST_UPDATED, UPDATED_STATUS_FLG = EXCLUDED.UPDATED_STATUS_FLG, NEEDS_EVAL_FLG = EXCLUDED.NEEDS_EVAL_FLG, CHK_SESSION_ID = EXCLUDED.CHK_SESSION_ID, USERID = EXCLUDED.USERID, ADD_DATE = EXCLUDED.ADD_DATE, UPDATE_DATE = EXCLUDED.UPDATE_DATE;
/* ORIS:     47    Location: CCT5      Test Type: UNITDEF    Test Num: EPA-UNITDEF-8001      SQL Ord:    6 */ insert into camdecmpswks.UNIT_DEFAULT_TEST ( UNIT_DEFAULT_TEST_SUM_ID, TEST_SUM_ID, FUEL_CD, OPERATING_CONDITION_CD, NOX_DEFAULT_RATE, CALC_NOX_DEFAULT_RATE, GROUP_ID, NUM_UNITS_IN_GROUP, NUM_TESTS_FOR_GROUP, USERID, ADD_DATE, UPDATE_DATE ) values ( 'EPA-434FBD16CDCF452798BBBAB8B31E8151', 'EPA-3E55BA23BA2B4B60B3FE3AC4ACAFBE2E', 'PNG', 'A', 0.337, -1.000, NULL, NULL, NULL, 'esupport', '2008-11-20 01:29:39', '2021-12-21 22:08:00' ) on conflict (UNIT_DEFAULT_TEST_SUM_ID) do update set TEST_SUM_ID = EXCLUDED.TEST_SUM_ID, FUEL_CD = EXCLUDED.FUEL_CD, OPERATING_CONDITION_CD = EXCLUDED.OPERATING_CONDITION_CD, NOX_DEFAULT_RATE = EXCLUDED.NOX_DEFAULT_RATE, CALC_NOX_DEFAULT_RATE = EXCLUDED.CALC_NOX_DEFAULT_RATE, GROUP_ID = EXCLUDED.GROUP_ID, NUM_UNITS_IN_GROUP = EXCLUDED.NUM_UNITS_IN_GROUP, NUM_TESTS_FOR_GROUP = EXCLUDED.NUM_TESTS_FOR_GROUP, USERID = EXCLUDED.USERID, ADD_DATE = EXCLUDED.ADD_DATE, UPDATE_DATE = EXCLUDED.UPDATE_DATE;
/* ORIS:     47    Location: CCT5      Test Type: UNITDEF    Test Num: EPA-UNITDEF-8001      SQL Ord:    7 */ insert into camdecmpswks.UNIT_DEFAULT_TEST_RUN ( UNIT_DEFAULT_TEST_RUN_ID, UNIT_DEFAULT_TEST_SUM_ID, OP_LEVEL_NUM, RUN_NUM, BEGIN_DATE, BEGIN_HOUR, BEGIN_MIN, END_DATE, END_HOUR, END_MIN, RESPONSE_TIME, REF_VALUE, USERID, ADD_DATE, UPDATE_DATE, RUN_USED_IND ) values ( 'CHV-LGIANN-DD46E4F933CB4B0B8B69C24072DB7F90', 'EPA-434FBD16CDCF452798BBBAB8B31E8151', -1, 1, '2003-02-20', 15, 40, '2003-02-20', 16, 3, 1, 0.100, 'esupport', '2021-12-21 16:38:15', NULL, 0 ) on conflict (UNIT_DEFAULT_TEST_RUN_ID) do update set UNIT_DEFAULT_TEST_SUM_ID = EXCLUDED.UNIT_DEFAULT_TEST_SUM_ID, OP_LEVEL_NUM = EXCLUDED.OP_LEVEL_NUM, RUN_NUM = EXCLUDED.RUN_NUM, BEGIN_DATE = EXCLUDED.BEGIN_DATE, BEGIN_HOUR = EXCLUDED.BEGIN_HOUR, BEGIN_MIN = EXCLUDED.BEGIN_MIN, END_DATE = EXCLUDED.END_DATE, END_HOUR = EXCLUDED.END_HOUR, END_MIN = EXCLUDED.END_MIN, RESPONSE_TIME = EXCLUDED.RESPONSE_TIME, REF_VALUE = EXCLUDED.REF_VALUE, RUN_USED_IND = EXCLUDED.RUN_USED_IND, USERID = EXCLUDED.USERID, ADD_DATE = EXCLUDED.ADD_DATE, UPDATE_DATE = EXCLUDED.UPDATE_DATE;
/* ORIS:     47    Location: CCT5      Test Type: UNITDEF    Test Num: EPA-UNITDEF-8001      SQL Ord:    7 */ insert into camdecmpswks.UNIT_DEFAULT_TEST_RUN ( UNIT_DEFAULT_TEST_RUN_ID, UNIT_DEFAULT_TEST_SUM_ID, OP_LEVEL_NUM, RUN_NUM, BEGIN_DATE, BEGIN_HOUR, BEGIN_MIN, END_DATE, END_HOUR, END_MIN, RESPONSE_TIME, REF_VALUE, USERID, ADD_DATE, UPDATE_DATE, RUN_USED_IND ) values ( 'EPA-0DD03BC0E084240890E59AF72000C038', 'EPA-434FBD16CDCF452798BBBAB8B31E8151', 3, 3, '2003-02-20', 13, 45, '2003-02-20', 14, 10, 20, 0.266, 'PQAQ4', '2008-11-20 01:29:39', '2008-11-20 01:29:39', 0 ) on conflict (UNIT_DEFAULT_TEST_RUN_ID) do update set UNIT_DEFAULT_TEST_SUM_ID = EXCLUDED.UNIT_DEFAULT_TEST_SUM_ID, OP_LEVEL_NUM = EXCLUDED.OP_LEVEL_NUM, RUN_NUM = EXCLUDED.RUN_NUM, BEGIN_DATE = EXCLUDED.BEGIN_DATE, BEGIN_HOUR = EXCLUDED.BEGIN_HOUR, BEGIN_MIN = EXCLUDED.BEGIN_MIN, END_DATE = EXCLUDED.END_DATE, END_HOUR = EXCLUDED.END_HOUR, END_MIN = EXCLUDED.END_MIN, RESPONSE_TIME = EXCLUDED.RESPONSE_TIME, REF_VALUE = EXCLUDED.REF_VALUE, RUN_USED_IND = EXCLUDED.RUN_USED_IND, USERID = EXCLUDED.USERID, ADD_DATE = EXCLUDED.ADD_DATE, UPDATE_DATE = EXCLUDED.UPDATE_DATE;
/* ORIS:     47    Location: CCT5      Test Type: UNITDEF    Test Num: EPA-UNITDEF-8001      SQL Ord:    7 */ insert into camdecmpswks.UNIT_DEFAULT_TEST_RUN ( UNIT_DEFAULT_TEST_RUN_ID, UNIT_DEFAULT_TEST_SUM_ID, OP_LEVEL_NUM, RUN_NUM, BEGIN_DATE, BEGIN_HOUR, BEGIN_MIN, END_DATE, END_HOUR, END_MIN, RESPONSE_TIME, REF_VALUE, USERID, ADD_DATE, UPDATE_DATE, RUN_USED_IND ) values ( 'EPA-19FFB06255D561D707CA67F9E998D58D', 'EPA-434FBD16CDCF452798BBBAB8B31E8151', 1, 3, '2003-02-20', 9, 28, '2003-02-20', 9, 52, 20, 0.161, 'PQAQ4', '2008-11-20 01:29:39', '2008-11-20 01:29:39', 0 ) on conflict (UNIT_DEFAULT_TEST_RUN_ID) do update set UNIT_DEFAULT_TEST_SUM_ID = EXCLUDED.UNIT_DEFAULT_TEST_SUM_ID, OP_LEVEL_NUM = EXCLUDED.OP_LEVEL_NUM, RUN_NUM = EXCLUDED.RUN_NUM, BEGIN_DATE = EXCLUDED.BEGIN_DATE, BEGIN_HOUR = EXCLUDED.BEGIN_HOUR, BEGIN_MIN = EXCLUDED.BEGIN_MIN, END_DATE = EXCLUDED.END_DATE, END_HOUR = EXCLUDED.END_HOUR, END_MIN = EXCLUDED.END_MIN, RESPONSE_TIME = EXCLUDED.RESPONSE_TIME, REF_VALUE = EXCLUDED.REF_VALUE, RUN_USED_IND = EXCLUDED.RUN_USED_IND, USERID = EXCLUDED.USERID, ADD_DATE = EXCLUDED.ADD_DATE, UPDATE_DATE = EXCLUDED.UPDATE_DATE;
/* ORIS:     47    Location: CCT5      Test Type: UNITDEF    Test Num: EPA-UNITDEF-8001      SQL Ord:    7 */ insert into camdecmpswks.UNIT_DEFAULT_TEST_RUN ( UNIT_DEFAULT_TEST_RUN_ID, UNIT_DEFAULT_TEST_SUM_ID, OP_LEVEL_NUM, RUN_NUM, BEGIN_DATE, BEGIN_HOUR, BEGIN_MIN, END_DATE, END_HOUR, END_MIN, RESPONSE_TIME, REF_VALUE, USERID, ADD_DATE, UPDATE_DATE, RUN_USED_IND ) values ( 'EPA-3F043C46062029680C87B629CDF963CA', 'EPA-434FBD16CDCF452798BBBAB8B31E8151', 2, 1, '2003-02-20', 14, 39, '2003-02-20', 15, 3, 20, 0.208, 'PQAQ4', '2008-11-20 01:29:39', '2008-11-20 01:29:39', 0 ) on conflict (UNIT_DEFAULT_TEST_RUN_ID) do update set UNIT_DEFAULT_TEST_SUM_ID = EXCLUDED.UNIT_DEFAULT_TEST_SUM_ID, OP_LEVEL_NUM = EXCLUDED.OP_LEVEL_NUM, RUN_NUM = EXCLUDED.RUN_NUM, BEGIN_DATE = EXCLUDED.BEGIN_DATE, BEGIN_HOUR = EXCLUDED.BEGIN_HOUR, BEGIN_MIN = EXCLUDED.BEGIN_MIN, END_DATE = EXCLUDED.END_DATE, END_HOUR = EXCLUDED.END_HOUR, END_MIN = EXCLUDED.END_MIN, RESPONSE_TIME = EXCLUDED.RESPONSE_TIME, REF_VALUE = EXCLUDED.REF_VALUE, RUN_USED_IND = EXCLUDED.RUN_USED_IND, USERID = EXCLUDED.USERID, ADD_DATE = EXCLUDED.ADD_DATE, UPDATE_DATE = EXCLUDED.UPDATE_DATE;
/* ORIS:     47    Location: CCT5      Test Type: UNITDEF    Test Num: EPA-UNITDEF-8001      SQL Ord:    7 */ insert into camdecmpswks.UNIT_DEFAULT_TEST_RUN ( UNIT_DEFAULT_TEST_RUN_ID, UNIT_DEFAULT_TEST_SUM_ID, OP_LEVEL_NUM, RUN_NUM, BEGIN_DATE, BEGIN_HOUR, BEGIN_MIN, END_DATE, END_HOUR, END_MIN, RESPONSE_TIME, REF_VALUE, USERID, ADD_DATE, UPDATE_DATE, RUN_USED_IND ) values ( 'EPA-5207DE3BDBB4E41161217BC806A0F8A4', 'EPA-434FBD16CDCF452798BBBAB8B31E8151', 4, 1, '2003-02-20', 10, 23, '2003-02-20', 10, 48, 20, 0.336, 'PQAQ4', '2008-11-20 01:29:39', '2008-11-20 01:29:39', 1 ) on conflict (UNIT_DEFAULT_TEST_RUN_ID) do update set UNIT_DEFAULT_TEST_SUM_ID = EXCLUDED.UNIT_DEFAULT_TEST_SUM_ID, OP_LEVEL_NUM = EXCLUDED.OP_LEVEL_NUM, RUN_NUM = EXCLUDED.RUN_NUM, BEGIN_DATE = EXCLUDED.BEGIN_DATE, BEGIN_HOUR = EXCLUDED.BEGIN_HOUR, BEGIN_MIN = EXCLUDED.BEGIN_MIN, END_DATE = EXCLUDED.END_DATE, END_HOUR = EXCLUDED.END_HOUR, END_MIN = EXCLUDED.END_MIN, RESPONSE_TIME = EXCLUDED.RESPONSE_TIME, REF_VALUE = EXCLUDED.REF_VALUE, RUN_USED_IND = EXCLUDED.RUN_USED_IND, USERID = EXCLUDED.USERID, ADD_DATE = EXCLUDED.ADD_DATE, UPDATE_DATE = EXCLUDED.UPDATE_DATE;
/* ORIS:     47    Location: CCT5      Test Type: UNITDEF    Test Num: EPA-UNITDEF-8001      SQL Ord:    7 */ insert into camdecmpswks.UNIT_DEFAULT_TEST_RUN ( UNIT_DEFAULT_TEST_RUN_ID, UNIT_DEFAULT_TEST_SUM_ID, OP_LEVEL_NUM, RUN_NUM, BEGIN_DATE, BEGIN_HOUR, BEGIN_MIN, END_DATE, END_HOUR, END_MIN, RESPONSE_TIME, REF_VALUE, USERID, ADD_DATE, UPDATE_DATE, RUN_USED_IND ) values ( 'EPA-5F8C2E30FE9F4ED56A6192FDA519E3A4', 'EPA-434FBD16CDCF452798BBBAB8B31E8151', 3, 2, '2003-02-20', 13, 12, '2003-02-20', 13, 37, 20, 0.264, 'PQAQ4', '2008-11-20 01:29:39', '2008-11-20 01:29:39', 0 ) on conflict (UNIT_DEFAULT_TEST_RUN_ID) do update set UNIT_DEFAULT_TEST_SUM_ID = EXCLUDED.UNIT_DEFAULT_TEST_SUM_ID, OP_LEVEL_NUM = EXCLUDED.OP_LEVEL_NUM, RUN_NUM = EXCLUDED.RUN_NUM, BEGIN_DATE = EXCLUDED.BEGIN_DATE, BEGIN_HOUR = EXCLUDED.BEGIN_HOUR, BEGIN_MIN = EXCLUDED.BEGIN_MIN, END_DATE = EXCLUDED.END_DATE, END_HOUR = EXCLUDED.END_HOUR, END_MIN = EXCLUDED.END_MIN, RESPONSE_TIME = EXCLUDED.RESPONSE_TIME, REF_VALUE = EXCLUDED.REF_VALUE, RUN_USED_IND = EXCLUDED.RUN_USED_IND, USERID = EXCLUDED.USERID, ADD_DATE = EXCLUDED.ADD_DATE, UPDATE_DATE = EXCLUDED.UPDATE_DATE;
/* ORIS:     47    Location: CCT5      Test Type: UNITDEF    Test Num: EPA-UNITDEF-8001      SQL Ord:    7 */ insert into camdecmpswks.UNIT_DEFAULT_TEST_RUN ( UNIT_DEFAULT_TEST_RUN_ID, UNIT_DEFAULT_TEST_SUM_ID, OP_LEVEL_NUM, RUN_NUM, BEGIN_DATE, BEGIN_HOUR, BEGIN_MIN, END_DATE, END_HOUR, END_MIN, RESPONSE_TIME, REF_VALUE, USERID, ADD_DATE, UPDATE_DATE, RUN_USED_IND ) values ( 'EPA-7FE4AE82C8001461EC5F09B72C69E4B2', 'EPA-434FBD16CDCF452798BBBAB8B31E8151', 4, 3, '2003-02-20', 11, 27, '2003-02-20', 11, 51, 20, 0.337, 'PQAQ4', '2008-11-20 01:29:39', '2008-11-20 01:29:39', 1 ) on conflict (UNIT_DEFAULT_TEST_RUN_ID) do update set UNIT_DEFAULT_TEST_SUM_ID = EXCLUDED.UNIT_DEFAULT_TEST_SUM_ID, OP_LEVEL_NUM = EXCLUDED.OP_LEVEL_NUM, RUN_NUM = EXCLUDED.RUN_NUM, BEGIN_DATE = EXCLUDED.BEGIN_DATE, BEGIN_HOUR = EXCLUDED.BEGIN_HOUR, BEGIN_MIN = EXCLUDED.BEGIN_MIN, END_DATE = EXCLUDED.END_DATE, END_HOUR = EXCLUDED.END_HOUR, END_MIN = EXCLUDED.END_MIN, RESPONSE_TIME = EXCLUDED.RESPONSE_TIME, REF_VALUE = EXCLUDED.REF_VALUE, RUN_USED_IND = EXCLUDED.RUN_USED_IND, USERID = EXCLUDED.USERID, ADD_DATE = EXCLUDED.ADD_DATE, UPDATE_DATE = EXCLUDED.UPDATE_DATE;
/* ORIS:     47    Location: CCT5      Test Type: UNITDEF    Test Num: EPA-UNITDEF-8001      SQL Ord:    7 */ insert into camdecmpswks.UNIT_DEFAULT_TEST_RUN ( UNIT_DEFAULT_TEST_RUN_ID, UNIT_DEFAULT_TEST_SUM_ID, OP_LEVEL_NUM, RUN_NUM, BEGIN_DATE, BEGIN_HOUR, BEGIN_MIN, END_DATE, END_HOUR, END_MIN, RESPONSE_TIME, REF_VALUE, USERID, ADD_DATE, UPDATE_DATE, RUN_USED_IND ) values ( 'EPA-851B61FF82C3DBF259AC9C0A0A5CD93F', 'EPA-434FBD16CDCF452798BBBAB8B31E8151', 3, 1, '2003-02-20', 12, 41, '2003-02-20', 13, 7, 20, 0.266, 'PQAQ4', '2008-11-20 01:29:39', '2008-11-20 01:29:39', 0 ) on conflict (UNIT_DEFAULT_TEST_RUN_ID) do update set UNIT_DEFAULT_TEST_SUM_ID = EXCLUDED.UNIT_DEFAULT_TEST_SUM_ID, OP_LEVEL_NUM = EXCLUDED.OP_LEVEL_NUM, RUN_NUM = EXCLUDED.RUN_NUM, BEGIN_DATE = EXCLUDED.BEGIN_DATE, BEGIN_HOUR = EXCLUDED.BEGIN_HOUR, BEGIN_MIN = EXCLUDED.BEGIN_MIN, END_DATE = EXCLUDED.END_DATE, END_HOUR = EXCLUDED.END_HOUR, END_MIN = EXCLUDED.END_MIN, RESPONSE_TIME = EXCLUDED.RESPONSE_TIME, REF_VALUE = EXCLUDED.REF_VALUE, RUN_USED_IND = EXCLUDED.RUN_USED_IND, USERID = EXCLUDED.USERID, ADD_DATE = EXCLUDED.ADD_DATE, UPDATE_DATE = EXCLUDED.UPDATE_DATE;
/* ORIS:     47    Location: CCT5      Test Type: UNITDEF    Test Num: EPA-UNITDEF-8001      SQL Ord:    7 */ insert into camdecmpswks.UNIT_DEFAULT_TEST_RUN ( UNIT_DEFAULT_TEST_RUN_ID, UNIT_DEFAULT_TEST_SUM_ID, OP_LEVEL_NUM, RUN_NUM, BEGIN_DATE, BEGIN_HOUR, BEGIN_MIN, END_DATE, END_HOUR, END_MIN, RESPONSE_TIME, REF_VALUE, USERID, ADD_DATE, UPDATE_DATE, RUN_USED_IND ) values ( 'EPA-A811EECBE5833136F57C121F4CD7A71A', 'EPA-434FBD16CDCF452798BBBAB8B31E8151', 1, 2, '2003-02-20', 8, 57, '2003-02-20', 9, 22, 20, 0.162, 'PQAQ4', '2008-11-20 01:29:39', '2008-11-20 01:29:39', 0 ) on conflict (UNIT_DEFAULT_TEST_RUN_ID) do update set UNIT_DEFAULT_TEST_SUM_ID = EXCLUDED.UNIT_DEFAULT_TEST_SUM_ID, OP_LEVEL_NUM = EXCLUDED.OP_LEVEL_NUM, RUN_NUM = EXCLUDED.RUN_NUM, BEGIN_DATE = EXCLUDED.BEGIN_DATE, BEGIN_HOUR = EXCLUDED.BEGIN_HOUR, BEGIN_MIN = EXCLUDED.BEGIN_MIN, END_DATE = EXCLUDED.END_DATE, END_HOUR = EXCLUDED.END_HOUR, END_MIN = EXCLUDED.END_MIN, RESPONSE_TIME = EXCLUDED.RESPONSE_TIME, REF_VALUE = EXCLUDED.REF_VALUE, RUN_USED_IND = EXCLUDED.RUN_USED_IND, USERID = EXCLUDED.USERID, ADD_DATE = EXCLUDED.ADD_DATE, UPDATE_DATE = EXCLUDED.UPDATE_DATE;
/* ORIS:     47    Location: CCT5      Test Type: UNITDEF    Test Num: EPA-UNITDEF-8001      SQL Ord:    7 */ insert into camdecmpswks.UNIT_DEFAULT_TEST_RUN ( UNIT_DEFAULT_TEST_RUN_ID, UNIT_DEFAULT_TEST_SUM_ID, OP_LEVEL_NUM, RUN_NUM, BEGIN_DATE, BEGIN_HOUR, BEGIN_MIN, END_DATE, END_HOUR, END_MIN, RESPONSE_TIME, REF_VALUE, USERID, ADD_DATE, UPDATE_DATE, RUN_USED_IND ) values ( 'EPA-B4D90A0E44A7AA77110F3941FD40E3E6', 'EPA-434FBD16CDCF452798BBBAB8B31E8151', 1, 1, '2003-02-20', 6, 8, '2003-02-20', 8, 37, 20, 0.161, 'PQAQ4', '2008-11-20 01:29:39', '2008-11-20 01:29:39', 0 ) on conflict (UNIT_DEFAULT_TEST_RUN_ID) do update set UNIT_DEFAULT_TEST_SUM_ID = EXCLUDED.UNIT_DEFAULT_TEST_SUM_ID, OP_LEVEL_NUM = EXCLUDED.OP_LEVEL_NUM, RUN_NUM = EXCLUDED.RUN_NUM, BEGIN_DATE = EXCLUDED.BEGIN_DATE, BEGIN_HOUR = EXCLUDED.BEGIN_HOUR, BEGIN_MIN = EXCLUDED.BEGIN_MIN, END_DATE = EXCLUDED.END_DATE, END_HOUR = EXCLUDED.END_HOUR, END_MIN = EXCLUDED.END_MIN, RESPONSE_TIME = EXCLUDED.RESPONSE_TIME, REF_VALUE = EXCLUDED.REF_VALUE, RUN_USED_IND = EXCLUDED.RUN_USED_IND, USERID = EXCLUDED.USERID, ADD_DATE = EXCLUDED.ADD_DATE, UPDATE_DATE = EXCLUDED.UPDATE_DATE;
/* ORIS:     47    Location: CCT5      Test Type: UNITDEF    Test Num: EPA-UNITDEF-8001      SQL Ord:    7 */ insert into camdecmpswks.UNIT_DEFAULT_TEST_RUN ( UNIT_DEFAULT_TEST_RUN_ID, UNIT_DEFAULT_TEST_SUM_ID, OP_LEVEL_NUM, RUN_NUM, BEGIN_DATE, BEGIN_HOUR, BEGIN_MIN, END_DATE, END_HOUR, END_MIN, RESPONSE_TIME, REF_VALUE, USERID, ADD_DATE, UPDATE_DATE, RUN_USED_IND ) values ( 'EPA-B5B20344DA25BEEFB1BD9E8A971CC5C4', 'EPA-434FBD16CDCF452798BBBAB8B31E8151', 4, 2, '2003-02-20', 10, 56, '2003-02-20', 11, 20, 20, 0.337, 'PQAQ4', '2008-11-20 01:29:39', '2008-11-20 01:29:39', 1 ) on conflict (UNIT_DEFAULT_TEST_RUN_ID) do update set UNIT_DEFAULT_TEST_SUM_ID = EXCLUDED.UNIT_DEFAULT_TEST_SUM_ID, OP_LEVEL_NUM = EXCLUDED.OP_LEVEL_NUM, RUN_NUM = EXCLUDED.RUN_NUM, BEGIN_DATE = EXCLUDED.BEGIN_DATE, BEGIN_HOUR = EXCLUDED.BEGIN_HOUR, BEGIN_MIN = EXCLUDED.BEGIN_MIN, END_DATE = EXCLUDED.END_DATE, END_HOUR = EXCLUDED.END_HOUR, END_MIN = EXCLUDED.END_MIN, RESPONSE_TIME = EXCLUDED.RESPONSE_TIME, REF_VALUE = EXCLUDED.REF_VALUE, RUN_USED_IND = EXCLUDED.RUN_USED_IND, USERID = EXCLUDED.USERID, ADD_DATE = EXCLUDED.ADD_DATE, UPDATE_DATE = EXCLUDED.UPDATE_DATE;
/* ORIS:     47    Location: CCT5      Test Type: UNITDEF    Test Num: EPA-UNITDEF-8001      SQL Ord:    7 */ insert into camdecmpswks.UNIT_DEFAULT_TEST_RUN ( UNIT_DEFAULT_TEST_RUN_ID, UNIT_DEFAULT_TEST_SUM_ID, OP_LEVEL_NUM, RUN_NUM, BEGIN_DATE, BEGIN_HOUR, BEGIN_MIN, END_DATE, END_HOUR, END_MIN, RESPONSE_TIME, REF_VALUE, USERID, ADD_DATE, UPDATE_DATE, RUN_USED_IND ) values ( 'EPA-BC8C5DB9D0052BE23214FF231F823780', 'EPA-434FBD16CDCF452798BBBAB8B31E8151', 2, 2, '2003-02-20', 15, 8, '2003-02-20', 15, 34, 20, 0.209, 'PQAQ4', '2008-11-20 01:29:39', '2008-11-20 01:29:39', 0 ) on conflict (UNIT_DEFAULT_TEST_RUN_ID) do update set UNIT_DEFAULT_TEST_SUM_ID = EXCLUDED.UNIT_DEFAULT_TEST_SUM_ID, OP_LEVEL_NUM = EXCLUDED.OP_LEVEL_NUM, RUN_NUM = EXCLUDED.RUN_NUM, BEGIN_DATE = EXCLUDED.BEGIN_DATE, BEGIN_HOUR = EXCLUDED.BEGIN_HOUR, BEGIN_MIN = EXCLUDED.BEGIN_MIN, END_DATE = EXCLUDED.END_DATE, END_HOUR = EXCLUDED.END_HOUR, END_MIN = EXCLUDED.END_MIN, RESPONSE_TIME = EXCLUDED.RESPONSE_TIME, REF_VALUE = EXCLUDED.REF_VALUE, RUN_USED_IND = EXCLUDED.RUN_USED_IND, USERID = EXCLUDED.USERID, ADD_DATE = EXCLUDED.ADD_DATE, UPDATE_DATE = EXCLUDED.UPDATE_DATE;
/* ORIS:     47    Location: CCT5      Test Type: UNITDEF    Test Num: EPA-UNITDEF-8001      SQL Ord:    7 */ insert into camdecmpswks.UNIT_DEFAULT_TEST_RUN ( UNIT_DEFAULT_TEST_RUN_ID, UNIT_DEFAULT_TEST_SUM_ID, OP_LEVEL_NUM, RUN_NUM, BEGIN_DATE, BEGIN_HOUR, BEGIN_MIN, END_DATE, END_HOUR, END_MIN, RESPONSE_TIME, REF_VALUE, USERID, ADD_DATE, UPDATE_DATE, RUN_USED_IND ) values ( 'EPA-C48F48A798E58F2555F41483BD9CDF38', 'EPA-434FBD16CDCF452798BBBAB8B31E8151', 2, 3, '2003-02-20', 15, 39, '2003-02-20', 16, 3, 20, 0.207, 'PQAQ4', '2008-11-20 01:29:39', '2008-11-20 01:29:39', 0 ) on conflict (UNIT_DEFAULT_TEST_RUN_ID) do update set UNIT_DEFAULT_TEST_SUM_ID = EXCLUDED.UNIT_DEFAULT_TEST_SUM_ID, OP_LEVEL_NUM = EXCLUDED.OP_LEVEL_NUM, RUN_NUM = EXCLUDED.RUN_NUM, BEGIN_DATE = EXCLUDED.BEGIN_DATE, BEGIN_HOUR = EXCLUDED.BEGIN_HOUR, BEGIN_MIN = EXCLUDED.BEGIN_MIN, END_DATE = EXCLUDED.END_DATE, END_HOUR = EXCLUDED.END_HOUR, END_MIN = EXCLUDED.END_MIN, RESPONSE_TIME = EXCLUDED.RESPONSE_TIME, REF_VALUE = EXCLUDED.REF_VALUE, RUN_USED_IND = EXCLUDED.RUN_USED_IND, USERID = EXCLUDED.USERID, ADD_DATE = EXCLUDED.ADD_DATE, UPDATE_DATE = EXCLUDED.UPDATE_DATE;
/* ORIS:     47    Location: CCT5      Test Type: UNITDEF    Test Num: EPA-UNITDEF-8002      SQL Ord:    1 */ delete from camdecmpswks.TEST_SUMMARY where TEST_SUM_ID = 'EPA-4C3B478D04F24538B5288E1CD425A4E8';
/* ORIS:     47    Location: CCT5      Test Type: UNITDEF    Test Num: EPA-UNITDEF-8002      SQL Ord:    2 */ insert into camdecmpswks.TEST_SUMMARY ( TEST_SUM_ID, MON_LOC_ID, TEST_TYPE_CD, TEST_NUM, MON_SYS_ID, COMPONENT_ID, GP_IND, TEST_REASON_CD, TEST_RESULT_CD, RPT_PERIOD_ID, BEGIN_DATE, BEGIN_HOUR, BEGIN_MIN, END_DATE, END_HOUR, END_MIN, SPAN_SCALE_CD, INJECTION_PROTOCOL_CD, TEST_COMMENT, TEST_DESCRIPTION, CALC_GP_IND, CALC_TEST_RESULT_CD, CALC_SPAN_VALUE, LAST_UPDATED, UPDATED_STATUS_FLG, NEEDS_EVAL_FLG, CHK_SESSION_ID, USERID, ADD_DATE, UPDATE_DATE ) values ( 'EPA-4C3B478D04F24538B5288E1CD425A4E8', '4357', 'UNITDEF', 'EPA-UNITDEF-8002', NULL, NULL, 0, NULL, NULL, NULL, '2003-02-19', 9, 41, '2003-02-21', 7, 9, NULL, NULL, NULL, NULL, NULL, NULL, NULL, '2021-12-21 17:09:31', 'Y', 'N', 'CHV-LGIANN-BBA6A8A4E4F84C4D9A1D6D4B468AEC9A', 'esupport', '2008-11-20 01:29:39', '2021-12-21 22:08:01' ) on conflict (TEST_SUM_ID) do update set MON_LOC_ID = EXCLUDED.MON_LOC_ID, TEST_TYPE_CD = EXCLUDED.TEST_TYPE_CD, TEST_NUM = EXCLUDED.TEST_NUM, MON_SYS_ID = EXCLUDED.MON_SYS_ID, COMPONENT_ID = EXCLUDED.COMPONENT_ID, GP_IND = EXCLUDED.GP_IND, TEST_REASON_CD = EXCLUDED.TEST_REASON_CD, TEST_RESULT_CD = EXCLUDED.TEST_RESULT_CD, RPT_PERIOD_ID = EXCLUDED.RPT_PERIOD_ID, BEGIN_DATE = EXCLUDED.BEGIN_DATE, BEGIN_HOUR = EXCLUDED.BEGIN_HOUR, BEGIN_MIN = EXCLUDED.BEGIN_MIN, END_DATE = EXCLUDED.END_DATE, END_HOUR = EXCLUDED.END_HOUR, END_MIN = EXCLUDED.END_MIN, SPAN_SCALE_CD = EXCLUDED.SPAN_SCALE_CD, INJECTION_PROTOCOL_CD = EXCLUDED.INJECTION_PROTOCOL_CD, TEST_COMMENT = EXCLUDED.TEST_COMMENT, TEST_DESCRIPTION = EXCLUDED.TEST_DESCRIPTION, CALC_GP_IND = EXCLUDED.CALC_GP_IND, CALC_TEST_RESULT_CD = EXCLUDED.CALC_TEST_RESULT_CD, CALC_SPAN_VALUE = EXCLUDED.CALC_SPAN_VALUE, LAST_UPDATED = EXCLUDED.LAST_UPDATED, UPDATED_STATUS_FLG = EXCLUDED.UPDATED_STATUS_FLG, NEEDS_EVAL_FLG = EXCLUDED.NEEDS_EVAL_FLG, CHK_SESSION_ID = EXCLUDED.CHK_SESSION_ID, USERID = EXCLUDED.USERID, ADD_DATE = EXCLUDED.ADD_DATE, UPDATE_DATE = EXCLUDED.UPDATE_DATE;
/* ORIS:     47    Location: CCT5      Test Type: UNITDEF    Test Num: EPA-UNITDEF-8002      SQL Ord:    6 */ insert into camdecmpswks.UNIT_DEFAULT_TEST ( UNIT_DEFAULT_TEST_SUM_ID, TEST_SUM_ID, FUEL_CD, OPERATING_CONDITION_CD, NOX_DEFAULT_RATE, CALC_NOX_DEFAULT_RATE, GROUP_ID, NUM_UNITS_IN_GROUP, NUM_TESTS_FOR_GROUP, USERID, ADD_DATE, UPDATE_DATE ) values ( 'EPA-347B70307FC94F7EAB7E23AC755D4ACC', 'EPA-4C3B478D04F24538B5288E1CD425A4E8', 'DSL', 'A', 0.657, 0.657, NULL, NULL, NULL, 'esupport', '2008-11-20 01:29:39', '2021-12-21 22:08:01' ) on conflict (UNIT_DEFAULT_TEST_SUM_ID) do update set TEST_SUM_ID = EXCLUDED.TEST_SUM_ID, FUEL_CD = EXCLUDED.FUEL_CD, OPERATING_CONDITION_CD = EXCLUDED.OPERATING_CONDITION_CD, NOX_DEFAULT_RATE = EXCLUDED.NOX_DEFAULT_RATE, CALC_NOX_DEFAULT_RATE = EXCLUDED.CALC_NOX_DEFAULT_RATE, GROUP_ID = EXCLUDED.GROUP_ID, NUM_UNITS_IN_GROUP = EXCLUDED.NUM_UNITS_IN_GROUP, NUM_TESTS_FOR_GROUP = EXCLUDED.NUM_TESTS_FOR_GROUP, USERID = EXCLUDED.USERID, ADD_DATE = EXCLUDED.ADD_DATE, UPDATE_DATE = EXCLUDED.UPDATE_DATE;
/* ORIS:     47    Location: CCT5      Test Type: UNITDEF    Test Num: EPA-UNITDEF-8002      SQL Ord:    7 */ insert into camdecmpswks.UNIT_DEFAULT_TEST_RUN ( UNIT_DEFAULT_TEST_RUN_ID, UNIT_DEFAULT_TEST_SUM_ID, OP_LEVEL_NUM, RUN_NUM, BEGIN_DATE, BEGIN_HOUR, BEGIN_MIN, END_DATE, END_HOUR, END_MIN, RESPONSE_TIME, REF_VALUE, USERID, ADD_DATE, UPDATE_DATE, RUN_USED_IND ) values ( 'EPA-046DFB85FE66A5BCD765237976B07B4A', 'EPA-347B70307FC94F7EAB7E23AC755D4ACC', 1, 2, '2003-02-19', 25, 35, '2003-02-19', 13, 1, 20, 0.357, 'esupport', '2008-11-20 01:29:39', '2021-12-21 17:09:31', 0 ) on conflict (UNIT_DEFAULT_TEST_RUN_ID) do update set UNIT_DEFAULT_TEST_SUM_ID = EXCLUDED.UNIT_DEFAULT_TEST_SUM_ID, OP_LEVEL_NUM = EXCLUDED.OP_LEVEL_NUM, RUN_NUM = EXCLUDED.RUN_NUM, BEGIN_DATE = EXCLUDED.BEGIN_DATE, BEGIN_HOUR = EXCLUDED.BEGIN_HOUR, BEGIN_MIN = EXCLUDED.BEGIN_MIN, END_DATE = EXCLUDED.END_DATE, END_HOUR = EXCLUDED.END_HOUR, END_MIN = EXCLUDED.END_MIN, RESPONSE_TIME = EXCLUDED.RESPONSE_TIME, REF_VALUE = EXCLUDED.REF_VALUE, RUN_USED_IND = EXCLUDED.RUN_USED_IND, USERID = EXCLUDED.USERID, ADD_DATE = EXCLUDED.ADD_DATE, UPDATE_DATE = EXCLUDED.UPDATE_DATE;
/* ORIS:     47    Location: CCT5      Test Type: UNITDEF    Test Num: EPA-UNITDEF-8002      SQL Ord:    7 */ insert into camdecmpswks.UNIT_DEFAULT_TEST_RUN ( UNIT_DEFAULT_TEST_RUN_ID, UNIT_DEFAULT_TEST_SUM_ID, OP_LEVEL_NUM, RUN_NUM, BEGIN_DATE, BEGIN_HOUR, BEGIN_MIN, END_DATE, END_HOUR, END_MIN, RESPONSE_TIME, REF_VALUE, USERID, ADD_DATE, UPDATE_DATE, RUN_USED_IND ) values ( 'EPA-0EFAB353A96DC22679E40E69CE562EE8', 'EPA-347B70307FC94F7EAB7E23AC755D4ACC', 2, 1, '2003-02-21', 5, 38, '2003-02-21', 6, 6, 20, 0.415, 'PQAQ4', '2008-11-20 01:29:39', '2008-11-20 01:29:39', 0 ) on conflict (UNIT_DEFAULT_TEST_RUN_ID) do update set UNIT_DEFAULT_TEST_SUM_ID = EXCLUDED.UNIT_DEFAULT_TEST_SUM_ID, OP_LEVEL_NUM = EXCLUDED.OP_LEVEL_NUM, RUN_NUM = EXCLUDED.RUN_NUM, BEGIN_DATE = EXCLUDED.BEGIN_DATE, BEGIN_HOUR = EXCLUDED.BEGIN_HOUR, BEGIN_MIN = EXCLUDED.BEGIN_MIN, END_DATE = EXCLUDED.END_DATE, END_HOUR = EXCLUDED.END_HOUR, END_MIN = EXCLUDED.END_MIN, RESPONSE_TIME = EXCLUDED.RESPONSE_TIME, REF_VALUE = EXCLUDED.REF_VALUE, RUN_USED_IND = EXCLUDED.RUN_USED_IND, USERID = EXCLUDED.USERID, ADD_DATE = EXCLUDED.ADD_DATE, UPDATE_DATE = EXCLUDED.UPDATE_DATE;
/* ORIS:     47    Location: CCT5      Test Type: UNITDEF    Test Num: EPA-UNITDEF-8002      SQL Ord:    7 */ insert into camdecmpswks.UNIT_DEFAULT_TEST_RUN ( UNIT_DEFAULT_TEST_RUN_ID, UNIT_DEFAULT_TEST_SUM_ID, OP_LEVEL_NUM, RUN_NUM, BEGIN_DATE, BEGIN_HOUR, BEGIN_MIN, END_DATE, END_HOUR, END_MIN, RESPONSE_TIME, REF_VALUE, USERID, ADD_DATE, UPDATE_DATE, RUN_USED_IND ) values ( 'EPA-142255C5CF431AA791B00B67672539AB', 'EPA-347B70307FC94F7EAB7E23AC755D4ACC', 3, 3, '2003-02-19', 17, 8, '2003-02-19', 17, 35, 20, 0.534, 'PQAQ4', '2008-11-20 01:29:39', '2008-11-20 01:29:39', 0 ) on conflict (UNIT_DEFAULT_TEST_RUN_ID) do update set UNIT_DEFAULT_TEST_SUM_ID = EXCLUDED.UNIT_DEFAULT_TEST_SUM_ID, OP_LEVEL_NUM = EXCLUDED.OP_LEVEL_NUM, RUN_NUM = EXCLUDED.RUN_NUM, BEGIN_DATE = EXCLUDED.BEGIN_DATE, BEGIN_HOUR = EXCLUDED.BEGIN_HOUR, BEGIN_MIN = EXCLUDED.BEGIN_MIN, END_DATE = EXCLUDED.END_DATE, END_HOUR = EXCLUDED.END_HOUR, END_MIN = EXCLUDED.END_MIN, RESPONSE_TIME = EXCLUDED.RESPONSE_TIME, REF_VALUE = EXCLUDED.REF_VALUE, RUN_USED_IND = EXCLUDED.RUN_USED_IND, USERID = EXCLUDED.USERID, ADD_DATE = EXCLUDED.ADD_DATE, UPDATE_DATE = EXCLUDED.UPDATE_DATE;
/* ORIS:     47    Location: CCT5      Test Type: UNITDEF    Test Num: EPA-UNITDEF-8002      SQL Ord:    7 */ insert into camdecmpswks.UNIT_DEFAULT_TEST_RUN ( UNIT_DEFAULT_TEST_RUN_ID, UNIT_DEFAULT_TEST_SUM_ID, OP_LEVEL_NUM, RUN_NUM, BEGIN_DATE, BEGIN_HOUR, BEGIN_MIN, END_DATE, END_HOUR, END_MIN, RESPONSE_TIME, REF_VALUE, USERID, ADD_DATE, UPDATE_DATE, RUN_USED_IND ) values ( 'EPA-1D7C71F0628A9A4DD2BE7CF1044EA5F6', 'EPA-347B70307FC94F7EAB7E23AC755D4ACC', 1, 3, '2003-02-19', 13, 7, '2003-02-19', 13, 37, 20, 0.359, 'PQAQ4', '2008-11-20 01:29:39', '2008-11-20 01:29:39', 0 ) on conflict (UNIT_DEFAULT_TEST_RUN_ID) do update set UNIT_DEFAULT_TEST_SUM_ID = EXCLUDED.UNIT_DEFAULT_TEST_SUM_ID, OP_LEVEL_NUM = EXCLUDED.OP_LEVEL_NUM, RUN_NUM = EXCLUDED.RUN_NUM, BEGIN_DATE = EXCLUDED.BEGIN_DATE, BEGIN_HOUR = EXCLUDED.BEGIN_HOUR, BEGIN_MIN = EXCLUDED.BEGIN_MIN, END_DATE = EXCLUDED.END_DATE, END_HOUR = EXCLUDED.END_HOUR, END_MIN = EXCLUDED.END_MIN, RESPONSE_TIME = EXCLUDED.RESPONSE_TIME, REF_VALUE = EXCLUDED.REF_VALUE, RUN_USED_IND = EXCLUDED.RUN_USED_IND, USERID = EXCLUDED.USERID, ADD_DATE = EXCLUDED.ADD_DATE, UPDATE_DATE = EXCLUDED.UPDATE_DATE;
/* ORIS:     47    Location: CCT5      Test Type: UNITDEF    Test Num: EPA-UNITDEF-8002      SQL Ord:    7 */ insert into camdecmpswks.UNIT_DEFAULT_TEST_RUN ( UNIT_DEFAULT_TEST_RUN_ID, UNIT_DEFAULT_TEST_SUM_ID, OP_LEVEL_NUM, RUN_NUM, BEGIN_DATE, BEGIN_HOUR, BEGIN_MIN, END_DATE, END_HOUR, END_MIN, RESPONSE_TIME, REF_VALUE, USERID, ADD_DATE, UPDATE_DATE, RUN_USED_IND ) values ( 'EPA-216A65DC9A283D860B85402DB2A40AE0', 'EPA-347B70307FC94F7EAB7E23AC755D4ACC', 3, 1, '2003-02-19', 16, 6, '2003-02-19', 16, 32, 20, 0.544, 'PQAQ4', '2008-11-20 01:29:39', '2008-11-20 01:29:39', 0 ) on conflict (UNIT_DEFAULT_TEST_RUN_ID) do update set UNIT_DEFAULT_TEST_SUM_ID = EXCLUDED.UNIT_DEFAULT_TEST_SUM_ID, OP_LEVEL_NUM = EXCLUDED.OP_LEVEL_NUM, RUN_NUM = EXCLUDED.RUN_NUM, BEGIN_DATE = EXCLUDED.BEGIN_DATE, BEGIN_HOUR = EXCLUDED.BEGIN_HOUR, BEGIN_MIN = EXCLUDED.BEGIN_MIN, END_DATE = EXCLUDED.END_DATE, END_HOUR = EXCLUDED.END_HOUR, END_MIN = EXCLUDED.END_MIN, RESPONSE_TIME = EXCLUDED.RESPONSE_TIME, REF_VALUE = EXCLUDED.REF_VALUE, RUN_USED_IND = EXCLUDED.RUN_USED_IND, USERID = EXCLUDED.USERID, ADD_DATE = EXCLUDED.ADD_DATE, UPDATE_DATE = EXCLUDED.UPDATE_DATE;
/* ORIS:     47    Location: CCT5      Test Type: UNITDEF    Test Num: EPA-UNITDEF-8002      SQL Ord:    7 */ insert into camdecmpswks.UNIT_DEFAULT_TEST_RUN ( UNIT_DEFAULT_TEST_RUN_ID, UNIT_DEFAULT_TEST_SUM_ID, OP_LEVEL_NUM, RUN_NUM, BEGIN_DATE, BEGIN_HOUR, BEGIN_MIN, END_DATE, END_HOUR, END_MIN, RESPONSE_TIME, REF_VALUE, USERID, ADD_DATE, UPDATE_DATE, RUN_USED_IND ) values ( 'EPA-2B0863CA54B544D8D75E36C15B8D969F', 'EPA-347B70307FC94F7EAB7E23AC755D4ACC', 2, 2, '2003-02-21', 6, 11, '2003-02-21', 6, 37, 20, 0.417, 'PQAQ4', '2008-11-20 01:29:39', '2008-11-20 01:29:39', 0 ) on conflict (UNIT_DEFAULT_TEST_RUN_ID) do update set UNIT_DEFAULT_TEST_SUM_ID = EXCLUDED.UNIT_DEFAULT_TEST_SUM_ID, OP_LEVEL_NUM = EXCLUDED.OP_LEVEL_NUM, RUN_NUM = EXCLUDED.RUN_NUM, BEGIN_DATE = EXCLUDED.BEGIN_DATE, BEGIN_HOUR = EXCLUDED.BEGIN_HOUR, BEGIN_MIN = EXCLUDED.BEGIN_MIN, END_DATE = EXCLUDED.END_DATE, END_HOUR = EXCLUDED.END_HOUR, END_MIN = EXCLUDED.END_MIN, RESPONSE_TIME = EXCLUDED.RESPONSE_TIME, REF_VALUE = EXCLUDED.REF_VALUE, RUN_USED_IND = EXCLUDED.RUN_USED_IND, USERID = EXCLUDED.USERID, ADD_DATE = EXCLUDED.ADD_DATE, UPDATE_DATE = EXCLUDED.UPDATE_DATE;
/* ORIS:     47    Location: CCT5      Test Type: UNITDEF    Test Num: EPA-UNITDEF-8002      SQL Ord:    7 */ insert into camdecmpswks.UNIT_DEFAULT_TEST_RUN ( UNIT_DEFAULT_TEST_RUN_ID, UNIT_DEFAULT_TEST_SUM_ID, OP_LEVEL_NUM, RUN_NUM, BEGIN_DATE, BEGIN_HOUR, BEGIN_MIN, END_DATE, END_HOUR, END_MIN, RESPONSE_TIME, REF_VALUE, USERID, ADD_DATE, UPDATE_DATE, RUN_USED_IND ) values ( 'EPA-4DA856ED3EEE13DDDCDA7A113D7F6538', 'EPA-347B70307FC94F7EAB7E23AC755D4ACC', 2, 3, '2003-02-21', 6, 43, '2003-02-21', 7, 9, 20, 0.415, 'PQAQ4', '2008-11-20 01:29:39', '2008-11-20 01:29:39', 0 ) on conflict (UNIT_DEFAULT_TEST_RUN_ID) do update set UNIT_DEFAULT_TEST_SUM_ID = EXCLUDED.UNIT_DEFAULT_TEST_SUM_ID, OP_LEVEL_NUM = EXCLUDED.OP_LEVEL_NUM, RUN_NUM = EXCLUDED.RUN_NUM, BEGIN_DATE = EXCLUDED.BEGIN_DATE, BEGIN_HOUR = EXCLUDED.BEGIN_HOUR, BEGIN_MIN = EXCLUDED.BEGIN_MIN, END_DATE = EXCLUDED.END_DATE, END_HOUR = EXCLUDED.END_HOUR, END_MIN = EXCLUDED.END_MIN, RESPONSE_TIME = EXCLUDED.RESPONSE_TIME, REF_VALUE = EXCLUDED.REF_VALUE, RUN_USED_IND = EXCLUDED.RUN_USED_IND, USERID = EXCLUDED.USERID, ADD_DATE = EXCLUDED.ADD_DATE, UPDATE_DATE = EXCLUDED.UPDATE_DATE;
/* ORIS:     47    Location: CCT5      Test Type: UNITDEF    Test Num: EPA-UNITDEF-8002      SQL Ord:    7 */ insert into camdecmpswks.UNIT_DEFAULT_TEST_RUN ( UNIT_DEFAULT_TEST_RUN_ID, UNIT_DEFAULT_TEST_SUM_ID, OP_LEVEL_NUM, RUN_NUM, BEGIN_DATE, BEGIN_HOUR, BEGIN_MIN, END_DATE, END_HOUR, END_MIN, RESPONSE_TIME, REF_VALUE, USERID, ADD_DATE, UPDATE_DATE, RUN_USED_IND ) values ( 'EPA-75C13A5D63045FEB46C3CAD2E41E0C04', 'EPA-347B70307FC94F7EAB7E23AC755D4ACC', 4, 2, '2003-02-19', 14, 39, '2003-02-19', 15, 6, 20, 0.658, 'PQAQ4', '2008-11-20 01:29:39', '2008-11-20 01:29:39', 1 ) on conflict (UNIT_DEFAULT_TEST_RUN_ID) do update set UNIT_DEFAULT_TEST_SUM_ID = EXCLUDED.UNIT_DEFAULT_TEST_SUM_ID, OP_LEVEL_NUM = EXCLUDED.OP_LEVEL_NUM, RUN_NUM = EXCLUDED.RUN_NUM, BEGIN_DATE = EXCLUDED.BEGIN_DATE, BEGIN_HOUR = EXCLUDED.BEGIN_HOUR, BEGIN_MIN = EXCLUDED.BEGIN_MIN, END_DATE = EXCLUDED.END_DATE, END_HOUR = EXCLUDED.END_HOUR, END_MIN = EXCLUDED.END_MIN, RESPONSE_TIME = EXCLUDED.RESPONSE_TIME, REF_VALUE = EXCLUDED.REF_VALUE, RUN_USED_IND = EXCLUDED.RUN_USED_IND, USERID = EXCLUDED.USERID, ADD_DATE = EXCLUDED.ADD_DATE, UPDATE_DATE = EXCLUDED.UPDATE_DATE;
/* ORIS:     47    Location: CCT5      Test Type: UNITDEF    Test Num: EPA-UNITDEF-8002      SQL Ord:    7 */ insert into camdecmpswks.UNIT_DEFAULT_TEST_RUN ( UNIT_DEFAULT_TEST_RUN_ID, UNIT_DEFAULT_TEST_SUM_ID, OP_LEVEL_NUM, RUN_NUM, BEGIN_DATE, BEGIN_HOUR, BEGIN_MIN, END_DATE, END_HOUR, END_MIN, RESPONSE_TIME, REF_VALUE, USERID, ADD_DATE, UPDATE_DATE, RUN_USED_IND ) values ( 'EPA-77C132014E7E33110A19B4F02F8A0487', 'EPA-347B70307FC94F7EAB7E23AC755D4ACC', 4, 1, '2003-02-19', 14, 6, '2003-02-19', 14, 32, 20, 0.655, 'PQAQ4', '2008-11-20 01:29:39', '2008-11-20 01:29:39', 1 ) on conflict (UNIT_DEFAULT_TEST_RUN_ID) do update set UNIT_DEFAULT_TEST_SUM_ID = EXCLUDED.UNIT_DEFAULT_TEST_SUM_ID, OP_LEVEL_NUM = EXCLUDED.OP_LEVEL_NUM, RUN_NUM = EXCLUDED.RUN_NUM, BEGIN_DATE = EXCLUDED.BEGIN_DATE, BEGIN_HOUR = EXCLUDED.BEGIN_HOUR, BEGIN_MIN = EXCLUDED.BEGIN_MIN, END_DATE = EXCLUDED.END_DATE, END_HOUR = EXCLUDED.END_HOUR, END_MIN = EXCLUDED.END_MIN, RESPONSE_TIME = EXCLUDED.RESPONSE_TIME, REF_VALUE = EXCLUDED.REF_VALUE, RUN_USED_IND = EXCLUDED.RUN_USED_IND, USERID = EXCLUDED.USERID, ADD_DATE = EXCLUDED.ADD_DATE, UPDATE_DATE = EXCLUDED.UPDATE_DATE;
/* ORIS:     47    Location: CCT5      Test Type: UNITDEF    Test Num: EPA-UNITDEF-8002      SQL Ord:    7 */ insert into camdecmpswks.UNIT_DEFAULT_TEST_RUN ( UNIT_DEFAULT_TEST_RUN_ID, UNIT_DEFAULT_TEST_SUM_ID, OP_LEVEL_NUM, RUN_NUM, BEGIN_DATE, BEGIN_HOUR, BEGIN_MIN, END_DATE, END_HOUR, END_MIN, RESPONSE_TIME, REF_VALUE, USERID, ADD_DATE, UPDATE_DATE, RUN_USED_IND ) values ( 'EPA-CD2CD86C86D23BE69709BDC181D2F6DB', 'EPA-347B70307FC94F7EAB7E23AC755D4ACC', 4, 3, '2003-02-19', 15, 13, '2003-02-19', 15, 39, 20, 0.658, 'PQAQ4', '2008-11-20 01:29:39', '2008-11-20 01:29:39', 1 ) on conflict (UNIT_DEFAULT_TEST_RUN_ID) do update set UNIT_DEFAULT_TEST_SUM_ID = EXCLUDED.UNIT_DEFAULT_TEST_SUM_ID, OP_LEVEL_NUM = EXCLUDED.OP_LEVEL_NUM, RUN_NUM = EXCLUDED.RUN_NUM, BEGIN_DATE = EXCLUDED.BEGIN_DATE, BEGIN_HOUR = EXCLUDED.BEGIN_HOUR, BEGIN_MIN = EXCLUDED.BEGIN_MIN, END_DATE = EXCLUDED.END_DATE, END_HOUR = EXCLUDED.END_HOUR, END_MIN = EXCLUDED.END_MIN, RESPONSE_TIME = EXCLUDED.RESPONSE_TIME, REF_VALUE = EXCLUDED.REF_VALUE, RUN_USED_IND = EXCLUDED.RUN_USED_IND, USERID = EXCLUDED.USERID, ADD_DATE = EXCLUDED.ADD_DATE, UPDATE_DATE = EXCLUDED.UPDATE_DATE;
/* ORIS:     47    Location: CCT5      Test Type: UNITDEF    Test Num: EPA-UNITDEF-8002      SQL Ord:    7 */ insert into camdecmpswks.UNIT_DEFAULT_TEST_RUN ( UNIT_DEFAULT_TEST_RUN_ID, UNIT_DEFAULT_TEST_SUM_ID, OP_LEVEL_NUM, RUN_NUM, BEGIN_DATE, BEGIN_HOUR, BEGIN_MIN, END_DATE, END_HOUR, END_MIN, RESPONSE_TIME, REF_VALUE, USERID, ADD_DATE, UPDATE_DATE, RUN_USED_IND ) values ( 'EPA-CF12176E66B5E24BC5D9203084FF0580', 'EPA-347B70307FC94F7EAB7E23AC755D4ACC', 3, 2, '2003-02-19', 16, 37, '2003-02-19', 17, 3, 20, 0.536, 'PQAQ4', '2008-11-20 01:29:39', '2008-11-20 01:29:39', 0 ) on conflict (UNIT_DEFAULT_TEST_RUN_ID) do update set UNIT_DEFAULT_TEST_SUM_ID = EXCLUDED.UNIT_DEFAULT_TEST_SUM_ID, OP_LEVEL_NUM = EXCLUDED.OP_LEVEL_NUM, RUN_NUM = EXCLUDED.RUN_NUM, BEGIN_DATE = EXCLUDED.BEGIN_DATE, BEGIN_HOUR = EXCLUDED.BEGIN_HOUR, BEGIN_MIN = EXCLUDED.BEGIN_MIN, END_DATE = EXCLUDED.END_DATE, END_HOUR = EXCLUDED.END_HOUR, END_MIN = EXCLUDED.END_MIN, RESPONSE_TIME = EXCLUDED.RESPONSE_TIME, REF_VALUE = EXCLUDED.REF_VALUE, RUN_USED_IND = EXCLUDED.RUN_USED_IND, USERID = EXCLUDED.USERID, ADD_DATE = EXCLUDED.ADD_DATE, UPDATE_DATE = EXCLUDED.UPDATE_DATE;
/* ORIS:     47    Location: CCT5      Test Type: UNITDEF    Test Num: EPA-UNITDEF-8002      SQL Ord:    7 */ insert into camdecmpswks.UNIT_DEFAULT_TEST_RUN ( UNIT_DEFAULT_TEST_RUN_ID, UNIT_DEFAULT_TEST_SUM_ID, OP_LEVEL_NUM, RUN_NUM, BEGIN_DATE, BEGIN_HOUR, BEGIN_MIN, END_DATE, END_HOUR, END_MIN, RESPONSE_TIME, REF_VALUE, USERID, ADD_DATE, UPDATE_DATE, RUN_USED_IND ) values ( 'EPA-EA407D7032C93E595FCE8CA9DE081389', 'EPA-347B70307FC94F7EAB7E23AC755D4ACC', 1, 1, '2003-02-19', 9, 41, '2003-02-19', 12, 9, 20, 0.353, 'PQAQ4', '2008-11-20 01:29:39', '2008-11-20 01:29:39', 0 ) on conflict (UNIT_DEFAULT_TEST_RUN_ID) do update set UNIT_DEFAULT_TEST_SUM_ID = EXCLUDED.UNIT_DEFAULT_TEST_SUM_ID, OP_LEVEL_NUM = EXCLUDED.OP_LEVEL_NUM, RUN_NUM = EXCLUDED.RUN_NUM, BEGIN_DATE = EXCLUDED.BEGIN_DATE, BEGIN_HOUR = EXCLUDED.BEGIN_HOUR, BEGIN_MIN = EXCLUDED.BEGIN_MIN, END_DATE = EXCLUDED.END_DATE, END_HOUR = EXCLUDED.END_HOUR, END_MIN = EXCLUDED.END_MIN, RESPONSE_TIME = EXCLUDED.RESPONSE_TIME, REF_VALUE = EXCLUDED.REF_VALUE, RUN_USED_IND = EXCLUDED.RUN_USED_IND, USERID = EXCLUDED.USERID, ADD_DATE = EXCLUDED.ADD_DATE, UPDATE_DATE = EXCLUDED.UPDATE_DATE;
/* ORIS:     47    Location: CCT5      Test Type: UNITDEF    Test Num: EPA-UNITDEF-8003      SQL Ord:    1 */ delete from camdecmpswks.TEST_SUMMARY where TEST_SUM_ID = 'EPA-3E4B9A21200A446B8197C2C030BF2714';
/* ORIS:     47    Location: CCT5      Test Type: UNITDEF    Test Num: EPA-UNITDEF-8003      SQL Ord:    2 */ insert into camdecmpswks.TEST_SUMMARY ( TEST_SUM_ID, MON_LOC_ID, TEST_TYPE_CD, TEST_NUM, MON_SYS_ID, COMPONENT_ID, GP_IND, TEST_REASON_CD, TEST_RESULT_CD, RPT_PERIOD_ID, BEGIN_DATE, BEGIN_HOUR, BEGIN_MIN, END_DATE, END_HOUR, END_MIN, SPAN_SCALE_CD, INJECTION_PROTOCOL_CD, TEST_COMMENT, TEST_DESCRIPTION, CALC_GP_IND, CALC_TEST_RESULT_CD, CALC_SPAN_VALUE, LAST_UPDATED, UPDATED_STATUS_FLG, NEEDS_EVAL_FLG, CHK_SESSION_ID, USERID, ADD_DATE, UPDATE_DATE ) values ( 'EPA-3E4B9A21200A446B8197C2C030BF2714', '4357', 'UNITDEF', 'EPA-UNITDEF-8003', NULL, NULL, 0, 'QA', NULL, NULL, '2008-02-01', 7, 6, '2008-02-01', 10, 8, NULL, NULL, NULL, NULL, NULL, NULL, NULL, '2021-12-21 17:12:16', 'Y', 'N', 'CHV-LGIANN-FBE7378C038C4946927FAC06A8BC6D8A', 'esupport', '2008-11-20 01:29:40', '2021-12-21 22:08:02' ) on conflict (TEST_SUM_ID) do update set MON_LOC_ID = EXCLUDED.MON_LOC_ID, TEST_TYPE_CD = EXCLUDED.TEST_TYPE_CD, TEST_NUM = EXCLUDED.TEST_NUM, MON_SYS_ID = EXCLUDED.MON_SYS_ID, COMPONENT_ID = EXCLUDED.COMPONENT_ID, GP_IND = EXCLUDED.GP_IND, TEST_REASON_CD = EXCLUDED.TEST_REASON_CD, TEST_RESULT_CD = EXCLUDED.TEST_RESULT_CD, RPT_PERIOD_ID = EXCLUDED.RPT_PERIOD_ID, BEGIN_DATE = EXCLUDED.BEGIN_DATE, BEGIN_HOUR = EXCLUDED.BEGIN_HOUR, BEGIN_MIN = EXCLUDED.BEGIN_MIN, END_DATE = EXCLUDED.END_DATE, END_HOUR = EXCLUDED.END_HOUR, END_MIN = EXCLUDED.END_MIN, SPAN_SCALE_CD = EXCLUDED.SPAN_SCALE_CD, INJECTION_PROTOCOL_CD = EXCLUDED.INJECTION_PROTOCOL_CD, TEST_COMMENT = EXCLUDED.TEST_COMMENT, TEST_DESCRIPTION = EXCLUDED.TEST_DESCRIPTION, CALC_GP_IND = EXCLUDED.CALC_GP_IND, CALC_TEST_RESULT_CD = EXCLUDED.CALC_TEST_RESULT_CD, CALC_SPAN_VALUE = EXCLUDED.CALC_SPAN_VALUE, LAST_UPDATED = EXCLUDED.LAST_UPDATED, UPDATED_STATUS_FLG = EXCLUDED.UPDATED_STATUS_FLG, NEEDS_EVAL_FLG = EXCLUDED.NEEDS_EVAL_FLG, CHK_SESSION_ID = EXCLUDED.CHK_SESSION_ID, USERID = EXCLUDED.USERID, ADD_DATE = EXCLUDED.ADD_DATE, UPDATE_DATE = EXCLUDED.UPDATE_DATE;
/* ORIS:     47    Location: CCT5      Test Type: UNITDEF    Test Num: EPA-UNITDEF-8003      SQL Ord:    6 */ insert into camdecmpswks.UNIT_DEFAULT_TEST ( UNIT_DEFAULT_TEST_SUM_ID, TEST_SUM_ID, FUEL_CD, OPERATING_CONDITION_CD, NOX_DEFAULT_RATE, CALC_NOX_DEFAULT_RATE, GROUP_ID, NUM_UNITS_IN_GROUP, NUM_TESTS_FOR_GROUP, USERID, ADD_DATE, UPDATE_DATE ) values ( '22BXS71-B87206878A584146B630522F42A4FA3D', 'EPA-3E4B9A21200A446B8197C2C030BF2714', 'DSL', NULL, 0.693, 0.693, 'G20047', 8, 3, 'esupport', '2011-04-22 10:51:30', '2021-12-21 22:08:02' ) on conflict (UNIT_DEFAULT_TEST_SUM_ID) do update set TEST_SUM_ID = EXCLUDED.TEST_SUM_ID, FUEL_CD = EXCLUDED.FUEL_CD, OPERATING_CONDITION_CD = EXCLUDED.OPERATING_CONDITION_CD, NOX_DEFAULT_RATE = EXCLUDED.NOX_DEFAULT_RATE, CALC_NOX_DEFAULT_RATE = EXCLUDED.CALC_NOX_DEFAULT_RATE, GROUP_ID = EXCLUDED.GROUP_ID, NUM_UNITS_IN_GROUP = EXCLUDED.NUM_UNITS_IN_GROUP, NUM_TESTS_FOR_GROUP = EXCLUDED.NUM_TESTS_FOR_GROUP, USERID = EXCLUDED.USERID, ADD_DATE = EXCLUDED.ADD_DATE, UPDATE_DATE = EXCLUDED.UPDATE_DATE;
/* ORIS:     47    Location: CCT5      Test Type: UNITDEF    Test Num: EPA-UNITDEF-8003      SQL Ord:    7 */ insert into camdecmpswks.UNIT_DEFAULT_TEST_RUN ( UNIT_DEFAULT_TEST_RUN_ID, UNIT_DEFAULT_TEST_SUM_ID, OP_LEVEL_NUM, RUN_NUM, BEGIN_DATE, BEGIN_HOUR, BEGIN_MIN, END_DATE, END_HOUR, END_MIN, RESPONSE_TIME, REF_VALUE, USERID, ADD_DATE, UPDATE_DATE, RUN_USED_IND ) values ( '22BXS71-071AC15E74FB4528AC8622E92C3000B8', '22BXS71-B87206878A584146B630522F42A4FA3D', 1, 1, '2008-02-01', 7, 6, '2008-02-01', 7, 54, 1, 0.695, 'rhirsch', '2011-04-22 10:51:30', NULL, 1 ) on conflict (UNIT_DEFAULT_TEST_RUN_ID) do update set UNIT_DEFAULT_TEST_SUM_ID = EXCLUDED.UNIT_DEFAULT_TEST_SUM_ID, OP_LEVEL_NUM = EXCLUDED.OP_LEVEL_NUM, RUN_NUM = EXCLUDED.RUN_NUM, BEGIN_DATE = EXCLUDED.BEGIN_DATE, BEGIN_HOUR = EXCLUDED.BEGIN_HOUR, BEGIN_MIN = EXCLUDED.BEGIN_MIN, END_DATE = EXCLUDED.END_DATE, END_HOUR = EXCLUDED.END_HOUR, END_MIN = EXCLUDED.END_MIN, RESPONSE_TIME = EXCLUDED.RESPONSE_TIME, REF_VALUE = EXCLUDED.REF_VALUE, RUN_USED_IND = EXCLUDED.RUN_USED_IND, USERID = EXCLUDED.USERID, ADD_DATE = EXCLUDED.ADD_DATE, UPDATE_DATE = EXCLUDED.UPDATE_DATE;
/* ORIS:     47    Location: CCT5      Test Type: UNITDEF    Test Num: EPA-UNITDEF-8003      SQL Ord:    7 */ insert into camdecmpswks.UNIT_DEFAULT_TEST_RUN ( UNIT_DEFAULT_TEST_RUN_ID, UNIT_DEFAULT_TEST_SUM_ID, OP_LEVEL_NUM, RUN_NUM, BEGIN_DATE, BEGIN_HOUR, BEGIN_MIN, END_DATE, END_HOUR, END_MIN, RESPONSE_TIME, REF_VALUE, USERID, ADD_DATE, UPDATE_DATE, RUN_USED_IND ) values ( '22BXS71-831BE5D90F844C96BF3A109572CE5F46', '22BXS71-B87206878A584146B630522F42A4FA3D', 1, 3, '2008-02-01', 9, 3, '2008-02-01', 25, 8, 1, 0.696, 'esupport', '2011-04-22 10:51:30', '2021-12-21 17:12:16', 1 ) on conflict (UNIT_DEFAULT_TEST_RUN_ID) do update set UNIT_DEFAULT_TEST_SUM_ID = EXCLUDED.UNIT_DEFAULT_TEST_SUM_ID, OP_LEVEL_NUM = EXCLUDED.OP_LEVEL_NUM, RUN_NUM = EXCLUDED.RUN_NUM, BEGIN_DATE = EXCLUDED.BEGIN_DATE, BEGIN_HOUR = EXCLUDED.BEGIN_HOUR, BEGIN_MIN = EXCLUDED.BEGIN_MIN, END_DATE = EXCLUDED.END_DATE, END_HOUR = EXCLUDED.END_HOUR, END_MIN = EXCLUDED.END_MIN, RESPONSE_TIME = EXCLUDED.RESPONSE_TIME, REF_VALUE = EXCLUDED.REF_VALUE, RUN_USED_IND = EXCLUDED.RUN_USED_IND, USERID = EXCLUDED.USERID, ADD_DATE = EXCLUDED.ADD_DATE, UPDATE_DATE = EXCLUDED.UPDATE_DATE;
/* ORIS:     47    Location: CCT5      Test Type: UNITDEF    Test Num: EPA-UNITDEF-8003      SQL Ord:    7 */ insert into camdecmpswks.UNIT_DEFAULT_TEST_RUN ( UNIT_DEFAULT_TEST_RUN_ID, UNIT_DEFAULT_TEST_SUM_ID, OP_LEVEL_NUM, RUN_NUM, BEGIN_DATE, BEGIN_HOUR, BEGIN_MIN, END_DATE, END_HOUR, END_MIN, RESPONSE_TIME, REF_VALUE, USERID, ADD_DATE, UPDATE_DATE, RUN_USED_IND ) values ( '22BXS71-D2866975DBD84CBD8706CAD34F811808', '22BXS71-B87206878A584146B630522F42A4FA3D', 1, 2, '2008-02-01', 8, 4, '2008-02-01', 8, 52, 1, 0.689, 'rhirsch', '2011-04-22 10:51:30', NULL, 1 ) on conflict (UNIT_DEFAULT_TEST_RUN_ID) do update set UNIT_DEFAULT_TEST_SUM_ID = EXCLUDED.UNIT_DEFAULT_TEST_SUM_ID, OP_LEVEL_NUM = EXCLUDED.OP_LEVEL_NUM, RUN_NUM = EXCLUDED.RUN_NUM, BEGIN_DATE = EXCLUDED.BEGIN_DATE, BEGIN_HOUR = EXCLUDED.BEGIN_HOUR, BEGIN_MIN = EXCLUDED.BEGIN_MIN, END_DATE = EXCLUDED.END_DATE, END_HOUR = EXCLUDED.END_HOUR, END_MIN = EXCLUDED.END_MIN, RESPONSE_TIME = EXCLUDED.RESPONSE_TIME, REF_VALUE = EXCLUDED.REF_VALUE, RUN_USED_IND = EXCLUDED.RUN_USED_IND, USERID = EXCLUDED.USERID, ADD_DATE = EXCLUDED.ADD_DATE, UPDATE_DATE = EXCLUDED.UPDATE_DATE;
/* ORIS:     47    Location: CCT5      Test Type: UNITDEF    Test Num: EPA-UNITDEF-8004      SQL Ord:    1 */ delete from camdecmpswks.TEST_SUMMARY where TEST_SUM_ID = 'EPA-D166723B833640B783DFFE9CD22782CA';
/* ORIS:     47    Location: CCT5      Test Type: UNITDEF    Test Num: EPA-UNITDEF-8004      SQL Ord:    2 */ insert into camdecmpswks.TEST_SUMMARY ( TEST_SUM_ID, MON_LOC_ID, TEST_TYPE_CD, TEST_NUM, MON_SYS_ID, COMPONENT_ID, GP_IND, TEST_REASON_CD, TEST_RESULT_CD, RPT_PERIOD_ID, BEGIN_DATE, BEGIN_HOUR, BEGIN_MIN, END_DATE, END_HOUR, END_MIN, SPAN_SCALE_CD, INJECTION_PROTOCOL_CD, TEST_COMMENT, TEST_DESCRIPTION, CALC_GP_IND, CALC_TEST_RESULT_CD, CALC_SPAN_VALUE, LAST_UPDATED, UPDATED_STATUS_FLG, NEEDS_EVAL_FLG, CHK_SESSION_ID, USERID, ADD_DATE, UPDATE_DATE ) values ( 'EPA-D166723B833640B783DFFE9CD22782CA', '4357', 'UNITDEF', 'EPA-UNITDEF-8004', NULL, NULL, 0, 'QA', NULL, NULL, '2008-02-01', 10, 28, '2008-02-01', 13, 13, NULL, NULL, NULL, NULL, NULL, NULL, NULL, '2021-12-21 19:28:06', 'Y', 'N', 'CHV-LGIANN-EFE54AD3B94042B1AE332AB004F06627', 'esupport', '2008-11-20 01:29:40', '2021-12-21 22:08:04' ) on conflict (TEST_SUM_ID) do update set MON_LOC_ID = EXCLUDED.MON_LOC_ID, TEST_TYPE_CD = EXCLUDED.TEST_TYPE_CD, TEST_NUM = EXCLUDED.TEST_NUM, MON_SYS_ID = EXCLUDED.MON_SYS_ID, COMPONENT_ID = EXCLUDED.COMPONENT_ID, GP_IND = EXCLUDED.GP_IND, TEST_REASON_CD = EXCLUDED.TEST_REASON_CD, TEST_RESULT_CD = EXCLUDED.TEST_RESULT_CD, RPT_PERIOD_ID = EXCLUDED.RPT_PERIOD_ID, BEGIN_DATE = EXCLUDED.BEGIN_DATE, BEGIN_HOUR = EXCLUDED.BEGIN_HOUR, BEGIN_MIN = EXCLUDED.BEGIN_MIN, END_DATE = EXCLUDED.END_DATE, END_HOUR = EXCLUDED.END_HOUR, END_MIN = EXCLUDED.END_MIN, SPAN_SCALE_CD = EXCLUDED.SPAN_SCALE_CD, INJECTION_PROTOCOL_CD = EXCLUDED.INJECTION_PROTOCOL_CD, TEST_COMMENT = EXCLUDED.TEST_COMMENT, TEST_DESCRIPTION = EXCLUDED.TEST_DESCRIPTION, CALC_GP_IND = EXCLUDED.CALC_GP_IND, CALC_TEST_RESULT_CD = EXCLUDED.CALC_TEST_RESULT_CD, CALC_SPAN_VALUE = EXCLUDED.CALC_SPAN_VALUE, LAST_UPDATED = EXCLUDED.LAST_UPDATED, UPDATED_STATUS_FLG = EXCLUDED.UPDATED_STATUS_FLG, NEEDS_EVAL_FLG = EXCLUDED.NEEDS_EVAL_FLG, CHK_SESSION_ID = EXCLUDED.CHK_SESSION_ID, USERID = EXCLUDED.USERID, ADD_DATE = EXCLUDED.ADD_DATE, UPDATE_DATE = EXCLUDED.UPDATE_DATE;
/* ORIS:     47    Location: CCT5      Test Type: UNITDEF    Test Num: EPA-UNITDEF-8004      SQL Ord:    6 */ insert into camdecmpswks.UNIT_DEFAULT_TEST ( UNIT_DEFAULT_TEST_SUM_ID, TEST_SUM_ID, FUEL_CD, OPERATING_CONDITION_CD, NOX_DEFAULT_RATE, CALC_NOX_DEFAULT_RATE, GROUP_ID, NUM_UNITS_IN_GROUP, NUM_TESTS_FOR_GROUP, USERID, ADD_DATE, UPDATE_DATE ) values ( '22BXS71-4B2EB58AEAE24CCC8B973E5BB95D1608', 'EPA-D166723B833640B783DFFE9CD22782CA', 'PNG', NULL, 0.358, 0.358, 'G10047', 8, 3, 'esupport', '2011-04-22 10:51:30', '2021-12-21 22:08:04' ) on conflict (UNIT_DEFAULT_TEST_SUM_ID) do update set TEST_SUM_ID = EXCLUDED.TEST_SUM_ID, FUEL_CD = EXCLUDED.FUEL_CD, OPERATING_CONDITION_CD = EXCLUDED.OPERATING_CONDITION_CD, NOX_DEFAULT_RATE = EXCLUDED.NOX_DEFAULT_RATE, CALC_NOX_DEFAULT_RATE = EXCLUDED.CALC_NOX_DEFAULT_RATE, GROUP_ID = EXCLUDED.GROUP_ID, NUM_UNITS_IN_GROUP = EXCLUDED.NUM_UNITS_IN_GROUP, NUM_TESTS_FOR_GROUP = EXCLUDED.NUM_TESTS_FOR_GROUP, USERID = EXCLUDED.USERID, ADD_DATE = EXCLUDED.ADD_DATE, UPDATE_DATE = EXCLUDED.UPDATE_DATE;
/* ORIS:     47    Location: CCT5      Test Type: UNITDEF    Test Num: EPA-UNITDEF-8004      SQL Ord:    7 */ insert into camdecmpswks.UNIT_DEFAULT_TEST_RUN ( UNIT_DEFAULT_TEST_RUN_ID, UNIT_DEFAULT_TEST_SUM_ID, OP_LEVEL_NUM, RUN_NUM, BEGIN_DATE, BEGIN_HOUR, BEGIN_MIN, END_DATE, END_HOUR, END_MIN, RESPONSE_TIME, REF_VALUE, USERID, ADD_DATE, UPDATE_DATE, RUN_USED_IND ) values ( '22BXS71-335FFF879BA943C4862503E7383E825C', '22BXS71-4B2EB58AEAE24CCC8B973E5BB95D1608', 1, 2, '2008-02-01', 11, 26, '2008-02-01', 12, 13, 1, 0.353, 'rhirsch', '2011-04-22 10:51:30', NULL, 1 ) on conflict (UNIT_DEFAULT_TEST_RUN_ID) do update set UNIT_DEFAULT_TEST_SUM_ID = EXCLUDED.UNIT_DEFAULT_TEST_SUM_ID, OP_LEVEL_NUM = EXCLUDED.OP_LEVEL_NUM, RUN_NUM = EXCLUDED.RUN_NUM, BEGIN_DATE = EXCLUDED.BEGIN_DATE, BEGIN_HOUR = EXCLUDED.BEGIN_HOUR, BEGIN_MIN = EXCLUDED.BEGIN_MIN, END_DATE = EXCLUDED.END_DATE, END_HOUR = EXCLUDED.END_HOUR, END_MIN = EXCLUDED.END_MIN, RESPONSE_TIME = EXCLUDED.RESPONSE_TIME, REF_VALUE = EXCLUDED.REF_VALUE, RUN_USED_IND = EXCLUDED.RUN_USED_IND, USERID = EXCLUDED.USERID, ADD_DATE = EXCLUDED.ADD_DATE, UPDATE_DATE = EXCLUDED.UPDATE_DATE;
/* ORIS:     47    Location: CCT5      Test Type: UNITDEF    Test Num: EPA-UNITDEF-8004      SQL Ord:    7 */ insert into camdecmpswks.UNIT_DEFAULT_TEST_RUN ( UNIT_DEFAULT_TEST_RUN_ID, UNIT_DEFAULT_TEST_SUM_ID, OP_LEVEL_NUM, RUN_NUM, BEGIN_DATE, BEGIN_HOUR, BEGIN_MIN, END_DATE, END_HOUR, END_MIN, RESPONSE_TIME, REF_VALUE, USERID, ADD_DATE, UPDATE_DATE, RUN_USED_IND ) values ( '22BXS71-9B77571FB94C47E19E15E4F5C86CF6C0', '22BXS71-4B2EB58AEAE24CCC8B973E5BB95D1608', 1, 3, '2008-02-01', 12, 24, '2008-02-01', 13, 13, 1, 0.357, 'rhirsch', '2011-04-22 10:51:30', NULL, 1 ) on conflict (UNIT_DEFAULT_TEST_RUN_ID) do update set UNIT_DEFAULT_TEST_SUM_ID = EXCLUDED.UNIT_DEFAULT_TEST_SUM_ID, OP_LEVEL_NUM = EXCLUDED.OP_LEVEL_NUM, RUN_NUM = EXCLUDED.RUN_NUM, BEGIN_DATE = EXCLUDED.BEGIN_DATE, BEGIN_HOUR = EXCLUDED.BEGIN_HOUR, BEGIN_MIN = EXCLUDED.BEGIN_MIN, END_DATE = EXCLUDED.END_DATE, END_HOUR = EXCLUDED.END_HOUR, END_MIN = EXCLUDED.END_MIN, RESPONSE_TIME = EXCLUDED.RESPONSE_TIME, REF_VALUE = EXCLUDED.REF_VALUE, RUN_USED_IND = EXCLUDED.RUN_USED_IND, USERID = EXCLUDED.USERID, ADD_DATE = EXCLUDED.ADD_DATE, UPDATE_DATE = EXCLUDED.UPDATE_DATE;
/* ORIS:     47    Location: CCT5      Test Type: UNITDEF    Test Num: EPA-UNITDEF-8004      SQL Ord:    7 */ insert into camdecmpswks.UNIT_DEFAULT_TEST_RUN ( UNIT_DEFAULT_TEST_RUN_ID, UNIT_DEFAULT_TEST_SUM_ID, OP_LEVEL_NUM, RUN_NUM, BEGIN_DATE, BEGIN_HOUR, BEGIN_MIN, END_DATE, END_HOUR, END_MIN, RESPONSE_TIME, REF_VALUE, USERID, ADD_DATE, UPDATE_DATE, RUN_USED_IND ) values ( '22BXS71-A45725D1DED043D4978F530E2F0B2A37', '22BXS71-4B2EB58AEAE24CCC8B973E5BB95D1608', 1, 1, '2008-02-01', 10, 28, '2008-02-01', 11, 15, -1, 0.365, 'esupport', '2011-04-22 10:51:30', '2021-12-21 19:28:02', 1 ) on conflict (UNIT_DEFAULT_TEST_RUN_ID) do update set UNIT_DEFAULT_TEST_SUM_ID = EXCLUDED.UNIT_DEFAULT_TEST_SUM_ID, OP_LEVEL_NUM = EXCLUDED.OP_LEVEL_NUM, RUN_NUM = EXCLUDED.RUN_NUM, BEGIN_DATE = EXCLUDED.BEGIN_DATE, BEGIN_HOUR = EXCLUDED.BEGIN_HOUR, BEGIN_MIN = EXCLUDED.BEGIN_MIN, END_DATE = EXCLUDED.END_DATE, END_HOUR = EXCLUDED.END_HOUR, END_MIN = EXCLUDED.END_MIN, RESPONSE_TIME = EXCLUDED.RESPONSE_TIME, REF_VALUE = EXCLUDED.REF_VALUE, RUN_USED_IND = EXCLUDED.RUN_USED_IND, USERID = EXCLUDED.USERID, ADD_DATE = EXCLUDED.ADD_DATE, UPDATE_DATE = EXCLUDED.UPDATE_DATE;
/* ORIS:     47    Location: CCT5      Test Type: UNITDEF    Test Num: UNITDEF-GAS-2012      SQL Ord:    1 */ delete from camdecmpswks.TEST_SUMMARY where TEST_SUM_ID = '22BXS71-A209A3F7E31B425B8A86E235D2278B7A';
/* ORIS:     47    Location: CCT5      Test Type: UNITDEF    Test Num: UNITDEF-GAS-2012      SQL Ord:    2 */ insert into camdecmpswks.TEST_SUMMARY ( TEST_SUM_ID, MON_LOC_ID, TEST_TYPE_CD, TEST_NUM, MON_SYS_ID, COMPONENT_ID, GP_IND, TEST_REASON_CD, TEST_RESULT_CD, RPT_PERIOD_ID, BEGIN_DATE, BEGIN_HOUR, BEGIN_MIN, END_DATE, END_HOUR, END_MIN, SPAN_SCALE_CD, INJECTION_PROTOCOL_CD, TEST_COMMENT, TEST_DESCRIPTION, CALC_GP_IND, CALC_TEST_RESULT_CD, CALC_SPAN_VALUE, LAST_UPDATED, UPDATED_STATUS_FLG, NEEDS_EVAL_FLG, CHK_SESSION_ID, USERID, ADD_DATE, UPDATE_DATE ) values ( '22BXS71-A209A3F7E31B425B8A86E235D2278B7A', '4357', 'UNITDEF', 'UNITDEF-GAS-2012', NULL, NULL, NULL, 'QA', NULL, NULL, '2012-11-29', 7, 53, '2012-11-29', 11, 5, NULL, NULL, NULL, NULL, NULL, NULL, NULL, '2021-12-21 20:01:12', 'Y', 'N', 'CHV-LGIANN-190D5C6C7EC94E8CBE506F8544A99318', 'esupport', '2013-01-23 02:08:16', '2021-12-21 22:08:05' ) on conflict (TEST_SUM_ID) do update set MON_LOC_ID = EXCLUDED.MON_LOC_ID, TEST_TYPE_CD = EXCLUDED.TEST_TYPE_CD, TEST_NUM = EXCLUDED.TEST_NUM, MON_SYS_ID = EXCLUDED.MON_SYS_ID, COMPONENT_ID = EXCLUDED.COMPONENT_ID, GP_IND = EXCLUDED.GP_IND, TEST_REASON_CD = EXCLUDED.TEST_REASON_CD, TEST_RESULT_CD = EXCLUDED.TEST_RESULT_CD, RPT_PERIOD_ID = EXCLUDED.RPT_PERIOD_ID, BEGIN_DATE = EXCLUDED.BEGIN_DATE, BEGIN_HOUR = EXCLUDED.BEGIN_HOUR, BEGIN_MIN = EXCLUDED.BEGIN_MIN, END_DATE = EXCLUDED.END_DATE, END_HOUR = EXCLUDED.END_HOUR, END_MIN = EXCLUDED.END_MIN, SPAN_SCALE_CD = EXCLUDED.SPAN_SCALE_CD, INJECTION_PROTOCOL_CD = EXCLUDED.INJECTION_PROTOCOL_CD, TEST_COMMENT = EXCLUDED.TEST_COMMENT, TEST_DESCRIPTION = EXCLUDED.TEST_DESCRIPTION, CALC_GP_IND = EXCLUDED.CALC_GP_IND, CALC_TEST_RESULT_CD = EXCLUDED.CALC_TEST_RESULT_CD, CALC_SPAN_VALUE = EXCLUDED.CALC_SPAN_VALUE, LAST_UPDATED = EXCLUDED.LAST_UPDATED, UPDATED_STATUS_FLG = EXCLUDED.UPDATED_STATUS_FLG, NEEDS_EVAL_FLG = EXCLUDED.NEEDS_EVAL_FLG, CHK_SESSION_ID = EXCLUDED.CHK_SESSION_ID, USERID = EXCLUDED.USERID, ADD_DATE = EXCLUDED.ADD_DATE, UPDATE_DATE = EXCLUDED.UPDATE_DATE;
/* ORIS:     47    Location: CCT5      Test Type: UNITDEF    Test Num: UNITDEF-GAS-2012      SQL Ord:    3 */ insert into camdecmpswks.PROTOCOL_GAS ( PROTOCOL_GAS_ID, TEST_SUM_ID, GAS_LEVEL_CD, GAS_TYPE_CD, VENDOR_ID, CYLINDER_ID, EXPIRATION_DATE, USERID, ADD_DATE, UPDATE_DATE ) values ( '22BXS71-149966F4DF114FDDA5E81F3E20B93279', '22BXS71-A209A3F7E31B425B8A86E235D2278B7A', 'MID', 'O2', 'A12011', 'ALM003261', '2019-07-12', 'rhirsch', '2013-01-23 02:08:25', NULL ) on conflict (PROTOCOL_GAS_ID) do update set TEST_SUM_ID = EXCLUDED.TEST_SUM_ID, GAS_LEVEL_CD = EXCLUDED.GAS_LEVEL_CD, GAS_TYPE_CD = EXCLUDED.GAS_TYPE_CD, VENDOR_ID = EXCLUDED.VENDOR_ID, CYLINDER_ID = EXCLUDED.CYLINDER_ID, EXPIRATION_DATE = EXCLUDED.EXPIRATION_DATE, USERID = EXCLUDED.USERID, ADD_DATE = EXCLUDED.ADD_DATE, UPDATE_DATE = EXCLUDED.UPDATE_DATE;
/* ORIS:     47    Location: CCT5      Test Type: UNITDEF    Test Num: UNITDEF-GAS-2012      SQL Ord:    3 */ insert into camdecmpswks.PROTOCOL_GAS ( PROTOCOL_GAS_ID, TEST_SUM_ID, GAS_LEVEL_CD, GAS_TYPE_CD, VENDOR_ID, CYLINDER_ID, EXPIRATION_DATE, USERID, ADD_DATE, UPDATE_DATE ) values ( '22BXS71-8FE96DAE1D8248AC9A5F31A203590F65', '22BXS71-A209A3F7E31B425B8A86E235D2278B7A', 'HIGH', 'NO', 'A12011', 'AAL4304', '2019-01-06', 'rhirsch', '2013-01-23 02:08:25', NULL ) on conflict (PROTOCOL_GAS_ID) do update set TEST_SUM_ID = EXCLUDED.TEST_SUM_ID, GAS_LEVEL_CD = EXCLUDED.GAS_LEVEL_CD, GAS_TYPE_CD = EXCLUDED.GAS_TYPE_CD, VENDOR_ID = EXCLUDED.VENDOR_ID, CYLINDER_ID = EXCLUDED.CYLINDER_ID, EXPIRATION_DATE = EXCLUDED.EXPIRATION_DATE, USERID = EXCLUDED.USERID, ADD_DATE = EXCLUDED.ADD_DATE, UPDATE_DATE = EXCLUDED.UPDATE_DATE;
/* ORIS:     47    Location: CCT5      Test Type: UNITDEF    Test Num: UNITDEF-GAS-2012      SQL Ord:    3 */ insert into camdecmpswks.PROTOCOL_GAS ( PROTOCOL_GAS_ID, TEST_SUM_ID, GAS_LEVEL_CD, GAS_TYPE_CD, VENDOR_ID, CYLINDER_ID, EXPIRATION_DATE, USERID, ADD_DATE, UPDATE_DATE ) values ( '22BXS71-9418D4F82F8C4E309298B7B3F576D6DB', '22BXS71-A209A3F7E31B425B8A86E235D2278B7A', 'MID', 'NO', 'A12011', 'CC64046', '2013-10-10', 'rhirsch', '2013-01-23 02:08:25', NULL ) on conflict (PROTOCOL_GAS_ID) do update set TEST_SUM_ID = EXCLUDED.TEST_SUM_ID, GAS_LEVEL_CD = EXCLUDED.GAS_LEVEL_CD, GAS_TYPE_CD = EXCLUDED.GAS_TYPE_CD, VENDOR_ID = EXCLUDED.VENDOR_ID, CYLINDER_ID = EXCLUDED.CYLINDER_ID, EXPIRATION_DATE = EXCLUDED.EXPIRATION_DATE, USERID = EXCLUDED.USERID, ADD_DATE = EXCLUDED.ADD_DATE, UPDATE_DATE = EXCLUDED.UPDATE_DATE;
/* ORIS:     47    Location: CCT5      Test Type: UNITDEF    Test Num: UNITDEF-GAS-2012      SQL Ord:    3 */ insert into camdecmpswks.PROTOCOL_GAS ( PROTOCOL_GAS_ID, TEST_SUM_ID, GAS_LEVEL_CD, GAS_TYPE_CD, VENDOR_ID, CYLINDER_ID, EXPIRATION_DATE, USERID, ADD_DATE, UPDATE_DATE ) values ( '22BXS71-96A1B9698AFB4442ADE05E9769EB761C', '22BXS71-A209A3F7E31B425B8A86E235D2278B7A', 'LOW', 'ZERO', NULL, NULL, NULL, 'rhirsch', '2013-01-23 02:08:25', NULL ) on conflict (PROTOCOL_GAS_ID) do update set TEST_SUM_ID = EXCLUDED.TEST_SUM_ID, GAS_LEVEL_CD = EXCLUDED.GAS_LEVEL_CD, GAS_TYPE_CD = EXCLUDED.GAS_TYPE_CD, VENDOR_ID = EXCLUDED.VENDOR_ID, CYLINDER_ID = EXCLUDED.CYLINDER_ID, EXPIRATION_DATE = EXCLUDED.EXPIRATION_DATE, USERID = EXCLUDED.USERID, ADD_DATE = EXCLUDED.ADD_DATE, UPDATE_DATE = EXCLUDED.UPDATE_DATE;
/* ORIS:     47    Location: CCT5      Test Type: UNITDEF    Test Num: UNITDEF-GAS-2012      SQL Ord:    3 */ insert into camdecmpswks.PROTOCOL_GAS ( PROTOCOL_GAS_ID, TEST_SUM_ID, GAS_LEVEL_CD, GAS_TYPE_CD, VENDOR_ID, CYLINDER_ID, EXPIRATION_DATE, USERID, ADD_DATE, UPDATE_DATE ) values ( '22BXS71-AA8BC29776D949B1AC582548900B7E60', '22BXS71-A209A3F7E31B425B8A86E235D2278B7A', 'HIGH', 'O2', 'NONPGVP', 'ALM031876', '2018-05-11', 'rhirsch', '2013-01-23 02:08:25', NULL ) on conflict (PROTOCOL_GAS_ID) do update set TEST_SUM_ID = EXCLUDED.TEST_SUM_ID, GAS_LEVEL_CD = EXCLUDED.GAS_LEVEL_CD, GAS_TYPE_CD = EXCLUDED.GAS_TYPE_CD, VENDOR_ID = EXCLUDED.VENDOR_ID, CYLINDER_ID = EXCLUDED.CYLINDER_ID, EXPIRATION_DATE = EXCLUDED.EXPIRATION_DATE, USERID = EXCLUDED.USERID, ADD_DATE = EXCLUDED.ADD_DATE, UPDATE_DATE = EXCLUDED.UPDATE_DATE;
/* ORIS:     47    Location: CCT5      Test Type: UNITDEF    Test Num: UNITDEF-GAS-2012      SQL Ord:    4 */ insert into camdecmpswks.AIR_EMISSION_TESTING ( AIR_EMISSION_TEST_ID, TEST_SUM_ID, QI_LAST_NAME, QI_FIRST_NAME, QI_MIDDLE_INITIAL, AETB_NAME, AETB_PHONE_NUMBER, AETB_EMAIL, EXAM_DATE, PROVIDER_NAME, PROVIDER_EMAIL, ADD_DATE, UPDATE_DATE, USERID ) values ( '22BXS71-0556F05DBDFF445AA3F9BAB3F9730E6D', '22BXS71-A209A3F7E31B425B8A86E235D2278B7A', 'Ward', 'Robert', NULL, 'TVA Performance Engineering', '423-876-6880', 'perfengg@tva.gov', '2011-05-06', 'Source Evaluation Society', 'gstiprogram@gmail.com', '2021-12-21 11:31:02', NULL, '' ) on conflict (AIR_EMISSION_TEST_ID) do update set TEST_SUM_ID = EXCLUDED.TEST_SUM_ID, QI_LAST_NAME = EXCLUDED.QI_LAST_NAME, QI_FIRST_NAME = EXCLUDED.QI_FIRST_NAME, QI_MIDDLE_INITIAL = EXCLUDED.QI_MIDDLE_INITIAL, AETB_NAME = EXCLUDED.AETB_NAME, AETB_PHONE_NUMBER = EXCLUDED.AETB_PHONE_NUMBER, AETB_EMAIL = EXCLUDED.AETB_EMAIL, EXAM_DATE = EXCLUDED.EXAM_DATE, PROVIDER_NAME = EXCLUDED.PROVIDER_NAME, PROVIDER_EMAIL = EXCLUDED.PROVIDER_EMAIL, ADD_DATE = EXCLUDED.ADD_DATE, UPDATE_DATE = EXCLUDED.UPDATE_DATE, USERID = EXCLUDED.USERID;
/* ORIS:     47    Location: CCT5      Test Type: UNITDEF    Test Num: UNITDEF-GAS-2012      SQL Ord:    6 */ insert into camdecmpswks.UNIT_DEFAULT_TEST ( UNIT_DEFAULT_TEST_SUM_ID, TEST_SUM_ID, FUEL_CD, OPERATING_CONDITION_CD, NOX_DEFAULT_RATE, CALC_NOX_DEFAULT_RATE, GROUP_ID, NUM_UNITS_IN_GROUP, NUM_TESTS_FOR_GROUP, USERID, ADD_DATE, UPDATE_DATE ) values ( '22BXS71-42D1E3BFCCD14B14A40EE9DED3BBA715', '22BXS71-A209A3F7E31B425B8A86E235D2278B7A', 'PNG', NULL, 0.354, -1.000, 'G20124', 8, 3, 'esupport', '2013-01-23 02:08:20', '2021-12-21 22:08:05' ) on conflict (UNIT_DEFAULT_TEST_SUM_ID) do update set TEST_SUM_ID = EXCLUDED.TEST_SUM_ID, FUEL_CD = EXCLUDED.FUEL_CD, OPERATING_CONDITION_CD = EXCLUDED.OPERATING_CONDITION_CD, NOX_DEFAULT_RATE = EXCLUDED.NOX_DEFAULT_RATE, CALC_NOX_DEFAULT_RATE = EXCLUDED.CALC_NOX_DEFAULT_RATE, GROUP_ID = EXCLUDED.GROUP_ID, NUM_UNITS_IN_GROUP = EXCLUDED.NUM_UNITS_IN_GROUP, NUM_TESTS_FOR_GROUP = EXCLUDED.NUM_TESTS_FOR_GROUP, USERID = EXCLUDED.USERID, ADD_DATE = EXCLUDED.ADD_DATE, UPDATE_DATE = EXCLUDED.UPDATE_DATE;
/* ORIS:     47    Location: CCT5      Test Type: UNITDEF    Test Num: UNITDEF-GAS-2012      SQL Ord:    7 */ insert into camdecmpswks.UNIT_DEFAULT_TEST_RUN ( UNIT_DEFAULT_TEST_RUN_ID, UNIT_DEFAULT_TEST_SUM_ID, OP_LEVEL_NUM, RUN_NUM, BEGIN_DATE, BEGIN_HOUR, BEGIN_MIN, END_DATE, END_HOUR, END_MIN, RESPONSE_TIME, REF_VALUE, USERID, ADD_DATE, UPDATE_DATE, RUN_USED_IND ) values ( '22BXS71-467367E03D38447387255D908077A423', '22BXS71-42D1E3BFCCD14B14A40EE9DED3BBA715', 1, 1, '2012-11-29', 7, 53, '2012-11-29', 8, 50, 1, NULL, 'esupport', '2013-01-23 02:08:22', '2021-12-21 20:01:12', 1 ) on conflict (UNIT_DEFAULT_TEST_RUN_ID) do update set UNIT_DEFAULT_TEST_SUM_ID = EXCLUDED.UNIT_DEFAULT_TEST_SUM_ID, OP_LEVEL_NUM = EXCLUDED.OP_LEVEL_NUM, RUN_NUM = EXCLUDED.RUN_NUM, BEGIN_DATE = EXCLUDED.BEGIN_DATE, BEGIN_HOUR = EXCLUDED.BEGIN_HOUR, BEGIN_MIN = EXCLUDED.BEGIN_MIN, END_DATE = EXCLUDED.END_DATE, END_HOUR = EXCLUDED.END_HOUR, END_MIN = EXCLUDED.END_MIN, RESPONSE_TIME = EXCLUDED.RESPONSE_TIME, REF_VALUE = EXCLUDED.REF_VALUE, RUN_USED_IND = EXCLUDED.RUN_USED_IND, USERID = EXCLUDED.USERID, ADD_DATE = EXCLUDED.ADD_DATE, UPDATE_DATE = EXCLUDED.UPDATE_DATE;
/* ORIS:     47    Location: CCT5      Test Type: UNITDEF    Test Num: UNITDEF-GAS-2012      SQL Ord:    7 */ insert into camdecmpswks.UNIT_DEFAULT_TEST_RUN ( UNIT_DEFAULT_TEST_RUN_ID, UNIT_DEFAULT_TEST_SUM_ID, OP_LEVEL_NUM, RUN_NUM, BEGIN_DATE, BEGIN_HOUR, BEGIN_MIN, END_DATE, END_HOUR, END_MIN, RESPONSE_TIME, REF_VALUE, USERID, ADD_DATE, UPDATE_DATE, RUN_USED_IND ) values ( '22BXS71-F277F6A18E86423A9C54845A3087DFF4', '22BXS71-42D1E3BFCCD14B14A40EE9DED3BBA715', 1, 2, '2012-11-29', 9, 2, '2012-11-29', 9, 58, 1, 0.351, 'rhirsch', '2013-01-23 02:08:22', NULL, 1 ) on conflict (UNIT_DEFAULT_TEST_RUN_ID) do update set UNIT_DEFAULT_TEST_SUM_ID = EXCLUDED.UNIT_DEFAULT_TEST_SUM_ID, OP_LEVEL_NUM = EXCLUDED.OP_LEVEL_NUM, RUN_NUM = EXCLUDED.RUN_NUM, BEGIN_DATE = EXCLUDED.BEGIN_DATE, BEGIN_HOUR = EXCLUDED.BEGIN_HOUR, BEGIN_MIN = EXCLUDED.BEGIN_MIN, END_DATE = EXCLUDED.END_DATE, END_HOUR = EXCLUDED.END_HOUR, END_MIN = EXCLUDED.END_MIN, RESPONSE_TIME = EXCLUDED.RESPONSE_TIME, REF_VALUE = EXCLUDED.REF_VALUE, RUN_USED_IND = EXCLUDED.RUN_USED_IND, USERID = EXCLUDED.USERID, ADD_DATE = EXCLUDED.ADD_DATE, UPDATE_DATE = EXCLUDED.UPDATE_DATE;
/* ORIS:     47    Location: CCT5      Test Type: UNITDEF    Test Num: UNITDEF-GAS-2012      SQL Ord:    7 */ insert into camdecmpswks.UNIT_DEFAULT_TEST_RUN ( UNIT_DEFAULT_TEST_RUN_ID, UNIT_DEFAULT_TEST_SUM_ID, OP_LEVEL_NUM, RUN_NUM, BEGIN_DATE, BEGIN_HOUR, BEGIN_MIN, END_DATE, END_HOUR, END_MIN, RESPONSE_TIME, REF_VALUE, USERID, ADD_DATE, UPDATE_DATE, RUN_USED_IND ) values ( '22BXS71-F5E24DC1D22949A8B64A346FADF870A5', '22BXS71-42D1E3BFCCD14B14A40EE9DED3BBA715', 1, 3, '2012-11-29', 10, 9, '2012-11-29', 11, 5, 1, 0.357, 'rhirsch', '2013-01-23 02:08:22', NULL, 1 ) on conflict (UNIT_DEFAULT_TEST_RUN_ID) do update set UNIT_DEFAULT_TEST_SUM_ID = EXCLUDED.UNIT_DEFAULT_TEST_SUM_ID, OP_LEVEL_NUM = EXCLUDED.OP_LEVEL_NUM, RUN_NUM = EXCLUDED.RUN_NUM, BEGIN_DATE = EXCLUDED.BEGIN_DATE, BEGIN_HOUR = EXCLUDED.BEGIN_HOUR, BEGIN_MIN = EXCLUDED.BEGIN_MIN, END_DATE = EXCLUDED.END_DATE, END_HOUR = EXCLUDED.END_HOUR, END_MIN = EXCLUDED.END_MIN, RESPONSE_TIME = EXCLUDED.RESPONSE_TIME, REF_VALUE = EXCLUDED.REF_VALUE, RUN_USED_IND = EXCLUDED.RUN_USED_IND, USERID = EXCLUDED.USERID, ADD_DATE = EXCLUDED.ADD_DATE, UPDATE_DATE = EXCLUDED.UPDATE_DATE;
/* ORIS:     47    Location: CCT5      Test Type: UNITDEF    Test Num: UNITDEF-OIL-2012      SQL Ord:    1 */ delete from camdecmpswks.TEST_SUMMARY where TEST_SUM_ID = '22BXS71-39E84F48BC8E4DE1A547931738F27778';
/* ORIS:     47    Location: CCT5      Test Type: UNITDEF    Test Num: UNITDEF-OIL-2012      SQL Ord:    2 */ insert into camdecmpswks.TEST_SUMMARY ( TEST_SUM_ID, MON_LOC_ID, TEST_TYPE_CD, TEST_NUM, MON_SYS_ID, COMPONENT_ID, GP_IND, TEST_REASON_CD, TEST_RESULT_CD, RPT_PERIOD_ID, BEGIN_DATE, BEGIN_HOUR, BEGIN_MIN, END_DATE, END_HOUR, END_MIN, SPAN_SCALE_CD, INJECTION_PROTOCOL_CD, TEST_COMMENT, TEST_DESCRIPTION, CALC_GP_IND, CALC_TEST_RESULT_CD, CALC_SPAN_VALUE, LAST_UPDATED, UPDATED_STATUS_FLG, NEEDS_EVAL_FLG, CHK_SESSION_ID, USERID, ADD_DATE, UPDATE_DATE ) values ( '22BXS71-39E84F48BC8E4DE1A547931738F27778', '4357', 'UNITDEF', 'UNITDEF-OIL-2012', NULL, NULL, NULL, 'QA', NULL, NULL, '2012-11-29', 13, 37, '2012-11-29', 16, 47, NULL, NULL, NULL, NULL, NULL, NULL, NULL, '2021-12-21 19:55:45', 'Y', 'N', 'CHV-LGIANN-36B2E0EF072944A785AA051122179ED4', 'esupport', '2013-01-23 02:08:25', '2021-12-21 22:08:07' ) on conflict (TEST_SUM_ID) do update set MON_LOC_ID = EXCLUDED.MON_LOC_ID, TEST_TYPE_CD = EXCLUDED.TEST_TYPE_CD, TEST_NUM = EXCLUDED.TEST_NUM, MON_SYS_ID = EXCLUDED.MON_SYS_ID, COMPONENT_ID = EXCLUDED.COMPONENT_ID, GP_IND = EXCLUDED.GP_IND, TEST_REASON_CD = EXCLUDED.TEST_REASON_CD, TEST_RESULT_CD = EXCLUDED.TEST_RESULT_CD, RPT_PERIOD_ID = EXCLUDED.RPT_PERIOD_ID, BEGIN_DATE = EXCLUDED.BEGIN_DATE, BEGIN_HOUR = EXCLUDED.BEGIN_HOUR, BEGIN_MIN = EXCLUDED.BEGIN_MIN, END_DATE = EXCLUDED.END_DATE, END_HOUR = EXCLUDED.END_HOUR, END_MIN = EXCLUDED.END_MIN, SPAN_SCALE_CD = EXCLUDED.SPAN_SCALE_CD, INJECTION_PROTOCOL_CD = EXCLUDED.INJECTION_PROTOCOL_CD, TEST_COMMENT = EXCLUDED.TEST_COMMENT, TEST_DESCRIPTION = EXCLUDED.TEST_DESCRIPTION, CALC_GP_IND = EXCLUDED.CALC_GP_IND, CALC_TEST_RESULT_CD = EXCLUDED.CALC_TEST_RESULT_CD, CALC_SPAN_VALUE = EXCLUDED.CALC_SPAN_VALUE, LAST_UPDATED = EXCLUDED.LAST_UPDATED, UPDATED_STATUS_FLG = EXCLUDED.UPDATED_STATUS_FLG, NEEDS_EVAL_FLG = EXCLUDED.NEEDS_EVAL_FLG, CHK_SESSION_ID = EXCLUDED.CHK_SESSION_ID, USERID = EXCLUDED.USERID, ADD_DATE = EXCLUDED.ADD_DATE, UPDATE_DATE = EXCLUDED.UPDATE_DATE;
/* ORIS:     47    Location: CCT5      Test Type: UNITDEF    Test Num: UNITDEF-OIL-2012      SQL Ord:    3 */ insert into camdecmpswks.PROTOCOL_GAS ( PROTOCOL_GAS_ID, TEST_SUM_ID, GAS_LEVEL_CD, GAS_TYPE_CD, VENDOR_ID, CYLINDER_ID, EXPIRATION_DATE, USERID, ADD_DATE, UPDATE_DATE ) values ( '22BXS71-476193505F554A3390A4FD2707969853', '22BXS71-39E84F48BC8E4DE1A547931738F27778', 'HIGH', 'NO', 'A12011', 'AAL4304', '2019-01-06', 'rhirsch', '2013-01-23 02:08:25', NULL ) on conflict (PROTOCOL_GAS_ID) do update set TEST_SUM_ID = EXCLUDED.TEST_SUM_ID, GAS_LEVEL_CD = EXCLUDED.GAS_LEVEL_CD, GAS_TYPE_CD = EXCLUDED.GAS_TYPE_CD, VENDOR_ID = EXCLUDED.VENDOR_ID, CYLINDER_ID = EXCLUDED.CYLINDER_ID, EXPIRATION_DATE = EXCLUDED.EXPIRATION_DATE, USERID = EXCLUDED.USERID, ADD_DATE = EXCLUDED.ADD_DATE, UPDATE_DATE = EXCLUDED.UPDATE_DATE;
/* ORIS:     47    Location: CCT5      Test Type: UNITDEF    Test Num: UNITDEF-OIL-2012      SQL Ord:    3 */ insert into camdecmpswks.PROTOCOL_GAS ( PROTOCOL_GAS_ID, TEST_SUM_ID, GAS_LEVEL_CD, GAS_TYPE_CD, VENDOR_ID, CYLINDER_ID, EXPIRATION_DATE, USERID, ADD_DATE, UPDATE_DATE ) values ( '22BXS71-6B40EF05E8524A6F900C9B2058C29DC4', '22BXS71-39E84F48BC8E4DE1A547931738F27778', 'MID', 'O2', 'A12011', 'ALM003261', '2019-07-12', 'rhirsch', '2013-01-23 02:08:25', NULL ) on conflict (PROTOCOL_GAS_ID) do update set TEST_SUM_ID = EXCLUDED.TEST_SUM_ID, GAS_LEVEL_CD = EXCLUDED.GAS_LEVEL_CD, GAS_TYPE_CD = EXCLUDED.GAS_TYPE_CD, VENDOR_ID = EXCLUDED.VENDOR_ID, CYLINDER_ID = EXCLUDED.CYLINDER_ID, EXPIRATION_DATE = EXCLUDED.EXPIRATION_DATE, USERID = EXCLUDED.USERID, ADD_DATE = EXCLUDED.ADD_DATE, UPDATE_DATE = EXCLUDED.UPDATE_DATE;
/* ORIS:     47    Location: CCT5      Test Type: UNITDEF    Test Num: UNITDEF-OIL-2012      SQL Ord:    3 */ insert into camdecmpswks.PROTOCOL_GAS ( PROTOCOL_GAS_ID, TEST_SUM_ID, GAS_LEVEL_CD, GAS_TYPE_CD, VENDOR_ID, CYLINDER_ID, EXPIRATION_DATE, USERID, ADD_DATE, UPDATE_DATE ) values ( '22BXS71-786BB3E5997C454894996BA7F565192D', '22BXS71-39E84F48BC8E4DE1A547931738F27778', 'MID', 'NO', 'A12011', 'CC64046', '2013-10-10', 'rhirsch', '2013-01-23 02:08:25', NULL ) on conflict (PROTOCOL_GAS_ID) do update set TEST_SUM_ID = EXCLUDED.TEST_SUM_ID, GAS_LEVEL_CD = EXCLUDED.GAS_LEVEL_CD, GAS_TYPE_CD = EXCLUDED.GAS_TYPE_CD, VENDOR_ID = EXCLUDED.VENDOR_ID, CYLINDER_ID = EXCLUDED.CYLINDER_ID, EXPIRATION_DATE = EXCLUDED.EXPIRATION_DATE, USERID = EXCLUDED.USERID, ADD_DATE = EXCLUDED.ADD_DATE, UPDATE_DATE = EXCLUDED.UPDATE_DATE;
/* ORIS:     47    Location: CCT5      Test Type: UNITDEF    Test Num: UNITDEF-OIL-2012      SQL Ord:    3 */ insert into camdecmpswks.PROTOCOL_GAS ( PROTOCOL_GAS_ID, TEST_SUM_ID, GAS_LEVEL_CD, GAS_TYPE_CD, VENDOR_ID, CYLINDER_ID, EXPIRATION_DATE, USERID, ADD_DATE, UPDATE_DATE ) values ( '22BXS71-9AF9B35608E24CC189D203A56CE6BBA2', '22BXS71-39E84F48BC8E4DE1A547931738F27778', 'LOW', 'ZERO', NULL, NULL, NULL, 'rhirsch', '2013-01-23 02:08:25', NULL ) on conflict (PROTOCOL_GAS_ID) do update set TEST_SUM_ID = EXCLUDED.TEST_SUM_ID, GAS_LEVEL_CD = EXCLUDED.GAS_LEVEL_CD, GAS_TYPE_CD = EXCLUDED.GAS_TYPE_CD, VENDOR_ID = EXCLUDED.VENDOR_ID, CYLINDER_ID = EXCLUDED.CYLINDER_ID, EXPIRATION_DATE = EXCLUDED.EXPIRATION_DATE, USERID = EXCLUDED.USERID, ADD_DATE = EXCLUDED.ADD_DATE, UPDATE_DATE = EXCLUDED.UPDATE_DATE;
/* ORIS:     47    Location: CCT5      Test Type: UNITDEF    Test Num: UNITDEF-OIL-2012      SQL Ord:    3 */ insert into camdecmpswks.PROTOCOL_GAS ( PROTOCOL_GAS_ID, TEST_SUM_ID, GAS_LEVEL_CD, GAS_TYPE_CD, VENDOR_ID, CYLINDER_ID, EXPIRATION_DATE, USERID, ADD_DATE, UPDATE_DATE ) values ( '22BXS71-B8E944B86FC740FCA722ACCDEC159AB2', '22BXS71-39E84F48BC8E4DE1A547931738F27778', 'HIGH', 'O2', 'NONPGVP', 'ALM031876', '2018-05-11', 'rhirsch', '2013-01-23 02:08:25', NULL ) on conflict (PROTOCOL_GAS_ID) do update set TEST_SUM_ID = EXCLUDED.TEST_SUM_ID, GAS_LEVEL_CD = EXCLUDED.GAS_LEVEL_CD, GAS_TYPE_CD = EXCLUDED.GAS_TYPE_CD, VENDOR_ID = EXCLUDED.VENDOR_ID, CYLINDER_ID = EXCLUDED.CYLINDER_ID, EXPIRATION_DATE = EXCLUDED.EXPIRATION_DATE, USERID = EXCLUDED.USERID, ADD_DATE = EXCLUDED.ADD_DATE, UPDATE_DATE = EXCLUDED.UPDATE_DATE;
/* ORIS:     47    Location: CCT5      Test Type: UNITDEF    Test Num: UNITDEF-OIL-2012      SQL Ord:    4 */ insert into camdecmpswks.AIR_EMISSION_TESTING ( AIR_EMISSION_TEST_ID, TEST_SUM_ID, QI_LAST_NAME, QI_FIRST_NAME, QI_MIDDLE_INITIAL, AETB_NAME, AETB_PHONE_NUMBER, AETB_EMAIL, EXAM_DATE, PROVIDER_NAME, PROVIDER_EMAIL, ADD_DATE, UPDATE_DATE, USERID ) values ( '22BXS71-0FB0D12C8B444BA8AC96BEB123E62499', '22BXS71-39E84F48BC8E4DE1A547931738F27778', 'Ward', 'Robert', NULL, 'TVA Performance Engineering', '423-876-6880', 'perfengg@tva.gov', '2011-05-06', 'Source Evaluation Society', 'gstiprogram@gmail.com', '2021-12-21 11:31:02', NULL, '' ) on conflict (AIR_EMISSION_TEST_ID) do update set TEST_SUM_ID = EXCLUDED.TEST_SUM_ID, QI_LAST_NAME = EXCLUDED.QI_LAST_NAME, QI_FIRST_NAME = EXCLUDED.QI_FIRST_NAME, QI_MIDDLE_INITIAL = EXCLUDED.QI_MIDDLE_INITIAL, AETB_NAME = EXCLUDED.AETB_NAME, AETB_PHONE_NUMBER = EXCLUDED.AETB_PHONE_NUMBER, AETB_EMAIL = EXCLUDED.AETB_EMAIL, EXAM_DATE = EXCLUDED.EXAM_DATE, PROVIDER_NAME = EXCLUDED.PROVIDER_NAME, PROVIDER_EMAIL = EXCLUDED.PROVIDER_EMAIL, ADD_DATE = EXCLUDED.ADD_DATE, UPDATE_DATE = EXCLUDED.UPDATE_DATE, USERID = EXCLUDED.USERID;
/* ORIS:     47    Location: CCT5      Test Type: UNITDEF    Test Num: UNITDEF-OIL-2012      SQL Ord:    6 */ insert into camdecmpswks.UNIT_DEFAULT_TEST ( UNIT_DEFAULT_TEST_SUM_ID, TEST_SUM_ID, FUEL_CD, OPERATING_CONDITION_CD, NOX_DEFAULT_RATE, CALC_NOX_DEFAULT_RATE, GROUP_ID, NUM_UNITS_IN_GROUP, NUM_TESTS_FOR_GROUP, USERID, ADD_DATE, UPDATE_DATE ) values ( '22BXS71-EFF45B418E9543AA826506F21F43EFF8', '22BXS71-39E84F48BC8E4DE1A547931738F27778', 'DSL', NULL, 0.662, 0.662, 'D20124', 8, 3, 'esupport', '2013-01-23 02:08:25', '2021-12-21 22:08:07' ) on conflict (UNIT_DEFAULT_TEST_SUM_ID) do update set TEST_SUM_ID = EXCLUDED.TEST_SUM_ID, FUEL_CD = EXCLUDED.FUEL_CD, OPERATING_CONDITION_CD = EXCLUDED.OPERATING_CONDITION_CD, NOX_DEFAULT_RATE = EXCLUDED.NOX_DEFAULT_RATE, CALC_NOX_DEFAULT_RATE = EXCLUDED.CALC_NOX_DEFAULT_RATE, GROUP_ID = EXCLUDED.GROUP_ID, NUM_UNITS_IN_GROUP = EXCLUDED.NUM_UNITS_IN_GROUP, NUM_TESTS_FOR_GROUP = EXCLUDED.NUM_TESTS_FOR_GROUP, USERID = EXCLUDED.USERID, ADD_DATE = EXCLUDED.ADD_DATE, UPDATE_DATE = EXCLUDED.UPDATE_DATE;
/* ORIS:     47    Location: CCT5      Test Type: UNITDEF    Test Num: UNITDEF-OIL-2012      SQL Ord:    7 */ insert into camdecmpswks.UNIT_DEFAULT_TEST_RUN ( UNIT_DEFAULT_TEST_RUN_ID, UNIT_DEFAULT_TEST_SUM_ID, OP_LEVEL_NUM, RUN_NUM, BEGIN_DATE, BEGIN_HOUR, BEGIN_MIN, END_DATE, END_HOUR, END_MIN, RESPONSE_TIME, REF_VALUE, USERID, ADD_DATE, UPDATE_DATE, RUN_USED_IND ) values ( '22BXS71-3004C25D60CD43D9B5F1664E0BF0BF4B', '22BXS71-EFF45B418E9543AA826506F21F43EFF8', 1, 3, '2012-11-29', 15, 51, '2012-11-29', 16, 47, 1, 0.651, 'rhirsch', '2013-01-23 02:08:25', NULL, 1 ) on conflict (UNIT_DEFAULT_TEST_RUN_ID) do update set UNIT_DEFAULT_TEST_SUM_ID = EXCLUDED.UNIT_DEFAULT_TEST_SUM_ID, OP_LEVEL_NUM = EXCLUDED.OP_LEVEL_NUM, RUN_NUM = EXCLUDED.RUN_NUM, BEGIN_DATE = EXCLUDED.BEGIN_DATE, BEGIN_HOUR = EXCLUDED.BEGIN_HOUR, BEGIN_MIN = EXCLUDED.BEGIN_MIN, END_DATE = EXCLUDED.END_DATE, END_HOUR = EXCLUDED.END_HOUR, END_MIN = EXCLUDED.END_MIN, RESPONSE_TIME = EXCLUDED.RESPONSE_TIME, REF_VALUE = EXCLUDED.REF_VALUE, RUN_USED_IND = EXCLUDED.RUN_USED_IND, USERID = EXCLUDED.USERID, ADD_DATE = EXCLUDED.ADD_DATE, UPDATE_DATE = EXCLUDED.UPDATE_DATE;
/* ORIS:     47    Location: CCT5      Test Type: UNITDEF    Test Num: UNITDEF-OIL-2012      SQL Ord:    7 */ insert into camdecmpswks.UNIT_DEFAULT_TEST_RUN ( UNIT_DEFAULT_TEST_RUN_ID, UNIT_DEFAULT_TEST_SUM_ID, OP_LEVEL_NUM, RUN_NUM, BEGIN_DATE, BEGIN_HOUR, BEGIN_MIN, END_DATE, END_HOUR, END_MIN, RESPONSE_TIME, REF_VALUE, USERID, ADD_DATE, UPDATE_DATE, RUN_USED_IND ) values ( '22BXS71-710DD433AE664639AD2F83C1A49D4C09', '22BXS71-EFF45B418E9543AA826506F21F43EFF8', 1, 1, '2012-11-29', 13, 37, '2012-11-29', 14, 33, 1, 0.669, 'rhirsch', '2013-01-23 02:08:25', NULL, 1 ) on conflict (UNIT_DEFAULT_TEST_RUN_ID) do update set UNIT_DEFAULT_TEST_SUM_ID = EXCLUDED.UNIT_DEFAULT_TEST_SUM_ID, OP_LEVEL_NUM = EXCLUDED.OP_LEVEL_NUM, RUN_NUM = EXCLUDED.RUN_NUM, BEGIN_DATE = EXCLUDED.BEGIN_DATE, BEGIN_HOUR = EXCLUDED.BEGIN_HOUR, BEGIN_MIN = EXCLUDED.BEGIN_MIN, END_DATE = EXCLUDED.END_DATE, END_HOUR = EXCLUDED.END_HOUR, END_MIN = EXCLUDED.END_MIN, RESPONSE_TIME = EXCLUDED.RESPONSE_TIME, REF_VALUE = EXCLUDED.REF_VALUE, RUN_USED_IND = EXCLUDED.RUN_USED_IND, USERID = EXCLUDED.USERID, ADD_DATE = EXCLUDED.ADD_DATE, UPDATE_DATE = EXCLUDED.UPDATE_DATE;
/* ORIS:     47    Location: CCT5      Test Type: UNITDEF    Test Num: UNITDEF-OIL-2012      SQL Ord:    7 */ insert into camdecmpswks.UNIT_DEFAULT_TEST_RUN ( UNIT_DEFAULT_TEST_RUN_ID, UNIT_DEFAULT_TEST_SUM_ID, OP_LEVEL_NUM, RUN_NUM, BEGIN_DATE, BEGIN_HOUR, BEGIN_MIN, END_DATE, END_HOUR, END_MIN, RESPONSE_TIME, REF_VALUE, USERID, ADD_DATE, UPDATE_DATE, RUN_USED_IND ) values ( '22BXS71-A4601015B71241AD8926119A3C2C012B', '22BXS71-EFF45B418E9543AA826506F21F43EFF8', 1, 2, '2012-11-29', 14, 44, '2012-11-29', 15, 40, 1, 0.665, 'rhirsch', '2013-01-23 02:08:25', NULL, 1 ) on conflict (UNIT_DEFAULT_TEST_RUN_ID) do update set UNIT_DEFAULT_TEST_SUM_ID = EXCLUDED.UNIT_DEFAULT_TEST_SUM_ID, OP_LEVEL_NUM = EXCLUDED.OP_LEVEL_NUM, RUN_NUM = EXCLUDED.RUN_NUM, BEGIN_DATE = EXCLUDED.BEGIN_DATE, BEGIN_HOUR = EXCLUDED.BEGIN_HOUR, BEGIN_MIN = EXCLUDED.BEGIN_MIN, END_DATE = EXCLUDED.END_DATE, END_HOUR = EXCLUDED.END_HOUR, END_MIN = EXCLUDED.END_MIN, RESPONSE_TIME = EXCLUDED.RESPONSE_TIME, REF_VALUE = EXCLUDED.REF_VALUE, RUN_USED_IND = EXCLUDED.RUN_USED_IND, USERID = EXCLUDED.USERID, ADD_DATE = EXCLUDED.ADD_DATE, UPDATE_DATE = EXCLUDED.UPDATE_DATE;
/* ORIS:     47    Location: CCT5      Test Type: UNITDEF    Test Num: UNITDEF-OIL-2012      SQL Ord:    7 */ insert into camdecmpswks.UNIT_DEFAULT_TEST_RUN ( UNIT_DEFAULT_TEST_RUN_ID, UNIT_DEFAULT_TEST_SUM_ID, OP_LEVEL_NUM, RUN_NUM, BEGIN_DATE, BEGIN_HOUR, BEGIN_MIN, END_DATE, END_HOUR, END_MIN, RESPONSE_TIME, REF_VALUE, USERID, ADD_DATE, UPDATE_DATE, RUN_USED_IND ) values ( 'CHV-LGIANN-3883A36E1DB94D8E9E739F713B3CCA75', '22BXS71-EFF45B418E9543AA826506F21F43EFF8', 1, -1, '2012-11-29', 16, 37, '2012-11-29', 16, 47, 1, 0.650, 'esupport', '2021-12-21 19:55:45', NULL, 0 ) on conflict (UNIT_DEFAULT_TEST_RUN_ID) do update set UNIT_DEFAULT_TEST_SUM_ID = EXCLUDED.UNIT_DEFAULT_TEST_SUM_ID, OP_LEVEL_NUM = EXCLUDED.OP_LEVEL_NUM, RUN_NUM = EXCLUDED.RUN_NUM, BEGIN_DATE = EXCLUDED.BEGIN_DATE, BEGIN_HOUR = EXCLUDED.BEGIN_HOUR, BEGIN_MIN = EXCLUDED.BEGIN_MIN, END_DATE = EXCLUDED.END_DATE, END_HOUR = EXCLUDED.END_HOUR, END_MIN = EXCLUDED.END_MIN, RESPONSE_TIME = EXCLUDED.RESPONSE_TIME, REF_VALUE = EXCLUDED.REF_VALUE, RUN_USED_IND = EXCLUDED.RUN_USED_IND, USERID = EXCLUDED.USERID, ADD_DATE = EXCLUDED.ADD_DATE, UPDATE_DATE = EXCLUDED.UPDATE_DATE;
/* ORIS:     47    Location: CCT6      Test Type: UNITDEF    Test Num: EPA-UNITDEF-8003      SQL Ord:    1 */ delete from camdecmpswks.TEST_SUMMARY where TEST_SUM_ID = 'EPA-4EF877932345449D992115E6E82E7058';
/* ORIS:     47    Location: CCT6      Test Type: UNITDEF    Test Num: EPA-UNITDEF-8003      SQL Ord:    2 */ insert into camdecmpswks.TEST_SUMMARY ( TEST_SUM_ID, MON_LOC_ID, TEST_TYPE_CD, TEST_NUM, MON_SYS_ID, COMPONENT_ID, GP_IND, TEST_REASON_CD, TEST_RESULT_CD, RPT_PERIOD_ID, BEGIN_DATE, BEGIN_HOUR, BEGIN_MIN, END_DATE, END_HOUR, END_MIN, SPAN_SCALE_CD, INJECTION_PROTOCOL_CD, TEST_COMMENT, TEST_DESCRIPTION, CALC_GP_IND, CALC_TEST_RESULT_CD, CALC_SPAN_VALUE, LAST_UPDATED, UPDATED_STATUS_FLG, NEEDS_EVAL_FLG, CHK_SESSION_ID, USERID, ADD_DATE, UPDATE_DATE ) values ( 'EPA-4EF877932345449D992115E6E82E7058', '4358', 'UNITDEF', 'EPA-UNITDEF-8003', NULL, NULL, 0, 'QA', NULL, NULL, '2008-01-31', 7, 21, '2008-01-31', 10, 8, NULL, NULL, NULL, NULL, NULL, NULL, NULL, '2021-12-21 20:02:48', 'Y', 'N', 'CHV-LGIANN-324019E0FCE346AC905BB790BD193F7B', 'esupport', '2008-11-20 01:29:41', '2021-12-21 22:08:08' ) on conflict (TEST_SUM_ID) do update set MON_LOC_ID = EXCLUDED.MON_LOC_ID, TEST_TYPE_CD = EXCLUDED.TEST_TYPE_CD, TEST_NUM = EXCLUDED.TEST_NUM, MON_SYS_ID = EXCLUDED.MON_SYS_ID, COMPONENT_ID = EXCLUDED.COMPONENT_ID, GP_IND = EXCLUDED.GP_IND, TEST_REASON_CD = EXCLUDED.TEST_REASON_CD, TEST_RESULT_CD = EXCLUDED.TEST_RESULT_CD, RPT_PERIOD_ID = EXCLUDED.RPT_PERIOD_ID, BEGIN_DATE = EXCLUDED.BEGIN_DATE, BEGIN_HOUR = EXCLUDED.BEGIN_HOUR, BEGIN_MIN = EXCLUDED.BEGIN_MIN, END_DATE = EXCLUDED.END_DATE, END_HOUR = EXCLUDED.END_HOUR, END_MIN = EXCLUDED.END_MIN, SPAN_SCALE_CD = EXCLUDED.SPAN_SCALE_CD, INJECTION_PROTOCOL_CD = EXCLUDED.INJECTION_PROTOCOL_CD, TEST_COMMENT = EXCLUDED.TEST_COMMENT, TEST_DESCRIPTION = EXCLUDED.TEST_DESCRIPTION, CALC_GP_IND = EXCLUDED.CALC_GP_IND, CALC_TEST_RESULT_CD = EXCLUDED.CALC_TEST_RESULT_CD, CALC_SPAN_VALUE = EXCLUDED.CALC_SPAN_VALUE, LAST_UPDATED = EXCLUDED.LAST_UPDATED, UPDATED_STATUS_FLG = EXCLUDED.UPDATED_STATUS_FLG, NEEDS_EVAL_FLG = EXCLUDED.NEEDS_EVAL_FLG, CHK_SESSION_ID = EXCLUDED.CHK_SESSION_ID, USERID = EXCLUDED.USERID, ADD_DATE = EXCLUDED.ADD_DATE, UPDATE_DATE = EXCLUDED.UPDATE_DATE;
/* ORIS:     47    Location: CCT6      Test Type: UNITDEF    Test Num: EPA-UNITDEF-8003      SQL Ord:    6 */ insert into camdecmpswks.UNIT_DEFAULT_TEST ( UNIT_DEFAULT_TEST_SUM_ID, TEST_SUM_ID, FUEL_CD, OPERATING_CONDITION_CD, NOX_DEFAULT_RATE, CALC_NOX_DEFAULT_RATE, GROUP_ID, NUM_UNITS_IN_GROUP, NUM_TESTS_FOR_GROUP, USERID, ADD_DATE, UPDATE_DATE ) values ( '22BXS71-5B535A257A3E4B0D96F6B51D83A1DC5E', 'EPA-4EF877932345449D992115E6E82E7058', 'DSL', NULL, 1.000, 0.657, 'G20047', 8, 3, 'esupport', '2011-04-22 10:53:29', '2021-12-21 22:08:08' ) on conflict (UNIT_DEFAULT_TEST_SUM_ID) do update set TEST_SUM_ID = EXCLUDED.TEST_SUM_ID, FUEL_CD = EXCLUDED.FUEL_CD, OPERATING_CONDITION_CD = EXCLUDED.OPERATING_CONDITION_CD, NOX_DEFAULT_RATE = EXCLUDED.NOX_DEFAULT_RATE, CALC_NOX_DEFAULT_RATE = EXCLUDED.CALC_NOX_DEFAULT_RATE, GROUP_ID = EXCLUDED.GROUP_ID, NUM_UNITS_IN_GROUP = EXCLUDED.NUM_UNITS_IN_GROUP, NUM_TESTS_FOR_GROUP = EXCLUDED.NUM_TESTS_FOR_GROUP, USERID = EXCLUDED.USERID, ADD_DATE = EXCLUDED.ADD_DATE, UPDATE_DATE = EXCLUDED.UPDATE_DATE;
/* ORIS:     47    Location: CCT6      Test Type: UNITDEF    Test Num: EPA-UNITDEF-8003      SQL Ord:    7 */ insert into camdecmpswks.UNIT_DEFAULT_TEST_RUN ( UNIT_DEFAULT_TEST_RUN_ID, UNIT_DEFAULT_TEST_SUM_ID, OP_LEVEL_NUM, RUN_NUM, BEGIN_DATE, BEGIN_HOUR, BEGIN_MIN, END_DATE, END_HOUR, END_MIN, RESPONSE_TIME, REF_VALUE, USERID, ADD_DATE, UPDATE_DATE, RUN_USED_IND ) values ( '22BXS71-64D75F0FD38D4BBCA3551903F5C54D69', '22BXS71-5B535A257A3E4B0D96F6B51D83A1DC5E', 1, 3, '2008-01-31', 9, 19, '2008-01-31', 10, 8, 1, 0.656, 'rhirsch', '2011-04-22 10:53:29', NULL, 1 ) on conflict (UNIT_DEFAULT_TEST_RUN_ID) do update set UNIT_DEFAULT_TEST_SUM_ID = EXCLUDED.UNIT_DEFAULT_TEST_SUM_ID, OP_LEVEL_NUM = EXCLUDED.OP_LEVEL_NUM, RUN_NUM = EXCLUDED.RUN_NUM, BEGIN_DATE = EXCLUDED.BEGIN_DATE, BEGIN_HOUR = EXCLUDED.BEGIN_HOUR, BEGIN_MIN = EXCLUDED.BEGIN_MIN, END_DATE = EXCLUDED.END_DATE, END_HOUR = EXCLUDED.END_HOUR, END_MIN = EXCLUDED.END_MIN, RESPONSE_TIME = EXCLUDED.RESPONSE_TIME, REF_VALUE = EXCLUDED.REF_VALUE, RUN_USED_IND = EXCLUDED.RUN_USED_IND, USERID = EXCLUDED.USERID, ADD_DATE = EXCLUDED.ADD_DATE, UPDATE_DATE = EXCLUDED.UPDATE_DATE;
/* ORIS:     47    Location: CCT6      Test Type: UNITDEF    Test Num: EPA-UNITDEF-8003      SQL Ord:    7 */ insert into camdecmpswks.UNIT_DEFAULT_TEST_RUN ( UNIT_DEFAULT_TEST_RUN_ID, UNIT_DEFAULT_TEST_SUM_ID, OP_LEVEL_NUM, RUN_NUM, BEGIN_DATE, BEGIN_HOUR, BEGIN_MIN, END_DATE, END_HOUR, END_MIN, RESPONSE_TIME, REF_VALUE, USERID, ADD_DATE, UPDATE_DATE, RUN_USED_IND ) values ( '22BXS71-C064B130D2284038AC4DC1B59562DAEE', '22BXS71-5B535A257A3E4B0D96F6B51D83A1DC5E', 1, 2, '2008-01-31', 8, 19, '2008-01-31', 9, 8, 1, 0.654, 'rhirsch', '2011-04-22 10:53:29', NULL, 1 ) on conflict (UNIT_DEFAULT_TEST_RUN_ID) do update set UNIT_DEFAULT_TEST_SUM_ID = EXCLUDED.UNIT_DEFAULT_TEST_SUM_ID, OP_LEVEL_NUM = EXCLUDED.OP_LEVEL_NUM, RUN_NUM = EXCLUDED.RUN_NUM, BEGIN_DATE = EXCLUDED.BEGIN_DATE, BEGIN_HOUR = EXCLUDED.BEGIN_HOUR, BEGIN_MIN = EXCLUDED.BEGIN_MIN, END_DATE = EXCLUDED.END_DATE, END_HOUR = EXCLUDED.END_HOUR, END_MIN = EXCLUDED.END_MIN, RESPONSE_TIME = EXCLUDED.RESPONSE_TIME, REF_VALUE = EXCLUDED.REF_VALUE, RUN_USED_IND = EXCLUDED.RUN_USED_IND, USERID = EXCLUDED.USERID, ADD_DATE = EXCLUDED.ADD_DATE, UPDATE_DATE = EXCLUDED.UPDATE_DATE;
/* ORIS:     47    Location: CCT6      Test Type: UNITDEF    Test Num: EPA-UNITDEF-8003      SQL Ord:    7 */ insert into camdecmpswks.UNIT_DEFAULT_TEST_RUN ( UNIT_DEFAULT_TEST_RUN_ID, UNIT_DEFAULT_TEST_SUM_ID, OP_LEVEL_NUM, RUN_NUM, BEGIN_DATE, BEGIN_HOUR, BEGIN_MIN, END_DATE, END_HOUR, END_MIN, RESPONSE_TIME, REF_VALUE, USERID, ADD_DATE, UPDATE_DATE, RUN_USED_IND ) values ( '22BXS71-FE00D16F40E141D890A4DDAFEB4E6A5B', '22BXS71-5B535A257A3E4B0D96F6B51D83A1DC5E', 1, 1, '2008-01-31', 7, 21, '2008-01-31', 8, 8, 1, 0.660, 'rhirsch', '2011-04-22 10:53:29', NULL, 1 ) on conflict (UNIT_DEFAULT_TEST_RUN_ID) do update set UNIT_DEFAULT_TEST_SUM_ID = EXCLUDED.UNIT_DEFAULT_TEST_SUM_ID, OP_LEVEL_NUM = EXCLUDED.OP_LEVEL_NUM, RUN_NUM = EXCLUDED.RUN_NUM, BEGIN_DATE = EXCLUDED.BEGIN_DATE, BEGIN_HOUR = EXCLUDED.BEGIN_HOUR, BEGIN_MIN = EXCLUDED.BEGIN_MIN, END_DATE = EXCLUDED.END_DATE, END_HOUR = EXCLUDED.END_HOUR, END_MIN = EXCLUDED.END_MIN, RESPONSE_TIME = EXCLUDED.RESPONSE_TIME, REF_VALUE = EXCLUDED.REF_VALUE, RUN_USED_IND = EXCLUDED.RUN_USED_IND, USERID = EXCLUDED.USERID, ADD_DATE = EXCLUDED.ADD_DATE, UPDATE_DATE = EXCLUDED.UPDATE_DATE;
/* ORIS:     47    Location: CCT7      Test Type: UNITDEF    Test Num: EPA-UNITDEF-8003      SQL Ord:    1 */ delete from camdecmpswks.TEST_SUMMARY where TEST_SUM_ID = 'EPA-7F604E2387CA4D1E997CA830305C23CB';
/* ORIS:     47    Location: CCT7      Test Type: UNITDEF    Test Num: EPA-UNITDEF-8003      SQL Ord:    2 */ insert into camdecmpswks.TEST_SUMMARY ( TEST_SUM_ID, MON_LOC_ID, TEST_TYPE_CD, TEST_NUM, MON_SYS_ID, COMPONENT_ID, GP_IND, TEST_REASON_CD, TEST_RESULT_CD, RPT_PERIOD_ID, BEGIN_DATE, BEGIN_HOUR, BEGIN_MIN, END_DATE, END_HOUR, END_MIN, SPAN_SCALE_CD, INJECTION_PROTOCOL_CD, TEST_COMMENT, TEST_DESCRIPTION, CALC_GP_IND, CALC_TEST_RESULT_CD, CALC_SPAN_VALUE, LAST_UPDATED, UPDATED_STATUS_FLG, NEEDS_EVAL_FLG, CHK_SESSION_ID, USERID, ADD_DATE, UPDATE_DATE ) values ( 'EPA-7F604E2387CA4D1E997CA830305C23CB', '4359', 'UNITDEF', 'EPA-UNITDEF-8003', NULL, NULL, 0, 'QA', NULL, NULL, '2021-02-05', 7, 0, '2021-02-05', 9, 35, NULL, NULL, NULL, NULL, NULL, NULL, NULL, '2021-12-21 22:19:58', 'Y', 'N', 'CHV-LGIANN-5052C051D7CB477EA914EB0D7B720182', 'esupport', '2008-11-20 01:29:42', '2022-10-12 10:10:23' ) on conflict (TEST_SUM_ID) do update set MON_LOC_ID = EXCLUDED.MON_LOC_ID, TEST_TYPE_CD = EXCLUDED.TEST_TYPE_CD, TEST_NUM = EXCLUDED.TEST_NUM, MON_SYS_ID = EXCLUDED.MON_SYS_ID, COMPONENT_ID = EXCLUDED.COMPONENT_ID, GP_IND = EXCLUDED.GP_IND, TEST_REASON_CD = EXCLUDED.TEST_REASON_CD, TEST_RESULT_CD = EXCLUDED.TEST_RESULT_CD, RPT_PERIOD_ID = EXCLUDED.RPT_PERIOD_ID, BEGIN_DATE = EXCLUDED.BEGIN_DATE, BEGIN_HOUR = EXCLUDED.BEGIN_HOUR, BEGIN_MIN = EXCLUDED.BEGIN_MIN, END_DATE = EXCLUDED.END_DATE, END_HOUR = EXCLUDED.END_HOUR, END_MIN = EXCLUDED.END_MIN, SPAN_SCALE_CD = EXCLUDED.SPAN_SCALE_CD, INJECTION_PROTOCOL_CD = EXCLUDED.INJECTION_PROTOCOL_CD, TEST_COMMENT = EXCLUDED.TEST_COMMENT, TEST_DESCRIPTION = EXCLUDED.TEST_DESCRIPTION, CALC_GP_IND = EXCLUDED.CALC_GP_IND, CALC_TEST_RESULT_CD = EXCLUDED.CALC_TEST_RESULT_CD, CALC_SPAN_VALUE = EXCLUDED.CALC_SPAN_VALUE, LAST_UPDATED = EXCLUDED.LAST_UPDATED, UPDATED_STATUS_FLG = EXCLUDED.UPDATED_STATUS_FLG, NEEDS_EVAL_FLG = EXCLUDED.NEEDS_EVAL_FLG, CHK_SESSION_ID = EXCLUDED.CHK_SESSION_ID, USERID = EXCLUDED.USERID, ADD_DATE = EXCLUDED.ADD_DATE, UPDATE_DATE = EXCLUDED.UPDATE_DATE;
/* ORIS:     47    Location: CCT7      Test Type: UNITDEF    Test Num: EPA-UNITDEF-8003      SQL Ord:    6 */ insert into camdecmpswks.UNIT_DEFAULT_TEST ( UNIT_DEFAULT_TEST_SUM_ID, TEST_SUM_ID, FUEL_CD, OPERATING_CONDITION_CD, NOX_DEFAULT_RATE, CALC_NOX_DEFAULT_RATE, GROUP_ID, NUM_UNITS_IN_GROUP, NUM_TESTS_FOR_GROUP, USERID, ADD_DATE, UPDATE_DATE ) values ( '22BXS71-EA9A77AA31384F9E942972A6F7104777', 'EPA-7F604E2387CA4D1E997CA830305C23CB', 'DSL', NULL, 0.586, 0.586, 'G20047', 8, 3, 'esupport', '2011-04-22 10:55:14', '2022-10-12 10:10:23' ) on conflict (UNIT_DEFAULT_TEST_SUM_ID) do update set TEST_SUM_ID = EXCLUDED.TEST_SUM_ID, FUEL_CD = EXCLUDED.FUEL_CD, OPERATING_CONDITION_CD = EXCLUDED.OPERATING_CONDITION_CD, NOX_DEFAULT_RATE = EXCLUDED.NOX_DEFAULT_RATE, CALC_NOX_DEFAULT_RATE = EXCLUDED.CALC_NOX_DEFAULT_RATE, GROUP_ID = EXCLUDED.GROUP_ID, NUM_UNITS_IN_GROUP = EXCLUDED.NUM_UNITS_IN_GROUP, NUM_TESTS_FOR_GROUP = EXCLUDED.NUM_TESTS_FOR_GROUP, USERID = EXCLUDED.USERID, ADD_DATE = EXCLUDED.ADD_DATE, UPDATE_DATE = EXCLUDED.UPDATE_DATE;
/* ORIS:     47    Location: CCT7      Test Type: UNITDEF    Test Num: EPA-UNITDEF-8003      SQL Ord:    7 */ insert into camdecmpswks.UNIT_DEFAULT_TEST_RUN ( UNIT_DEFAULT_TEST_RUN_ID, UNIT_DEFAULT_TEST_SUM_ID, OP_LEVEL_NUM, RUN_NUM, BEGIN_DATE, BEGIN_HOUR, BEGIN_MIN, END_DATE, END_HOUR, END_MIN, RESPONSE_TIME, REF_VALUE, USERID, ADD_DATE, UPDATE_DATE, RUN_USED_IND ) values ( '22BXS71-11E17AF92DD7414DADEACE963305DAAF', '22BXS71-EA9A77AA31384F9E942972A6F7104777', 1, 1, '2021-02-05', 7, 0, '2021-02-05', 7, 45, 1, 0.581, 'esupport', '2011-04-22 10:55:14', '2021-12-21 22:19:45', 1 ) on conflict (UNIT_DEFAULT_TEST_RUN_ID) do update set UNIT_DEFAULT_TEST_SUM_ID = EXCLUDED.UNIT_DEFAULT_TEST_SUM_ID, OP_LEVEL_NUM = EXCLUDED.OP_LEVEL_NUM, RUN_NUM = EXCLUDED.RUN_NUM, BEGIN_DATE = EXCLUDED.BEGIN_DATE, BEGIN_HOUR = EXCLUDED.BEGIN_HOUR, BEGIN_MIN = EXCLUDED.BEGIN_MIN, END_DATE = EXCLUDED.END_DATE, END_HOUR = EXCLUDED.END_HOUR, END_MIN = EXCLUDED.END_MIN, RESPONSE_TIME = EXCLUDED.RESPONSE_TIME, REF_VALUE = EXCLUDED.REF_VALUE, RUN_USED_IND = EXCLUDED.RUN_USED_IND, USERID = EXCLUDED.USERID, ADD_DATE = EXCLUDED.ADD_DATE, UPDATE_DATE = EXCLUDED.UPDATE_DATE;
/* ORIS:     47    Location: CCT7      Test Type: UNITDEF    Test Num: EPA-UNITDEF-8003      SQL Ord:    7 */ insert into camdecmpswks.UNIT_DEFAULT_TEST_RUN ( UNIT_DEFAULT_TEST_RUN_ID, UNIT_DEFAULT_TEST_SUM_ID, OP_LEVEL_NUM, RUN_NUM, BEGIN_DATE, BEGIN_HOUR, BEGIN_MIN, END_DATE, END_HOUR, END_MIN, RESPONSE_TIME, REF_VALUE, USERID, ADD_DATE, UPDATE_DATE, RUN_USED_IND ) values ( '22BXS71-3BFE2821807D40CAA42E7FC784431EE1', '22BXS71-EA9A77AA31384F9E942972A6F7104777', 1, 3, '2021-02-05', 8, 53, '2021-02-05', 9, 35, 1, 0.589, 'esupport', '2011-04-22 10:55:14', '2021-12-21 22:19:52', 1 ) on conflict (UNIT_DEFAULT_TEST_RUN_ID) do update set UNIT_DEFAULT_TEST_SUM_ID = EXCLUDED.UNIT_DEFAULT_TEST_SUM_ID, OP_LEVEL_NUM = EXCLUDED.OP_LEVEL_NUM, RUN_NUM = EXCLUDED.RUN_NUM, BEGIN_DATE = EXCLUDED.BEGIN_DATE, BEGIN_HOUR = EXCLUDED.BEGIN_HOUR, BEGIN_MIN = EXCLUDED.BEGIN_MIN, END_DATE = EXCLUDED.END_DATE, END_HOUR = EXCLUDED.END_HOUR, END_MIN = EXCLUDED.END_MIN, RESPONSE_TIME = EXCLUDED.RESPONSE_TIME, REF_VALUE = EXCLUDED.REF_VALUE, RUN_USED_IND = EXCLUDED.RUN_USED_IND, USERID = EXCLUDED.USERID, ADD_DATE = EXCLUDED.ADD_DATE, UPDATE_DATE = EXCLUDED.UPDATE_DATE;
/* ORIS:     47    Location: CCT7      Test Type: UNITDEF    Test Num: EPA-UNITDEF-8003      SQL Ord:    7 */ insert into camdecmpswks.UNIT_DEFAULT_TEST_RUN ( UNIT_DEFAULT_TEST_RUN_ID, UNIT_DEFAULT_TEST_SUM_ID, OP_LEVEL_NUM, RUN_NUM, BEGIN_DATE, BEGIN_HOUR, BEGIN_MIN, END_DATE, END_HOUR, END_MIN, RESPONSE_TIME, REF_VALUE, USERID, ADD_DATE, UPDATE_DATE, RUN_USED_IND ) values ( '22BXS71-5AD46FADB6F04F57B228170C5CC52415', '22BXS71-EA9A77AA31384F9E942972A6F7104777', 1, 2, '2021-02-05', 7, 55, '2021-02-05', 8, 44, 1, 0.589, 'esupport', '2011-04-22 10:55:14', '2021-12-21 22:19:58', 1 ) on conflict (UNIT_DEFAULT_TEST_RUN_ID) do update set UNIT_DEFAULT_TEST_SUM_ID = EXCLUDED.UNIT_DEFAULT_TEST_SUM_ID, OP_LEVEL_NUM = EXCLUDED.OP_LEVEL_NUM, RUN_NUM = EXCLUDED.RUN_NUM, BEGIN_DATE = EXCLUDED.BEGIN_DATE, BEGIN_HOUR = EXCLUDED.BEGIN_HOUR, BEGIN_MIN = EXCLUDED.BEGIN_MIN, END_DATE = EXCLUDED.END_DATE, END_HOUR = EXCLUDED.END_HOUR, END_MIN = EXCLUDED.END_MIN, RESPONSE_TIME = EXCLUDED.RESPONSE_TIME, REF_VALUE = EXCLUDED.REF_VALUE, RUN_USED_IND = EXCLUDED.RUN_USED_IND, USERID = EXCLUDED.USERID, ADD_DATE = EXCLUDED.ADD_DATE, UPDATE_DATE = EXCLUDED.UPDATE_DATE;
/* ORIS:     47    Location: CCT8      Test Type: UNITDEF    Test Num: UNITDEF-GAS-2012      SQL Ord:    1 */ delete from camdecmpswks.TEST_SUMMARY where TEST_SUM_ID = '22BXS71-2FC53FBC318F45B3BE3FABCBFE4FC533';
/* ORIS:     47    Location: CCT8      Test Type: UNITDEF    Test Num: UNITDEF-GAS-2012      SQL Ord:    2 */ insert into camdecmpswks.TEST_SUMMARY ( TEST_SUM_ID, MON_LOC_ID, TEST_TYPE_CD, TEST_NUM, MON_SYS_ID, COMPONENT_ID, GP_IND, TEST_REASON_CD, TEST_RESULT_CD, RPT_PERIOD_ID, BEGIN_DATE, BEGIN_HOUR, BEGIN_MIN, END_DATE, END_HOUR, END_MIN, SPAN_SCALE_CD, INJECTION_PROTOCOL_CD, TEST_COMMENT, TEST_DESCRIPTION, CALC_GP_IND, CALC_TEST_RESULT_CD, CALC_SPAN_VALUE, LAST_UPDATED, UPDATED_STATUS_FLG, NEEDS_EVAL_FLG, CHK_SESSION_ID, USERID, ADD_DATE, UPDATE_DATE ) values ( '22BXS71-2FC53FBC318F45B3BE3FABCBFE4FC533', '4360', 'UNITDEF', 'UNITDEF-GAS-2012', NULL, NULL, NULL, 'QA', NULL, NULL, '2012-11-28', 7, 47, '2012-11-28', 11, 0, NULL, NULL, NULL, NULL, NULL, NULL, NULL, NULL, 'N', 'N', 'CHV-LGIANN-E59EA3CB2038469F81749A49774477CB', 'esupport', '2013-01-23 02:15:53', '2022-10-12 10:10:27' ) on conflict (TEST_SUM_ID) do update set MON_LOC_ID = EXCLUDED.MON_LOC_ID, TEST_TYPE_CD = EXCLUDED.TEST_TYPE_CD, TEST_NUM = EXCLUDED.TEST_NUM, MON_SYS_ID = EXCLUDED.MON_SYS_ID, COMPONENT_ID = EXCLUDED.COMPONENT_ID, GP_IND = EXCLUDED.GP_IND, TEST_REASON_CD = EXCLUDED.TEST_REASON_CD, TEST_RESULT_CD = EXCLUDED.TEST_RESULT_CD, RPT_PERIOD_ID = EXCLUDED.RPT_PERIOD_ID, BEGIN_DATE = EXCLUDED.BEGIN_DATE, BEGIN_HOUR = EXCLUDED.BEGIN_HOUR, BEGIN_MIN = EXCLUDED.BEGIN_MIN, END_DATE = EXCLUDED.END_DATE, END_HOUR = EXCLUDED.END_HOUR, END_MIN = EXCLUDED.END_MIN, SPAN_SCALE_CD = EXCLUDED.SPAN_SCALE_CD, INJECTION_PROTOCOL_CD = EXCLUDED.INJECTION_PROTOCOL_CD, TEST_COMMENT = EXCLUDED.TEST_COMMENT, TEST_DESCRIPTION = EXCLUDED.TEST_DESCRIPTION, CALC_GP_IND = EXCLUDED.CALC_GP_IND, CALC_TEST_RESULT_CD = EXCLUDED.CALC_TEST_RESULT_CD, CALC_SPAN_VALUE = EXCLUDED.CALC_SPAN_VALUE, LAST_UPDATED = EXCLUDED.LAST_UPDATED, UPDATED_STATUS_FLG = EXCLUDED.UPDATED_STATUS_FLG, NEEDS_EVAL_FLG = EXCLUDED.NEEDS_EVAL_FLG, CHK_SESSION_ID = EXCLUDED.CHK_SESSION_ID, USERID = EXCLUDED.USERID, ADD_DATE = EXCLUDED.ADD_DATE, UPDATE_DATE = EXCLUDED.UPDATE_DATE;
/* ORIS:     47    Location: CCT8      Test Type: UNITDEF    Test Num: UNITDEF-GAS-2012      SQL Ord:    3 */ insert into camdecmpswks.PROTOCOL_GAS ( PROTOCOL_GAS_ID, TEST_SUM_ID, GAS_LEVEL_CD, GAS_TYPE_CD, VENDOR_ID, CYLINDER_ID, EXPIRATION_DATE, USERID, ADD_DATE, UPDATE_DATE ) values ( '22BXS71-66E035CAECDE42C09C55D1F67E5A273E', '22BXS71-2FC53FBC318F45B3BE3FABCBFE4FC533', 'HIGH', 'NO', 'A12011', 'AAL4304', '2019-01-06', 'rhirsch', '2013-01-23 02:16:01', NULL ) on conflict (PROTOCOL_GAS_ID) do update set TEST_SUM_ID = EXCLUDED.TEST_SUM_ID, GAS_LEVEL_CD = EXCLUDED.GAS_LEVEL_CD, GAS_TYPE_CD = EXCLUDED.GAS_TYPE_CD, VENDOR_ID = EXCLUDED.VENDOR_ID, CYLINDER_ID = EXCLUDED.CYLINDER_ID, EXPIRATION_DATE = EXCLUDED.EXPIRATION_DATE, USERID = EXCLUDED.USERID, ADD_DATE = EXCLUDED.ADD_DATE, UPDATE_DATE = EXCLUDED.UPDATE_DATE;
/* ORIS:     47    Location: CCT8      Test Type: UNITDEF    Test Num: UNITDEF-GAS-2012      SQL Ord:    3 */ insert into camdecmpswks.PROTOCOL_GAS ( PROTOCOL_GAS_ID, TEST_SUM_ID, GAS_LEVEL_CD, GAS_TYPE_CD, VENDOR_ID, CYLINDER_ID, EXPIRATION_DATE, USERID, ADD_DATE, UPDATE_DATE ) values ( '22BXS71-7F0A183E94B44E54A4FE7C0A14DF4592', '22BXS71-2FC53FBC318F45B3BE3FABCBFE4FC533', 'LOW', 'ZERO', NULL, NULL, NULL, 'rhirsch', '2013-01-23 02:16:01', NULL ) on conflict (PROTOCOL_GAS_ID) do update set TEST_SUM_ID = EXCLUDED.TEST_SUM_ID, GAS_LEVEL_CD = EXCLUDED.GAS_LEVEL_CD, GAS_TYPE_CD = EXCLUDED.GAS_TYPE_CD, VENDOR_ID = EXCLUDED.VENDOR_ID, CYLINDER_ID = EXCLUDED.CYLINDER_ID, EXPIRATION_DATE = EXCLUDED.EXPIRATION_DATE, USERID = EXCLUDED.USERID, ADD_DATE = EXCLUDED.ADD_DATE, UPDATE_DATE = EXCLUDED.UPDATE_DATE;
/* ORIS:     47    Location: CCT8      Test Type: UNITDEF    Test Num: UNITDEF-GAS-2012      SQL Ord:    3 */ insert into camdecmpswks.PROTOCOL_GAS ( PROTOCOL_GAS_ID, TEST_SUM_ID, GAS_LEVEL_CD, GAS_TYPE_CD, VENDOR_ID, CYLINDER_ID, EXPIRATION_DATE, USERID, ADD_DATE, UPDATE_DATE ) values ( '22BXS71-9629555B50634BF09A9276F1E5449004', '22BXS71-2FC53FBC318F45B3BE3FABCBFE4FC533', 'MID', 'NO', 'A12011', 'CC64046', '2013-10-10', 'rhirsch', '2013-01-23 02:16:01', NULL ) on conflict (PROTOCOL_GAS_ID) do update set TEST_SUM_ID = EXCLUDED.TEST_SUM_ID, GAS_LEVEL_CD = EXCLUDED.GAS_LEVEL_CD, GAS_TYPE_CD = EXCLUDED.GAS_TYPE_CD, VENDOR_ID = EXCLUDED.VENDOR_ID, CYLINDER_ID = EXCLUDED.CYLINDER_ID, EXPIRATION_DATE = EXCLUDED.EXPIRATION_DATE, USERID = EXCLUDED.USERID, ADD_DATE = EXCLUDED.ADD_DATE, UPDATE_DATE = EXCLUDED.UPDATE_DATE;
/* ORIS:     47    Location: CCT8      Test Type: UNITDEF    Test Num: UNITDEF-GAS-2012      SQL Ord:    3 */ insert into camdecmpswks.PROTOCOL_GAS ( PROTOCOL_GAS_ID, TEST_SUM_ID, GAS_LEVEL_CD, GAS_TYPE_CD, VENDOR_ID, CYLINDER_ID, EXPIRATION_DATE, USERID, ADD_DATE, UPDATE_DATE ) values ( '22BXS71-A45FA3CB830A4E96AF0FCDC9513328A2', '22BXS71-2FC53FBC318F45B3BE3FABCBFE4FC533', 'HIGH', 'O2', 'NONPGVP', 'ALM031876', '2018-05-11', 'rhirsch', '2013-01-23 02:16:01', NULL ) on conflict (PROTOCOL_GAS_ID) do update set TEST_SUM_ID = EXCLUDED.TEST_SUM_ID, GAS_LEVEL_CD = EXCLUDED.GAS_LEVEL_CD, GAS_TYPE_CD = EXCLUDED.GAS_TYPE_CD, VENDOR_ID = EXCLUDED.VENDOR_ID, CYLINDER_ID = EXCLUDED.CYLINDER_ID, EXPIRATION_DATE = EXCLUDED.EXPIRATION_DATE, USERID = EXCLUDED.USERID, ADD_DATE = EXCLUDED.ADD_DATE, UPDATE_DATE = EXCLUDED.UPDATE_DATE;
/* ORIS:     47    Location: CCT8      Test Type: UNITDEF    Test Num: UNITDEF-GAS-2012      SQL Ord:    3 */ insert into camdecmpswks.PROTOCOL_GAS ( PROTOCOL_GAS_ID, TEST_SUM_ID, GAS_LEVEL_CD, GAS_TYPE_CD, VENDOR_ID, CYLINDER_ID, EXPIRATION_DATE, USERID, ADD_DATE, UPDATE_DATE ) values ( '22BXS71-DAB4F5D100694743945A42F39DD17D85', '22BXS71-2FC53FBC318F45B3BE3FABCBFE4FC533', 'MID', 'O2', 'A12011', 'ALM003261', '2019-07-12', 'rhirsch', '2013-01-23 02:16:01', NULL ) on conflict (PROTOCOL_GAS_ID) do update set TEST_SUM_ID = EXCLUDED.TEST_SUM_ID, GAS_LEVEL_CD = EXCLUDED.GAS_LEVEL_CD, GAS_TYPE_CD = EXCLUDED.GAS_TYPE_CD, VENDOR_ID = EXCLUDED.VENDOR_ID, CYLINDER_ID = EXCLUDED.CYLINDER_ID, EXPIRATION_DATE = EXCLUDED.EXPIRATION_DATE, USERID = EXCLUDED.USERID, ADD_DATE = EXCLUDED.ADD_DATE, UPDATE_DATE = EXCLUDED.UPDATE_DATE;
/* ORIS:     47    Location: CCT8      Test Type: UNITDEF    Test Num: UNITDEF-GAS-2012      SQL Ord:    4 */ insert into camdecmpswks.AIR_EMISSION_TESTING ( AIR_EMISSION_TEST_ID, TEST_SUM_ID, QI_LAST_NAME, QI_FIRST_NAME, QI_MIDDLE_INITIAL, AETB_NAME, AETB_PHONE_NUMBER, AETB_EMAIL, EXAM_DATE, PROVIDER_NAME, PROVIDER_EMAIL, ADD_DATE, UPDATE_DATE, USERID ) values ( '22BXS71-A7311C858F8141C3ABD6340C61F3CE88', '22BXS71-2FC53FBC318F45B3BE3FABCBFE4FC533', 'Ward', 'Robert', NULL, 'TVA Performance Engineering', '423-876-6880', 'perfengg@tva.gov', '2011-05-06', 'Source Evaluation Society', 'gstiprogram@gmail.com', '2021-12-21 11:31:06', NULL, '' ) on conflict (AIR_EMISSION_TEST_ID) do update set TEST_SUM_ID = EXCLUDED.TEST_SUM_ID, QI_LAST_NAME = EXCLUDED.QI_LAST_NAME, QI_FIRST_NAME = EXCLUDED.QI_FIRST_NAME, QI_MIDDLE_INITIAL = EXCLUDED.QI_MIDDLE_INITIAL, AETB_NAME = EXCLUDED.AETB_NAME, AETB_PHONE_NUMBER = EXCLUDED.AETB_PHONE_NUMBER, AETB_EMAIL = EXCLUDED.AETB_EMAIL, EXAM_DATE = EXCLUDED.EXAM_DATE, PROVIDER_NAME = EXCLUDED.PROVIDER_NAME, PROVIDER_EMAIL = EXCLUDED.PROVIDER_EMAIL, ADD_DATE = EXCLUDED.ADD_DATE, UPDATE_DATE = EXCLUDED.UPDATE_DATE, USERID = EXCLUDED.USERID;
/* ORIS:     47    Location: CCT8      Test Type: UNITDEF    Test Num: UNITDEF-GAS-2012      SQL Ord:    6 */ insert into camdecmpswks.UNIT_DEFAULT_TEST ( UNIT_DEFAULT_TEST_SUM_ID, TEST_SUM_ID, FUEL_CD, OPERATING_CONDITION_CD, NOX_DEFAULT_RATE, CALC_NOX_DEFAULT_RATE, GROUP_ID, NUM_UNITS_IN_GROUP, NUM_TESTS_FOR_GROUP, USERID, ADD_DATE, UPDATE_DATE ) values ( '22BXS71-5DBF8D34B837408DAC7F84CA12A01FF1', '22BXS71-2FC53FBC318F45B3BE3FABCBFE4FC533', 'PNG', NULL, 0.375, 0.375, 'G20124', 8, 3, 'esupport', '2013-01-23 02:15:57', '2022-10-12 10:10:27' ) on conflict (UNIT_DEFAULT_TEST_SUM_ID) do update set TEST_SUM_ID = EXCLUDED.TEST_SUM_ID, FUEL_CD = EXCLUDED.FUEL_CD, OPERATING_CONDITION_CD = EXCLUDED.OPERATING_CONDITION_CD, NOX_DEFAULT_RATE = EXCLUDED.NOX_DEFAULT_RATE, CALC_NOX_DEFAULT_RATE = EXCLUDED.CALC_NOX_DEFAULT_RATE, GROUP_ID = EXCLUDED.GROUP_ID, NUM_UNITS_IN_GROUP = EXCLUDED.NUM_UNITS_IN_GROUP, NUM_TESTS_FOR_GROUP = EXCLUDED.NUM_TESTS_FOR_GROUP, USERID = EXCLUDED.USERID, ADD_DATE = EXCLUDED.ADD_DATE, UPDATE_DATE = EXCLUDED.UPDATE_DATE;
/* ORIS:     47    Location: CCT8      Test Type: UNITDEF    Test Num: UNITDEF-GAS-2012      SQL Ord:    7 */ insert into camdecmpswks.UNIT_DEFAULT_TEST_RUN ( UNIT_DEFAULT_TEST_RUN_ID, UNIT_DEFAULT_TEST_SUM_ID, OP_LEVEL_NUM, RUN_NUM, BEGIN_DATE, BEGIN_HOUR, BEGIN_MIN, END_DATE, END_HOUR, END_MIN, RESPONSE_TIME, REF_VALUE, USERID, ADD_DATE, UPDATE_DATE, RUN_USED_IND ) values ( '22BXS71-915C0C995D344A2E8768CB85FC7EAB58', '22BXS71-5DBF8D34B837408DAC7F84CA12A01FF1', 1, 3, '2012-11-28', 10, 4, '2012-11-28', 11, 0, 1, 0.379, 'rhirsch', '2013-01-23 02:15:59', NULL, 1 ) on conflict (UNIT_DEFAULT_TEST_RUN_ID) do update set UNIT_DEFAULT_TEST_SUM_ID = EXCLUDED.UNIT_DEFAULT_TEST_SUM_ID, OP_LEVEL_NUM = EXCLUDED.OP_LEVEL_NUM, RUN_NUM = EXCLUDED.RUN_NUM, BEGIN_DATE = EXCLUDED.BEGIN_DATE, BEGIN_HOUR = EXCLUDED.BEGIN_HOUR, BEGIN_MIN = EXCLUDED.BEGIN_MIN, END_DATE = EXCLUDED.END_DATE, END_HOUR = EXCLUDED.END_HOUR, END_MIN = EXCLUDED.END_MIN, RESPONSE_TIME = EXCLUDED.RESPONSE_TIME, REF_VALUE = EXCLUDED.REF_VALUE, RUN_USED_IND = EXCLUDED.RUN_USED_IND, USERID = EXCLUDED.USERID, ADD_DATE = EXCLUDED.ADD_DATE, UPDATE_DATE = EXCLUDED.UPDATE_DATE;
/* ORIS:     47    Location: CCT8      Test Type: UNITDEF    Test Num: UNITDEF-GAS-2012      SQL Ord:    7 */ insert into camdecmpswks.UNIT_DEFAULT_TEST_RUN ( UNIT_DEFAULT_TEST_RUN_ID, UNIT_DEFAULT_TEST_SUM_ID, OP_LEVEL_NUM, RUN_NUM, BEGIN_DATE, BEGIN_HOUR, BEGIN_MIN, END_DATE, END_HOUR, END_MIN, RESPONSE_TIME, REF_VALUE, USERID, ADD_DATE, UPDATE_DATE, RUN_USED_IND ) values ( '22BXS71-B3E9AAF492344271BBAEB059B0470B53', '22BXS71-5DBF8D34B837408DAC7F84CA12A01FF1', 1, 2, '2012-11-28', 8, 57, '2012-11-28', 9, 53, 1, 0.373, 'rhirsch', '2013-01-23 02:15:59', NULL, 1 ) on conflict (UNIT_DEFAULT_TEST_RUN_ID) do update set UNIT_DEFAULT_TEST_SUM_ID = EXCLUDED.UNIT_DEFAULT_TEST_SUM_ID, OP_LEVEL_NUM = EXCLUDED.OP_LEVEL_NUM, RUN_NUM = EXCLUDED.RUN_NUM, BEGIN_DATE = EXCLUDED.BEGIN_DATE, BEGIN_HOUR = EXCLUDED.BEGIN_HOUR, BEGIN_MIN = EXCLUDED.BEGIN_MIN, END_DATE = EXCLUDED.END_DATE, END_HOUR = EXCLUDED.END_HOUR, END_MIN = EXCLUDED.END_MIN, RESPONSE_TIME = EXCLUDED.RESPONSE_TIME, REF_VALUE = EXCLUDED.REF_VALUE, RUN_USED_IND = EXCLUDED.RUN_USED_IND, USERID = EXCLUDED.USERID, ADD_DATE = EXCLUDED.ADD_DATE, UPDATE_DATE = EXCLUDED.UPDATE_DATE;
/* ORIS:     47    Location: CCT8      Test Type: UNITDEF    Test Num: UNITDEF-GAS-2012      SQL Ord:    7 */ insert into camdecmpswks.UNIT_DEFAULT_TEST_RUN ( UNIT_DEFAULT_TEST_RUN_ID, UNIT_DEFAULT_TEST_SUM_ID, OP_LEVEL_NUM, RUN_NUM, BEGIN_DATE, BEGIN_HOUR, BEGIN_MIN, END_DATE, END_HOUR, END_MIN, RESPONSE_TIME, REF_VALUE, USERID, ADD_DATE, UPDATE_DATE, RUN_USED_IND ) values ( '22BXS71-C7D96AB54A1A46F1B2581B5B99C6F0AC', '22BXS71-5DBF8D34B837408DAC7F84CA12A01FF1', 1, 1, '2012-11-28', 7, 47, '2012-11-28', 8, 46, 1, 0.373, 'rhirsch', '2013-01-23 02:15:59', NULL, 1 ) on conflict (UNIT_DEFAULT_TEST_RUN_ID) do update set UNIT_DEFAULT_TEST_SUM_ID = EXCLUDED.UNIT_DEFAULT_TEST_SUM_ID, OP_LEVEL_NUM = EXCLUDED.OP_LEVEL_NUM, RUN_NUM = EXCLUDED.RUN_NUM, BEGIN_DATE = EXCLUDED.BEGIN_DATE, BEGIN_HOUR = EXCLUDED.BEGIN_HOUR, BEGIN_MIN = EXCLUDED.BEGIN_MIN, END_DATE = EXCLUDED.END_DATE, END_HOUR = EXCLUDED.END_HOUR, END_MIN = EXCLUDED.END_MIN, RESPONSE_TIME = EXCLUDED.RESPONSE_TIME, REF_VALUE = EXCLUDED.REF_VALUE, RUN_USED_IND = EXCLUDED.RUN_USED_IND, USERID = EXCLUDED.USERID, ADD_DATE = EXCLUDED.ADD_DATE, UPDATE_DATE = EXCLUDED.UPDATE_DATE;
/* ORIS:     47    Location: CCT8      Test Type: UNITDEF    Test Num: UNITDEF-OIL-2012      SQL Ord:    1 */ delete from camdecmpswks.TEST_SUMMARY where TEST_SUM_ID = '22BXS71-E1EDC1601C6C4A099C3E366C18F2759D';
/* ORIS:     47    Location: CCT8      Test Type: UNITDEF    Test Num: UNITDEF-OIL-2012      SQL Ord:    2 */ insert into camdecmpswks.TEST_SUMMARY ( TEST_SUM_ID, MON_LOC_ID, TEST_TYPE_CD, TEST_NUM, MON_SYS_ID, COMPONENT_ID, GP_IND, TEST_REASON_CD, TEST_RESULT_CD, RPT_PERIOD_ID, BEGIN_DATE, BEGIN_HOUR, BEGIN_MIN, END_DATE, END_HOUR, END_MIN, SPAN_SCALE_CD, INJECTION_PROTOCOL_CD, TEST_COMMENT, TEST_DESCRIPTION, CALC_GP_IND, CALC_TEST_RESULT_CD, CALC_SPAN_VALUE, LAST_UPDATED, UPDATED_STATUS_FLG, NEEDS_EVAL_FLG, CHK_SESSION_ID, USERID, ADD_DATE, UPDATE_DATE ) values ( '22BXS71-E1EDC1601C6C4A099C3E366C18F2759D', '4360', 'UNITDEF', 'UNITDEF-OIL-2012', NULL, NULL, NULL, 'QA', NULL, NULL, '2012-11-28', 11, 41, '2012-11-28', 14, 55, NULL, NULL, NULL, NULL, NULL, NULL, NULL, NULL, 'N', 'N', 'CHV-LGIANN-D8A470B48A2F4C19AF4F1E2A23EEC868', 'esupport', '2013-01-23 02:16:01', '2022-10-12 10:10:29' ) on conflict (TEST_SUM_ID) do update set MON_LOC_ID = EXCLUDED.MON_LOC_ID, TEST_TYPE_CD = EXCLUDED.TEST_TYPE_CD, TEST_NUM = EXCLUDED.TEST_NUM, MON_SYS_ID = EXCLUDED.MON_SYS_ID, COMPONENT_ID = EXCLUDED.COMPONENT_ID, GP_IND = EXCLUDED.GP_IND, TEST_REASON_CD = EXCLUDED.TEST_REASON_CD, TEST_RESULT_CD = EXCLUDED.TEST_RESULT_CD, RPT_PERIOD_ID = EXCLUDED.RPT_PERIOD_ID, BEGIN_DATE = EXCLUDED.BEGIN_DATE, BEGIN_HOUR = EXCLUDED.BEGIN_HOUR, BEGIN_MIN = EXCLUDED.BEGIN_MIN, END_DATE = EXCLUDED.END_DATE, END_HOUR = EXCLUDED.END_HOUR, END_MIN = EXCLUDED.END_MIN, SPAN_SCALE_CD = EXCLUDED.SPAN_SCALE_CD, INJECTION_PROTOCOL_CD = EXCLUDED.INJECTION_PROTOCOL_CD, TEST_COMMENT = EXCLUDED.TEST_COMMENT, TEST_DESCRIPTION = EXCLUDED.TEST_DESCRIPTION, CALC_GP_IND = EXCLUDED.CALC_GP_IND, CALC_TEST_RESULT_CD = EXCLUDED.CALC_TEST_RESULT_CD, CALC_SPAN_VALUE = EXCLUDED.CALC_SPAN_VALUE, LAST_UPDATED = EXCLUDED.LAST_UPDATED, UPDATED_STATUS_FLG = EXCLUDED.UPDATED_STATUS_FLG, NEEDS_EVAL_FLG = EXCLUDED.NEEDS_EVAL_FLG, CHK_SESSION_ID = EXCLUDED.CHK_SESSION_ID, USERID = EXCLUDED.USERID, ADD_DATE = EXCLUDED.ADD_DATE, UPDATE_DATE = EXCLUDED.UPDATE_DATE;
/* ORIS:     47    Location: CCT8      Test Type: UNITDEF    Test Num: UNITDEF-OIL-2012      SQL Ord:    3 */ insert into camdecmpswks.PROTOCOL_GAS ( PROTOCOL_GAS_ID, TEST_SUM_ID, GAS_LEVEL_CD, GAS_TYPE_CD, VENDOR_ID, CYLINDER_ID, EXPIRATION_DATE, USERID, ADD_DATE, UPDATE_DATE ) values ( '22BXS71-12B802D006E1406989C0294D0B808862', '22BXS71-E1EDC1601C6C4A099C3E366C18F2759D', 'MID', 'NO', 'A12011', 'CC64046', '2013-10-10', 'rhirsch', '2013-01-23 02:16:01', NULL ) on conflict (PROTOCOL_GAS_ID) do update set TEST_SUM_ID = EXCLUDED.TEST_SUM_ID, GAS_LEVEL_CD = EXCLUDED.GAS_LEVEL_CD, GAS_TYPE_CD = EXCLUDED.GAS_TYPE_CD, VENDOR_ID = EXCLUDED.VENDOR_ID, CYLINDER_ID = EXCLUDED.CYLINDER_ID, EXPIRATION_DATE = EXCLUDED.EXPIRATION_DATE, USERID = EXCLUDED.USERID, ADD_DATE = EXCLUDED.ADD_DATE, UPDATE_DATE = EXCLUDED.UPDATE_DATE;
/* ORIS:     47    Location: CCT8      Test Type: UNITDEF    Test Num: UNITDEF-OIL-2012      SQL Ord:    3 */ insert into camdecmpswks.PROTOCOL_GAS ( PROTOCOL_GAS_ID, TEST_SUM_ID, GAS_LEVEL_CD, GAS_TYPE_CD, VENDOR_ID, CYLINDER_ID, EXPIRATION_DATE, USERID, ADD_DATE, UPDATE_DATE ) values ( '22BXS71-1C424D73EDB04058A0166283FEFFE2B1', '22BXS71-E1EDC1601C6C4A099C3E366C18F2759D', 'MID', 'O2', 'A12011', 'ALM003261', '2019-07-12', 'rhirsch', '2013-01-23 02:16:01', NULL ) on conflict (PROTOCOL_GAS_ID) do update set TEST_SUM_ID = EXCLUDED.TEST_SUM_ID, GAS_LEVEL_CD = EXCLUDED.GAS_LEVEL_CD, GAS_TYPE_CD = EXCLUDED.GAS_TYPE_CD, VENDOR_ID = EXCLUDED.VENDOR_ID, CYLINDER_ID = EXCLUDED.CYLINDER_ID, EXPIRATION_DATE = EXCLUDED.EXPIRATION_DATE, USERID = EXCLUDED.USERID, ADD_DATE = EXCLUDED.ADD_DATE, UPDATE_DATE = EXCLUDED.UPDATE_DATE;
/* ORIS:     47    Location: CCT8      Test Type: UNITDEF    Test Num: UNITDEF-OIL-2012      SQL Ord:    3 */ insert into camdecmpswks.PROTOCOL_GAS ( PROTOCOL_GAS_ID, TEST_SUM_ID, GAS_LEVEL_CD, GAS_TYPE_CD, VENDOR_ID, CYLINDER_ID, EXPIRATION_DATE, USERID, ADD_DATE, UPDATE_DATE ) values ( '22BXS71-2371C645C14B42078E83CDC5A82B5AE1', '22BXS71-E1EDC1601C6C4A099C3E366C18F2759D', 'LOW', 'ZERO', NULL, NULL, NULL, 'rhirsch', '2013-01-23 02:16:01', NULL ) on conflict (PROTOCOL_GAS_ID) do update set TEST_SUM_ID = EXCLUDED.TEST_SUM_ID, GAS_LEVEL_CD = EXCLUDED.GAS_LEVEL_CD, GAS_TYPE_CD = EXCLUDED.GAS_TYPE_CD, VENDOR_ID = EXCLUDED.VENDOR_ID, CYLINDER_ID = EXCLUDED.CYLINDER_ID, EXPIRATION_DATE = EXCLUDED.EXPIRATION_DATE, USERID = EXCLUDED.USERID, ADD_DATE = EXCLUDED.ADD_DATE, UPDATE_DATE = EXCLUDED.UPDATE_DATE;
/* ORIS:     47    Location: CCT8      Test Type: UNITDEF    Test Num: UNITDEF-OIL-2012      SQL Ord:    3 */ insert into camdecmpswks.PROTOCOL_GAS ( PROTOCOL_GAS_ID, TEST_SUM_ID, GAS_LEVEL_CD, GAS_TYPE_CD, VENDOR_ID, CYLINDER_ID, EXPIRATION_DATE, USERID, ADD_DATE, UPDATE_DATE ) values ( '22BXS71-4EFC8386EAF347FF895138149091EFEA', '22BXS71-E1EDC1601C6C4A099C3E366C18F2759D', 'HIGH', 'NO', 'A12011', 'AAL4304', '2019-01-06', 'rhirsch', '2013-01-23 02:16:01', NULL ) on conflict (PROTOCOL_GAS_ID) do update set TEST_SUM_ID = EXCLUDED.TEST_SUM_ID, GAS_LEVEL_CD = EXCLUDED.GAS_LEVEL_CD, GAS_TYPE_CD = EXCLUDED.GAS_TYPE_CD, VENDOR_ID = EXCLUDED.VENDOR_ID, CYLINDER_ID = EXCLUDED.CYLINDER_ID, EXPIRATION_DATE = EXCLUDED.EXPIRATION_DATE, USERID = EXCLUDED.USERID, ADD_DATE = EXCLUDED.ADD_DATE, UPDATE_DATE = EXCLUDED.UPDATE_DATE;
/* ORIS:     47    Location: CCT8      Test Type: UNITDEF    Test Num: UNITDEF-OIL-2012      SQL Ord:    3 */ insert into camdecmpswks.PROTOCOL_GAS ( PROTOCOL_GAS_ID, TEST_SUM_ID, GAS_LEVEL_CD, GAS_TYPE_CD, VENDOR_ID, CYLINDER_ID, EXPIRATION_DATE, USERID, ADD_DATE, UPDATE_DATE ) values ( '22BXS71-84E59F329EEA4755B810883E80AD7E66', '22BXS71-E1EDC1601C6C4A099C3E366C18F2759D', 'HIGH', 'O2', 'NONPGVP', 'ALM031876', '2018-05-11', 'rhirsch', '2013-01-23 02:16:01', NULL ) on conflict (PROTOCOL_GAS_ID) do update set TEST_SUM_ID = EXCLUDED.TEST_SUM_ID, GAS_LEVEL_CD = EXCLUDED.GAS_LEVEL_CD, GAS_TYPE_CD = EXCLUDED.GAS_TYPE_CD, VENDOR_ID = EXCLUDED.VENDOR_ID, CYLINDER_ID = EXCLUDED.CYLINDER_ID, EXPIRATION_DATE = EXCLUDED.EXPIRATION_DATE, USERID = EXCLUDED.USERID, ADD_DATE = EXCLUDED.ADD_DATE, UPDATE_DATE = EXCLUDED.UPDATE_DATE;
/* ORIS:     47    Location: CCT8      Test Type: UNITDEF    Test Num: UNITDEF-OIL-2012      SQL Ord:    4 */ insert into camdecmpswks.AIR_EMISSION_TESTING ( AIR_EMISSION_TEST_ID, TEST_SUM_ID, QI_LAST_NAME, QI_FIRST_NAME, QI_MIDDLE_INITIAL, AETB_NAME, AETB_PHONE_NUMBER, AETB_EMAIL, EXAM_DATE, PROVIDER_NAME, PROVIDER_EMAIL, ADD_DATE, UPDATE_DATE, USERID ) values ( '22BXS71-2A4C8E8CEDE943D5B397A8773B82FC6F', '22BXS71-E1EDC1601C6C4A099C3E366C18F2759D', 'Ward', 'Robert', NULL, 'TVA Performance Engineering', '423-876-6880', 'perfengg@tva.gov', '2011-05-06', 'Source Evaluation Society', 'gstiprogram@gmail.com', '2021-12-21 11:31:06', NULL, '' ) on conflict (AIR_EMISSION_TEST_ID) do update set TEST_SUM_ID = EXCLUDED.TEST_SUM_ID, QI_LAST_NAME = EXCLUDED.QI_LAST_NAME, QI_FIRST_NAME = EXCLUDED.QI_FIRST_NAME, QI_MIDDLE_INITIAL = EXCLUDED.QI_MIDDLE_INITIAL, AETB_NAME = EXCLUDED.AETB_NAME, AETB_PHONE_NUMBER = EXCLUDED.AETB_PHONE_NUMBER, AETB_EMAIL = EXCLUDED.AETB_EMAIL, EXAM_DATE = EXCLUDED.EXAM_DATE, PROVIDER_NAME = EXCLUDED.PROVIDER_NAME, PROVIDER_EMAIL = EXCLUDED.PROVIDER_EMAIL, ADD_DATE = EXCLUDED.ADD_DATE, UPDATE_DATE = EXCLUDED.UPDATE_DATE, USERID = EXCLUDED.USERID;
/* ORIS:     47    Location: CCT8      Test Type: UNITDEF    Test Num: UNITDEF-OIL-2012      SQL Ord:    6 */ insert into camdecmpswks.UNIT_DEFAULT_TEST ( UNIT_DEFAULT_TEST_SUM_ID, TEST_SUM_ID, FUEL_CD, OPERATING_CONDITION_CD, NOX_DEFAULT_RATE, CALC_NOX_DEFAULT_RATE, GROUP_ID, NUM_UNITS_IN_GROUP, NUM_TESTS_FOR_GROUP, USERID, ADD_DATE, UPDATE_DATE ) values ( '22BXS71-2AA1C8EEE7054E2ABE0FBCC29C9B5173', '22BXS71-E1EDC1601C6C4A099C3E366C18F2759D', 'DSL', NULL, 0.683, 0.683, 'D20124', 8, 3, 'esupport', '2013-01-23 02:16:01', '2022-10-12 10:10:29' ) on conflict (UNIT_DEFAULT_TEST_SUM_ID) do update set TEST_SUM_ID = EXCLUDED.TEST_SUM_ID, FUEL_CD = EXCLUDED.FUEL_CD, OPERATING_CONDITION_CD = EXCLUDED.OPERATING_CONDITION_CD, NOX_DEFAULT_RATE = EXCLUDED.NOX_DEFAULT_RATE, CALC_NOX_DEFAULT_RATE = EXCLUDED.CALC_NOX_DEFAULT_RATE, GROUP_ID = EXCLUDED.GROUP_ID, NUM_UNITS_IN_GROUP = EXCLUDED.NUM_UNITS_IN_GROUP, NUM_TESTS_FOR_GROUP = EXCLUDED.NUM_TESTS_FOR_GROUP, USERID = EXCLUDED.USERID, ADD_DATE = EXCLUDED.ADD_DATE, UPDATE_DATE = EXCLUDED.UPDATE_DATE;
/* ORIS:     47    Location: CCT8      Test Type: UNITDEF    Test Num: UNITDEF-OIL-2012      SQL Ord:    7 */ insert into camdecmpswks.UNIT_DEFAULT_TEST_RUN ( UNIT_DEFAULT_TEST_RUN_ID, UNIT_DEFAULT_TEST_SUM_ID, OP_LEVEL_NUM, RUN_NUM, BEGIN_DATE, BEGIN_HOUR, BEGIN_MIN, END_DATE, END_HOUR, END_MIN, RESPONSE_TIME, REF_VALUE, USERID, ADD_DATE, UPDATE_DATE, RUN_USED_IND ) values ( '22BXS71-0A42DF82D1E14009A45D850F3766A2B4', '22BXS71-2AA1C8EEE7054E2ABE0FBCC29C9B5173', 1, 2, '2012-11-28', 12, 49, '2012-11-28', 13, 47, 1, 0.686, 'rhirsch', '2013-01-23 02:16:01', NULL, 1 ) on conflict (UNIT_DEFAULT_TEST_RUN_ID) do update set UNIT_DEFAULT_TEST_SUM_ID = EXCLUDED.UNIT_DEFAULT_TEST_SUM_ID, OP_LEVEL_NUM = EXCLUDED.OP_LEVEL_NUM, RUN_NUM = EXCLUDED.RUN_NUM, BEGIN_DATE = EXCLUDED.BEGIN_DATE, BEGIN_HOUR = EXCLUDED.BEGIN_HOUR, BEGIN_MIN = EXCLUDED.BEGIN_MIN, END_DATE = EXCLUDED.END_DATE, END_HOUR = EXCLUDED.END_HOUR, END_MIN = EXCLUDED.END_MIN, RESPONSE_TIME = EXCLUDED.RESPONSE_TIME, REF_VALUE = EXCLUDED.REF_VALUE, RUN_USED_IND = EXCLUDED.RUN_USED_IND, USERID = EXCLUDED.USERID, ADD_DATE = EXCLUDED.ADD_DATE, UPDATE_DATE = EXCLUDED.UPDATE_DATE;
/* ORIS:     47    Location: CCT8      Test Type: UNITDEF    Test Num: UNITDEF-OIL-2012      SQL Ord:    7 */ insert into camdecmpswks.UNIT_DEFAULT_TEST_RUN ( UNIT_DEFAULT_TEST_RUN_ID, UNIT_DEFAULT_TEST_SUM_ID, OP_LEVEL_NUM, RUN_NUM, BEGIN_DATE, BEGIN_HOUR, BEGIN_MIN, END_DATE, END_HOUR, END_MIN, RESPONSE_TIME, REF_VALUE, USERID, ADD_DATE, UPDATE_DATE, RUN_USED_IND ) values ( '22BXS71-47A077E444B24750B1B3E2F471E9DFD8', '22BXS71-2AA1C8EEE7054E2ABE0FBCC29C9B5173', 1, 3, '2012-11-28', 13, 58, '2012-11-28', 14, 55, 1, 0.686, 'rhirsch', '2013-01-23 02:16:01', NULL, 1 ) on conflict (UNIT_DEFAULT_TEST_RUN_ID) do update set UNIT_DEFAULT_TEST_SUM_ID = EXCLUDED.UNIT_DEFAULT_TEST_SUM_ID, OP_LEVEL_NUM = EXCLUDED.OP_LEVEL_NUM, RUN_NUM = EXCLUDED.RUN_NUM, BEGIN_DATE = EXCLUDED.BEGIN_DATE, BEGIN_HOUR = EXCLUDED.BEGIN_HOUR, BEGIN_MIN = EXCLUDED.BEGIN_MIN, END_DATE = EXCLUDED.END_DATE, END_HOUR = EXCLUDED.END_HOUR, END_MIN = EXCLUDED.END_MIN, RESPONSE_TIME = EXCLUDED.RESPONSE_TIME, REF_VALUE = EXCLUDED.REF_VALUE, RUN_USED_IND = EXCLUDED.RUN_USED_IND, USERID = EXCLUDED.USERID, ADD_DATE = EXCLUDED.ADD_DATE, UPDATE_DATE = EXCLUDED.UPDATE_DATE;
/* ORIS:     47    Location: CCT8      Test Type: UNITDEF    Test Num: UNITDEF-OIL-2012      SQL Ord:    7 */ insert into camdecmpswks.UNIT_DEFAULT_TEST_RUN ( UNIT_DEFAULT_TEST_RUN_ID, UNIT_DEFAULT_TEST_SUM_ID, OP_LEVEL_NUM, RUN_NUM, BEGIN_DATE, BEGIN_HOUR, BEGIN_MIN, END_DATE, END_HOUR, END_MIN, RESPONSE_TIME, REF_VALUE, USERID, ADD_DATE, UPDATE_DATE, RUN_USED_IND ) values ( '22BXS71-4BF0EC2CEB724EC8BE669FAB41F393A4', '22BXS71-2AA1C8EEE7054E2ABE0FBCC29C9B5173', 1, 1, '2012-11-28', 11, 41, '2012-11-28', 12, 38, 1, 0.677, 'rhirsch', '2013-01-23 02:16:01', NULL, 1 ) on conflict (UNIT_DEFAULT_TEST_RUN_ID) do update set UNIT_DEFAULT_TEST_SUM_ID = EXCLUDED.UNIT_DEFAULT_TEST_SUM_ID, OP_LEVEL_NUM = EXCLUDED.OP_LEVEL_NUM, RUN_NUM = EXCLUDED.RUN_NUM, BEGIN_DATE = EXCLUDED.BEGIN_DATE, BEGIN_HOUR = EXCLUDED.BEGIN_HOUR, BEGIN_MIN = EXCLUDED.BEGIN_MIN, END_DATE = EXCLUDED.END_DATE, END_HOUR = EXCLUDED.END_HOUR, END_MIN = EXCLUDED.END_MIN, RESPONSE_TIME = EXCLUDED.RESPONSE_TIME, REF_VALUE = EXCLUDED.REF_VALUE, RUN_USED_IND = EXCLUDED.RUN_USED_IND, USERID = EXCLUDED.USERID, ADD_DATE = EXCLUDED.ADD_DATE, UPDATE_DATE = EXCLUDED.UPDATE_DATE;
/* ORIS:   2292    Location: 1         Test Type: UNITDEF    Test Num: AAA           SQL Ord:    1 */ delete from camdecmpswks.TEST_SUMMARY where TEST_SUM_ID = 'CHV-LGIANN-FD4139380242460BB6F110BBA275F7D9';
/* ORIS:   2292    Location: 1         Test Type: UNITDEF    Test Num: AAA           SQL Ord:    2 */ insert into camdecmpswks.TEST_SUMMARY ( TEST_SUM_ID, MON_LOC_ID, TEST_TYPE_CD, TEST_NUM, MON_SYS_ID, COMPONENT_ID, GP_IND, TEST_REASON_CD, TEST_RESULT_CD, RPT_PERIOD_ID, BEGIN_DATE, BEGIN_HOUR, BEGIN_MIN, END_DATE, END_HOUR, END_MIN, SPAN_SCALE_CD, INJECTION_PROTOCOL_CD, TEST_COMMENT, TEST_DESCRIPTION, CALC_GP_IND, CALC_TEST_RESULT_CD, CALC_SPAN_VALUE, LAST_UPDATED, UPDATED_STATUS_FLG, NEEDS_EVAL_FLG, CHK_SESSION_ID, USERID, ADD_DATE, UPDATE_DATE ) values ( 'CHV-LGIANN-FD4139380242460BB6F110BBA275F7D9', '6709', 'UNITDEF', 'AAA', NULL, NULL, NULL, 'QA', NULL, NULL, '2020-05-02', 6, 25, '2020-05-02', 9, 37, NULL, NULL, NULL, NULL, NULL, NULL, NULL, '2021-12-21 23:01:30', 'Y', 'N', 'CHV-LGIANN-F62883BBC01C4247944D61FF1964A608', 'esupport', '2021-12-21 23:01:30', '2021-12-21 23:10:12' ) on conflict (TEST_SUM_ID) do update set MON_LOC_ID = EXCLUDED.MON_LOC_ID, TEST_TYPE_CD = EXCLUDED.TEST_TYPE_CD, TEST_NUM = EXCLUDED.TEST_NUM, MON_SYS_ID = EXCLUDED.MON_SYS_ID, COMPONENT_ID = EXCLUDED.COMPONENT_ID, GP_IND = EXCLUDED.GP_IND, TEST_REASON_CD = EXCLUDED.TEST_REASON_CD, TEST_RESULT_CD = EXCLUDED.TEST_RESULT_CD, RPT_PERIOD_ID = EXCLUDED.RPT_PERIOD_ID, BEGIN_DATE = EXCLUDED.BEGIN_DATE, BEGIN_HOUR = EXCLUDED.BEGIN_HOUR, BEGIN_MIN = EXCLUDED.BEGIN_MIN, END_DATE = EXCLUDED.END_DATE, END_HOUR = EXCLUDED.END_HOUR, END_MIN = EXCLUDED.END_MIN, SPAN_SCALE_CD = EXCLUDED.SPAN_SCALE_CD, INJECTION_PROTOCOL_CD = EXCLUDED.INJECTION_PROTOCOL_CD, TEST_COMMENT = EXCLUDED.TEST_COMMENT, TEST_DESCRIPTION = EXCLUDED.TEST_DESCRIPTION, CALC_GP_IND = EXCLUDED.CALC_GP_IND, CALC_TEST_RESULT_CD = EXCLUDED.CALC_TEST_RESULT_CD, CALC_SPAN_VALUE = EXCLUDED.CALC_SPAN_VALUE, LAST_UPDATED = EXCLUDED.LAST_UPDATED, UPDATED_STATUS_FLG = EXCLUDED.UPDATED_STATUS_FLG, NEEDS_EVAL_FLG = EXCLUDED.NEEDS_EVAL_FLG, CHK_SESSION_ID = EXCLUDED.CHK_SESSION_ID, USERID = EXCLUDED.USERID, ADD_DATE = EXCLUDED.ADD_DATE, UPDATE_DATE = EXCLUDED.UPDATE_DATE;
/* ORIS:   2292    Location: 1         Test Type: UNITDEF    Test Num: AAA           SQL Ord:    3 */ insert into camdecmpswks.PROTOCOL_GAS ( PROTOCOL_GAS_ID, TEST_SUM_ID, GAS_LEVEL_CD, GAS_TYPE_CD, VENDOR_ID, CYLINDER_ID, EXPIRATION_DATE, USERID, ADD_DATE, UPDATE_DATE ) values ( 'CHV-LGIANN-23E2C8DF2566460F85424E560ED745AC', 'CHV-LGIANN-FD4139380242460BB6F110BBA275F7D9', 'MID', 'BALN,O2', 'B22016', 'EB0079235', '2020-11-08', 'esupport', '2021-12-21 23:01:30', NULL ) on conflict (PROTOCOL_GAS_ID) do update set TEST_SUM_ID = EXCLUDED.TEST_SUM_ID, GAS_LEVEL_CD = EXCLUDED.GAS_LEVEL_CD, GAS_TYPE_CD = EXCLUDED.GAS_TYPE_CD, VENDOR_ID = EXCLUDED.VENDOR_ID, CYLINDER_ID = EXCLUDED.CYLINDER_ID, EXPIRATION_DATE = EXCLUDED.EXPIRATION_DATE, USERID = EXCLUDED.USERID, ADD_DATE = EXCLUDED.ADD_DATE, UPDATE_DATE = EXCLUDED.UPDATE_DATE;
/* ORIS:   2292    Location: 1         Test Type: UNITDEF    Test Num: AAA           SQL Ord:    3 */ insert into camdecmpswks.PROTOCOL_GAS ( PROTOCOL_GAS_ID, TEST_SUM_ID, GAS_LEVEL_CD, GAS_TYPE_CD, VENDOR_ID, CYLINDER_ID, EXPIRATION_DATE, USERID, ADD_DATE, UPDATE_DATE ) values ( 'CHV-LGIANN-36051B7B21CC407D833B2B1A179B1CF4', 'CHV-LGIANN-FD4139380242460BB6F110BBA275F7D9', 'HIGH', 'BALN,O2', 'A12016', 'ALM045652', '2024-02-09', 'esupport', '2021-12-21 23:01:30', NULL ) on conflict (PROTOCOL_GAS_ID) do update set TEST_SUM_ID = EXCLUDED.TEST_SUM_ID, GAS_LEVEL_CD = EXCLUDED.GAS_LEVEL_CD, GAS_TYPE_CD = EXCLUDED.GAS_TYPE_CD, VENDOR_ID = EXCLUDED.VENDOR_ID, CYLINDER_ID = EXCLUDED.CYLINDER_ID, EXPIRATION_DATE = EXCLUDED.EXPIRATION_DATE, USERID = EXCLUDED.USERID, ADD_DATE = EXCLUDED.ADD_DATE, UPDATE_DATE = EXCLUDED.UPDATE_DATE;
/* ORIS:   2292    Location: 1         Test Type: UNITDEF    Test Num: AAA           SQL Ord:    3 */ insert into camdecmpswks.PROTOCOL_GAS ( PROTOCOL_GAS_ID, TEST_SUM_ID, GAS_LEVEL_CD, GAS_TYPE_CD, VENDOR_ID, CYLINDER_ID, EXPIRATION_DATE, USERID, ADD_DATE, UPDATE_DATE ) values ( 'CHV-LGIANN-4661746CD70144D0BF4B65EA2F64B0C6', 'CHV-LGIANN-FD4139380242460BB6F110BBA275F7D9', 'HIGH', 'BALN,NO,NOX', 'A12011', 'AAL21525', '2019-07-16', 'esupport', '2021-12-21 23:01:30', NULL ) on conflict (PROTOCOL_GAS_ID) do update set TEST_SUM_ID = EXCLUDED.TEST_SUM_ID, GAS_LEVEL_CD = EXCLUDED.GAS_LEVEL_CD, GAS_TYPE_CD = EXCLUDED.GAS_TYPE_CD, VENDOR_ID = EXCLUDED.VENDOR_ID, CYLINDER_ID = EXCLUDED.CYLINDER_ID, EXPIRATION_DATE = EXCLUDED.EXPIRATION_DATE, USERID = EXCLUDED.USERID, ADD_DATE = EXCLUDED.ADD_DATE, UPDATE_DATE = EXCLUDED.UPDATE_DATE;
/* ORIS:   2292    Location: 1         Test Type: UNITDEF    Test Num: AAA           SQL Ord:    3 */ insert into camdecmpswks.PROTOCOL_GAS ( PROTOCOL_GAS_ID, TEST_SUM_ID, GAS_LEVEL_CD, GAS_TYPE_CD, VENDOR_ID, CYLINDER_ID, EXPIRATION_DATE, USERID, ADD_DATE, UPDATE_DATE ) values ( 'CHV-LGIANN-A7319B504D924272966BAFDBB547DAA3', 'CHV-LGIANN-FD4139380242460BB6F110BBA275F7D9', 'LOW', 'ZERO', NULL, NULL, NULL, 'esupport', '2021-12-21 23:01:30', NULL ) on conflict (PROTOCOL_GAS_ID) do update set TEST_SUM_ID = EXCLUDED.TEST_SUM_ID, GAS_LEVEL_CD = EXCLUDED.GAS_LEVEL_CD, GAS_TYPE_CD = EXCLUDED.GAS_TYPE_CD, VENDOR_ID = EXCLUDED.VENDOR_ID, CYLINDER_ID = EXCLUDED.CYLINDER_ID, EXPIRATION_DATE = EXCLUDED.EXPIRATION_DATE, USERID = EXCLUDED.USERID, ADD_DATE = EXCLUDED.ADD_DATE, UPDATE_DATE = EXCLUDED.UPDATE_DATE;
/* ORIS:   2292    Location: 1         Test Type: UNITDEF    Test Num: AAA           SQL Ord:    3 */ insert into camdecmpswks.PROTOCOL_GAS ( PROTOCOL_GAS_ID, TEST_SUM_ID, GAS_LEVEL_CD, GAS_TYPE_CD, VENDOR_ID, CYLINDER_ID, EXPIRATION_DATE, USERID, ADD_DATE, UPDATE_DATE ) values ( 'CHV-LGIANN-FB69F319ECF942A18B581E6B828EC94E', 'CHV-LGIANN-FD4139380242460BB6F110BBA275F7D9', 'MID', 'BALN,NO,NOX', 'A12011', 'ALM041367', '2019-04-07', 'esupport', '2021-12-21 23:01:30', NULL ) on conflict (PROTOCOL_GAS_ID) do update set TEST_SUM_ID = EXCLUDED.TEST_SUM_ID, GAS_LEVEL_CD = EXCLUDED.GAS_LEVEL_CD, GAS_TYPE_CD = EXCLUDED.GAS_TYPE_CD, VENDOR_ID = EXCLUDED.VENDOR_ID, CYLINDER_ID = EXCLUDED.CYLINDER_ID, EXPIRATION_DATE = EXCLUDED.EXPIRATION_DATE, USERID = EXCLUDED.USERID, ADD_DATE = EXCLUDED.ADD_DATE, UPDATE_DATE = EXCLUDED.UPDATE_DATE;
/* ORIS:   2292    Location: 1         Test Type: UNITDEF    Test Num: AAA           SQL Ord:    4 */ insert into camdecmpswks.AIR_EMISSION_TESTING ( AIR_EMISSION_TEST_ID, TEST_SUM_ID, QI_LAST_NAME, QI_FIRST_NAME, QI_MIDDLE_INITIAL, AETB_NAME, AETB_PHONE_NUMBER, AETB_EMAIL, EXAM_DATE, PROVIDER_NAME, PROVIDER_EMAIL, ADD_DATE, UPDATE_DATE, USERID ) values ( 'CHV-LGIANN-11061FD3101D40F0BBDDC7B2E404B572', 'CHV-LGIANN-FD4139380242460BB6F110BBA275F7D9', 'Ward', 'Robert', 'D', 'TVA Performance Engineering', '423-876-6880', 'perfengg@tva.gov', '2016-03-03', 'Source Evaluation Society', 'qstiprogram@gmail.com', '2021-12-21 23:01:30', NULL, 'esupport' ) on conflict (AIR_EMISSION_TEST_ID) do update set TEST_SUM_ID = EXCLUDED.TEST_SUM_ID, QI_LAST_NAME = EXCLUDED.QI_LAST_NAME, QI_FIRST_NAME = EXCLUDED.QI_FIRST_NAME, QI_MIDDLE_INITIAL = EXCLUDED.QI_MIDDLE_INITIAL, AETB_NAME = EXCLUDED.AETB_NAME, AETB_PHONE_NUMBER = EXCLUDED.AETB_PHONE_NUMBER, AETB_EMAIL = EXCLUDED.AETB_EMAIL, EXAM_DATE = EXCLUDED.EXAM_DATE, PROVIDER_NAME = EXCLUDED.PROVIDER_NAME, PROVIDER_EMAIL = EXCLUDED.PROVIDER_EMAIL, ADD_DATE = EXCLUDED.ADD_DATE, UPDATE_DATE = EXCLUDED.UPDATE_DATE, USERID = EXCLUDED.USERID;
/* ORIS:   2292    Location: 1         Test Type: UNITDEF    Test Num: AAA           SQL Ord:    6 */ insert into camdecmpswks.UNIT_DEFAULT_TEST ( UNIT_DEFAULT_TEST_SUM_ID, TEST_SUM_ID, FUEL_CD, OPERATING_CONDITION_CD, NOX_DEFAULT_RATE, CALC_NOX_DEFAULT_RATE, GROUP_ID, NUM_UNITS_IN_GROUP, NUM_TESTS_FOR_GROUP, USERID, ADD_DATE, UPDATE_DATE ) values ( 'CHV-LGIANN-CB0D3809650542798921FE6CA3B58EB7', 'CHV-LGIANN-FD4139380242460BB6F110BBA275F7D9', 'DSL', NULL, 0.631, 0.631, 'D20202', 8, 3, 'esupport', '2021-12-21 23:01:30', '2021-12-21 23:10:12' ) on conflict (UNIT_DEFAULT_TEST_SUM_ID) do update set TEST_SUM_ID = EXCLUDED.TEST_SUM_ID, FUEL_CD = EXCLUDED.FUEL_CD, OPERATING_CONDITION_CD = EXCLUDED.OPERATING_CONDITION_CD, NOX_DEFAULT_RATE = EXCLUDED.NOX_DEFAULT_RATE, CALC_NOX_DEFAULT_RATE = EXCLUDED.CALC_NOX_DEFAULT_RATE, GROUP_ID = EXCLUDED.GROUP_ID, NUM_UNITS_IN_GROUP = EXCLUDED.NUM_UNITS_IN_GROUP, NUM_TESTS_FOR_GROUP = EXCLUDED.NUM_TESTS_FOR_GROUP, USERID = EXCLUDED.USERID, ADD_DATE = EXCLUDED.ADD_DATE, UPDATE_DATE = EXCLUDED.UPDATE_DATE;
/* ORIS:   2292    Location: 1         Test Type: UNITDEF    Test Num: AAA           SQL Ord:    7 */ insert into camdecmpswks.UNIT_DEFAULT_TEST_RUN ( UNIT_DEFAULT_TEST_RUN_ID, UNIT_DEFAULT_TEST_SUM_ID, OP_LEVEL_NUM, RUN_NUM, BEGIN_DATE, BEGIN_HOUR, BEGIN_MIN, END_DATE, END_HOUR, END_MIN, RESPONSE_TIME, REF_VALUE, USERID, ADD_DATE, UPDATE_DATE, RUN_USED_IND ) values ( 'CHV-LGIANN-3744B8EFFAB445CB904BE13D054C4432', 'CHV-LGIANN-CB0D3809650542798921FE6CA3B58EB7', 1, 2, '2020-05-02', 7, 32, '2020-05-02', 8, 31, 152, 0.633, 'esupport', '2021-12-21 23:01:30', NULL, 1 ) on conflict (UNIT_DEFAULT_TEST_RUN_ID) do update set UNIT_DEFAULT_TEST_SUM_ID = EXCLUDED.UNIT_DEFAULT_TEST_SUM_ID, OP_LEVEL_NUM = EXCLUDED.OP_LEVEL_NUM, RUN_NUM = EXCLUDED.RUN_NUM, BEGIN_DATE = EXCLUDED.BEGIN_DATE, BEGIN_HOUR = EXCLUDED.BEGIN_HOUR, BEGIN_MIN = EXCLUDED.BEGIN_MIN, END_DATE = EXCLUDED.END_DATE, END_HOUR = EXCLUDED.END_HOUR, END_MIN = EXCLUDED.END_MIN, RESPONSE_TIME = EXCLUDED.RESPONSE_TIME, REF_VALUE = EXCLUDED.REF_VALUE, RUN_USED_IND = EXCLUDED.RUN_USED_IND, USERID = EXCLUDED.USERID, ADD_DATE = EXCLUDED.ADD_DATE, UPDATE_DATE = EXCLUDED.UPDATE_DATE;
/* ORIS:   2292    Location: 1         Test Type: UNITDEF    Test Num: AAA           SQL Ord:    7 */ insert into camdecmpswks.UNIT_DEFAULT_TEST_RUN ( UNIT_DEFAULT_TEST_RUN_ID, UNIT_DEFAULT_TEST_SUM_ID, OP_LEVEL_NUM, RUN_NUM, BEGIN_DATE, BEGIN_HOUR, BEGIN_MIN, END_DATE, END_HOUR, END_MIN, RESPONSE_TIME, REF_VALUE, USERID, ADD_DATE, UPDATE_DATE, RUN_USED_IND ) values ( 'CHV-LGIANN-7547DAC98EED4648B4C0BD805BFDC832', 'CHV-LGIANN-CB0D3809650542798921FE6CA3B58EB7', 1, 3, '2020-05-02', 8, 40, '2020-05-02', 9, 37, 152, 0.638, 'esupport', '2021-12-21 23:01:30', NULL, 1 ) on conflict (UNIT_DEFAULT_TEST_RUN_ID) do update set UNIT_DEFAULT_TEST_SUM_ID = EXCLUDED.UNIT_DEFAULT_TEST_SUM_ID, OP_LEVEL_NUM = EXCLUDED.OP_LEVEL_NUM, RUN_NUM = EXCLUDED.RUN_NUM, BEGIN_DATE = EXCLUDED.BEGIN_DATE, BEGIN_HOUR = EXCLUDED.BEGIN_HOUR, BEGIN_MIN = EXCLUDED.BEGIN_MIN, END_DATE = EXCLUDED.END_DATE, END_HOUR = EXCLUDED.END_HOUR, END_MIN = EXCLUDED.END_MIN, RESPONSE_TIME = EXCLUDED.RESPONSE_TIME, REF_VALUE = EXCLUDED.REF_VALUE, RUN_USED_IND = EXCLUDED.RUN_USED_IND, USERID = EXCLUDED.USERID, ADD_DATE = EXCLUDED.ADD_DATE, UPDATE_DATE = EXCLUDED.UPDATE_DATE;
/* ORIS:   2292    Location: 1         Test Type: UNITDEF    Test Num: AAA           SQL Ord:    7 */ insert into camdecmpswks.UNIT_DEFAULT_TEST_RUN ( UNIT_DEFAULT_TEST_RUN_ID, UNIT_DEFAULT_TEST_SUM_ID, OP_LEVEL_NUM, RUN_NUM, BEGIN_DATE, BEGIN_HOUR, BEGIN_MIN, END_DATE, END_HOUR, END_MIN, RESPONSE_TIME, REF_VALUE, USERID, ADD_DATE, UPDATE_DATE, RUN_USED_IND ) values ( 'CHV-LGIANN-90B2B0EFA391463CBC371E561C43BDAC', 'CHV-LGIANN-CB0D3809650542798921FE6CA3B58EB7', 1, 1, '2020-05-02', 6, 25, '2020-05-02', 7, 23, 152, 0.622, 'esupport', '2021-12-21 23:01:30', NULL, 1 ) on conflict (UNIT_DEFAULT_TEST_RUN_ID) do update set UNIT_DEFAULT_TEST_SUM_ID = EXCLUDED.UNIT_DEFAULT_TEST_SUM_ID, OP_LEVEL_NUM = EXCLUDED.OP_LEVEL_NUM, RUN_NUM = EXCLUDED.RUN_NUM, BEGIN_DATE = EXCLUDED.BEGIN_DATE, BEGIN_HOUR = EXCLUDED.BEGIN_HOUR, BEGIN_MIN = EXCLUDED.BEGIN_MIN, END_DATE = EXCLUDED.END_DATE, END_HOUR = EXCLUDED.END_HOUR, END_MIN = EXCLUDED.END_MIN, RESPONSE_TIME = EXCLUDED.RESPONSE_TIME, REF_VALUE = EXCLUDED.REF_VALUE, RUN_USED_IND = EXCLUDED.RUN_USED_IND, USERID = EXCLUDED.USERID, ADD_DATE = EXCLUDED.ADD_DATE, UPDATE_DATE = EXCLUDED.UPDATE_DATE;