/* ORIS:      3    Location: 5         Test Type: LINE       Test Num: 20201110111500CD1     SQL Ord:    1 */ delete from camdecmpswks.TEST_SUMMARY where TEST_SUM_ID = 'TWCORNEL5-81418C02C020438F9375BEEC2D029CB7';
/* ORIS:      3    Location: 5         Test Type: LINE       Test Num: 20201110111500CD1     SQL Ord:    2 */ insert into camdecmpswks.TEST_SUMMARY ( TEST_SUM_ID, MON_LOC_ID, TEST_TYPE_CD, TEST_NUM, MON_SYS_ID, COMPONENT_ID, GP_IND, TEST_REASON_CD, TEST_RESULT_CD, RPT_PERIOD_ID, BEGIN_DATE, BEGIN_HOUR, BEGIN_MIN, END_DATE, END_HOUR, END_MIN, SPAN_SCALE_CD, INJECTION_PROTOCOL_CD, TEST_COMMENT, TEST_DESCRIPTION, CALC_GP_IND, CALC_TEST_RESULT_CD, CALC_SPAN_VALUE, LAST_UPDATED, UPDATED_STATUS_FLG, NEEDS_EVAL_FLG, CHK_SESSION_ID, USERID, ADD_DATE, UPDATE_DATE ) values ( 'TWCORNEL5-81418C02C020438F9375BEEC2D029CB7', '11', 'LINE', '20201110111500CD1', NULL, 'TWCORNEL5-45FE2C2ACADB4F6B86B1088EAE2DECEE', 0, 'QA', 'PASSED', NULL, '2020-11-10', 11, 20, '2020-11-10', 12, 13, 'H', NULL, NULL, NULL, NULL, NULL, 20.000, '2021-12-27 11:12:42', 'Y', 'N', 'CHV-LGIANN-67714D0F844B412788AB678D46C9914F', 'DWhitten', '2021-12-27 11:12:41', '2022-09-16 18:46:55' ) on conflict (TEST_SUM_ID) do update set MON_LOC_ID = EXCLUDED.MON_LOC_ID, TEST_TYPE_CD = EXCLUDED.TEST_TYPE_CD, TEST_NUM = EXCLUDED.TEST_NUM, MON_SYS_ID = EXCLUDED.MON_SYS_ID, COMPONENT_ID = EXCLUDED.COMPONENT_ID, GP_IND = EXCLUDED.GP_IND, TEST_REASON_CD = EXCLUDED.TEST_REASON_CD, TEST_RESULT_CD = EXCLUDED.TEST_RESULT_CD, RPT_PERIOD_ID = EXCLUDED.RPT_PERIOD_ID, BEGIN_DATE = EXCLUDED.BEGIN_DATE, BEGIN_HOUR = EXCLUDED.BEGIN_HOUR, BEGIN_MIN = EXCLUDED.BEGIN_MIN, END_DATE = EXCLUDED.END_DATE, END_HOUR = EXCLUDED.END_HOUR, END_MIN = EXCLUDED.END_MIN, SPAN_SCALE_CD = EXCLUDED.SPAN_SCALE_CD, INJECTION_PROTOCOL_CD = EXCLUDED.INJECTION_PROTOCOL_CD, TEST_COMMENT = EXCLUDED.TEST_COMMENT, TEST_DESCRIPTION = EXCLUDED.TEST_DESCRIPTION, CALC_GP_IND = EXCLUDED.CALC_GP_IND, CALC_TEST_RESULT_CD = EXCLUDED.CALC_TEST_RESULT_CD, CALC_SPAN_VALUE = EXCLUDED.CALC_SPAN_VALUE, LAST_UPDATED = EXCLUDED.LAST_UPDATED, UPDATED_STATUS_FLG = EXCLUDED.UPDATED_STATUS_FLG, NEEDS_EVAL_FLG = EXCLUDED.NEEDS_EVAL_FLG, CHK_SESSION_ID = EXCLUDED.CHK_SESSION_ID, USERID = EXCLUDED.USERID, ADD_DATE = EXCLUDED.ADD_DATE, UPDATE_DATE = EXCLUDED.UPDATE_DATE;
/* ORIS:      3    Location: 5         Test Type: LINE       Test Num: 20201110111500CD1     SQL Ord:    3 */ insert into camdecmpswks.LINEARITY_SUMMARY ( LIN_SUM_ID, TEST_SUM_ID, MEAN_REF_VALUE, MEAN_MEASURED_VALUE, PERCENT_ERROR, APS_IND, GAS_LEVEL_CD, CALC_MEAN_REF_VALUE, CALC_MEAN_MEASURED_VALUE, CALC_PERCENT_ERROR, CALC_APS_IND, USERID, ADD_DATE, UPDATE_DATE ) values ( 'CHV-LGIANN-1E12BEDF538744FFABDBA5730887AF8F', 'TWCORNEL5-81418C02C020438F9375BEEC2D029CB7', 5.580, 5.900, 0.3, 1, 'LOW', 5.580, 5.900, 0.3, 1, 'DWhitten', '2021-12-27 11:12:41', '2022-09-16 18:46:55' ) on conflict (LIN_SUM_ID) do update set TEST_SUM_ID = EXCLUDED.TEST_SUM_ID, MEAN_REF_VALUE = EXCLUDED.MEAN_REF_VALUE, MEAN_MEASURED_VALUE = EXCLUDED.MEAN_MEASURED_VALUE, PERCENT_ERROR = EXCLUDED.PERCENT_ERROR, APS_IND = EXCLUDED.APS_IND, GAS_LEVEL_CD = EXCLUDED.GAS_LEVEL_CD, CALC_MEAN_REF_VALUE = EXCLUDED.CALC_MEAN_REF_VALUE, CALC_MEAN_MEASURED_VALUE = EXCLUDED.CALC_MEAN_MEASURED_VALUE, CALC_PERCENT_ERROR = EXCLUDED.CALC_PERCENT_ERROR, CALC_APS_IND = EXCLUDED.CALC_APS_IND, USERID = EXCLUDED.USERID, ADD_DATE = EXCLUDED.ADD_DATE, UPDATE_DATE = EXCLUDED.UPDATE_DATE;
/* ORIS:      3    Location: 5         Test Type: LINE       Test Num: 20201110111500CD1     SQL Ord:    3 */ insert into camdecmpswks.LINEARITY_SUMMARY ( LIN_SUM_ID, TEST_SUM_ID, MEAN_REF_VALUE, MEAN_MEASURED_VALUE, PERCENT_ERROR, APS_IND, GAS_LEVEL_CD, CALC_MEAN_REF_VALUE, CALC_MEAN_MEASURED_VALUE, CALC_PERCENT_ERROR, CALC_APS_IND, USERID, ADD_DATE, UPDATE_DATE ) values ( 'CHV-LGIANN-413644B9B1F2430FBBAF7DAC70E62359', 'TWCORNEL5-81418C02C020438F9375BEEC2D029CB7', 19.400, 19.800, 2.1, 0, 'HIGH', NULL, NULL, NULL, NULL, 'DWhitten', '2021-12-27 11:12:41', '2022-09-16 18:46:55' ) on conflict (LIN_SUM_ID) do update set TEST_SUM_ID = EXCLUDED.TEST_SUM_ID, MEAN_REF_VALUE = EXCLUDED.MEAN_REF_VALUE, MEAN_MEASURED_VALUE = EXCLUDED.MEAN_MEASURED_VALUE, PERCENT_ERROR = EXCLUDED.PERCENT_ERROR, APS_IND = EXCLUDED.APS_IND, GAS_LEVEL_CD = EXCLUDED.GAS_LEVEL_CD, CALC_MEAN_REF_VALUE = EXCLUDED.CALC_MEAN_REF_VALUE, CALC_MEAN_MEASURED_VALUE = EXCLUDED.CALC_MEAN_MEASURED_VALUE, CALC_PERCENT_ERROR = EXCLUDED.CALC_PERCENT_ERROR, CALC_APS_IND = EXCLUDED.CALC_APS_IND, USERID = EXCLUDED.USERID, ADD_DATE = EXCLUDED.ADD_DATE, UPDATE_DATE = EXCLUDED.UPDATE_DATE;
/* ORIS:      3    Location: 5         Test Type: LINE       Test Num: 20201110111500CD1     SQL Ord:    3 */ insert into camdecmpswks.LINEARITY_SUMMARY ( LIN_SUM_ID, TEST_SUM_ID, MEAN_REF_VALUE, MEAN_MEASURED_VALUE, PERCENT_ERROR, APS_IND, GAS_LEVEL_CD, CALC_MEAN_REF_VALUE, CALC_MEAN_MEASURED_VALUE, CALC_PERCENT_ERROR, CALC_APS_IND, USERID, ADD_DATE, UPDATE_DATE ) values ( 'CHV-LGIANN-6A3FAF0218254BA39052ED1F54A94F1F', 'TWCORNEL5-81418C02C020438F9375BEEC2D029CB7', 11.310, 11.800, 0.5, 1, 'MID', 11.310, 11.800, 4.3, 0, 'DWhitten', '2021-12-27 11:12:41', '2022-09-16 18:46:55' ) on conflict (LIN_SUM_ID) do update set TEST_SUM_ID = EXCLUDED.TEST_SUM_ID, MEAN_REF_VALUE = EXCLUDED.MEAN_REF_VALUE, MEAN_MEASURED_VALUE = EXCLUDED.MEAN_MEASURED_VALUE, PERCENT_ERROR = EXCLUDED.PERCENT_ERROR, APS_IND = EXCLUDED.APS_IND, GAS_LEVEL_CD = EXCLUDED.GAS_LEVEL_CD, CALC_MEAN_REF_VALUE = EXCLUDED.CALC_MEAN_REF_VALUE, CALC_MEAN_MEASURED_VALUE = EXCLUDED.CALC_MEAN_MEASURED_VALUE, CALC_PERCENT_ERROR = EXCLUDED.CALC_PERCENT_ERROR, CALC_APS_IND = EXCLUDED.CALC_APS_IND, USERID = EXCLUDED.USERID, ADD_DATE = EXCLUDED.ADD_DATE, UPDATE_DATE = EXCLUDED.UPDATE_DATE;
/* ORIS:      3    Location: 5         Test Type: LINE       Test Num: 20201110111500CD1     SQL Ord:    3 */ insert into camdecmpswks.LINEARITY_SUMMARY ( LIN_SUM_ID, TEST_SUM_ID, MEAN_REF_VALUE, MEAN_MEASURED_VALUE, PERCENT_ERROR, APS_IND, GAS_LEVEL_CD, CALC_MEAN_REF_VALUE, CALC_MEAN_MEASURED_VALUE, CALC_PERCENT_ERROR, CALC_APS_IND, USERID, ADD_DATE, UPDATE_DATE ) values ( 'CHV-LGIANN-D9B078859ED34D9F91C9BD90A4E69F27', 'TWCORNEL5-81418C02C020438F9375BEEC2D029CB7', 19.400, 19.800, 2.1, 0, 'HIGH', 19.400, 19.800, 2.1, 0, 'DWhitten', '2021-12-27 11:12:41', '2022-09-16 18:46:55' ) on conflict (LIN_SUM_ID) do update set TEST_SUM_ID = EXCLUDED.TEST_SUM_ID, MEAN_REF_VALUE = EXCLUDED.MEAN_REF_VALUE, MEAN_MEASURED_VALUE = EXCLUDED.MEAN_MEASURED_VALUE, PERCENT_ERROR = EXCLUDED.PERCENT_ERROR, APS_IND = EXCLUDED.APS_IND, GAS_LEVEL_CD = EXCLUDED.GAS_LEVEL_CD, CALC_MEAN_REF_VALUE = EXCLUDED.CALC_MEAN_REF_VALUE, CALC_MEAN_MEASURED_VALUE = EXCLUDED.CALC_MEAN_MEASURED_VALUE, CALC_PERCENT_ERROR = EXCLUDED.CALC_PERCENT_ERROR, CALC_APS_IND = EXCLUDED.CALC_APS_IND, USERID = EXCLUDED.USERID, ADD_DATE = EXCLUDED.ADD_DATE, UPDATE_DATE = EXCLUDED.UPDATE_DATE;
/* ORIS:      3    Location: 5         Test Type: LINE       Test Num: 20201110111500CD1     SQL Ord:    4 */ insert into camdecmpswks.LINEARITY_INJECTION ( LIN_INJ_ID, LIN_SUM_ID, INJECTION_DATE, INJECTION_HOUR, INJECTION_MIN, MEASURED_VALUE, REF_VALUE, USERID, ADD_DATE, UPDATE_DATE ) values ( 'CHV-LGIANN-0F15A136E26845CBA07AF255F4F53D9F', 'CHV-LGIANN-D9B078859ED34D9F91C9BD90A4E69F27', '2020-11-10', 11, 40, 19.900, 19.400, 'esupport', '2021-12-27 11:12:41', NULL ) on conflict (LIN_INJ_ID) do update set LIN_SUM_ID = EXCLUDED.LIN_SUM_ID, INJECTION_DATE = EXCLUDED.INJECTION_DATE, INJECTION_HOUR = EXCLUDED.INJECTION_HOUR, INJECTION_MIN = EXCLUDED.INJECTION_MIN, MEASURED_VALUE = EXCLUDED.MEASURED_VALUE, REF_VALUE = EXCLUDED.REF_VALUE, USERID = EXCLUDED.USERID, ADD_DATE = EXCLUDED.ADD_DATE, UPDATE_DATE = EXCLUDED.UPDATE_DATE;
/* ORIS:      3    Location: 5         Test Type: LINE       Test Num: 20201110111500CD1     SQL Ord:    4 */ insert into camdecmpswks.LINEARITY_INJECTION ( LIN_INJ_ID, LIN_SUM_ID, INJECTION_DATE, INJECTION_HOUR, INJECTION_MIN, MEASURED_VALUE, REF_VALUE, USERID, ADD_DATE, UPDATE_DATE ) values ( 'CHV-LGIANN-14C06563E314464BA900BB4C561E02F2', 'CHV-LGIANN-6A3FAF0218254BA39052ED1F54A94F1F', '2020-11-10', 11, 26, 11.800, 11.310, 'esupport', '2021-12-27 11:12:41', NULL ) on conflict (LIN_INJ_ID) do update set LIN_SUM_ID = EXCLUDED.LIN_SUM_ID, INJECTION_DATE = EXCLUDED.INJECTION_DATE, INJECTION_HOUR = EXCLUDED.INJECTION_HOUR, INJECTION_MIN = EXCLUDED.INJECTION_MIN, MEASURED_VALUE = EXCLUDED.MEASURED_VALUE, REF_VALUE = EXCLUDED.REF_VALUE, USERID = EXCLUDED.USERID, ADD_DATE = EXCLUDED.ADD_DATE, UPDATE_DATE = EXCLUDED.UPDATE_DATE;
/* ORIS:      3    Location: 5         Test Type: LINE       Test Num: 20201110111500CD1     SQL Ord:    4 */ insert into camdecmpswks.LINEARITY_INJECTION ( LIN_INJ_ID, LIN_SUM_ID, INJECTION_DATE, INJECTION_HOUR, INJECTION_MIN, MEASURED_VALUE, REF_VALUE, USERID, ADD_DATE, UPDATE_DATE ) values ( 'CHV-LGIANN-336BE88DFC624CA19AB086EBE6418599', 'CHV-LGIANN-6A3FAF0218254BA39052ED1F54A94F1F', '2020-11-10', 12, 8, 11.800, 11.310, 'esupport', '2021-12-27 11:12:41', NULL ) on conflict (LIN_INJ_ID) do update set LIN_SUM_ID = EXCLUDED.LIN_SUM_ID, INJECTION_DATE = EXCLUDED.INJECTION_DATE, INJECTION_HOUR = EXCLUDED.INJECTION_HOUR, INJECTION_MIN = EXCLUDED.INJECTION_MIN, MEASURED_VALUE = EXCLUDED.MEASURED_VALUE, REF_VALUE = EXCLUDED.REF_VALUE, USERID = EXCLUDED.USERID, ADD_DATE = EXCLUDED.ADD_DATE, UPDATE_DATE = EXCLUDED.UPDATE_DATE;
/* ORIS:      3    Location: 5         Test Type: LINE       Test Num: 20201110111500CD1     SQL Ord:    4 */ insert into camdecmpswks.LINEARITY_INJECTION ( LIN_INJ_ID, LIN_SUM_ID, INJECTION_DATE, INJECTION_HOUR, INJECTION_MIN, MEASURED_VALUE, REF_VALUE, USERID, ADD_DATE, UPDATE_DATE ) values ( 'CHV-LGIANN-471D5051718A47FEAA3AEEDD63248C20', 'CHV-LGIANN-6A3FAF0218254BA39052ED1F54A94F1F', '2020-11-10', 11, 53, 11.800, 11.310, 'esupport', '2021-12-27 11:12:41', NULL ) on conflict (LIN_INJ_ID) do update set LIN_SUM_ID = EXCLUDED.LIN_SUM_ID, INJECTION_DATE = EXCLUDED.INJECTION_DATE, INJECTION_HOUR = EXCLUDED.INJECTION_HOUR, INJECTION_MIN = EXCLUDED.INJECTION_MIN, MEASURED_VALUE = EXCLUDED.MEASURED_VALUE, REF_VALUE = EXCLUDED.REF_VALUE, USERID = EXCLUDED.USERID, ADD_DATE = EXCLUDED.ADD_DATE, UPDATE_DATE = EXCLUDED.UPDATE_DATE;
/* ORIS:      3    Location: 5         Test Type: LINE       Test Num: 20201110111500CD1     SQL Ord:    4 */ insert into camdecmpswks.LINEARITY_INJECTION ( LIN_INJ_ID, LIN_SUM_ID, INJECTION_DATE, INJECTION_HOUR, INJECTION_MIN, MEASURED_VALUE, REF_VALUE, USERID, ADD_DATE, UPDATE_DATE ) values ( 'CHV-LGIANN-56FA2FFE29FA4C9DB22B7B2F84FB5ED2', 'CHV-LGIANN-413644B9B1F2430FBBAF7DAC70E62359', '2020-11-10', 11, 57, 19.800, 19.400, 'esupport', '2021-12-27 11:12:41', NULL ) on conflict (LIN_INJ_ID) do update set LIN_SUM_ID = EXCLUDED.LIN_SUM_ID, INJECTION_DATE = EXCLUDED.INJECTION_DATE, INJECTION_HOUR = EXCLUDED.INJECTION_HOUR, INJECTION_MIN = EXCLUDED.INJECTION_MIN, MEASURED_VALUE = EXCLUDED.MEASURED_VALUE, REF_VALUE = EXCLUDED.REF_VALUE, USERID = EXCLUDED.USERID, ADD_DATE = EXCLUDED.ADD_DATE, UPDATE_DATE = EXCLUDED.UPDATE_DATE;
/* ORIS:      3    Location: 5         Test Type: LINE       Test Num: 20201110111500CD1     SQL Ord:    4 */ insert into camdecmpswks.LINEARITY_INJECTION ( LIN_INJ_ID, LIN_SUM_ID, INJECTION_DATE, INJECTION_HOUR, INJECTION_MIN, MEASURED_VALUE, REF_VALUE, USERID, ADD_DATE, UPDATE_DATE ) values ( 'CHV-LGIANN-5B98F4295C264C31A97EA07210CAFB51', 'CHV-LGIANN-D9B078859ED34D9F91C9BD90A4E69F27', '2020-11-10', 12, 13, 19.700, 19.400, 'esupport', '2021-12-27 11:12:41', NULL ) on conflict (LIN_INJ_ID) do update set LIN_SUM_ID = EXCLUDED.LIN_SUM_ID, INJECTION_DATE = EXCLUDED.INJECTION_DATE, INJECTION_HOUR = EXCLUDED.INJECTION_HOUR, INJECTION_MIN = EXCLUDED.INJECTION_MIN, MEASURED_VALUE = EXCLUDED.MEASURED_VALUE, REF_VALUE = EXCLUDED.REF_VALUE, USERID = EXCLUDED.USERID, ADD_DATE = EXCLUDED.ADD_DATE, UPDATE_DATE = EXCLUDED.UPDATE_DATE;
/* ORIS:      3    Location: 5         Test Type: LINE       Test Num: 20201110111500CD1     SQL Ord:    4 */ insert into camdecmpswks.LINEARITY_INJECTION ( LIN_INJ_ID, LIN_SUM_ID, INJECTION_DATE, INJECTION_HOUR, INJECTION_MIN, MEASURED_VALUE, REF_VALUE, USERID, ADD_DATE, UPDATE_DATE ) values ( 'CHV-LGIANN-5BEEE256F3664C92ACC60BA1C1750979', 'CHV-LGIANN-D9B078859ED34D9F91C9BD90A4E69F27', '2020-11-10', 11, 57, 19.800, 19.400, 'esupport', '2021-12-27 11:12:41', NULL ) on conflict (LIN_INJ_ID) do update set LIN_SUM_ID = EXCLUDED.LIN_SUM_ID, INJECTION_DATE = EXCLUDED.INJECTION_DATE, INJECTION_HOUR = EXCLUDED.INJECTION_HOUR, INJECTION_MIN = EXCLUDED.INJECTION_MIN, MEASURED_VALUE = EXCLUDED.MEASURED_VALUE, REF_VALUE = EXCLUDED.REF_VALUE, USERID = EXCLUDED.USERID, ADD_DATE = EXCLUDED.ADD_DATE, UPDATE_DATE = EXCLUDED.UPDATE_DATE;
/* ORIS:      3    Location: 5         Test Type: LINE       Test Num: 20201110111500CD1     SQL Ord:    4 */ insert into camdecmpswks.LINEARITY_INJECTION ( LIN_INJ_ID, LIN_SUM_ID, INJECTION_DATE, INJECTION_HOUR, INJECTION_MIN, MEASURED_VALUE, REF_VALUE, USERID, ADD_DATE, UPDATE_DATE ) values ( 'CHV-LGIANN-8762DDAF79314DA693EF17DD3C598910', 'CHV-LGIANN-413644B9B1F2430FBBAF7DAC70E62359', '2020-11-10', 11, 40, 19.900, 19.400, 'esupport', '2021-12-27 11:12:41', NULL ) on conflict (LIN_INJ_ID) do update set LIN_SUM_ID = EXCLUDED.LIN_SUM_ID, INJECTION_DATE = EXCLUDED.INJECTION_DATE, INJECTION_HOUR = EXCLUDED.INJECTION_HOUR, INJECTION_MIN = EXCLUDED.INJECTION_MIN, MEASURED_VALUE = EXCLUDED.MEASURED_VALUE, REF_VALUE = EXCLUDED.REF_VALUE, USERID = EXCLUDED.USERID, ADD_DATE = EXCLUDED.ADD_DATE, UPDATE_DATE = EXCLUDED.UPDATE_DATE;
/* ORIS:      3    Location: 5         Test Type: LINE       Test Num: 20201110111500CD1     SQL Ord:    4 */ insert into camdecmpswks.LINEARITY_INJECTION ( LIN_INJ_ID, LIN_SUM_ID, INJECTION_DATE, INJECTION_HOUR, INJECTION_MIN, MEASURED_VALUE, REF_VALUE, USERID, ADD_DATE, UPDATE_DATE ) values ( 'CHV-LGIANN-97CE5F61997F483CB19436CC9CFB39A3', 'CHV-LGIANN-1E12BEDF538744FFABDBA5730887AF8F', '2020-11-10', 11, 47, 5.900, 5.580, 'esupport', '2021-12-27 11:12:41', NULL ) on conflict (LIN_INJ_ID) do update set LIN_SUM_ID = EXCLUDED.LIN_SUM_ID, INJECTION_DATE = EXCLUDED.INJECTION_DATE, INJECTION_HOUR = EXCLUDED.INJECTION_HOUR, INJECTION_MIN = EXCLUDED.INJECTION_MIN, MEASURED_VALUE = EXCLUDED.MEASURED_VALUE, REF_VALUE = EXCLUDED.REF_VALUE, USERID = EXCLUDED.USERID, ADD_DATE = EXCLUDED.ADD_DATE, UPDATE_DATE = EXCLUDED.UPDATE_DATE;
/* ORIS:      3    Location: 5         Test Type: LINE       Test Num: 20201110111500CD1     SQL Ord:    4 */ insert into camdecmpswks.LINEARITY_INJECTION ( LIN_INJ_ID, LIN_SUM_ID, INJECTION_DATE, INJECTION_HOUR, INJECTION_MIN, MEASURED_VALUE, REF_VALUE, USERID, ADD_DATE, UPDATE_DATE ) values ( 'CHV-LGIANN-995206FD74844E37881E64E92D193358', 'CHV-LGIANN-1E12BEDF538744FFABDBA5730887AF8F', '2020-11-10', 12, 3, 5.900, 5.580, 'esupport', '2021-12-27 11:12:41', NULL ) on conflict (LIN_INJ_ID) do update set LIN_SUM_ID = EXCLUDED.LIN_SUM_ID, INJECTION_DATE = EXCLUDED.INJECTION_DATE, INJECTION_HOUR = EXCLUDED.INJECTION_HOUR, INJECTION_MIN = EXCLUDED.INJECTION_MIN, MEASURED_VALUE = EXCLUDED.MEASURED_VALUE, REF_VALUE = EXCLUDED.REF_VALUE, USERID = EXCLUDED.USERID, ADD_DATE = EXCLUDED.ADD_DATE, UPDATE_DATE = EXCLUDED.UPDATE_DATE;
/* ORIS:      3    Location: 5         Test Type: LINE       Test Num: 20201110111500CD1     SQL Ord:    4 */ insert into camdecmpswks.LINEARITY_INJECTION ( LIN_INJ_ID, LIN_SUM_ID, INJECTION_DATE, INJECTION_HOUR, INJECTION_MIN, MEASURED_VALUE, REF_VALUE, USERID, ADD_DATE, UPDATE_DATE ) values ( 'CHV-LGIANN-CA5594C673784B2CBD5FF4246A76258D', 'CHV-LGIANN-413644B9B1F2430FBBAF7DAC70E62359', '2020-11-10', 12, 13, 19.700, 19.400, 'esupport', '2021-12-27 11:12:41', NULL ) on conflict (LIN_INJ_ID) do update set LIN_SUM_ID = EXCLUDED.LIN_SUM_ID, INJECTION_DATE = EXCLUDED.INJECTION_DATE, INJECTION_HOUR = EXCLUDED.INJECTION_HOUR, INJECTION_MIN = EXCLUDED.INJECTION_MIN, MEASURED_VALUE = EXCLUDED.MEASURED_VALUE, REF_VALUE = EXCLUDED.REF_VALUE, USERID = EXCLUDED.USERID, ADD_DATE = EXCLUDED.ADD_DATE, UPDATE_DATE = EXCLUDED.UPDATE_DATE;
/* ORIS:      3    Location: 5         Test Type: LINE       Test Num: 20201110111500CD1     SQL Ord:    4 */ insert into camdecmpswks.LINEARITY_INJECTION ( LIN_INJ_ID, LIN_SUM_ID, INJECTION_DATE, INJECTION_HOUR, INJECTION_MIN, MEASURED_VALUE, REF_VALUE, USERID, ADD_DATE, UPDATE_DATE ) values ( 'CHV-LGIANN-FCEB857BF37F4C2890AEAE365D6195B2', 'CHV-LGIANN-1E12BEDF538744FFABDBA5730887AF8F', '2020-11-10', 11, 20, 5.900, 5.580, 'esupport', '2021-12-27 11:12:41', NULL ) on conflict (LIN_INJ_ID) do update set LIN_SUM_ID = EXCLUDED.LIN_SUM_ID, INJECTION_DATE = EXCLUDED.INJECTION_DATE, INJECTION_HOUR = EXCLUDED.INJECTION_HOUR, INJECTION_MIN = EXCLUDED.INJECTION_MIN, MEASURED_VALUE = EXCLUDED.MEASURED_VALUE, REF_VALUE = EXCLUDED.REF_VALUE, USERID = EXCLUDED.USERID, ADD_DATE = EXCLUDED.ADD_DATE, UPDATE_DATE = EXCLUDED.UPDATE_DATE;
/* ORIS:      3    Location: 5         Test Type: LINE       Test Num: 20201110111500CD1     SQL Ord:    5 */ insert into camdecmpswks.PROTOCOL_GAS ( PROTOCOL_GAS_ID, TEST_SUM_ID, GAS_LEVEL_CD, GAS_TYPE_CD, VENDOR_ID, CYLINDER_ID, EXPIRATION_DATE, USERID, ADD_DATE, UPDATE_DATE ) values ( 'CHV-LGIANN-2734A764D8AF4571986C6E9F4D7AC230', 'TWCORNEL5-81418C02C020438F9375BEEC2D029CB7', 'LOW', 'CO2,NO,NOX,SO2,BALN', 'B22018', 'CC122724', '2026-10-09', 'esupport', '2021-12-27 11:12:41', NULL ) on conflict (PROTOCOL_GAS_ID) do update set TEST_SUM_ID = EXCLUDED.TEST_SUM_ID, GAS_LEVEL_CD = EXCLUDED.GAS_LEVEL_CD, GAS_TYPE_CD = EXCLUDED.GAS_TYPE_CD, VENDOR_ID = EXCLUDED.VENDOR_ID, CYLINDER_ID = EXCLUDED.CYLINDER_ID, EXPIRATION_DATE = EXCLUDED.EXPIRATION_DATE, USERID = EXCLUDED.USERID, ADD_DATE = EXCLUDED.ADD_DATE, UPDATE_DATE = EXCLUDED.UPDATE_DATE;
/* ORIS:      3    Location: 5         Test Type: LINE       Test Num: 20201110111500CD1     SQL Ord:    5 */ insert into camdecmpswks.PROTOCOL_GAS ( PROTOCOL_GAS_ID, TEST_SUM_ID, GAS_LEVEL_CD, GAS_TYPE_CD, VENDOR_ID, CYLINDER_ID, EXPIRATION_DATE, USERID, ADD_DATE, UPDATE_DATE ) values ( 'CHV-LGIANN-86A09C77DA7147278EE33354BD578362', 'TWCORNEL5-81418C02C020438F9375BEEC2D029CB7', 'MID', 'CO2,NO,NOX,SO2,BALN', 'B22018', 'CC494036', '2026-04-02', 'esupport', '2021-12-27 11:12:41', NULL ) on conflict (PROTOCOL_GAS_ID) do update set TEST_SUM_ID = EXCLUDED.TEST_SUM_ID, GAS_LEVEL_CD = EXCLUDED.GAS_LEVEL_CD, GAS_TYPE_CD = EXCLUDED.GAS_TYPE_CD, VENDOR_ID = EXCLUDED.VENDOR_ID, CYLINDER_ID = EXCLUDED.CYLINDER_ID, EXPIRATION_DATE = EXCLUDED.EXPIRATION_DATE, USERID = EXCLUDED.USERID, ADD_DATE = EXCLUDED.ADD_DATE, UPDATE_DATE = EXCLUDED.UPDATE_DATE;
/* ORIS:      3    Location: 5         Test Type: LINE       Test Num: 20201110111500NX1     SQL Ord:    1 */ delete from camdecmpswks.TEST_SUMMARY where TEST_SUM_ID = 'TWCORNEL5-7F6AC51CFBC84AC596E2AE5B9F86108C';
/* ORIS:      3    Location: 5         Test Type: LINE       Test Num: 20201110111500NX1     SQL Ord:    2 */ insert into camdecmpswks.TEST_SUMMARY ( TEST_SUM_ID, MON_LOC_ID, TEST_TYPE_CD, TEST_NUM, MON_SYS_ID, COMPONENT_ID, GP_IND, TEST_REASON_CD, TEST_RESULT_CD, RPT_PERIOD_ID, BEGIN_DATE, BEGIN_HOUR, BEGIN_MIN, END_DATE, END_HOUR, END_MIN, SPAN_SCALE_CD, INJECTION_PROTOCOL_CD, TEST_COMMENT, TEST_DESCRIPTION, CALC_GP_IND, CALC_TEST_RESULT_CD, CALC_SPAN_VALUE, LAST_UPDATED, UPDATED_STATUS_FLG, NEEDS_EVAL_FLG, CHK_SESSION_ID, USERID, ADD_DATE, UPDATE_DATE ) values ( 'TWCORNEL5-7F6AC51CFBC84AC596E2AE5B9F86108C', '11', 'LINE', '20201110111500NX1', NULL, 'TWCORNEL5-8A5F84F444B8419DA6780BD08B041C3C', 0, 'QA', 'PASSED', NULL, '2020-11-10', 11, 20, '2020-11-10', 12, 13, 'H', NULL, NULL, NULL, NULL, NULL, 500.000, '2021-12-27 12:08:12', 'Y', 'N', 'CHV-LGIANN-0D2C28F6DDC545E49781E0A17C173A6C', 'esupport', '2021-01-22 14:58:56', '2022-09-16 16:47:11' ) on conflict (TEST_SUM_ID) do update set MON_LOC_ID = EXCLUDED.MON_LOC_ID, TEST_TYPE_CD = EXCLUDED.TEST_TYPE_CD, TEST_NUM = EXCLUDED.TEST_NUM, MON_SYS_ID = EXCLUDED.MON_SYS_ID, COMPONENT_ID = EXCLUDED.COMPONENT_ID, GP_IND = EXCLUDED.GP_IND, TEST_REASON_CD = EXCLUDED.TEST_REASON_CD, TEST_RESULT_CD = EXCLUDED.TEST_RESULT_CD, RPT_PERIOD_ID = EXCLUDED.RPT_PERIOD_ID, BEGIN_DATE = EXCLUDED.BEGIN_DATE, BEGIN_HOUR = EXCLUDED.BEGIN_HOUR, BEGIN_MIN = EXCLUDED.BEGIN_MIN, END_DATE = EXCLUDED.END_DATE, END_HOUR = EXCLUDED.END_HOUR, END_MIN = EXCLUDED.END_MIN, SPAN_SCALE_CD = EXCLUDED.SPAN_SCALE_CD, INJECTION_PROTOCOL_CD = EXCLUDED.INJECTION_PROTOCOL_CD, TEST_COMMENT = EXCLUDED.TEST_COMMENT, TEST_DESCRIPTION = EXCLUDED.TEST_DESCRIPTION, CALC_GP_IND = EXCLUDED.CALC_GP_IND, CALC_TEST_RESULT_CD = EXCLUDED.CALC_TEST_RESULT_CD, CALC_SPAN_VALUE = EXCLUDED.CALC_SPAN_VALUE, LAST_UPDATED = EXCLUDED.LAST_UPDATED, UPDATED_STATUS_FLG = EXCLUDED.UPDATED_STATUS_FLG, NEEDS_EVAL_FLG = EXCLUDED.NEEDS_EVAL_FLG, CHK_SESSION_ID = EXCLUDED.CHK_SESSION_ID, USERID = EXCLUDED.USERID, ADD_DATE = EXCLUDED.ADD_DATE, UPDATE_DATE = EXCLUDED.UPDATE_DATE;
/* ORIS:      3    Location: 5         Test Type: LINE       Test Num: 20201110111500NX1     SQL Ord:    3 */ insert into camdecmpswks.LINEARITY_SUMMARY ( LIN_SUM_ID, TEST_SUM_ID, MEAN_REF_VALUE, MEAN_MEASURED_VALUE, PERCENT_ERROR, APS_IND, GAS_LEVEL_CD, CALC_MEAN_REF_VALUE, CALC_MEAN_MEASURED_VALUE, CALC_PERCENT_ERROR, CALC_APS_IND, USERID, ADD_DATE, UPDATE_DATE ) values ( 'TWCORNEL5-3FAAD6BC7897413097F8F5EB6726446E', 'TWCORNEL5-7F6AC51CFBC84AC596E2AE5B9F86108C', 125.200, 127.333, 1.7, 0, 'LOW', 125.200, 127.333, 1.7, 0, 'esupport', '2021-01-22 14:58:57', '2022-09-16 16:47:11' ) on conflict (LIN_SUM_ID) do update set TEST_SUM_ID = EXCLUDED.TEST_SUM_ID, MEAN_REF_VALUE = EXCLUDED.MEAN_REF_VALUE, MEAN_MEASURED_VALUE = EXCLUDED.MEAN_MEASURED_VALUE, PERCENT_ERROR = EXCLUDED.PERCENT_ERROR, APS_IND = EXCLUDED.APS_IND, GAS_LEVEL_CD = EXCLUDED.GAS_LEVEL_CD, CALC_MEAN_REF_VALUE = EXCLUDED.CALC_MEAN_REF_VALUE, CALC_MEAN_MEASURED_VALUE = EXCLUDED.CALC_MEAN_MEASURED_VALUE, CALC_PERCENT_ERROR = EXCLUDED.CALC_PERCENT_ERROR, CALC_APS_IND = EXCLUDED.CALC_APS_IND, USERID = EXCLUDED.USERID, ADD_DATE = EXCLUDED.ADD_DATE, UPDATE_DATE = EXCLUDED.UPDATE_DATE;
/* ORIS:      3    Location: 5         Test Type: LINE       Test Num: 20201110111500NX1     SQL Ord:    3 */ insert into camdecmpswks.LINEARITY_SUMMARY ( LIN_SUM_ID, TEST_SUM_ID, MEAN_REF_VALUE, MEAN_MEASURED_VALUE, PERCENT_ERROR, APS_IND, GAS_LEVEL_CD, CALC_MEAN_REF_VALUE, CALC_MEAN_MEASURED_VALUE, CALC_PERCENT_ERROR, CALC_APS_IND, USERID, ADD_DATE, UPDATE_DATE ) values ( 'TWCORNEL5-54CB8E27E45541F2BACA957A19998BDC', 'TWCORNEL5-7F6AC51CFBC84AC596E2AE5B9F86108C', 262.100, 259.733, 0.9, 0, 'MID', 262.100, 259.733, 0.9, 0, 'esupport', '2021-01-22 14:58:57', '2022-09-16 16:47:11' ) on conflict (LIN_SUM_ID) do update set TEST_SUM_ID = EXCLUDED.TEST_SUM_ID, MEAN_REF_VALUE = EXCLUDED.MEAN_REF_VALUE, MEAN_MEASURED_VALUE = EXCLUDED.MEAN_MEASURED_VALUE, PERCENT_ERROR = EXCLUDED.PERCENT_ERROR, APS_IND = EXCLUDED.APS_IND, GAS_LEVEL_CD = EXCLUDED.GAS_LEVEL_CD, CALC_MEAN_REF_VALUE = EXCLUDED.CALC_MEAN_REF_VALUE, CALC_MEAN_MEASURED_VALUE = EXCLUDED.CALC_MEAN_MEASURED_VALUE, CALC_PERCENT_ERROR = EXCLUDED.CALC_PERCENT_ERROR, CALC_APS_IND = EXCLUDED.CALC_APS_IND, USERID = EXCLUDED.USERID, ADD_DATE = EXCLUDED.ADD_DATE, UPDATE_DATE = EXCLUDED.UPDATE_DATE;
/* ORIS:      3    Location: 5         Test Type: LINE       Test Num: 20201110111500NX1     SQL Ord:    3 */ insert into camdecmpswks.LINEARITY_SUMMARY ( LIN_SUM_ID, TEST_SUM_ID, MEAN_REF_VALUE, MEAN_MEASURED_VALUE, PERCENT_ERROR, APS_IND, GAS_LEVEL_CD, CALC_MEAN_REF_VALUE, CALC_MEAN_MEASURED_VALUE, CALC_PERCENT_ERROR, CALC_APS_IND, USERID, ADD_DATE, UPDATE_DATE ) values ( 'TWCORNEL5-EF6CD8071E4C443FB7928D6893059914', 'TWCORNEL5-7F6AC51CFBC84AC596E2AE5B9F86108C', 475.000, 459.333, 3.3, 0, 'HIGH', 475.000, 459.333, 3.3, 0, 'esupport', '2021-01-22 14:58:57', '2022-09-16 16:47:11' ) on conflict (LIN_SUM_ID) do update set TEST_SUM_ID = EXCLUDED.TEST_SUM_ID, MEAN_REF_VALUE = EXCLUDED.MEAN_REF_VALUE, MEAN_MEASURED_VALUE = EXCLUDED.MEAN_MEASURED_VALUE, PERCENT_ERROR = EXCLUDED.PERCENT_ERROR, APS_IND = EXCLUDED.APS_IND, GAS_LEVEL_CD = EXCLUDED.GAS_LEVEL_CD, CALC_MEAN_REF_VALUE = EXCLUDED.CALC_MEAN_REF_VALUE, CALC_MEAN_MEASURED_VALUE = EXCLUDED.CALC_MEAN_MEASURED_VALUE, CALC_PERCENT_ERROR = EXCLUDED.CALC_PERCENT_ERROR, CALC_APS_IND = EXCLUDED.CALC_APS_IND, USERID = EXCLUDED.USERID, ADD_DATE = EXCLUDED.ADD_DATE, UPDATE_DATE = EXCLUDED.UPDATE_DATE;
/* ORIS:      3    Location: 5         Test Type: LINE       Test Num: 20201110111500NX1     SQL Ord:    4 */ insert into camdecmpswks.LINEARITY_INJECTION ( LIN_INJ_ID, LIN_SUM_ID, INJECTION_DATE, INJECTION_HOUR, INJECTION_MIN, MEASURED_VALUE, REF_VALUE, USERID, ADD_DATE, UPDATE_DATE ) values ( 'TWCORNEL5-154E291DA3654401926F5324995E15BE', 'TWCORNEL5-EF6CD8071E4C443FB7928D6893059914', '2020-11-10', 11, 40, 461.300, 475.000, 'bvick', '2021-01-22 14:58:57', NULL ) on conflict (LIN_INJ_ID) do update set LIN_SUM_ID = EXCLUDED.LIN_SUM_ID, INJECTION_DATE = EXCLUDED.INJECTION_DATE, INJECTION_HOUR = EXCLUDED.INJECTION_HOUR, INJECTION_MIN = EXCLUDED.INJECTION_MIN, MEASURED_VALUE = EXCLUDED.MEASURED_VALUE, REF_VALUE = EXCLUDED.REF_VALUE, USERID = EXCLUDED.USERID, ADD_DATE = EXCLUDED.ADD_DATE, UPDATE_DATE = EXCLUDED.UPDATE_DATE;
/* ORIS:      3    Location: 5         Test Type: LINE       Test Num: 20201110111500NX1     SQL Ord:    4 */ insert into camdecmpswks.LINEARITY_INJECTION ( LIN_INJ_ID, LIN_SUM_ID, INJECTION_DATE, INJECTION_HOUR, INJECTION_MIN, MEASURED_VALUE, REF_VALUE, USERID, ADD_DATE, UPDATE_DATE ) values ( 'TWCORNEL5-1C134E7F1CA04FEABFE2D77EA1EB7B12', 'TWCORNEL5-3FAAD6BC7897413097F8F5EB6726446E', '2020-11-10', 11, 47, 127.500, 125.200, 'bvick', '2021-01-22 14:58:57', NULL ) on conflict (LIN_INJ_ID) do update set LIN_SUM_ID = EXCLUDED.LIN_SUM_ID, INJECTION_DATE = EXCLUDED.INJECTION_DATE, INJECTION_HOUR = EXCLUDED.INJECTION_HOUR, INJECTION_MIN = EXCLUDED.INJECTION_MIN, MEASURED_VALUE = EXCLUDED.MEASURED_VALUE, REF_VALUE = EXCLUDED.REF_VALUE, USERID = EXCLUDED.USERID, ADD_DATE = EXCLUDED.ADD_DATE, UPDATE_DATE = EXCLUDED.UPDATE_DATE;
/* ORIS:      3    Location: 5         Test Type: LINE       Test Num: 20201110111500NX1     SQL Ord:    4 */ insert into camdecmpswks.LINEARITY_INJECTION ( LIN_INJ_ID, LIN_SUM_ID, INJECTION_DATE, INJECTION_HOUR, INJECTION_MIN, MEASURED_VALUE, REF_VALUE, USERID, ADD_DATE, UPDATE_DATE ) values ( 'TWCORNEL5-32E439943D2F47F7865853EFC6D03ACD', 'TWCORNEL5-54CB8E27E45541F2BACA957A19998BDC', '2020-11-10', 11, 26, 261.500, 262.100, 'bvick', '2021-01-22 14:58:57', NULL ) on conflict (LIN_INJ_ID) do update set LIN_SUM_ID = EXCLUDED.LIN_SUM_ID, INJECTION_DATE = EXCLUDED.INJECTION_DATE, INJECTION_HOUR = EXCLUDED.INJECTION_HOUR, INJECTION_MIN = EXCLUDED.INJECTION_MIN, MEASURED_VALUE = EXCLUDED.MEASURED_VALUE, REF_VALUE = EXCLUDED.REF_VALUE, USERID = EXCLUDED.USERID, ADD_DATE = EXCLUDED.ADD_DATE, UPDATE_DATE = EXCLUDED.UPDATE_DATE;
/* ORIS:      3    Location: 5         Test Type: LINE       Test Num: 20201110111500NX1     SQL Ord:    4 */ insert into camdecmpswks.LINEARITY_INJECTION ( LIN_INJ_ID, LIN_SUM_ID, INJECTION_DATE, INJECTION_HOUR, INJECTION_MIN, MEASURED_VALUE, REF_VALUE, USERID, ADD_DATE, UPDATE_DATE ) values ( 'TWCORNEL5-40B22C97FA6746C589D705D1A8649227', 'TWCORNEL5-EF6CD8071E4C443FB7928D6893059914', '2020-11-10', 13, 4, 458.500, 475.000, 'esupport', '2021-01-22 14:58:57', '2021-12-27 12:08:12' ) on conflict (LIN_INJ_ID) do update set LIN_SUM_ID = EXCLUDED.LIN_SUM_ID, INJECTION_DATE = EXCLUDED.INJECTION_DATE, INJECTION_HOUR = EXCLUDED.INJECTION_HOUR, INJECTION_MIN = EXCLUDED.INJECTION_MIN, MEASURED_VALUE = EXCLUDED.MEASURED_VALUE, REF_VALUE = EXCLUDED.REF_VALUE, USERID = EXCLUDED.USERID, ADD_DATE = EXCLUDED.ADD_DATE, UPDATE_DATE = EXCLUDED.UPDATE_DATE;
/* ORIS:      3    Location: 5         Test Type: LINE       Test Num: 20201110111500NX1     SQL Ord:    4 */ insert into camdecmpswks.LINEARITY_INJECTION ( LIN_INJ_ID, LIN_SUM_ID, INJECTION_DATE, INJECTION_HOUR, INJECTION_MIN, MEASURED_VALUE, REF_VALUE, USERID, ADD_DATE, UPDATE_DATE ) values ( 'TWCORNEL5-74A59FD793C24D1E8C325A2F1A129DA8', 'TWCORNEL5-3FAAD6BC7897413097F8F5EB6726446E', '2020-11-10', 11, 20, 126.800, 125.200, 'bvick', '2021-01-22 14:58:57', NULL ) on conflict (LIN_INJ_ID) do update set LIN_SUM_ID = EXCLUDED.LIN_SUM_ID, INJECTION_DATE = EXCLUDED.INJECTION_DATE, INJECTION_HOUR = EXCLUDED.INJECTION_HOUR, INJECTION_MIN = EXCLUDED.INJECTION_MIN, MEASURED_VALUE = EXCLUDED.MEASURED_VALUE, REF_VALUE = EXCLUDED.REF_VALUE, USERID = EXCLUDED.USERID, ADD_DATE = EXCLUDED.ADD_DATE, UPDATE_DATE = EXCLUDED.UPDATE_DATE;
/* ORIS:      3    Location: 5         Test Type: LINE       Test Num: 20201110111500NX1     SQL Ord:    4 */ insert into camdecmpswks.LINEARITY_INJECTION ( LIN_INJ_ID, LIN_SUM_ID, INJECTION_DATE, INJECTION_HOUR, INJECTION_MIN, MEASURED_VALUE, REF_VALUE, USERID, ADD_DATE, UPDATE_DATE ) values ( 'TWCORNEL5-895500E3D9194EBC99F38EC00CE3143D', 'TWCORNEL5-54CB8E27E45541F2BACA957A19998BDC', '2020-11-10', 12, 8, 258.900, 262.100, 'bvick', '2021-01-22 14:58:57', NULL ) on conflict (LIN_INJ_ID) do update set LIN_SUM_ID = EXCLUDED.LIN_SUM_ID, INJECTION_DATE = EXCLUDED.INJECTION_DATE, INJECTION_HOUR = EXCLUDED.INJECTION_HOUR, INJECTION_MIN = EXCLUDED.INJECTION_MIN, MEASURED_VALUE = EXCLUDED.MEASURED_VALUE, REF_VALUE = EXCLUDED.REF_VALUE, USERID = EXCLUDED.USERID, ADD_DATE = EXCLUDED.ADD_DATE, UPDATE_DATE = EXCLUDED.UPDATE_DATE;
/* ORIS:      3    Location: 5         Test Type: LINE       Test Num: 20201110111500NX1     SQL Ord:    4 */ insert into camdecmpswks.LINEARITY_INJECTION ( LIN_INJ_ID, LIN_SUM_ID, INJECTION_DATE, INJECTION_HOUR, INJECTION_MIN, MEASURED_VALUE, REF_VALUE, USERID, ADD_DATE, UPDATE_DATE ) values ( 'TWCORNEL5-9A87BF8D4E554A0EA65B55AEBBB93FBA', 'TWCORNEL5-54CB8E27E45541F2BACA957A19998BDC', '2020-11-10', 11, 53, 258.800, 262.100, 'bvick', '2021-01-22 14:58:57', NULL ) on conflict (LIN_INJ_ID) do update set LIN_SUM_ID = EXCLUDED.LIN_SUM_ID, INJECTION_DATE = EXCLUDED.INJECTION_DATE, INJECTION_HOUR = EXCLUDED.INJECTION_HOUR, INJECTION_MIN = EXCLUDED.INJECTION_MIN, MEASURED_VALUE = EXCLUDED.MEASURED_VALUE, REF_VALUE = EXCLUDED.REF_VALUE, USERID = EXCLUDED.USERID, ADD_DATE = EXCLUDED.ADD_DATE, UPDATE_DATE = EXCLUDED.UPDATE_DATE;
/* ORIS:      3    Location: 5         Test Type: LINE       Test Num: 20201110111500NX1     SQL Ord:    4 */ insert into camdecmpswks.LINEARITY_INJECTION ( LIN_INJ_ID, LIN_SUM_ID, INJECTION_DATE, INJECTION_HOUR, INJECTION_MIN, MEASURED_VALUE, REF_VALUE, USERID, ADD_DATE, UPDATE_DATE ) values ( 'TWCORNEL5-AA93F6E6089B47D09D43BAD61B6D22D7', 'TWCORNEL5-EF6CD8071E4C443FB7928D6893059914', '2020-11-10', 11, 57, 458.200, 475.000, 'bvick', '2021-01-22 14:58:57', NULL ) on conflict (LIN_INJ_ID) do update set LIN_SUM_ID = EXCLUDED.LIN_SUM_ID, INJECTION_DATE = EXCLUDED.INJECTION_DATE, INJECTION_HOUR = EXCLUDED.INJECTION_HOUR, INJECTION_MIN = EXCLUDED.INJECTION_MIN, MEASURED_VALUE = EXCLUDED.MEASURED_VALUE, REF_VALUE = EXCLUDED.REF_VALUE, USERID = EXCLUDED.USERID, ADD_DATE = EXCLUDED.ADD_DATE, UPDATE_DATE = EXCLUDED.UPDATE_DATE;
/* ORIS:      3    Location: 5         Test Type: LINE       Test Num: 20201110111500NX1     SQL Ord:    4 */ insert into camdecmpswks.LINEARITY_INJECTION ( LIN_INJ_ID, LIN_SUM_ID, INJECTION_DATE, INJECTION_HOUR, INJECTION_MIN, MEASURED_VALUE, REF_VALUE, USERID, ADD_DATE, UPDATE_DATE ) values ( 'TWCORNEL5-B11FB8E368A2402887EEBB4FD2A1D93F', 'TWCORNEL5-3FAAD6BC7897413097F8F5EB6726446E', '2020-11-10', 12, 3, 127.700, 125.200, 'bvick', '2021-01-22 14:58:57', NULL ) on conflict (LIN_INJ_ID) do update set LIN_SUM_ID = EXCLUDED.LIN_SUM_ID, INJECTION_DATE = EXCLUDED.INJECTION_DATE, INJECTION_HOUR = EXCLUDED.INJECTION_HOUR, INJECTION_MIN = EXCLUDED.INJECTION_MIN, MEASURED_VALUE = EXCLUDED.MEASURED_VALUE, REF_VALUE = EXCLUDED.REF_VALUE, USERID = EXCLUDED.USERID, ADD_DATE = EXCLUDED.ADD_DATE, UPDATE_DATE = EXCLUDED.UPDATE_DATE;
/* ORIS:      3    Location: 5         Test Type: LINE       Test Num: 20201110111500NX1     SQL Ord:    5 */ insert into camdecmpswks.PROTOCOL_GAS ( PROTOCOL_GAS_ID, TEST_SUM_ID, GAS_LEVEL_CD, GAS_TYPE_CD, VENDOR_ID, CYLINDER_ID, EXPIRATION_DATE, USERID, ADD_DATE, UPDATE_DATE ) values ( 'TWCORNEL5-0A6EF4EEB7E84E8CB00AC97634C19B12', 'TWCORNEL5-7F6AC51CFBC84AC596E2AE5B9F86108C', 'LOW', 'CO2,NO,NOX,SO2,BALN', 'B22018', 'CC122724', '2026-10-09', 'bvick', '2021-01-22 14:58:58', NULL ) on conflict (PROTOCOL_GAS_ID) do update set TEST_SUM_ID = EXCLUDED.TEST_SUM_ID, GAS_LEVEL_CD = EXCLUDED.GAS_LEVEL_CD, GAS_TYPE_CD = EXCLUDED.GAS_TYPE_CD, VENDOR_ID = EXCLUDED.VENDOR_ID, CYLINDER_ID = EXCLUDED.CYLINDER_ID, EXPIRATION_DATE = EXCLUDED.EXPIRATION_DATE, USERID = EXCLUDED.USERID, ADD_DATE = EXCLUDED.ADD_DATE, UPDATE_DATE = EXCLUDED.UPDATE_DATE;
/* ORIS:      3    Location: 5         Test Type: LINE       Test Num: 20201110111500NX1     SQL Ord:    5 */ insert into camdecmpswks.PROTOCOL_GAS ( PROTOCOL_GAS_ID, TEST_SUM_ID, GAS_LEVEL_CD, GAS_TYPE_CD, VENDOR_ID, CYLINDER_ID, EXPIRATION_DATE, USERID, ADD_DATE, UPDATE_DATE ) values ( 'TWCORNEL5-33E076E2575748C38A04A8F907F715C0', 'TWCORNEL5-7F6AC51CFBC84AC596E2AE5B9F86108C', 'HIGH', 'CO2,NO,NOX,SO2,BALN', 'B22018', 'XC023684B', '2026-10-09', 'bvick', '2021-01-22 14:58:58', NULL ) on conflict (PROTOCOL_GAS_ID) do update set TEST_SUM_ID = EXCLUDED.TEST_SUM_ID, GAS_LEVEL_CD = EXCLUDED.GAS_LEVEL_CD, GAS_TYPE_CD = EXCLUDED.GAS_TYPE_CD, VENDOR_ID = EXCLUDED.VENDOR_ID, CYLINDER_ID = EXCLUDED.CYLINDER_ID, EXPIRATION_DATE = EXCLUDED.EXPIRATION_DATE, USERID = EXCLUDED.USERID, ADD_DATE = EXCLUDED.ADD_DATE, UPDATE_DATE = EXCLUDED.UPDATE_DATE;
/* ORIS:      3    Location: 5         Test Type: LINE       Test Num: 20201110111500NX1     SQL Ord:    5 */ insert into camdecmpswks.PROTOCOL_GAS ( PROTOCOL_GAS_ID, TEST_SUM_ID, GAS_LEVEL_CD, GAS_TYPE_CD, VENDOR_ID, CYLINDER_ID, EXPIRATION_DATE, USERID, ADD_DATE, UPDATE_DATE ) values ( 'TWCORNEL5-E983032E409743C48B3652B440F27A97', 'TWCORNEL5-7F6AC51CFBC84AC596E2AE5B9F86108C', 'MID', 'CO2,NO,NOX,SO2,BALN', 'B22018', 'CC494036', '2026-04-02', 'bvick', '2021-01-22 14:58:58', NULL ) on conflict (PROTOCOL_GAS_ID) do update set TEST_SUM_ID = EXCLUDED.TEST_SUM_ID, GAS_LEVEL_CD = EXCLUDED.GAS_LEVEL_CD, GAS_TYPE_CD = EXCLUDED.GAS_TYPE_CD, VENDOR_ID = EXCLUDED.VENDOR_ID, CYLINDER_ID = EXCLUDED.CYLINDER_ID, EXPIRATION_DATE = EXCLUDED.EXPIRATION_DATE, USERID = EXCLUDED.USERID, ADD_DATE = EXCLUDED.ADD_DATE, UPDATE_DATE = EXCLUDED.UPDATE_DATE;
/* ORIS:      3    Location: 5         Test Type: LINE       Test Num: 20201110111500SD1     SQL Ord:    1 */ delete from camdecmpswks.TEST_SUMMARY where TEST_SUM_ID = 'TWCORNEL5-FAE12A8536224333A09C742AA933652A';
/* ORIS:      3    Location: 5         Test Type: LINE       Test Num: 20201110111500SD1     SQL Ord:    2 */ insert into camdecmpswks.TEST_SUMMARY ( TEST_SUM_ID, MON_LOC_ID, TEST_TYPE_CD, TEST_NUM, MON_SYS_ID, COMPONENT_ID, GP_IND, TEST_REASON_CD, TEST_RESULT_CD, RPT_PERIOD_ID, BEGIN_DATE, BEGIN_HOUR, BEGIN_MIN, END_DATE, END_HOUR, END_MIN, SPAN_SCALE_CD, INJECTION_PROTOCOL_CD, TEST_COMMENT, TEST_DESCRIPTION, CALC_GP_IND, CALC_TEST_RESULT_CD, CALC_SPAN_VALUE, LAST_UPDATED, UPDATED_STATUS_FLG, NEEDS_EVAL_FLG, CHK_SESSION_ID, USERID, ADD_DATE, UPDATE_DATE ) values ( 'TWCORNEL5-FAE12A8536224333A09C742AA933652A', '11', 'LINE', '20201110111500SD1', NULL, 'TWCORNEL5-021F190F7A074AB7BDAB9393FDE0A5F6', 0, 'QA', 'PASSED', NULL, '2020-11-10', 11, 20, '2020-11-10', 12, 13, 'H', NULL, NULL, NULL, NULL, NULL, 750.000, '2021-12-27 12:13:25', 'Y', 'N', 'CHV-LGIANN-A7E773EA11F64D2D837911208FE0E065', 'esupport', '2021-01-22 14:58:58', '2022-09-16 16:47:14' ) on conflict (TEST_SUM_ID) do update set MON_LOC_ID = EXCLUDED.MON_LOC_ID, TEST_TYPE_CD = EXCLUDED.TEST_TYPE_CD, TEST_NUM = EXCLUDED.TEST_NUM, MON_SYS_ID = EXCLUDED.MON_SYS_ID, COMPONENT_ID = EXCLUDED.COMPONENT_ID, GP_IND = EXCLUDED.GP_IND, TEST_REASON_CD = EXCLUDED.TEST_REASON_CD, TEST_RESULT_CD = EXCLUDED.TEST_RESULT_CD, RPT_PERIOD_ID = EXCLUDED.RPT_PERIOD_ID, BEGIN_DATE = EXCLUDED.BEGIN_DATE, BEGIN_HOUR = EXCLUDED.BEGIN_HOUR, BEGIN_MIN = EXCLUDED.BEGIN_MIN, END_DATE = EXCLUDED.END_DATE, END_HOUR = EXCLUDED.END_HOUR, END_MIN = EXCLUDED.END_MIN, SPAN_SCALE_CD = EXCLUDED.SPAN_SCALE_CD, INJECTION_PROTOCOL_CD = EXCLUDED.INJECTION_PROTOCOL_CD, TEST_COMMENT = EXCLUDED.TEST_COMMENT, TEST_DESCRIPTION = EXCLUDED.TEST_DESCRIPTION, CALC_GP_IND = EXCLUDED.CALC_GP_IND, CALC_TEST_RESULT_CD = EXCLUDED.CALC_TEST_RESULT_CD, CALC_SPAN_VALUE = EXCLUDED.CALC_SPAN_VALUE, LAST_UPDATED = EXCLUDED.LAST_UPDATED, UPDATED_STATUS_FLG = EXCLUDED.UPDATED_STATUS_FLG, NEEDS_EVAL_FLG = EXCLUDED.NEEDS_EVAL_FLG, CHK_SESSION_ID = EXCLUDED.CHK_SESSION_ID, USERID = EXCLUDED.USERID, ADD_DATE = EXCLUDED.ADD_DATE, UPDATE_DATE = EXCLUDED.UPDATE_DATE;
/* ORIS:      3    Location: 5         Test Type: LINE       Test Num: 20201110111500SD1     SQL Ord:    3 */ insert into camdecmpswks.LINEARITY_SUMMARY ( LIN_SUM_ID, TEST_SUM_ID, MEAN_REF_VALUE, MEAN_MEASURED_VALUE, PERCENT_ERROR, APS_IND, GAS_LEVEL_CD, CALC_MEAN_REF_VALUE, CALC_MEAN_MEASURED_VALUE, CALC_PERCENT_ERROR, CALC_APS_IND, USERID, ADD_DATE, UPDATE_DATE ) values ( 'TWCORNEL5-0800D957CC3C40A686C81857B9E50AB6', 'TWCORNEL5-FAE12A8536224333A09C742AA933652A', 179.700, 181.133, 0.8, 0, 'LOW', 179.800, 181.800, 1.1, 0, 'esupport', '2021-01-22 14:58:58', '2022-09-16 16:47:14' ) on conflict (LIN_SUM_ID) do update set TEST_SUM_ID = EXCLUDED.TEST_SUM_ID, MEAN_REF_VALUE = EXCLUDED.MEAN_REF_VALUE, MEAN_MEASURED_VALUE = EXCLUDED.MEAN_MEASURED_VALUE, PERCENT_ERROR = EXCLUDED.PERCENT_ERROR, APS_IND = EXCLUDED.APS_IND, GAS_LEVEL_CD = EXCLUDED.GAS_LEVEL_CD, CALC_MEAN_REF_VALUE = EXCLUDED.CALC_MEAN_REF_VALUE, CALC_MEAN_MEASURED_VALUE = EXCLUDED.CALC_MEAN_MEASURED_VALUE, CALC_PERCENT_ERROR = EXCLUDED.CALC_PERCENT_ERROR, CALC_APS_IND = EXCLUDED.CALC_APS_IND, USERID = EXCLUDED.USERID, ADD_DATE = EXCLUDED.ADD_DATE, UPDATE_DATE = EXCLUDED.UPDATE_DATE;
/* ORIS:      3    Location: 5         Test Type: LINE       Test Num: 20201110111500SD1     SQL Ord:    3 */ insert into camdecmpswks.LINEARITY_SUMMARY ( LIN_SUM_ID, TEST_SUM_ID, MEAN_REF_VALUE, MEAN_MEASURED_VALUE, PERCENT_ERROR, APS_IND, GAS_LEVEL_CD, CALC_MEAN_REF_VALUE, CALC_MEAN_MEASURED_VALUE, CALC_PERCENT_ERROR, CALC_APS_IND, USERID, ADD_DATE, UPDATE_DATE ) values ( 'TWCORNEL5-6D16E535C33446A79D4F3CFDBB295F96', 'TWCORNEL5-FAE12A8536224333A09C742AA933652A', 404.200, 395.067, 2.3, 0, 'MID', 404.200, 395.067, 2.3, 0, 'esupport', '2021-01-22 14:58:58', '2022-09-16 16:47:14' ) on conflict (LIN_SUM_ID) do update set TEST_SUM_ID = EXCLUDED.TEST_SUM_ID, MEAN_REF_VALUE = EXCLUDED.MEAN_REF_VALUE, MEAN_MEASURED_VALUE = EXCLUDED.MEAN_MEASURED_VALUE, PERCENT_ERROR = EXCLUDED.PERCENT_ERROR, APS_IND = EXCLUDED.APS_IND, GAS_LEVEL_CD = EXCLUDED.GAS_LEVEL_CD, CALC_MEAN_REF_VALUE = EXCLUDED.CALC_MEAN_REF_VALUE, CALC_MEAN_MEASURED_VALUE = EXCLUDED.CALC_MEAN_MEASURED_VALUE, CALC_PERCENT_ERROR = EXCLUDED.CALC_PERCENT_ERROR, CALC_APS_IND = EXCLUDED.CALC_APS_IND, USERID = EXCLUDED.USERID, ADD_DATE = EXCLUDED.ADD_DATE, UPDATE_DATE = EXCLUDED.UPDATE_DATE;
/* ORIS:      3    Location: 5         Test Type: LINE       Test Num: 20201110111500SD1     SQL Ord:    3 */ insert into camdecmpswks.LINEARITY_SUMMARY ( LIN_SUM_ID, TEST_SUM_ID, MEAN_REF_VALUE, MEAN_MEASURED_VALUE, PERCENT_ERROR, APS_IND, GAS_LEVEL_CD, CALC_MEAN_REF_VALUE, CALC_MEAN_MEASURED_VALUE, CALC_PERCENT_ERROR, CALC_APS_IND, USERID, ADD_DATE, UPDATE_DATE ) values ( 'TWCORNEL5-B6AA1DCA2B164304804DD265C5F15300', 'TWCORNEL5-FAE12A8536224333A09C742AA933652A', 700.500, 680.100, 2.9, 0, 'HIGH', 700.500, 680.100, 2.9, 0, 'esupport', '2021-01-22 14:58:58', '2022-09-16 16:47:14' ) on conflict (LIN_SUM_ID) do update set TEST_SUM_ID = EXCLUDED.TEST_SUM_ID, MEAN_REF_VALUE = EXCLUDED.MEAN_REF_VALUE, MEAN_MEASURED_VALUE = EXCLUDED.MEAN_MEASURED_VALUE, PERCENT_ERROR = EXCLUDED.PERCENT_ERROR, APS_IND = EXCLUDED.APS_IND, GAS_LEVEL_CD = EXCLUDED.GAS_LEVEL_CD, CALC_MEAN_REF_VALUE = EXCLUDED.CALC_MEAN_REF_VALUE, CALC_MEAN_MEASURED_VALUE = EXCLUDED.CALC_MEAN_MEASURED_VALUE, CALC_PERCENT_ERROR = EXCLUDED.CALC_PERCENT_ERROR, CALC_APS_IND = EXCLUDED.CALC_APS_IND, USERID = EXCLUDED.USERID, ADD_DATE = EXCLUDED.ADD_DATE, UPDATE_DATE = EXCLUDED.UPDATE_DATE;
/* ORIS:      3    Location: 5         Test Type: LINE       Test Num: 20201110111500SD1     SQL Ord:    4 */ insert into camdecmpswks.LINEARITY_INJECTION ( LIN_INJ_ID, LIN_SUM_ID, INJECTION_DATE, INJECTION_HOUR, INJECTION_MIN, MEASURED_VALUE, REF_VALUE, USERID, ADD_DATE, UPDATE_DATE ) values ( 'CHV-LGIANN-82762929060E4907AAB9469E4E4D6F8C', 'TWCORNEL5-0800D957CC3C40A686C81857B9E50AB6', '2020-11-10', 11, 27, 180.000, 180.000, 'esupport', '2021-12-27 12:13:22', NULL ) on conflict (LIN_INJ_ID) do update set LIN_SUM_ID = EXCLUDED.LIN_SUM_ID, INJECTION_DATE = EXCLUDED.INJECTION_DATE, INJECTION_HOUR = EXCLUDED.INJECTION_HOUR, INJECTION_MIN = EXCLUDED.INJECTION_MIN, MEASURED_VALUE = EXCLUDED.MEASURED_VALUE, REF_VALUE = EXCLUDED.REF_VALUE, USERID = EXCLUDED.USERID, ADD_DATE = EXCLUDED.ADD_DATE, UPDATE_DATE = EXCLUDED.UPDATE_DATE;
/* ORIS:      3    Location: 5         Test Type: LINE       Test Num: 20201110111500SD1     SQL Ord:    4 */ insert into camdecmpswks.LINEARITY_INJECTION ( LIN_INJ_ID, LIN_SUM_ID, INJECTION_DATE, INJECTION_HOUR, INJECTION_MIN, MEASURED_VALUE, REF_VALUE, USERID, ADD_DATE, UPDATE_DATE ) values ( 'TWCORNEL5-269D771BBD174514BA13AB0F6379C134', 'TWCORNEL5-B6AA1DCA2B164304804DD265C5F15300', '2020-11-10', 11, 40, 690.200, 700.500, 'bvick', '2021-01-22 14:58:58', NULL ) on conflict (LIN_INJ_ID) do update set LIN_SUM_ID = EXCLUDED.LIN_SUM_ID, INJECTION_DATE = EXCLUDED.INJECTION_DATE, INJECTION_HOUR = EXCLUDED.INJECTION_HOUR, INJECTION_MIN = EXCLUDED.INJECTION_MIN, MEASURED_VALUE = EXCLUDED.MEASURED_VALUE, REF_VALUE = EXCLUDED.REF_VALUE, USERID = EXCLUDED.USERID, ADD_DATE = EXCLUDED.ADD_DATE, UPDATE_DATE = EXCLUDED.UPDATE_DATE;
/* ORIS:      3    Location: 5         Test Type: LINE       Test Num: 20201110111500SD1     SQL Ord:    4 */ insert into camdecmpswks.LINEARITY_INJECTION ( LIN_INJ_ID, LIN_SUM_ID, INJECTION_DATE, INJECTION_HOUR, INJECTION_MIN, MEASURED_VALUE, REF_VALUE, USERID, ADD_DATE, UPDATE_DATE ) values ( 'TWCORNEL5-3806ABFE7832430D8D3B1B567D80B355', 'TWCORNEL5-B6AA1DCA2B164304804DD265C5F15300', '2020-11-10', 11, 57, 676.600, 700.500, 'bvick', '2021-01-22 14:58:58', NULL ) on conflict (LIN_INJ_ID) do update set LIN_SUM_ID = EXCLUDED.LIN_SUM_ID, INJECTION_DATE = EXCLUDED.INJECTION_DATE, INJECTION_HOUR = EXCLUDED.INJECTION_HOUR, INJECTION_MIN = EXCLUDED.INJECTION_MIN, MEASURED_VALUE = EXCLUDED.MEASURED_VALUE, REF_VALUE = EXCLUDED.REF_VALUE, USERID = EXCLUDED.USERID, ADD_DATE = EXCLUDED.ADD_DATE, UPDATE_DATE = EXCLUDED.UPDATE_DATE;
/* ORIS:      3    Location: 5         Test Type: LINE       Test Num: 20201110111500SD1     SQL Ord:    4 */ insert into camdecmpswks.LINEARITY_INJECTION ( LIN_INJ_ID, LIN_SUM_ID, INJECTION_DATE, INJECTION_HOUR, INJECTION_MIN, MEASURED_VALUE, REF_VALUE, USERID, ADD_DATE, UPDATE_DATE ) values ( 'TWCORNEL5-3F26C1F8E54B46C98C8058E48930ACE5', 'TWCORNEL5-0800D957CC3C40A686C81857B9E50AB6', '2020-11-10', 11, 47, 182.100, 179.700, 'bvick', '2021-01-22 14:58:58', NULL ) on conflict (LIN_INJ_ID) do update set LIN_SUM_ID = EXCLUDED.LIN_SUM_ID, INJECTION_DATE = EXCLUDED.INJECTION_DATE, INJECTION_HOUR = EXCLUDED.INJECTION_HOUR, INJECTION_MIN = EXCLUDED.INJECTION_MIN, MEASURED_VALUE = EXCLUDED.MEASURED_VALUE, REF_VALUE = EXCLUDED.REF_VALUE, USERID = EXCLUDED.USERID, ADD_DATE = EXCLUDED.ADD_DATE, UPDATE_DATE = EXCLUDED.UPDATE_DATE;
/* ORIS:      3    Location: 5         Test Type: LINE       Test Num: 20201110111500SD1     SQL Ord:    4 */ insert into camdecmpswks.LINEARITY_INJECTION ( LIN_INJ_ID, LIN_SUM_ID, INJECTION_DATE, INJECTION_HOUR, INJECTION_MIN, MEASURED_VALUE, REF_VALUE, USERID, ADD_DATE, UPDATE_DATE ) values ( 'TWCORNEL5-67E0DA9BA01247739EFF8644B41704A6', 'TWCORNEL5-6D16E535C33446A79D4F3CFDBB295F96', '2020-11-10', 11, 53, 396.700, 404.200, 'bvick', '2021-01-22 14:58:58', NULL ) on conflict (LIN_INJ_ID) do update set LIN_SUM_ID = EXCLUDED.LIN_SUM_ID, INJECTION_DATE = EXCLUDED.INJECTION_DATE, INJECTION_HOUR = EXCLUDED.INJECTION_HOUR, INJECTION_MIN = EXCLUDED.INJECTION_MIN, MEASURED_VALUE = EXCLUDED.MEASURED_VALUE, REF_VALUE = EXCLUDED.REF_VALUE, USERID = EXCLUDED.USERID, ADD_DATE = EXCLUDED.ADD_DATE, UPDATE_DATE = EXCLUDED.UPDATE_DATE;
/* ORIS:      3    Location: 5         Test Type: LINE       Test Num: 20201110111500SD1     SQL Ord:    4 */ insert into camdecmpswks.LINEARITY_INJECTION ( LIN_INJ_ID, LIN_SUM_ID, INJECTION_DATE, INJECTION_HOUR, INJECTION_MIN, MEASURED_VALUE, REF_VALUE, USERID, ADD_DATE, UPDATE_DATE ) values ( 'TWCORNEL5-9C754C2FA9344489B20112ADDE001677', 'TWCORNEL5-0800D957CC3C40A686C81857B9E50AB6', '2020-11-10', 11, 20, 178.000, 179.700, 'bvick', '2021-01-22 14:58:58', NULL ) on conflict (LIN_INJ_ID) do update set LIN_SUM_ID = EXCLUDED.LIN_SUM_ID, INJECTION_DATE = EXCLUDED.INJECTION_DATE, INJECTION_HOUR = EXCLUDED.INJECTION_HOUR, INJECTION_MIN = EXCLUDED.INJECTION_MIN, MEASURED_VALUE = EXCLUDED.MEASURED_VALUE, REF_VALUE = EXCLUDED.REF_VALUE, USERID = EXCLUDED.USERID, ADD_DATE = EXCLUDED.ADD_DATE, UPDATE_DATE = EXCLUDED.UPDATE_DATE;
/* ORIS:      3    Location: 5         Test Type: LINE       Test Num: 20201110111500SD1     SQL Ord:    4 */ insert into camdecmpswks.LINEARITY_INJECTION ( LIN_INJ_ID, LIN_SUM_ID, INJECTION_DATE, INJECTION_HOUR, INJECTION_MIN, MEASURED_VALUE, REF_VALUE, USERID, ADD_DATE, UPDATE_DATE ) values ( 'TWCORNEL5-D36E6D53AD6A433893D8FBDEBEC37661', 'TWCORNEL5-6D16E535C33446A79D4F3CFDBB295F96', '2020-11-10', 11, 26, 391.200, 404.200, 'bvick', '2021-01-22 14:58:58', NULL ) on conflict (LIN_INJ_ID) do update set LIN_SUM_ID = EXCLUDED.LIN_SUM_ID, INJECTION_DATE = EXCLUDED.INJECTION_DATE, INJECTION_HOUR = EXCLUDED.INJECTION_HOUR, INJECTION_MIN = EXCLUDED.INJECTION_MIN, MEASURED_VALUE = EXCLUDED.MEASURED_VALUE, REF_VALUE = EXCLUDED.REF_VALUE, USERID = EXCLUDED.USERID, ADD_DATE = EXCLUDED.ADD_DATE, UPDATE_DATE = EXCLUDED.UPDATE_DATE;
/* ORIS:      3    Location: 5         Test Type: LINE       Test Num: 20201110111500SD1     SQL Ord:    4 */ insert into camdecmpswks.LINEARITY_INJECTION ( LIN_INJ_ID, LIN_SUM_ID, INJECTION_DATE, INJECTION_HOUR, INJECTION_MIN, MEASURED_VALUE, REF_VALUE, USERID, ADD_DATE, UPDATE_DATE ) values ( 'TWCORNEL5-DBF7DB6D9BF248C9B7AD4D2B5526AC78', 'TWCORNEL5-B6AA1DCA2B164304804DD265C5F15300', '2020-11-10', 12, 13, 673.500, 700.500, 'bvick', '2021-01-22 14:58:58', NULL ) on conflict (LIN_INJ_ID) do update set LIN_SUM_ID = EXCLUDED.LIN_SUM_ID, INJECTION_DATE = EXCLUDED.INJECTION_DATE, INJECTION_HOUR = EXCLUDED.INJECTION_HOUR, INJECTION_MIN = EXCLUDED.INJECTION_MIN, MEASURED_VALUE = EXCLUDED.MEASURED_VALUE, REF_VALUE = EXCLUDED.REF_VALUE, USERID = EXCLUDED.USERID, ADD_DATE = EXCLUDED.ADD_DATE, UPDATE_DATE = EXCLUDED.UPDATE_DATE;
/* ORIS:      3    Location: 5         Test Type: LINE       Test Num: 20201110111500SD1     SQL Ord:    4 */ insert into camdecmpswks.LINEARITY_INJECTION ( LIN_INJ_ID, LIN_SUM_ID, INJECTION_DATE, INJECTION_HOUR, INJECTION_MIN, MEASURED_VALUE, REF_VALUE, USERID, ADD_DATE, UPDATE_DATE ) values ( 'TWCORNEL5-F52BAA91CBFF49D0B516E54DBB725C9B', 'TWCORNEL5-0800D957CC3C40A686C81857B9E50AB6', '2020-11-10', 12, 3, 183.300, 179.700, 'bvick', '2021-01-22 14:58:58', NULL ) on conflict (LIN_INJ_ID) do update set LIN_SUM_ID = EXCLUDED.LIN_SUM_ID, INJECTION_DATE = EXCLUDED.INJECTION_DATE, INJECTION_HOUR = EXCLUDED.INJECTION_HOUR, INJECTION_MIN = EXCLUDED.INJECTION_MIN, MEASURED_VALUE = EXCLUDED.MEASURED_VALUE, REF_VALUE = EXCLUDED.REF_VALUE, USERID = EXCLUDED.USERID, ADD_DATE = EXCLUDED.ADD_DATE, UPDATE_DATE = EXCLUDED.UPDATE_DATE;
/* ORIS:      3    Location: 5         Test Type: LINE       Test Num: 20201110111500SD1     SQL Ord:    4 */ insert into camdecmpswks.LINEARITY_INJECTION ( LIN_INJ_ID, LIN_SUM_ID, INJECTION_DATE, INJECTION_HOUR, INJECTION_MIN, MEASURED_VALUE, REF_VALUE, USERID, ADD_DATE, UPDATE_DATE ) values ( 'TWCORNEL5-FFC554FE4CFE4947836FB9D12283DDDB', 'TWCORNEL5-6D16E535C33446A79D4F3CFDBB295F96', '2020-11-10', 12, 8, 397.300, 404.200, 'bvick', '2021-01-22 14:58:58', NULL ) on conflict (LIN_INJ_ID) do update set LIN_SUM_ID = EXCLUDED.LIN_SUM_ID, INJECTION_DATE = EXCLUDED.INJECTION_DATE, INJECTION_HOUR = EXCLUDED.INJECTION_HOUR, INJECTION_MIN = EXCLUDED.INJECTION_MIN, MEASURED_VALUE = EXCLUDED.MEASURED_VALUE, REF_VALUE = EXCLUDED.REF_VALUE, USERID = EXCLUDED.USERID, ADD_DATE = EXCLUDED.ADD_DATE, UPDATE_DATE = EXCLUDED.UPDATE_DATE;
/* ORIS:      3    Location: 5         Test Type: LINE       Test Num: 20201110111500SD1     SQL Ord:    5 */ insert into camdecmpswks.PROTOCOL_GAS ( PROTOCOL_GAS_ID, TEST_SUM_ID, GAS_LEVEL_CD, GAS_TYPE_CD, VENDOR_ID, CYLINDER_ID, EXPIRATION_DATE, USERID, ADD_DATE, UPDATE_DATE ) values ( 'TWCORNEL5-4DAB9D53E3704301A3A694A50FC9A6BA', 'TWCORNEL5-FAE12A8536224333A09C742AA933652A', 'LOW', 'CO2,NO,NOX,SO2,BALN', 'B22018', 'CC122724', '2026-10-09', 'bvick', '2021-01-22 14:58:59', NULL ) on conflict (PROTOCOL_GAS_ID) do update set TEST_SUM_ID = EXCLUDED.TEST_SUM_ID, GAS_LEVEL_CD = EXCLUDED.GAS_LEVEL_CD, GAS_TYPE_CD = EXCLUDED.GAS_TYPE_CD, VENDOR_ID = EXCLUDED.VENDOR_ID, CYLINDER_ID = EXCLUDED.CYLINDER_ID, EXPIRATION_DATE = EXCLUDED.EXPIRATION_DATE, USERID = EXCLUDED.USERID, ADD_DATE = EXCLUDED.ADD_DATE, UPDATE_DATE = EXCLUDED.UPDATE_DATE;
/* ORIS:      3    Location: 5         Test Type: LINE       Test Num: 20201110111500SD1     SQL Ord:    5 */ insert into camdecmpswks.PROTOCOL_GAS ( PROTOCOL_GAS_ID, TEST_SUM_ID, GAS_LEVEL_CD, GAS_TYPE_CD, VENDOR_ID, CYLINDER_ID, EXPIRATION_DATE, USERID, ADD_DATE, UPDATE_DATE ) values ( 'TWCORNEL5-6734C2B08115499A8407441B7A8F115E', 'TWCORNEL5-FAE12A8536224333A09C742AA933652A', 'HIGH', 'CO2,NO,NOX,SO2,BALN', 'B22018', 'XC023684B', '2026-10-09', 'bvick', '2021-01-22 14:58:59', NULL ) on conflict (PROTOCOL_GAS_ID) do update set TEST_SUM_ID = EXCLUDED.TEST_SUM_ID, GAS_LEVEL_CD = EXCLUDED.GAS_LEVEL_CD, GAS_TYPE_CD = EXCLUDED.GAS_TYPE_CD, VENDOR_ID = EXCLUDED.VENDOR_ID, CYLINDER_ID = EXCLUDED.CYLINDER_ID, EXPIRATION_DATE = EXCLUDED.EXPIRATION_DATE, USERID = EXCLUDED.USERID, ADD_DATE = EXCLUDED.ADD_DATE, UPDATE_DATE = EXCLUDED.UPDATE_DATE;
/* ORIS:      3    Location: 5         Test Type: LINE       Test Num: 20201110111500SD1     SQL Ord:    5 */ insert into camdecmpswks.PROTOCOL_GAS ( PROTOCOL_GAS_ID, TEST_SUM_ID, GAS_LEVEL_CD, GAS_TYPE_CD, VENDOR_ID, CYLINDER_ID, EXPIRATION_DATE, USERID, ADD_DATE, UPDATE_DATE ) values ( 'TWCORNEL5-BCBB2D9DE41246539EFE6A3203887C9F', 'TWCORNEL5-FAE12A8536224333A09C742AA933652A', 'MID', 'CO2,NO,NOX,SO2,BALN', 'B22018', 'CC494036', '2026-04-02', 'bvick', '2021-01-22 14:58:59', NULL ) on conflict (PROTOCOL_GAS_ID) do update set TEST_SUM_ID = EXCLUDED.TEST_SUM_ID, GAS_LEVEL_CD = EXCLUDED.GAS_LEVEL_CD, GAS_TYPE_CD = EXCLUDED.GAS_TYPE_CD, VENDOR_ID = EXCLUDED.VENDOR_ID, CYLINDER_ID = EXCLUDED.CYLINDER_ID, EXPIRATION_DATE = EXCLUDED.EXPIRATION_DATE, USERID = EXCLUDED.USERID, ADD_DATE = EXCLUDED.ADD_DATE, UPDATE_DATE = EXCLUDED.UPDATE_DATE;
/* ORIS:      3    Location: 5         Test Type: LINE       Test Num: 20201110130221NX1L    SQL Ord:    1 */ delete from camdecmpswks.TEST_SUMMARY where TEST_SUM_ID = 'TWCORNEL5-ED927A534B184B91913C53AA6D6F28E3';
/* ORIS:      3    Location: 5         Test Type: LINE       Test Num: 20201110130221NX1L    SQL Ord:    2 */ insert into camdecmpswks.TEST_SUMMARY ( TEST_SUM_ID, MON_LOC_ID, TEST_TYPE_CD, TEST_NUM, MON_SYS_ID, COMPONENT_ID, GP_IND, TEST_REASON_CD, TEST_RESULT_CD, RPT_PERIOD_ID, BEGIN_DATE, BEGIN_HOUR, BEGIN_MIN, END_DATE, END_HOUR, END_MIN, SPAN_SCALE_CD, INJECTION_PROTOCOL_CD, TEST_COMMENT, TEST_DESCRIPTION, CALC_GP_IND, CALC_TEST_RESULT_CD, CALC_SPAN_VALUE, LAST_UPDATED, UPDATED_STATUS_FLG, NEEDS_EVAL_FLG, CHK_SESSION_ID, USERID, ADD_DATE, UPDATE_DATE ) values ( 'TWCORNEL5-ED927A534B184B91913C53AA6D6F28E3', '11', 'LINE', '20201110130221NX1L', NULL, 'TWCORNEL5-8A5F84F444B8419DA6780BD08B041C3C', 0, 'QA', 'PASSED', NULL, '2020-11-10', 13, 4, '2020-11-10', 13, 37, 'L', NULL, NULL, NULL, NULL, NULL, 80.000, '2021-12-27 12:17:52', 'Y', 'N', 'CHV-LGIANN-095E431822B249E9A9BE4701F477FE32', 'esupport', '2021-01-22 14:58:59', '2022-09-16 16:47:17' ) on conflict (TEST_SUM_ID) do update set MON_LOC_ID = EXCLUDED.MON_LOC_ID, TEST_TYPE_CD = EXCLUDED.TEST_TYPE_CD, TEST_NUM = EXCLUDED.TEST_NUM, MON_SYS_ID = EXCLUDED.MON_SYS_ID, COMPONENT_ID = EXCLUDED.COMPONENT_ID, GP_IND = EXCLUDED.GP_IND, TEST_REASON_CD = EXCLUDED.TEST_REASON_CD, TEST_RESULT_CD = EXCLUDED.TEST_RESULT_CD, RPT_PERIOD_ID = EXCLUDED.RPT_PERIOD_ID, BEGIN_DATE = EXCLUDED.BEGIN_DATE, BEGIN_HOUR = EXCLUDED.BEGIN_HOUR, BEGIN_MIN = EXCLUDED.BEGIN_MIN, END_DATE = EXCLUDED.END_DATE, END_HOUR = EXCLUDED.END_HOUR, END_MIN = EXCLUDED.END_MIN, SPAN_SCALE_CD = EXCLUDED.SPAN_SCALE_CD, INJECTION_PROTOCOL_CD = EXCLUDED.INJECTION_PROTOCOL_CD, TEST_COMMENT = EXCLUDED.TEST_COMMENT, TEST_DESCRIPTION = EXCLUDED.TEST_DESCRIPTION, CALC_GP_IND = EXCLUDED.CALC_GP_IND, CALC_TEST_RESULT_CD = EXCLUDED.CALC_TEST_RESULT_CD, CALC_SPAN_VALUE = EXCLUDED.CALC_SPAN_VALUE, LAST_UPDATED = EXCLUDED.LAST_UPDATED, UPDATED_STATUS_FLG = EXCLUDED.UPDATED_STATUS_FLG, NEEDS_EVAL_FLG = EXCLUDED.NEEDS_EVAL_FLG, CHK_SESSION_ID = EXCLUDED.CHK_SESSION_ID, USERID = EXCLUDED.USERID, ADD_DATE = EXCLUDED.ADD_DATE, UPDATE_DATE = EXCLUDED.UPDATE_DATE;
/* ORIS:      3    Location: 5         Test Type: LINE       Test Num: 20201110130221NX1L    SQL Ord:    3 */ insert into camdecmpswks.LINEARITY_SUMMARY ( LIN_SUM_ID, TEST_SUM_ID, MEAN_REF_VALUE, MEAN_MEASURED_VALUE, PERCENT_ERROR, APS_IND, GAS_LEVEL_CD, CALC_MEAN_REF_VALUE, CALC_MEAN_MEASURED_VALUE, CALC_PERCENT_ERROR, CALC_APS_IND, USERID, ADD_DATE, UPDATE_DATE ) values ( 'TWCORNEL5-4CBD8EE113E949459846F5BC95E4CAAC', 'TWCORNEL5-ED927A534B184B91913C53AA6D6F28E3', 19.880, 21.000, 1.1, 1, 'LOW', 19.880, 21.000, 1.0, 1, 'esupport', '2021-01-22 14:58:59', '2022-09-16 16:47:17' ) on conflict (LIN_SUM_ID) do update set TEST_SUM_ID = EXCLUDED.TEST_SUM_ID, MEAN_REF_VALUE = EXCLUDED.MEAN_REF_VALUE, MEAN_MEASURED_VALUE = EXCLUDED.MEAN_MEASURED_VALUE, PERCENT_ERROR = EXCLUDED.PERCENT_ERROR, APS_IND = EXCLUDED.APS_IND, GAS_LEVEL_CD = EXCLUDED.GAS_LEVEL_CD, CALC_MEAN_REF_VALUE = EXCLUDED.CALC_MEAN_REF_VALUE, CALC_MEAN_MEASURED_VALUE = EXCLUDED.CALC_MEAN_MEASURED_VALUE, CALC_PERCENT_ERROR = EXCLUDED.CALC_PERCENT_ERROR, CALC_APS_IND = EXCLUDED.CALC_APS_IND, USERID = EXCLUDED.USERID, ADD_DATE = EXCLUDED.ADD_DATE, UPDATE_DATE = EXCLUDED.UPDATE_DATE;
/* ORIS:      3    Location: 5         Test Type: LINE       Test Num: 20201110130221NX1L    SQL Ord:    3 */ insert into camdecmpswks.LINEARITY_SUMMARY ( LIN_SUM_ID, TEST_SUM_ID, MEAN_REF_VALUE, MEAN_MEASURED_VALUE, PERCENT_ERROR, APS_IND, GAS_LEVEL_CD, CALC_MEAN_REF_VALUE, CALC_MEAN_MEASURED_VALUE, CALC_PERCENT_ERROR, CALC_APS_IND, USERID, ADD_DATE, UPDATE_DATE ) values ( 'TWCORNEL5-A0734A5519D8489CA5F4D606E576C6E0', 'TWCORNEL5-ED927A534B184B91913C53AA6D6F28E3', 42.490, 43.900, 3.3, 0, 'MID', 42.490, 43.900, 3.3, 0, 'esupport', '2021-01-22 14:58:59', '2022-09-16 16:47:17' ) on conflict (LIN_SUM_ID) do update set TEST_SUM_ID = EXCLUDED.TEST_SUM_ID, MEAN_REF_VALUE = EXCLUDED.MEAN_REF_VALUE, MEAN_MEASURED_VALUE = EXCLUDED.MEAN_MEASURED_VALUE, PERCENT_ERROR = EXCLUDED.PERCENT_ERROR, APS_IND = EXCLUDED.APS_IND, GAS_LEVEL_CD = EXCLUDED.GAS_LEVEL_CD, CALC_MEAN_REF_VALUE = EXCLUDED.CALC_MEAN_REF_VALUE, CALC_MEAN_MEASURED_VALUE = EXCLUDED.CALC_MEAN_MEASURED_VALUE, CALC_PERCENT_ERROR = EXCLUDED.CALC_PERCENT_ERROR, CALC_APS_IND = EXCLUDED.CALC_APS_IND, USERID = EXCLUDED.USERID, ADD_DATE = EXCLUDED.ADD_DATE, UPDATE_DATE = EXCLUDED.UPDATE_DATE;
/* ORIS:      3    Location: 5         Test Type: LINE       Test Num: 20201110130221NX1L    SQL Ord:    3 */ insert into camdecmpswks.LINEARITY_SUMMARY ( LIN_SUM_ID, TEST_SUM_ID, MEAN_REF_VALUE, MEAN_MEASURED_VALUE, PERCENT_ERROR, APS_IND, GAS_LEVEL_CD, CALC_MEAN_REF_VALUE, CALC_MEAN_MEASURED_VALUE, CALC_PERCENT_ERROR, CALC_APS_IND, USERID, ADD_DATE, UPDATE_DATE ) values ( 'TWCORNEL5-C35F137DDA5A49E99A7DDDB646B6D857', 'TWCORNEL5-ED927A534B184B91913C53AA6D6F28E3', 77.270, 78.300, 1.3, NULL, 'HIGH', 77.270, 78.300, 1.3, 0, 'esupport', '2021-01-22 14:58:59', '2022-09-16 16:47:17' ) on conflict (LIN_SUM_ID) do update set TEST_SUM_ID = EXCLUDED.TEST_SUM_ID, MEAN_REF_VALUE = EXCLUDED.MEAN_REF_VALUE, MEAN_MEASURED_VALUE = EXCLUDED.MEAN_MEASURED_VALUE, PERCENT_ERROR = EXCLUDED.PERCENT_ERROR, APS_IND = EXCLUDED.APS_IND, GAS_LEVEL_CD = EXCLUDED.GAS_LEVEL_CD, CALC_MEAN_REF_VALUE = EXCLUDED.CALC_MEAN_REF_VALUE, CALC_MEAN_MEASURED_VALUE = EXCLUDED.CALC_MEAN_MEASURED_VALUE, CALC_PERCENT_ERROR = EXCLUDED.CALC_PERCENT_ERROR, CALC_APS_IND = EXCLUDED.CALC_APS_IND, USERID = EXCLUDED.USERID, ADD_DATE = EXCLUDED.ADD_DATE, UPDATE_DATE = EXCLUDED.UPDATE_DATE;
/* ORIS:      3    Location: 5         Test Type: LINE       Test Num: 20201110130221NX1L    SQL Ord:    4 */ insert into camdecmpswks.LINEARITY_INJECTION ( LIN_INJ_ID, LIN_SUM_ID, INJECTION_DATE, INJECTION_HOUR, INJECTION_MIN, MEASURED_VALUE, REF_VALUE, USERID, ADD_DATE, UPDATE_DATE ) values ( 'TWCORNEL5-047A281DA754458FA9527388F88E88BD', 'TWCORNEL5-A0734A5519D8489CA5F4D606E576C6E0', '2020-11-10', 13, 21, 43.800, 42.490, 'bvick', '2021-01-22 14:58:59', NULL ) on conflict (LIN_INJ_ID) do update set LIN_SUM_ID = EXCLUDED.LIN_SUM_ID, INJECTION_DATE = EXCLUDED.INJECTION_DATE, INJECTION_HOUR = EXCLUDED.INJECTION_HOUR, INJECTION_MIN = EXCLUDED.INJECTION_MIN, MEASURED_VALUE = EXCLUDED.MEASURED_VALUE, REF_VALUE = EXCLUDED.REF_VALUE, USERID = EXCLUDED.USERID, ADD_DATE = EXCLUDED.ADD_DATE, UPDATE_DATE = EXCLUDED.UPDATE_DATE;
/* ORIS:      3    Location: 5         Test Type: LINE       Test Num: 20201110130221NX1L    SQL Ord:    4 */ insert into camdecmpswks.LINEARITY_INJECTION ( LIN_INJ_ID, LIN_SUM_ID, INJECTION_DATE, INJECTION_HOUR, INJECTION_MIN, MEASURED_VALUE, REF_VALUE, USERID, ADD_DATE, UPDATE_DATE ) values ( 'TWCORNEL5-0FA67977115545E193C63AB0C53FDDBA', 'TWCORNEL5-4CBD8EE113E949459846F5BC95E4CAAC', '2020-11-10', 13, 17, 20.900, 19.880, 'bvick', '2021-01-22 14:58:59', NULL ) on conflict (LIN_INJ_ID) do update set LIN_SUM_ID = EXCLUDED.LIN_SUM_ID, INJECTION_DATE = EXCLUDED.INJECTION_DATE, INJECTION_HOUR = EXCLUDED.INJECTION_HOUR, INJECTION_MIN = EXCLUDED.INJECTION_MIN, MEASURED_VALUE = EXCLUDED.MEASURED_VALUE, REF_VALUE = EXCLUDED.REF_VALUE, USERID = EXCLUDED.USERID, ADD_DATE = EXCLUDED.ADD_DATE, UPDATE_DATE = EXCLUDED.UPDATE_DATE;
/* ORIS:      3    Location: 5         Test Type: LINE       Test Num: 20201110130221NX1L    SQL Ord:    4 */ insert into camdecmpswks.LINEARITY_INJECTION ( LIN_INJ_ID, LIN_SUM_ID, INJECTION_DATE, INJECTION_HOUR, INJECTION_MIN, MEASURED_VALUE, REF_VALUE, USERID, ADD_DATE, UPDATE_DATE ) values ( 'TWCORNEL5-38A951BC57DB4C27ADFC7A09C1712BC4', 'TWCORNEL5-C35F137DDA5A49E99A7DDDB646B6D857', '2020-11-10', 13, 14, 79.000, 77.270, 'bvick', '2021-01-22 14:58:59', NULL ) on conflict (LIN_INJ_ID) do update set LIN_SUM_ID = EXCLUDED.LIN_SUM_ID, INJECTION_DATE = EXCLUDED.INJECTION_DATE, INJECTION_HOUR = EXCLUDED.INJECTION_HOUR, INJECTION_MIN = EXCLUDED.INJECTION_MIN, MEASURED_VALUE = EXCLUDED.MEASURED_VALUE, REF_VALUE = EXCLUDED.REF_VALUE, USERID = EXCLUDED.USERID, ADD_DATE = EXCLUDED.ADD_DATE, UPDATE_DATE = EXCLUDED.UPDATE_DATE;
/* ORIS:      3    Location: 5         Test Type: LINE       Test Num: 20201110130221NX1L    SQL Ord:    4 */ insert into camdecmpswks.LINEARITY_INJECTION ( LIN_INJ_ID, LIN_SUM_ID, INJECTION_DATE, INJECTION_HOUR, INJECTION_MIN, MEASURED_VALUE, REF_VALUE, USERID, ADD_DATE, UPDATE_DATE ) values ( 'TWCORNEL5-4FC93CF9C63D49DCB9B0A84AB756B7EA', 'TWCORNEL5-C35F137DDA5A49E99A7DDDB646B6D857', '2020-11-10', 13, 25, 78.500, 77.270, 'bvick', '2021-01-22 14:58:59', NULL ) on conflict (LIN_INJ_ID) do update set LIN_SUM_ID = EXCLUDED.LIN_SUM_ID, INJECTION_DATE = EXCLUDED.INJECTION_DATE, INJECTION_HOUR = EXCLUDED.INJECTION_HOUR, INJECTION_MIN = EXCLUDED.INJECTION_MIN, MEASURED_VALUE = EXCLUDED.MEASURED_VALUE, REF_VALUE = EXCLUDED.REF_VALUE, USERID = EXCLUDED.USERID, ADD_DATE = EXCLUDED.ADD_DATE, UPDATE_DATE = EXCLUDED.UPDATE_DATE;
/* ORIS:      3    Location: 5         Test Type: LINE       Test Num: 20201110130221NX1L    SQL Ord:    4 */ insert into camdecmpswks.LINEARITY_INJECTION ( LIN_INJ_ID, LIN_SUM_ID, INJECTION_DATE, INJECTION_HOUR, INJECTION_MIN, MEASURED_VALUE, REF_VALUE, USERID, ADD_DATE, UPDATE_DATE ) values ( 'TWCORNEL5-5D904212AF27447C96BCB6402694F3F0', 'TWCORNEL5-C35F137DDA5A49E99A7DDDB646B6D857', '2020-11-10', 13, 37, 77.400, 77.270, 'bvick', '2021-01-22 14:58:59', NULL ) on conflict (LIN_INJ_ID) do update set LIN_SUM_ID = EXCLUDED.LIN_SUM_ID, INJECTION_DATE = EXCLUDED.INJECTION_DATE, INJECTION_HOUR = EXCLUDED.INJECTION_HOUR, INJECTION_MIN = EXCLUDED.INJECTION_MIN, MEASURED_VALUE = EXCLUDED.MEASURED_VALUE, REF_VALUE = EXCLUDED.REF_VALUE, USERID = EXCLUDED.USERID, ADD_DATE = EXCLUDED.ADD_DATE, UPDATE_DATE = EXCLUDED.UPDATE_DATE;
/* ORIS:      3    Location: 5         Test Type: LINE       Test Num: 20201110130221NX1L    SQL Ord:    4 */ insert into camdecmpswks.LINEARITY_INJECTION ( LIN_INJ_ID, LIN_SUM_ID, INJECTION_DATE, INJECTION_HOUR, INJECTION_MIN, MEASURED_VALUE, REF_VALUE, USERID, ADD_DATE, UPDATE_DATE ) values ( 'TWCORNEL5-6FAA07E1494149AAA1398B92C8899582', 'TWCORNEL5-A0734A5519D8489CA5F4D606E576C6E0', '2020-11-10', 13, 7, 44.100, 42.490, 'bvick', '2021-01-22 14:58:59', NULL ) on conflict (LIN_INJ_ID) do update set LIN_SUM_ID = EXCLUDED.LIN_SUM_ID, INJECTION_DATE = EXCLUDED.INJECTION_DATE, INJECTION_HOUR = EXCLUDED.INJECTION_HOUR, INJECTION_MIN = EXCLUDED.INJECTION_MIN, MEASURED_VALUE = EXCLUDED.MEASURED_VALUE, REF_VALUE = EXCLUDED.REF_VALUE, USERID = EXCLUDED.USERID, ADD_DATE = EXCLUDED.ADD_DATE, UPDATE_DATE = EXCLUDED.UPDATE_DATE;
/* ORIS:      3    Location: 5         Test Type: LINE       Test Num: 20201110130221NX1L    SQL Ord:    4 */ insert into camdecmpswks.LINEARITY_INJECTION ( LIN_INJ_ID, LIN_SUM_ID, INJECTION_DATE, INJECTION_HOUR, INJECTION_MIN, MEASURED_VALUE, REF_VALUE, USERID, ADD_DATE, UPDATE_DATE ) values ( 'TWCORNEL5-75BAC487F0D84E47824D96EEBE473B4A', 'TWCORNEL5-A0734A5519D8489CA5F4D606E576C6E0', '2020-11-10', 13, 33, 43.800, 42.490, 'bvick', '2021-01-22 14:58:59', NULL ) on conflict (LIN_INJ_ID) do update set LIN_SUM_ID = EXCLUDED.LIN_SUM_ID, INJECTION_DATE = EXCLUDED.INJECTION_DATE, INJECTION_HOUR = EXCLUDED.INJECTION_HOUR, INJECTION_MIN = EXCLUDED.INJECTION_MIN, MEASURED_VALUE = EXCLUDED.MEASURED_VALUE, REF_VALUE = EXCLUDED.REF_VALUE, USERID = EXCLUDED.USERID, ADD_DATE = EXCLUDED.ADD_DATE, UPDATE_DATE = EXCLUDED.UPDATE_DATE;
/* ORIS:      3    Location: 5         Test Type: LINE       Test Num: 20201110130221NX1L    SQL Ord:    4 */ insert into camdecmpswks.LINEARITY_INJECTION ( LIN_INJ_ID, LIN_SUM_ID, INJECTION_DATE, INJECTION_HOUR, INJECTION_MIN, MEASURED_VALUE, REF_VALUE, USERID, ADD_DATE, UPDATE_DATE ) values ( 'TWCORNEL5-7C035D3E967D42D2BE7D918AE44DAA17', 'TWCORNEL5-4CBD8EE113E949459846F5BC95E4CAAC', '2020-11-10', 13, 4, 21.200, 19.880, 'bvick', '2021-01-22 14:58:59', NULL ) on conflict (LIN_INJ_ID) do update set LIN_SUM_ID = EXCLUDED.LIN_SUM_ID, INJECTION_DATE = EXCLUDED.INJECTION_DATE, INJECTION_HOUR = EXCLUDED.INJECTION_HOUR, INJECTION_MIN = EXCLUDED.INJECTION_MIN, MEASURED_VALUE = EXCLUDED.MEASURED_VALUE, REF_VALUE = EXCLUDED.REF_VALUE, USERID = EXCLUDED.USERID, ADD_DATE = EXCLUDED.ADD_DATE, UPDATE_DATE = EXCLUDED.UPDATE_DATE;
/* ORIS:      3    Location: 5         Test Type: LINE       Test Num: 20201110130221NX1L    SQL Ord:    4 */ insert into camdecmpswks.LINEARITY_INJECTION ( LIN_INJ_ID, LIN_SUM_ID, INJECTION_DATE, INJECTION_HOUR, INJECTION_MIN, MEASURED_VALUE, REF_VALUE, USERID, ADD_DATE, UPDATE_DATE ) values ( 'TWCORNEL5-BFBA4E90885346D2A8A378C51D698D3B', 'TWCORNEL5-4CBD8EE113E949459846F5BC95E4CAAC', '2020-11-10', 13, 29, 20.900, 19.880, 'bvick', '2021-01-22 14:58:59', NULL ) on conflict (LIN_INJ_ID) do update set LIN_SUM_ID = EXCLUDED.LIN_SUM_ID, INJECTION_DATE = EXCLUDED.INJECTION_DATE, INJECTION_HOUR = EXCLUDED.INJECTION_HOUR, INJECTION_MIN = EXCLUDED.INJECTION_MIN, MEASURED_VALUE = EXCLUDED.MEASURED_VALUE, REF_VALUE = EXCLUDED.REF_VALUE, USERID = EXCLUDED.USERID, ADD_DATE = EXCLUDED.ADD_DATE, UPDATE_DATE = EXCLUDED.UPDATE_DATE;
/* ORIS:      3    Location: 5         Test Type: LINE       Test Num: 20201110130221NX1L    SQL Ord:    5 */ insert into camdecmpswks.PROTOCOL_GAS ( PROTOCOL_GAS_ID, TEST_SUM_ID, GAS_LEVEL_CD, GAS_TYPE_CD, VENDOR_ID, CYLINDER_ID, EXPIRATION_DATE, USERID, ADD_DATE, UPDATE_DATE ) values ( 'TWCORNEL5-1D6AF342D9354552A7B92B15FAA2C80D', 'TWCORNEL5-ED927A534B184B91913C53AA6D6F28E3', 'MID', 'NO,NOX,SO2,BALN', 'B22019', 'CC318418', '2022-11-04', 'bvick', '2021-01-22 14:59:00', NULL ) on conflict (PROTOCOL_GAS_ID) do update set TEST_SUM_ID = EXCLUDED.TEST_SUM_ID, GAS_LEVEL_CD = EXCLUDED.GAS_LEVEL_CD, GAS_TYPE_CD = EXCLUDED.GAS_TYPE_CD, VENDOR_ID = EXCLUDED.VENDOR_ID, CYLINDER_ID = EXCLUDED.CYLINDER_ID, EXPIRATION_DATE = EXCLUDED.EXPIRATION_DATE, USERID = EXCLUDED.USERID, ADD_DATE = EXCLUDED.ADD_DATE, UPDATE_DATE = EXCLUDED.UPDATE_DATE;
/* ORIS:      3    Location: 5         Test Type: LINE       Test Num: 20201110130221NX1L    SQL Ord:    5 */ insert into camdecmpswks.PROTOCOL_GAS ( PROTOCOL_GAS_ID, TEST_SUM_ID, GAS_LEVEL_CD, GAS_TYPE_CD, VENDOR_ID, CYLINDER_ID, EXPIRATION_DATE, USERID, ADD_DATE, UPDATE_DATE ) values ( 'TWCORNEL5-B4DA249ABD754B079BC31661CDA3086D', 'TWCORNEL5-ED927A534B184B91913C53AA6D6F28E3', 'LOW', 'NO,NOX,SO2,BALN', 'B22019', 'AAL071604', '2022-07-26', 'bvick', '2021-01-22 14:59:00', NULL ) on conflict (PROTOCOL_GAS_ID) do update set TEST_SUM_ID = EXCLUDED.TEST_SUM_ID, GAS_LEVEL_CD = EXCLUDED.GAS_LEVEL_CD, GAS_TYPE_CD = EXCLUDED.GAS_TYPE_CD, VENDOR_ID = EXCLUDED.VENDOR_ID, CYLINDER_ID = EXCLUDED.CYLINDER_ID, EXPIRATION_DATE = EXCLUDED.EXPIRATION_DATE, USERID = EXCLUDED.USERID, ADD_DATE = EXCLUDED.ADD_DATE, UPDATE_DATE = EXCLUDED.UPDATE_DATE;
/* ORIS:      3    Location: 5         Test Type: LINE       Test Num: 20201110130221NX1L    SQL Ord:    5 */ insert into camdecmpswks.PROTOCOL_GAS ( PROTOCOL_GAS_ID, TEST_SUM_ID, GAS_LEVEL_CD, GAS_TYPE_CD, VENDOR_ID, CYLINDER_ID, EXPIRATION_DATE, USERID, ADD_DATE, UPDATE_DATE ) values ( 'TWCORNEL5-BCAFC26DC31844D49590DADF63B8D8B7', 'TWCORNEL5-ED927A534B184B91913C53AA6D6F28E3', 'HIGH', 'CO2,NO,NOX,BALN', 'B22017', 'CC705808', '2021-11-21', 'bvick', '2021-01-22 14:59:00', NULL ) on conflict (PROTOCOL_GAS_ID) do update set TEST_SUM_ID = EXCLUDED.TEST_SUM_ID, GAS_LEVEL_CD = EXCLUDED.GAS_LEVEL_CD, GAS_TYPE_CD = EXCLUDED.GAS_TYPE_CD, VENDOR_ID = EXCLUDED.VENDOR_ID, CYLINDER_ID = EXCLUDED.CYLINDER_ID, EXPIRATION_DATE = EXCLUDED.EXPIRATION_DATE, USERID = EXCLUDED.USERID, ADD_DATE = EXCLUDED.ADD_DATE, UPDATE_DATE = EXCLUDED.UPDATE_DATE;
/* ORIS:      3    Location: 5         Test Type: LINE       Test Num: 20210215114848NX1L    SQL Ord:    1 */ delete from camdecmpswks.TEST_SUMMARY where TEST_SUM_ID = 'TWCORNEL5-C88EE3129DCA4BE7BAA5605C73FEDCFA';
/* ORIS:      3    Location: 5         Test Type: LINE       Test Num: 20210215114848NX1L    SQL Ord:    2 */ insert into camdecmpswks.TEST_SUMMARY ( TEST_SUM_ID, MON_LOC_ID, TEST_TYPE_CD, TEST_NUM, MON_SYS_ID, COMPONENT_ID, GP_IND, TEST_REASON_CD, TEST_RESULT_CD, RPT_PERIOD_ID, BEGIN_DATE, BEGIN_HOUR, BEGIN_MIN, END_DATE, END_HOUR, END_MIN, SPAN_SCALE_CD, INJECTION_PROTOCOL_CD, TEST_COMMENT, TEST_DESCRIPTION, CALC_GP_IND, CALC_TEST_RESULT_CD, CALC_SPAN_VALUE, LAST_UPDATED, UPDATED_STATUS_FLG, NEEDS_EVAL_FLG, CHK_SESSION_ID, USERID, ADD_DATE, UPDATE_DATE ) values ( 'TWCORNEL5-C88EE3129DCA4BE7BAA5605C73FEDCFA', '11', 'LINE', '20210215114848NX1L', NULL, 'TWCORNEL5-8A5F84F444B8419DA6780BD08B041C3C', 0, 'DIAG', 'PASSED', NULL, '2021-02-15', 11, 46, '2021-02-15', 12, 24, 'L', NULL, NULL, NULL, NULL, NULL, 80.000, '2021-12-27 11:49:32', 'Y', 'N', 'CHV-LGIANN-2EB367F692A94AC2B9EE590BDBAA98E0', 'esupport', '2021-04-21 15:51:51', '2022-09-16 16:47:19' ) on conflict (TEST_SUM_ID) do update set MON_LOC_ID = EXCLUDED.MON_LOC_ID, TEST_TYPE_CD = EXCLUDED.TEST_TYPE_CD, TEST_NUM = EXCLUDED.TEST_NUM, MON_SYS_ID = EXCLUDED.MON_SYS_ID, COMPONENT_ID = EXCLUDED.COMPONENT_ID, GP_IND = EXCLUDED.GP_IND, TEST_REASON_CD = EXCLUDED.TEST_REASON_CD, TEST_RESULT_CD = EXCLUDED.TEST_RESULT_CD, RPT_PERIOD_ID = EXCLUDED.RPT_PERIOD_ID, BEGIN_DATE = EXCLUDED.BEGIN_DATE, BEGIN_HOUR = EXCLUDED.BEGIN_HOUR, BEGIN_MIN = EXCLUDED.BEGIN_MIN, END_DATE = EXCLUDED.END_DATE, END_HOUR = EXCLUDED.END_HOUR, END_MIN = EXCLUDED.END_MIN, SPAN_SCALE_CD = EXCLUDED.SPAN_SCALE_CD, INJECTION_PROTOCOL_CD = EXCLUDED.INJECTION_PROTOCOL_CD, TEST_COMMENT = EXCLUDED.TEST_COMMENT, TEST_DESCRIPTION = EXCLUDED.TEST_DESCRIPTION, CALC_GP_IND = EXCLUDED.CALC_GP_IND, CALC_TEST_RESULT_CD = EXCLUDED.CALC_TEST_RESULT_CD, CALC_SPAN_VALUE = EXCLUDED.CALC_SPAN_VALUE, LAST_UPDATED = EXCLUDED.LAST_UPDATED, UPDATED_STATUS_FLG = EXCLUDED.UPDATED_STATUS_FLG, NEEDS_EVAL_FLG = EXCLUDED.NEEDS_EVAL_FLG, CHK_SESSION_ID = EXCLUDED.CHK_SESSION_ID, USERID = EXCLUDED.USERID, ADD_DATE = EXCLUDED.ADD_DATE, UPDATE_DATE = EXCLUDED.UPDATE_DATE;
/* ORIS:      3    Location: 5         Test Type: LINE       Test Num: 20210215114848NX1L    SQL Ord:    3 */ insert into camdecmpswks.LINEARITY_SUMMARY ( LIN_SUM_ID, TEST_SUM_ID, MEAN_REF_VALUE, MEAN_MEASURED_VALUE, PERCENT_ERROR, APS_IND, GAS_LEVEL_CD, CALC_MEAN_REF_VALUE, CALC_MEAN_MEASURED_VALUE, CALC_PERCENT_ERROR, CALC_APS_IND, USERID, ADD_DATE, UPDATE_DATE ) values ( 'TWCORNEL5-4C936C8D825347F39264A8E2098259CC', 'TWCORNEL5-C88EE3129DCA4BE7BAA5605C73FEDCFA', 77.270, 76.467, 1.0, 0, 'HIGH', 77.270, 76.467, 1.0, 0, 'esupport', '2021-04-21 15:51:51', '2022-09-16 16:47:19' ) on conflict (LIN_SUM_ID) do update set TEST_SUM_ID = EXCLUDED.TEST_SUM_ID, MEAN_REF_VALUE = EXCLUDED.MEAN_REF_VALUE, MEAN_MEASURED_VALUE = EXCLUDED.MEAN_MEASURED_VALUE, PERCENT_ERROR = EXCLUDED.PERCENT_ERROR, APS_IND = EXCLUDED.APS_IND, GAS_LEVEL_CD = EXCLUDED.GAS_LEVEL_CD, CALC_MEAN_REF_VALUE = EXCLUDED.CALC_MEAN_REF_VALUE, CALC_MEAN_MEASURED_VALUE = EXCLUDED.CALC_MEAN_MEASURED_VALUE, CALC_PERCENT_ERROR = EXCLUDED.CALC_PERCENT_ERROR, CALC_APS_IND = EXCLUDED.CALC_APS_IND, USERID = EXCLUDED.USERID, ADD_DATE = EXCLUDED.ADD_DATE, UPDATE_DATE = EXCLUDED.UPDATE_DATE;
/* ORIS:      3    Location: 5         Test Type: LINE       Test Num: 20210215114848NX1L    SQL Ord:    3 */ insert into camdecmpswks.LINEARITY_SUMMARY ( LIN_SUM_ID, TEST_SUM_ID, MEAN_REF_VALUE, MEAN_MEASURED_VALUE, PERCENT_ERROR, APS_IND, GAS_LEVEL_CD, CALC_MEAN_REF_VALUE, CALC_MEAN_MEASURED_VALUE, CALC_PERCENT_ERROR, CALC_APS_IND, USERID, ADD_DATE, UPDATE_DATE ) values ( 'TWCORNEL5-62449BE9D57D439F87CE1407F83F16CD', 'TWCORNEL5-C88EE3129DCA4BE7BAA5605C73FEDCFA', 42.820, 43.267, 1.0, 0, 'MID', 42.820, 43.267, 1.0, 0, 'esupport', '2021-04-21 15:51:51', '2022-09-16 16:47:19' ) on conflict (LIN_SUM_ID) do update set TEST_SUM_ID = EXCLUDED.TEST_SUM_ID, MEAN_REF_VALUE = EXCLUDED.MEAN_REF_VALUE, MEAN_MEASURED_VALUE = EXCLUDED.MEAN_MEASURED_VALUE, PERCENT_ERROR = EXCLUDED.PERCENT_ERROR, APS_IND = EXCLUDED.APS_IND, GAS_LEVEL_CD = EXCLUDED.GAS_LEVEL_CD, CALC_MEAN_REF_VALUE = EXCLUDED.CALC_MEAN_REF_VALUE, CALC_MEAN_MEASURED_VALUE = EXCLUDED.CALC_MEAN_MEASURED_VALUE, CALC_PERCENT_ERROR = EXCLUDED.CALC_PERCENT_ERROR, CALC_APS_IND = EXCLUDED.CALC_APS_IND, USERID = EXCLUDED.USERID, ADD_DATE = EXCLUDED.ADD_DATE, UPDATE_DATE = EXCLUDED.UPDATE_DATE;
/* ORIS:      3    Location: 5         Test Type: LINE       Test Num: 20210215114848NX1L    SQL Ord:    3 */ insert into camdecmpswks.LINEARITY_SUMMARY ( LIN_SUM_ID, TEST_SUM_ID, MEAN_REF_VALUE, MEAN_MEASURED_VALUE, PERCENT_ERROR, APS_IND, GAS_LEVEL_CD, CALC_MEAN_REF_VALUE, CALC_MEAN_MEASURED_VALUE, CALC_PERCENT_ERROR, CALC_APS_IND, USERID, ADD_DATE, UPDATE_DATE ) values ( 'TWCORNEL5-70B5CB2CD079480FA6558BD19C4D6987', 'TWCORNEL5-C88EE3129DCA4BE7BAA5605C73FEDCFA', 19.880, 20.000, 0.6, 0, 'LOW', NULL, NULL, NULL, NULL, 'esupport', '2021-04-21 15:51:51', '2022-09-16 16:47:19' ) on conflict (LIN_SUM_ID) do update set TEST_SUM_ID = EXCLUDED.TEST_SUM_ID, MEAN_REF_VALUE = EXCLUDED.MEAN_REF_VALUE, MEAN_MEASURED_VALUE = EXCLUDED.MEAN_MEASURED_VALUE, PERCENT_ERROR = EXCLUDED.PERCENT_ERROR, APS_IND = EXCLUDED.APS_IND, GAS_LEVEL_CD = EXCLUDED.GAS_LEVEL_CD, CALC_MEAN_REF_VALUE = EXCLUDED.CALC_MEAN_REF_VALUE, CALC_MEAN_MEASURED_VALUE = EXCLUDED.CALC_MEAN_MEASURED_VALUE, CALC_PERCENT_ERROR = EXCLUDED.CALC_PERCENT_ERROR, CALC_APS_IND = EXCLUDED.CALC_APS_IND, USERID = EXCLUDED.USERID, ADD_DATE = EXCLUDED.ADD_DATE, UPDATE_DATE = EXCLUDED.UPDATE_DATE;
/* ORIS:      3    Location: 5         Test Type: LINE       Test Num: 20210215114848NX1L    SQL Ord:    4 */ insert into camdecmpswks.LINEARITY_INJECTION ( LIN_INJ_ID, LIN_SUM_ID, INJECTION_DATE, INJECTION_HOUR, INJECTION_MIN, MEASURED_VALUE, REF_VALUE, USERID, ADD_DATE, UPDATE_DATE ) values ( 'TWCORNEL5-1955E508A4DE4401A0643357DD2DDDC4', 'TWCORNEL5-70B5CB2CD079480FA6558BD19C4D6987', '2021-02-15', 11, 46, 20.000, -1.000, 'esupport', '2021-04-21 15:51:51', '2021-12-27 11:49:32' ) on conflict (LIN_INJ_ID) do update set LIN_SUM_ID = EXCLUDED.LIN_SUM_ID, INJECTION_DATE = EXCLUDED.INJECTION_DATE, INJECTION_HOUR = EXCLUDED.INJECTION_HOUR, INJECTION_MIN = EXCLUDED.INJECTION_MIN, MEASURED_VALUE = EXCLUDED.MEASURED_VALUE, REF_VALUE = EXCLUDED.REF_VALUE, USERID = EXCLUDED.USERID, ADD_DATE = EXCLUDED.ADD_DATE, UPDATE_DATE = EXCLUDED.UPDATE_DATE;
/* ORIS:      3    Location: 5         Test Type: LINE       Test Num: 20210215114848NX1L    SQL Ord:    4 */ insert into camdecmpswks.LINEARITY_INJECTION ( LIN_INJ_ID, LIN_SUM_ID, INJECTION_DATE, INJECTION_HOUR, INJECTION_MIN, MEASURED_VALUE, REF_VALUE, USERID, ADD_DATE, UPDATE_DATE ) values ( 'TWCORNEL5-51FA3F1820094FEA8D22BBC796BEAF54', 'TWCORNEL5-62449BE9D57D439F87CE1407F83F16CD', '2021-02-15', 11, 49, 43.000, 42.820, 'bvick', '2021-04-21 15:51:51', NULL ) on conflict (LIN_INJ_ID) do update set LIN_SUM_ID = EXCLUDED.LIN_SUM_ID, INJECTION_DATE = EXCLUDED.INJECTION_DATE, INJECTION_HOUR = EXCLUDED.INJECTION_HOUR, INJECTION_MIN = EXCLUDED.INJECTION_MIN, MEASURED_VALUE = EXCLUDED.MEASURED_VALUE, REF_VALUE = EXCLUDED.REF_VALUE, USERID = EXCLUDED.USERID, ADD_DATE = EXCLUDED.ADD_DATE, UPDATE_DATE = EXCLUDED.UPDATE_DATE;
/* ORIS:      3    Location: 5         Test Type: LINE       Test Num: 20210215114848NX1L    SQL Ord:    4 */ insert into camdecmpswks.LINEARITY_INJECTION ( LIN_INJ_ID, LIN_SUM_ID, INJECTION_DATE, INJECTION_HOUR, INJECTION_MIN, MEASURED_VALUE, REF_VALUE, USERID, ADD_DATE, UPDATE_DATE ) values ( 'TWCORNEL5-655BCC00F6C1402E9275B025B90E4A81', 'TWCORNEL5-62449BE9D57D439F87CE1407F83F16CD', '2021-02-15', 12, 18, 43.500, 42.820, 'bvick', '2021-04-21 15:51:51', NULL ) on conflict (LIN_INJ_ID) do update set LIN_SUM_ID = EXCLUDED.LIN_SUM_ID, INJECTION_DATE = EXCLUDED.INJECTION_DATE, INJECTION_HOUR = EXCLUDED.INJECTION_HOUR, INJECTION_MIN = EXCLUDED.INJECTION_MIN, MEASURED_VALUE = EXCLUDED.MEASURED_VALUE, REF_VALUE = EXCLUDED.REF_VALUE, USERID = EXCLUDED.USERID, ADD_DATE = EXCLUDED.ADD_DATE, UPDATE_DATE = EXCLUDED.UPDATE_DATE;
/* ORIS:      3    Location: 5         Test Type: LINE       Test Num: 20210215114848NX1L    SQL Ord:    4 */ insert into camdecmpswks.LINEARITY_INJECTION ( LIN_INJ_ID, LIN_SUM_ID, INJECTION_DATE, INJECTION_HOUR, INJECTION_MIN, MEASURED_VALUE, REF_VALUE, USERID, ADD_DATE, UPDATE_DATE ) values ( 'TWCORNEL5-70727CE79E79443CB59640036D920BAB', 'TWCORNEL5-4C936C8D825347F39264A8E2098259CC', '2021-02-15', 12, 7, 76.300, 77.270, 'bvick', '2021-04-21 15:51:51', NULL ) on conflict (LIN_INJ_ID) do update set LIN_SUM_ID = EXCLUDED.LIN_SUM_ID, INJECTION_DATE = EXCLUDED.INJECTION_DATE, INJECTION_HOUR = EXCLUDED.INJECTION_HOUR, INJECTION_MIN = EXCLUDED.INJECTION_MIN, MEASURED_VALUE = EXCLUDED.MEASURED_VALUE, REF_VALUE = EXCLUDED.REF_VALUE, USERID = EXCLUDED.USERID, ADD_DATE = EXCLUDED.ADD_DATE, UPDATE_DATE = EXCLUDED.UPDATE_DATE;
/* ORIS:      3    Location: 5         Test Type: LINE       Test Num: 20210215114848NX1L    SQL Ord:    4 */ insert into camdecmpswks.LINEARITY_INJECTION ( LIN_INJ_ID, LIN_SUM_ID, INJECTION_DATE, INJECTION_HOUR, INJECTION_MIN, MEASURED_VALUE, REF_VALUE, USERID, ADD_DATE, UPDATE_DATE ) values ( 'TWCORNEL5-82205C67412242B69D2BB413928C2C07', 'TWCORNEL5-62449BE9D57D439F87CE1407F83F16CD', '2021-02-15', 12, 4, 43.300, 42.820, 'bvick', '2021-04-21 15:51:51', NULL ) on conflict (LIN_INJ_ID) do update set LIN_SUM_ID = EXCLUDED.LIN_SUM_ID, INJECTION_DATE = EXCLUDED.INJECTION_DATE, INJECTION_HOUR = EXCLUDED.INJECTION_HOUR, INJECTION_MIN = EXCLUDED.INJECTION_MIN, MEASURED_VALUE = EXCLUDED.MEASURED_VALUE, REF_VALUE = EXCLUDED.REF_VALUE, USERID = EXCLUDED.USERID, ADD_DATE = EXCLUDED.ADD_DATE, UPDATE_DATE = EXCLUDED.UPDATE_DATE;
/* ORIS:      3    Location: 5         Test Type: LINE       Test Num: 20210215114848NX1L    SQL Ord:    4 */ insert into camdecmpswks.LINEARITY_INJECTION ( LIN_INJ_ID, LIN_SUM_ID, INJECTION_DATE, INJECTION_HOUR, INJECTION_MIN, MEASURED_VALUE, REF_VALUE, USERID, ADD_DATE, UPDATE_DATE ) values ( 'TWCORNEL5-917E82AC47E94C64A50C4E67BC3D4042', 'TWCORNEL5-70B5CB2CD079480FA6558BD19C4D6987', '2021-02-15', 11, 59, 20.000, 19.880, 'bvick', '2021-04-21 15:51:51', NULL ) on conflict (LIN_INJ_ID) do update set LIN_SUM_ID = EXCLUDED.LIN_SUM_ID, INJECTION_DATE = EXCLUDED.INJECTION_DATE, INJECTION_HOUR = EXCLUDED.INJECTION_HOUR, INJECTION_MIN = EXCLUDED.INJECTION_MIN, MEASURED_VALUE = EXCLUDED.MEASURED_VALUE, REF_VALUE = EXCLUDED.REF_VALUE, USERID = EXCLUDED.USERID, ADD_DATE = EXCLUDED.ADD_DATE, UPDATE_DATE = EXCLUDED.UPDATE_DATE;
/* ORIS:      3    Location: 5         Test Type: LINE       Test Num: 20210215114848NX1L    SQL Ord:    4 */ insert into camdecmpswks.LINEARITY_INJECTION ( LIN_INJ_ID, LIN_SUM_ID, INJECTION_DATE, INJECTION_HOUR, INJECTION_MIN, MEASURED_VALUE, REF_VALUE, USERID, ADD_DATE, UPDATE_DATE ) values ( 'TWCORNEL5-CB7648FA3C2F462096F850E80F6A2B9F', 'TWCORNEL5-70B5CB2CD079480FA6558BD19C4D6987', '2021-02-15', 12, 12, 20.000, 19.880, 'bvick', '2021-04-21 15:51:51', NULL ) on conflict (LIN_INJ_ID) do update set LIN_SUM_ID = EXCLUDED.LIN_SUM_ID, INJECTION_DATE = EXCLUDED.INJECTION_DATE, INJECTION_HOUR = EXCLUDED.INJECTION_HOUR, INJECTION_MIN = EXCLUDED.INJECTION_MIN, MEASURED_VALUE = EXCLUDED.MEASURED_VALUE, REF_VALUE = EXCLUDED.REF_VALUE, USERID = EXCLUDED.USERID, ADD_DATE = EXCLUDED.ADD_DATE, UPDATE_DATE = EXCLUDED.UPDATE_DATE;
/* ORIS:      3    Location: 5         Test Type: LINE       Test Num: 20210215114848NX1L    SQL Ord:    4 */ insert into camdecmpswks.LINEARITY_INJECTION ( LIN_INJ_ID, LIN_SUM_ID, INJECTION_DATE, INJECTION_HOUR, INJECTION_MIN, MEASURED_VALUE, REF_VALUE, USERID, ADD_DATE, UPDATE_DATE ) values ( 'TWCORNEL5-E9BD8873ACF74281B85813F7E22F07F8', 'TWCORNEL5-4C936C8D825347F39264A8E2098259CC', '2021-02-15', 12, 24, 76.800, 77.270, 'bvick', '2021-04-21 15:51:51', NULL ) on conflict (LIN_INJ_ID) do update set LIN_SUM_ID = EXCLUDED.LIN_SUM_ID, INJECTION_DATE = EXCLUDED.INJECTION_DATE, INJECTION_HOUR = EXCLUDED.INJECTION_HOUR, INJECTION_MIN = EXCLUDED.INJECTION_MIN, MEASURED_VALUE = EXCLUDED.MEASURED_VALUE, REF_VALUE = EXCLUDED.REF_VALUE, USERID = EXCLUDED.USERID, ADD_DATE = EXCLUDED.ADD_DATE, UPDATE_DATE = EXCLUDED.UPDATE_DATE;
/* ORIS:      3    Location: 5         Test Type: LINE       Test Num: 20210215114848NX1L    SQL Ord:    4 */ insert into camdecmpswks.LINEARITY_INJECTION ( LIN_INJ_ID, LIN_SUM_ID, INJECTION_DATE, INJECTION_HOUR, INJECTION_MIN, MEASURED_VALUE, REF_VALUE, USERID, ADD_DATE, UPDATE_DATE ) values ( 'TWCORNEL5-F31A6EDF2A3F4015AF0329D38BE8EAF3', 'TWCORNEL5-4C936C8D825347F39264A8E2098259CC', '2021-02-15', 11, 54, 76.300, 77.270, 'bvick', '2021-04-21 15:51:51', NULL ) on conflict (LIN_INJ_ID) do update set LIN_SUM_ID = EXCLUDED.LIN_SUM_ID, INJECTION_DATE = EXCLUDED.INJECTION_DATE, INJECTION_HOUR = EXCLUDED.INJECTION_HOUR, INJECTION_MIN = EXCLUDED.INJECTION_MIN, MEASURED_VALUE = EXCLUDED.MEASURED_VALUE, REF_VALUE = EXCLUDED.REF_VALUE, USERID = EXCLUDED.USERID, ADD_DATE = EXCLUDED.ADD_DATE, UPDATE_DATE = EXCLUDED.UPDATE_DATE;
/* ORIS:      3    Location: 5         Test Type: LINE       Test Num: 20210215114848NX1L    SQL Ord:    5 */ insert into camdecmpswks.PROTOCOL_GAS ( PROTOCOL_GAS_ID, TEST_SUM_ID, GAS_LEVEL_CD, GAS_TYPE_CD, VENDOR_ID, CYLINDER_ID, EXPIRATION_DATE, USERID, ADD_DATE, UPDATE_DATE ) values ( 'TWCORNEL5-1320301256A244719C95FA8225675108', 'TWCORNEL5-C88EE3129DCA4BE7BAA5605C73FEDCFA', 'MID', 'NO,NOX,SO2,BALN', 'B22019', 'CC720626', '2022-05-28', 'bvick', '2021-04-21 15:51:51', NULL ) on conflict (PROTOCOL_GAS_ID) do update set TEST_SUM_ID = EXCLUDED.TEST_SUM_ID, GAS_LEVEL_CD = EXCLUDED.GAS_LEVEL_CD, GAS_TYPE_CD = EXCLUDED.GAS_TYPE_CD, VENDOR_ID = EXCLUDED.VENDOR_ID, CYLINDER_ID = EXCLUDED.CYLINDER_ID, EXPIRATION_DATE = EXCLUDED.EXPIRATION_DATE, USERID = EXCLUDED.USERID, ADD_DATE = EXCLUDED.ADD_DATE, UPDATE_DATE = EXCLUDED.UPDATE_DATE;
/* ORIS:      3    Location: 5         Test Type: LINE       Test Num: 20210215114848NX1L    SQL Ord:    5 */ insert into camdecmpswks.PROTOCOL_GAS ( PROTOCOL_GAS_ID, TEST_SUM_ID, GAS_LEVEL_CD, GAS_TYPE_CD, VENDOR_ID, CYLINDER_ID, EXPIRATION_DATE, USERID, ADD_DATE, UPDATE_DATE ) values ( 'TWCORNEL5-2CF0443A70674535A3EC220A1A01CA5F', 'TWCORNEL5-C88EE3129DCA4BE7BAA5605C73FEDCFA', 'LOW', 'NO,NOX,SO2,BALN', 'B22019', 'AAL071604', '2022-07-26', 'bvick', '2021-04-21 15:51:51', NULL ) on conflict (PROTOCOL_GAS_ID) do update set TEST_SUM_ID = EXCLUDED.TEST_SUM_ID, GAS_LEVEL_CD = EXCLUDED.GAS_LEVEL_CD, GAS_TYPE_CD = EXCLUDED.GAS_TYPE_CD, VENDOR_ID = EXCLUDED.VENDOR_ID, CYLINDER_ID = EXCLUDED.CYLINDER_ID, EXPIRATION_DATE = EXCLUDED.EXPIRATION_DATE, USERID = EXCLUDED.USERID, ADD_DATE = EXCLUDED.ADD_DATE, UPDATE_DATE = EXCLUDED.UPDATE_DATE;
/* ORIS:      3    Location: 5         Test Type: LINE       Test Num: 20210215114848NX1L    SQL Ord:    5 */ insert into camdecmpswks.PROTOCOL_GAS ( PROTOCOL_GAS_ID, TEST_SUM_ID, GAS_LEVEL_CD, GAS_TYPE_CD, VENDOR_ID, CYLINDER_ID, EXPIRATION_DATE, USERID, ADD_DATE, UPDATE_DATE ) values ( 'TWCORNEL5-7FA59A5991454105A9FBAE2348BF94C7', 'TWCORNEL5-C88EE3129DCA4BE7BAA5605C73FEDCFA', 'HIGH', 'CO2,NO,NOX,BALN', 'B22017', 'CC705808', '2021-11-21', 'bvick', '2021-04-21 15:51:51', NULL ) on conflict (PROTOCOL_GAS_ID) do update set TEST_SUM_ID = EXCLUDED.TEST_SUM_ID, GAS_LEVEL_CD = EXCLUDED.GAS_LEVEL_CD, GAS_TYPE_CD = EXCLUDED.GAS_TYPE_CD, VENDOR_ID = EXCLUDED.VENDOR_ID, CYLINDER_ID = EXCLUDED.CYLINDER_ID, EXPIRATION_DATE = EXCLUDED.EXPIRATION_DATE, USERID = EXCLUDED.USERID, ADD_DATE = EXCLUDED.ADD_DATE, UPDATE_DATE = EXCLUDED.UPDATE_DATE;
/* ORIS:      3    Location: 5         Test Type: LINE       Test Num: 20210215114848SD1L    SQL Ord:    1 */ delete from camdecmpswks.TEST_SUMMARY where TEST_SUM_ID = 'TWCORNEL5-758C6371427B4B2F8CEEB4C088F46A97';
/* ORIS:      3    Location: 5         Test Type: LINE       Test Num: 20210215114848SD1L    SQL Ord:    2 */ insert into camdecmpswks.TEST_SUMMARY ( TEST_SUM_ID, MON_LOC_ID, TEST_TYPE_CD, TEST_NUM, MON_SYS_ID, COMPONENT_ID, GP_IND, TEST_REASON_CD, TEST_RESULT_CD, RPT_PERIOD_ID, BEGIN_DATE, BEGIN_HOUR, BEGIN_MIN, END_DATE, END_HOUR, END_MIN, SPAN_SCALE_CD, INJECTION_PROTOCOL_CD, TEST_COMMENT, TEST_DESCRIPTION, CALC_GP_IND, CALC_TEST_RESULT_CD, CALC_SPAN_VALUE, LAST_UPDATED, UPDATED_STATUS_FLG, NEEDS_EVAL_FLG, CHK_SESSION_ID, USERID, ADD_DATE, UPDATE_DATE ) values ( 'TWCORNEL5-758C6371427B4B2F8CEEB4C088F46A97', '11', 'LINE', '20210215114848SD1L', NULL, 'TWCORNEL5-021F190F7A074AB7BDAB9393FDE0A5F6', 0, 'DIAG', 'PASSAPS', NULL, '2021-02-15', 11, 46, '2021-02-15', 12, 24, 'L', NULL, NULL, NULL, NULL, NULL, 10.000, '2021-12-27 11:59:35', 'Y', 'N', 'CHV-LGIANN-2481FA76DF6940A49B4B1F4F66322816', 'esupport', '2021-04-21 15:51:51', '2022-09-16 16:47:22' ) on conflict (TEST_SUM_ID) do update set MON_LOC_ID = EXCLUDED.MON_LOC_ID, TEST_TYPE_CD = EXCLUDED.TEST_TYPE_CD, TEST_NUM = EXCLUDED.TEST_NUM, MON_SYS_ID = EXCLUDED.MON_SYS_ID, COMPONENT_ID = EXCLUDED.COMPONENT_ID, GP_IND = EXCLUDED.GP_IND, TEST_REASON_CD = EXCLUDED.TEST_REASON_CD, TEST_RESULT_CD = EXCLUDED.TEST_RESULT_CD, RPT_PERIOD_ID = EXCLUDED.RPT_PERIOD_ID, BEGIN_DATE = EXCLUDED.BEGIN_DATE, BEGIN_HOUR = EXCLUDED.BEGIN_HOUR, BEGIN_MIN = EXCLUDED.BEGIN_MIN, END_DATE = EXCLUDED.END_DATE, END_HOUR = EXCLUDED.END_HOUR, END_MIN = EXCLUDED.END_MIN, SPAN_SCALE_CD = EXCLUDED.SPAN_SCALE_CD, INJECTION_PROTOCOL_CD = EXCLUDED.INJECTION_PROTOCOL_CD, TEST_COMMENT = EXCLUDED.TEST_COMMENT, TEST_DESCRIPTION = EXCLUDED.TEST_DESCRIPTION, CALC_GP_IND = EXCLUDED.CALC_GP_IND, CALC_TEST_RESULT_CD = EXCLUDED.CALC_TEST_RESULT_CD, CALC_SPAN_VALUE = EXCLUDED.CALC_SPAN_VALUE, LAST_UPDATED = EXCLUDED.LAST_UPDATED, UPDATED_STATUS_FLG = EXCLUDED.UPDATED_STATUS_FLG, NEEDS_EVAL_FLG = EXCLUDED.NEEDS_EVAL_FLG, CHK_SESSION_ID = EXCLUDED.CHK_SESSION_ID, USERID = EXCLUDED.USERID, ADD_DATE = EXCLUDED.ADD_DATE, UPDATE_DATE = EXCLUDED.UPDATE_DATE;
/* ORIS:      3    Location: 5         Test Type: LINE       Test Num: 20210215114848SD1L    SQL Ord:    3 */ insert into camdecmpswks.LINEARITY_SUMMARY ( LIN_SUM_ID, TEST_SUM_ID, MEAN_REF_VALUE, MEAN_MEASURED_VALUE, PERCENT_ERROR, APS_IND, GAS_LEVEL_CD, CALC_MEAN_REF_VALUE, CALC_MEAN_MEASURED_VALUE, CALC_PERCENT_ERROR, CALC_APS_IND, USERID, ADD_DATE, UPDATE_DATE ) values ( 'TWCORNEL5-410194E2B61B48EDB15BE4E1ACBBD959', 'TWCORNEL5-758C6371427B4B2F8CEEB4C088F46A97', 6.000, 2.000, 0.4, 1, 'LOW', 6.000, 2.000, 4.0, 1, 'esupport', '2021-04-21 15:51:51', '2022-09-16 16:47:22' ) on conflict (LIN_SUM_ID) do update set TEST_SUM_ID = EXCLUDED.TEST_SUM_ID, MEAN_REF_VALUE = EXCLUDED.MEAN_REF_VALUE, MEAN_MEASURED_VALUE = EXCLUDED.MEAN_MEASURED_VALUE, PERCENT_ERROR = EXCLUDED.PERCENT_ERROR, APS_IND = EXCLUDED.APS_IND, GAS_LEVEL_CD = EXCLUDED.GAS_LEVEL_CD, CALC_MEAN_REF_VALUE = EXCLUDED.CALC_MEAN_REF_VALUE, CALC_MEAN_MEASURED_VALUE = EXCLUDED.CALC_MEAN_MEASURED_VALUE, CALC_PERCENT_ERROR = EXCLUDED.CALC_PERCENT_ERROR, CALC_APS_IND = EXCLUDED.CALC_APS_IND, USERID = EXCLUDED.USERID, ADD_DATE = EXCLUDED.ADD_DATE, UPDATE_DATE = EXCLUDED.UPDATE_DATE;
/* ORIS:      3    Location: 5         Test Type: LINE       Test Num: 20210215114848SD1L    SQL Ord:    3 */ insert into camdecmpswks.LINEARITY_SUMMARY ( LIN_SUM_ID, TEST_SUM_ID, MEAN_REF_VALUE, MEAN_MEASURED_VALUE, PERCENT_ERROR, APS_IND, GAS_LEVEL_CD, CALC_MEAN_REF_VALUE, CALC_MEAN_MEASURED_VALUE, CALC_PERCENT_ERROR, CALC_APS_IND, USERID, ADD_DATE, UPDATE_DATE ) values ( 'TWCORNEL5-86475139E03249FBB81E8E76521938E0', 'TWCORNEL5-758C6371427B4B2F8CEEB4C088F46A97', 9.160, 8.233, 0.9, 1, 'HIGH', 9.160, 8.233, 1.0, 1, 'esupport', '2021-04-21 15:51:51', '2022-09-16 16:47:22' ) on conflict (LIN_SUM_ID) do update set TEST_SUM_ID = EXCLUDED.TEST_SUM_ID, MEAN_REF_VALUE = EXCLUDED.MEAN_REF_VALUE, MEAN_MEASURED_VALUE = EXCLUDED.MEAN_MEASURED_VALUE, PERCENT_ERROR = EXCLUDED.PERCENT_ERROR, APS_IND = EXCLUDED.APS_IND, GAS_LEVEL_CD = EXCLUDED.GAS_LEVEL_CD, CALC_MEAN_REF_VALUE = EXCLUDED.CALC_MEAN_REF_VALUE, CALC_MEAN_MEASURED_VALUE = EXCLUDED.CALC_MEAN_MEASURED_VALUE, CALC_PERCENT_ERROR = EXCLUDED.CALC_PERCENT_ERROR, CALC_APS_IND = EXCLUDED.CALC_APS_IND, USERID = EXCLUDED.USERID, ADD_DATE = EXCLUDED.ADD_DATE, UPDATE_DATE = EXCLUDED.UPDATE_DATE;
/* ORIS:      3    Location: 5         Test Type: LINE       Test Num: 20210215114848SD1L    SQL Ord:    3 */ insert into camdecmpswks.LINEARITY_SUMMARY ( LIN_SUM_ID, TEST_SUM_ID, MEAN_REF_VALUE, MEAN_MEASURED_VALUE, PERCENT_ERROR, APS_IND, GAS_LEVEL_CD, CALC_MEAN_REF_VALUE, CALC_MEAN_MEASURED_VALUE, CALC_PERCENT_ERROR, CALC_APS_IND, USERID, ADD_DATE, UPDATE_DATE ) values ( 'TWCORNEL5-C27C6C9DB1DF419A8FE97DAC38F63368', 'TWCORNEL5-758C6371427B4B2F8CEEB4C088F46A97', 5.490, 4.633, 0.9, 1, 'MID', 5.490, 4.633, 1.0, 1, 'esupport', '2021-04-21 15:51:51', '2022-09-16 16:47:22' ) on conflict (LIN_SUM_ID) do update set TEST_SUM_ID = EXCLUDED.TEST_SUM_ID, MEAN_REF_VALUE = EXCLUDED.MEAN_REF_VALUE, MEAN_MEASURED_VALUE = EXCLUDED.MEAN_MEASURED_VALUE, PERCENT_ERROR = EXCLUDED.PERCENT_ERROR, APS_IND = EXCLUDED.APS_IND, GAS_LEVEL_CD = EXCLUDED.GAS_LEVEL_CD, CALC_MEAN_REF_VALUE = EXCLUDED.CALC_MEAN_REF_VALUE, CALC_MEAN_MEASURED_VALUE = EXCLUDED.CALC_MEAN_MEASURED_VALUE, CALC_PERCENT_ERROR = EXCLUDED.CALC_PERCENT_ERROR, CALC_APS_IND = EXCLUDED.CALC_APS_IND, USERID = EXCLUDED.USERID, ADD_DATE = EXCLUDED.ADD_DATE, UPDATE_DATE = EXCLUDED.UPDATE_DATE;
/* ORIS:      3    Location: 5         Test Type: LINE       Test Num: 20210215114848SD1L    SQL Ord:    4 */ insert into camdecmpswks.LINEARITY_INJECTION ( LIN_INJ_ID, LIN_SUM_ID, INJECTION_DATE, INJECTION_HOUR, INJECTION_MIN, MEASURED_VALUE, REF_VALUE, USERID, ADD_DATE, UPDATE_DATE ) values ( 'TWCORNEL5-0FE42178AD6844679D1B89C13D0A9A4D', 'TWCORNEL5-410194E2B61B48EDB15BE4E1ACBBD959', '2021-02-15', 11, 46, 2.000, 6.000, 'esupport', '2021-04-21 15:51:51', '2021-12-27 11:58:27' ) on conflict (LIN_INJ_ID) do update set LIN_SUM_ID = EXCLUDED.LIN_SUM_ID, INJECTION_DATE = EXCLUDED.INJECTION_DATE, INJECTION_HOUR = EXCLUDED.INJECTION_HOUR, INJECTION_MIN = EXCLUDED.INJECTION_MIN, MEASURED_VALUE = EXCLUDED.MEASURED_VALUE, REF_VALUE = EXCLUDED.REF_VALUE, USERID = EXCLUDED.USERID, ADD_DATE = EXCLUDED.ADD_DATE, UPDATE_DATE = EXCLUDED.UPDATE_DATE;
/* ORIS:      3    Location: 5         Test Type: LINE       Test Num: 20210215114848SD1L    SQL Ord:    4 */ insert into camdecmpswks.LINEARITY_INJECTION ( LIN_INJ_ID, LIN_SUM_ID, INJECTION_DATE, INJECTION_HOUR, INJECTION_MIN, MEASURED_VALUE, REF_VALUE, USERID, ADD_DATE, UPDATE_DATE ) values ( 'TWCORNEL5-1A66156CD86F4C23A38C17A142737F8F', 'TWCORNEL5-410194E2B61B48EDB15BE4E1ACBBD959', '2021-02-15', 12, 11, 1.800, 6.000, 'esupport', '2021-04-21 15:51:51', '2021-12-27 11:58:32' ) on conflict (LIN_INJ_ID) do update set LIN_SUM_ID = EXCLUDED.LIN_SUM_ID, INJECTION_DATE = EXCLUDED.INJECTION_DATE, INJECTION_HOUR = EXCLUDED.INJECTION_HOUR, INJECTION_MIN = EXCLUDED.INJECTION_MIN, MEASURED_VALUE = EXCLUDED.MEASURED_VALUE, REF_VALUE = EXCLUDED.REF_VALUE, USERID = EXCLUDED.USERID, ADD_DATE = EXCLUDED.ADD_DATE, UPDATE_DATE = EXCLUDED.UPDATE_DATE;
/* ORIS:      3    Location: 5         Test Type: LINE       Test Num: 20210215114848SD1L    SQL Ord:    4 */ insert into camdecmpswks.LINEARITY_INJECTION ( LIN_INJ_ID, LIN_SUM_ID, INJECTION_DATE, INJECTION_HOUR, INJECTION_MIN, MEASURED_VALUE, REF_VALUE, USERID, ADD_DATE, UPDATE_DATE ) values ( 'TWCORNEL5-28BEB8484CF5462584F375CCDD966AC1', 'TWCORNEL5-C27C6C9DB1DF419A8FE97DAC38F63368', '2021-02-15', 11, 49, 4.700, 5.490, 'bvick', '2021-04-21 15:51:51', NULL ) on conflict (LIN_INJ_ID) do update set LIN_SUM_ID = EXCLUDED.LIN_SUM_ID, INJECTION_DATE = EXCLUDED.INJECTION_DATE, INJECTION_HOUR = EXCLUDED.INJECTION_HOUR, INJECTION_MIN = EXCLUDED.INJECTION_MIN, MEASURED_VALUE = EXCLUDED.MEASURED_VALUE, REF_VALUE = EXCLUDED.REF_VALUE, USERID = EXCLUDED.USERID, ADD_DATE = EXCLUDED.ADD_DATE, UPDATE_DATE = EXCLUDED.UPDATE_DATE;
/* ORIS:      3    Location: 5         Test Type: LINE       Test Num: 20210215114848SD1L    SQL Ord:    4 */ insert into camdecmpswks.LINEARITY_INJECTION ( LIN_INJ_ID, LIN_SUM_ID, INJECTION_DATE, INJECTION_HOUR, INJECTION_MIN, MEASURED_VALUE, REF_VALUE, USERID, ADD_DATE, UPDATE_DATE ) values ( 'TWCORNEL5-2D7B3DEB71D54C9CA08E566C99A6928F', 'TWCORNEL5-86475139E03249FBB81E8E76521938E0', '2021-02-15', 11, 54, 8.300, 9.160, 'bvick', '2021-04-21 15:51:51', NULL ) on conflict (LIN_INJ_ID) do update set LIN_SUM_ID = EXCLUDED.LIN_SUM_ID, INJECTION_DATE = EXCLUDED.INJECTION_DATE, INJECTION_HOUR = EXCLUDED.INJECTION_HOUR, INJECTION_MIN = EXCLUDED.INJECTION_MIN, MEASURED_VALUE = EXCLUDED.MEASURED_VALUE, REF_VALUE = EXCLUDED.REF_VALUE, USERID = EXCLUDED.USERID, ADD_DATE = EXCLUDED.ADD_DATE, UPDATE_DATE = EXCLUDED.UPDATE_DATE;
/* ORIS:      3    Location: 5         Test Type: LINE       Test Num: 20210215114848SD1L    SQL Ord:    4 */ insert into camdecmpswks.LINEARITY_INJECTION ( LIN_INJ_ID, LIN_SUM_ID, INJECTION_DATE, INJECTION_HOUR, INJECTION_MIN, MEASURED_VALUE, REF_VALUE, USERID, ADD_DATE, UPDATE_DATE ) values ( 'TWCORNEL5-8FA5BDF5628D455E86D9AAB1C26D1E39', 'TWCORNEL5-C27C6C9DB1DF419A8FE97DAC38F63368', '2021-02-15', 12, 4, 4.500, 5.490, 'bvick', '2021-04-21 15:51:51', NULL ) on conflict (LIN_INJ_ID) do update set LIN_SUM_ID = EXCLUDED.LIN_SUM_ID, INJECTION_DATE = EXCLUDED.INJECTION_DATE, INJECTION_HOUR = EXCLUDED.INJECTION_HOUR, INJECTION_MIN = EXCLUDED.INJECTION_MIN, MEASURED_VALUE = EXCLUDED.MEASURED_VALUE, REF_VALUE = EXCLUDED.REF_VALUE, USERID = EXCLUDED.USERID, ADD_DATE = EXCLUDED.ADD_DATE, UPDATE_DATE = EXCLUDED.UPDATE_DATE;
/* ORIS:      3    Location: 5         Test Type: LINE       Test Num: 20210215114848SD1L    SQL Ord:    4 */ insert into camdecmpswks.LINEARITY_INJECTION ( LIN_INJ_ID, LIN_SUM_ID, INJECTION_DATE, INJECTION_HOUR, INJECTION_MIN, MEASURED_VALUE, REF_VALUE, USERID, ADD_DATE, UPDATE_DATE ) values ( 'TWCORNEL5-AFD6D13ED4A84C03BB7C126F4928AA34', 'TWCORNEL5-86475139E03249FBB81E8E76521938E0', '2021-02-15', 12, 24, 8.200, 9.160, 'bvick', '2021-04-21 15:51:51', NULL ) on conflict (LIN_INJ_ID) do update set LIN_SUM_ID = EXCLUDED.LIN_SUM_ID, INJECTION_DATE = EXCLUDED.INJECTION_DATE, INJECTION_HOUR = EXCLUDED.INJECTION_HOUR, INJECTION_MIN = EXCLUDED.INJECTION_MIN, MEASURED_VALUE = EXCLUDED.MEASURED_VALUE, REF_VALUE = EXCLUDED.REF_VALUE, USERID = EXCLUDED.USERID, ADD_DATE = EXCLUDED.ADD_DATE, UPDATE_DATE = EXCLUDED.UPDATE_DATE;
/* ORIS:      3    Location: 5         Test Type: LINE       Test Num: 20210215114848SD1L    SQL Ord:    4 */ insert into camdecmpswks.LINEARITY_INJECTION ( LIN_INJ_ID, LIN_SUM_ID, INJECTION_DATE, INJECTION_HOUR, INJECTION_MIN, MEASURED_VALUE, REF_VALUE, USERID, ADD_DATE, UPDATE_DATE ) values ( 'TWCORNEL5-C4BFC60CA29D432D99EC7D989AADB6B0', 'TWCORNEL5-C27C6C9DB1DF419A8FE97DAC38F63368', '2021-02-15', 12, 18, 4.700, 5.490, 'bvick', '2021-04-21 15:51:51', NULL ) on conflict (LIN_INJ_ID) do update set LIN_SUM_ID = EXCLUDED.LIN_SUM_ID, INJECTION_DATE = EXCLUDED.INJECTION_DATE, INJECTION_HOUR = EXCLUDED.INJECTION_HOUR, INJECTION_MIN = EXCLUDED.INJECTION_MIN, MEASURED_VALUE = EXCLUDED.MEASURED_VALUE, REF_VALUE = EXCLUDED.REF_VALUE, USERID = EXCLUDED.USERID, ADD_DATE = EXCLUDED.ADD_DATE, UPDATE_DATE = EXCLUDED.UPDATE_DATE;
/* ORIS:      3    Location: 5         Test Type: LINE       Test Num: 20210215114848SD1L    SQL Ord:    4 */ insert into camdecmpswks.LINEARITY_INJECTION ( LIN_INJ_ID, LIN_SUM_ID, INJECTION_DATE, INJECTION_HOUR, INJECTION_MIN, MEASURED_VALUE, REF_VALUE, USERID, ADD_DATE, UPDATE_DATE ) values ( 'TWCORNEL5-FDDC8F60444B4C8DA53AB2A6749AC022', 'TWCORNEL5-86475139E03249FBB81E8E76521938E0', '2021-02-15', 12, 7, 8.200, 9.160, 'bvick', '2021-04-21 15:51:51', NULL ) on conflict (LIN_INJ_ID) do update set LIN_SUM_ID = EXCLUDED.LIN_SUM_ID, INJECTION_DATE = EXCLUDED.INJECTION_DATE, INJECTION_HOUR = EXCLUDED.INJECTION_HOUR, INJECTION_MIN = EXCLUDED.INJECTION_MIN, MEASURED_VALUE = EXCLUDED.MEASURED_VALUE, REF_VALUE = EXCLUDED.REF_VALUE, USERID = EXCLUDED.USERID, ADD_DATE = EXCLUDED.ADD_DATE, UPDATE_DATE = EXCLUDED.UPDATE_DATE;
/* ORIS:      3    Location: 5         Test Type: LINE       Test Num: 20210215114848SD1L    SQL Ord:    4 */ insert into camdecmpswks.LINEARITY_INJECTION ( LIN_INJ_ID, LIN_SUM_ID, INJECTION_DATE, INJECTION_HOUR, INJECTION_MIN, MEASURED_VALUE, REF_VALUE, USERID, ADD_DATE, UPDATE_DATE ) values ( 'TWCORNEL5-FEC1F49C0E7349FDB51C8574A09E872D', 'TWCORNEL5-410194E2B61B48EDB15BE4E1ACBBD959', '2021-02-15', 11, 58, 2.200, 6.000, 'esupport', '2021-04-21 15:51:51', '2021-12-27 11:58:36' ) on conflict (LIN_INJ_ID) do update set LIN_SUM_ID = EXCLUDED.LIN_SUM_ID, INJECTION_DATE = EXCLUDED.INJECTION_DATE, INJECTION_HOUR = EXCLUDED.INJECTION_HOUR, INJECTION_MIN = EXCLUDED.INJECTION_MIN, MEASURED_VALUE = EXCLUDED.MEASURED_VALUE, REF_VALUE = EXCLUDED.REF_VALUE, USERID = EXCLUDED.USERID, ADD_DATE = EXCLUDED.ADD_DATE, UPDATE_DATE = EXCLUDED.UPDATE_DATE;
/* ORIS:      3    Location: 5         Test Type: LINE       Test Num: 20210215114848SD1L    SQL Ord:    5 */ insert into camdecmpswks.PROTOCOL_GAS ( PROTOCOL_GAS_ID, TEST_SUM_ID, GAS_LEVEL_CD, GAS_TYPE_CD, VENDOR_ID, CYLINDER_ID, EXPIRATION_DATE, USERID, ADD_DATE, UPDATE_DATE ) values ( 'TWCORNEL5-0554102A247A40478DABD28631321B61', 'TWCORNEL5-758C6371427B4B2F8CEEB4C088F46A97', 'LOW', 'NO,NOX,SO2,BALN', 'B22019', 'AAL071604', '2022-07-26', 'bvick', '2021-04-21 15:51:51', NULL ) on conflict (PROTOCOL_GAS_ID) do update set TEST_SUM_ID = EXCLUDED.TEST_SUM_ID, GAS_LEVEL_CD = EXCLUDED.GAS_LEVEL_CD, GAS_TYPE_CD = EXCLUDED.GAS_TYPE_CD, VENDOR_ID = EXCLUDED.VENDOR_ID, CYLINDER_ID = EXCLUDED.CYLINDER_ID, EXPIRATION_DATE = EXCLUDED.EXPIRATION_DATE, USERID = EXCLUDED.USERID, ADD_DATE = EXCLUDED.ADD_DATE, UPDATE_DATE = EXCLUDED.UPDATE_DATE;
/* ORIS:      3    Location: 5         Test Type: LINE       Test Num: 20210215114848SD1L    SQL Ord:    5 */ insert into camdecmpswks.PROTOCOL_GAS ( PROTOCOL_GAS_ID, TEST_SUM_ID, GAS_LEVEL_CD, GAS_TYPE_CD, VENDOR_ID, CYLINDER_ID, EXPIRATION_DATE, USERID, ADD_DATE, UPDATE_DATE ) values ( 'TWCORNEL5-415236CDD5044AE2B8E5CB2C616E707E', 'TWCORNEL5-758C6371427B4B2F8CEEB4C088F46A97', 'MID', 'NO,NOX,SO2,BALN', 'B22019', 'CC720626', '2022-05-28', 'bvick', '2021-04-21 15:51:51', NULL ) on conflict (PROTOCOL_GAS_ID) do update set TEST_SUM_ID = EXCLUDED.TEST_SUM_ID, GAS_LEVEL_CD = EXCLUDED.GAS_LEVEL_CD, GAS_TYPE_CD = EXCLUDED.GAS_TYPE_CD, VENDOR_ID = EXCLUDED.VENDOR_ID, CYLINDER_ID = EXCLUDED.CYLINDER_ID, EXPIRATION_DATE = EXCLUDED.EXPIRATION_DATE, USERID = EXCLUDED.USERID, ADD_DATE = EXCLUDED.ADD_DATE, UPDATE_DATE = EXCLUDED.UPDATE_DATE;
/* ORIS:      3    Location: 5         Test Type: LINE       Test Num: 20210215114848SD1L    SQL Ord:    5 */ insert into camdecmpswks.PROTOCOL_GAS ( PROTOCOL_GAS_ID, TEST_SUM_ID, GAS_LEVEL_CD, GAS_TYPE_CD, VENDOR_ID, CYLINDER_ID, EXPIRATION_DATE, USERID, ADD_DATE, UPDATE_DATE ) values ( 'TWCORNEL5-E0148553160445F5806D5ECBA1987710', 'TWCORNEL5-758C6371427B4B2F8CEEB4C088F46A97', 'HIGH', 'NO,NOX,SO2,BALN', 'B22017', 'CC705808', '2021-11-21', 'bvick', '2021-04-21 15:51:51', NULL ) on conflict (PROTOCOL_GAS_ID) do update set TEST_SUM_ID = EXCLUDED.TEST_SUM_ID, GAS_LEVEL_CD = EXCLUDED.GAS_LEVEL_CD, GAS_TYPE_CD = EXCLUDED.GAS_TYPE_CD, VENDOR_ID = EXCLUDED.VENDOR_ID, CYLINDER_ID = EXCLUDED.CYLINDER_ID, EXPIRATION_DATE = EXCLUDED.EXPIRATION_DATE, USERID = EXCLUDED.USERID, ADD_DATE = EXCLUDED.ADD_DATE, UPDATE_DATE = EXCLUDED.UPDATE_DATE;
/* ORIS:      3    Location: 5         Test Type: LINE       Test Num: 20210215122903CD1     SQL Ord:    1 */ delete from camdecmpswks.TEST_SUMMARY where TEST_SUM_ID = 'TWCORNEL5-D29BC215C6444D71BBCAEBE9FD4588D1';
/* ORIS:      3    Location: 5         Test Type: LINE       Test Num: 20210215122903CD1     SQL Ord:    2 */ insert into camdecmpswks.TEST_SUMMARY ( TEST_SUM_ID, MON_LOC_ID, TEST_TYPE_CD, TEST_NUM, MON_SYS_ID, COMPONENT_ID, GP_IND, TEST_REASON_CD, TEST_RESULT_CD, RPT_PERIOD_ID, BEGIN_DATE, BEGIN_HOUR, BEGIN_MIN, END_DATE, END_HOUR, END_MIN, SPAN_SCALE_CD, INJECTION_PROTOCOL_CD, TEST_COMMENT, TEST_DESCRIPTION, CALC_GP_IND, CALC_TEST_RESULT_CD, CALC_SPAN_VALUE, LAST_UPDATED, UPDATED_STATUS_FLG, NEEDS_EVAL_FLG, CHK_SESSION_ID, USERID, ADD_DATE, UPDATE_DATE ) values ( 'TWCORNEL5-D29BC215C6444D71BBCAEBE9FD4588D1', '11', 'LINE', '20210215122903CD1', NULL, 'TWCORNEL5-45FE2C2ACADB4F6B86B1088EAE2DECEE', 0, 'DIAG', 'PASSED', NULL, '2021-02-15', 12, 35, '2021-02-15', 13, 20, 'H', NULL, NULL, NULL, NULL, NULL, 20.000, '2021-12-27 11:53:52', 'Y', 'N', 'CHV-LGIANN-FBA9F58D9F894FF5BEA9D7EEAA23D603', 'esupport', '2021-04-21 15:51:51', '2022-09-16 16:47:24' ) on conflict (TEST_SUM_ID) do update set MON_LOC_ID = EXCLUDED.MON_LOC_ID, TEST_TYPE_CD = EXCLUDED.TEST_TYPE_CD, TEST_NUM = EXCLUDED.TEST_NUM, MON_SYS_ID = EXCLUDED.MON_SYS_ID, COMPONENT_ID = EXCLUDED.COMPONENT_ID, GP_IND = EXCLUDED.GP_IND, TEST_REASON_CD = EXCLUDED.TEST_REASON_CD, TEST_RESULT_CD = EXCLUDED.TEST_RESULT_CD, RPT_PERIOD_ID = EXCLUDED.RPT_PERIOD_ID, BEGIN_DATE = EXCLUDED.BEGIN_DATE, BEGIN_HOUR = EXCLUDED.BEGIN_HOUR, BEGIN_MIN = EXCLUDED.BEGIN_MIN, END_DATE = EXCLUDED.END_DATE, END_HOUR = EXCLUDED.END_HOUR, END_MIN = EXCLUDED.END_MIN, SPAN_SCALE_CD = EXCLUDED.SPAN_SCALE_CD, INJECTION_PROTOCOL_CD = EXCLUDED.INJECTION_PROTOCOL_CD, TEST_COMMENT = EXCLUDED.TEST_COMMENT, TEST_DESCRIPTION = EXCLUDED.TEST_DESCRIPTION, CALC_GP_IND = EXCLUDED.CALC_GP_IND, CALC_TEST_RESULT_CD = EXCLUDED.CALC_TEST_RESULT_CD, CALC_SPAN_VALUE = EXCLUDED.CALC_SPAN_VALUE, LAST_UPDATED = EXCLUDED.LAST_UPDATED, UPDATED_STATUS_FLG = EXCLUDED.UPDATED_STATUS_FLG, NEEDS_EVAL_FLG = EXCLUDED.NEEDS_EVAL_FLG, CHK_SESSION_ID = EXCLUDED.CHK_SESSION_ID, USERID = EXCLUDED.USERID, ADD_DATE = EXCLUDED.ADD_DATE, UPDATE_DATE = EXCLUDED.UPDATE_DATE;
/* ORIS:      3    Location: 5         Test Type: LINE       Test Num: 20210215122903CD1     SQL Ord:    3 */ insert into camdecmpswks.LINEARITY_SUMMARY ( LIN_SUM_ID, TEST_SUM_ID, MEAN_REF_VALUE, MEAN_MEASURED_VALUE, PERCENT_ERROR, APS_IND, GAS_LEVEL_CD, CALC_MEAN_REF_VALUE, CALC_MEAN_MEASURED_VALUE, CALC_PERCENT_ERROR, CALC_APS_IND, USERID, ADD_DATE, UPDATE_DATE ) values ( 'TWCORNEL5-1F680356E75849879D869EA57A5D4DB8', 'TWCORNEL5-D29BC215C6444D71BBCAEBE9FD4588D1', 19.400, 19.433, 0.2, 0, 'HIGH', 19.400, 19.433, 0.2, 0, 'esupport', '2021-04-21 15:51:51', '2022-09-16 16:47:24' ) on conflict (LIN_SUM_ID) do update set TEST_SUM_ID = EXCLUDED.TEST_SUM_ID, MEAN_REF_VALUE = EXCLUDED.MEAN_REF_VALUE, MEAN_MEASURED_VALUE = EXCLUDED.MEAN_MEASURED_VALUE, PERCENT_ERROR = EXCLUDED.PERCENT_ERROR, APS_IND = EXCLUDED.APS_IND, GAS_LEVEL_CD = EXCLUDED.GAS_LEVEL_CD, CALC_MEAN_REF_VALUE = EXCLUDED.CALC_MEAN_REF_VALUE, CALC_MEAN_MEASURED_VALUE = EXCLUDED.CALC_MEAN_MEASURED_VALUE, CALC_PERCENT_ERROR = EXCLUDED.CALC_PERCENT_ERROR, CALC_APS_IND = EXCLUDED.CALC_APS_IND, USERID = EXCLUDED.USERID, ADD_DATE = EXCLUDED.ADD_DATE, UPDATE_DATE = EXCLUDED.UPDATE_DATE;
/* ORIS:      3    Location: 5         Test Type: LINE       Test Num: 20210215122903CD1     SQL Ord:    3 */ insert into camdecmpswks.LINEARITY_SUMMARY ( LIN_SUM_ID, TEST_SUM_ID, MEAN_REF_VALUE, MEAN_MEASURED_VALUE, PERCENT_ERROR, APS_IND, GAS_LEVEL_CD, CALC_MEAN_REF_VALUE, CALC_MEAN_MEASURED_VALUE, CALC_PERCENT_ERROR, CALC_APS_IND, USERID, ADD_DATE, UPDATE_DATE ) values ( 'TWCORNEL5-D68D68887EA24F8C919FF81F3A084B1E', 'TWCORNEL5-D29BC215C6444D71BBCAEBE9FD4588D1', 11.310, 11.600, 2.6, 0, 'MID', 13.207, 11.600, 12.2, 0, 'esupport', '2021-04-21 15:51:51', '2022-09-16 16:47:24' ) on conflict (LIN_SUM_ID) do update set TEST_SUM_ID = EXCLUDED.TEST_SUM_ID, MEAN_REF_VALUE = EXCLUDED.MEAN_REF_VALUE, MEAN_MEASURED_VALUE = EXCLUDED.MEAN_MEASURED_VALUE, PERCENT_ERROR = EXCLUDED.PERCENT_ERROR, APS_IND = EXCLUDED.APS_IND, GAS_LEVEL_CD = EXCLUDED.GAS_LEVEL_CD, CALC_MEAN_REF_VALUE = EXCLUDED.CALC_MEAN_REF_VALUE, CALC_MEAN_MEASURED_VALUE = EXCLUDED.CALC_MEAN_MEASURED_VALUE, CALC_PERCENT_ERROR = EXCLUDED.CALC_PERCENT_ERROR, CALC_APS_IND = EXCLUDED.CALC_APS_IND, USERID = EXCLUDED.USERID, ADD_DATE = EXCLUDED.ADD_DATE, UPDATE_DATE = EXCLUDED.UPDATE_DATE;
/* ORIS:      3    Location: 5         Test Type: LINE       Test Num: 20210215122903CD1     SQL Ord:    3 */ insert into camdecmpswks.LINEARITY_SUMMARY ( LIN_SUM_ID, TEST_SUM_ID, MEAN_REF_VALUE, MEAN_MEASURED_VALUE, PERCENT_ERROR, APS_IND, GAS_LEVEL_CD, CALC_MEAN_REF_VALUE, CALC_MEAN_MEASURED_VALUE, CALC_PERCENT_ERROR, CALC_APS_IND, USERID, ADD_DATE, UPDATE_DATE ) values ( 'TWCORNEL5-DBA0D0A68C48402EA55630CC8C3AAA7B', 'TWCORNEL5-D29BC215C6444D71BBCAEBE9FD4588D1', 5.580, 5.800, 3.9, 0, 'LOW', 5.580, 5.800, 3.9, 0, 'esupport', '2021-04-21 15:51:51', '2022-09-16 16:47:24' ) on conflict (LIN_SUM_ID) do update set TEST_SUM_ID = EXCLUDED.TEST_SUM_ID, MEAN_REF_VALUE = EXCLUDED.MEAN_REF_VALUE, MEAN_MEASURED_VALUE = EXCLUDED.MEAN_MEASURED_VALUE, PERCENT_ERROR = EXCLUDED.PERCENT_ERROR, APS_IND = EXCLUDED.APS_IND, GAS_LEVEL_CD = EXCLUDED.GAS_LEVEL_CD, CALC_MEAN_REF_VALUE = EXCLUDED.CALC_MEAN_REF_VALUE, CALC_MEAN_MEASURED_VALUE = EXCLUDED.CALC_MEAN_MEASURED_VALUE, CALC_PERCENT_ERROR = EXCLUDED.CALC_PERCENT_ERROR, CALC_APS_IND = EXCLUDED.CALC_APS_IND, USERID = EXCLUDED.USERID, ADD_DATE = EXCLUDED.ADD_DATE, UPDATE_DATE = EXCLUDED.UPDATE_DATE;
/* ORIS:      3    Location: 5         Test Type: LINE       Test Num: 20210215122903CD1     SQL Ord:    4 */ insert into camdecmpswks.LINEARITY_INJECTION ( LIN_INJ_ID, LIN_SUM_ID, INJECTION_DATE, INJECTION_HOUR, INJECTION_MIN, MEASURED_VALUE, REF_VALUE, USERID, ADD_DATE, UPDATE_DATE ) values ( 'TWCORNEL5-434283B5A7CB4E9883AB38F42D348260', 'TWCORNEL5-DBA0D0A68C48402EA55630CC8C3AAA7B', '2021-02-15', 12, 35, 5.800, 5.580, 'bvick', '2021-04-21 15:51:51', NULL ) on conflict (LIN_INJ_ID) do update set LIN_SUM_ID = EXCLUDED.LIN_SUM_ID, INJECTION_DATE = EXCLUDED.INJECTION_DATE, INJECTION_HOUR = EXCLUDED.INJECTION_HOUR, INJECTION_MIN = EXCLUDED.INJECTION_MIN, MEASURED_VALUE = EXCLUDED.MEASURED_VALUE, REF_VALUE = EXCLUDED.REF_VALUE, USERID = EXCLUDED.USERID, ADD_DATE = EXCLUDED.ADD_DATE, UPDATE_DATE = EXCLUDED.UPDATE_DATE;
/* ORIS:      3    Location: 5         Test Type: LINE       Test Num: 20210215122903CD1     SQL Ord:    4 */ insert into camdecmpswks.LINEARITY_INJECTION ( LIN_INJ_ID, LIN_SUM_ID, INJECTION_DATE, INJECTION_HOUR, INJECTION_MIN, MEASURED_VALUE, REF_VALUE, USERID, ADD_DATE, UPDATE_DATE ) values ( 'TWCORNEL5-553EA96F7BDA4B079E40F88C284442BF', 'TWCORNEL5-D68D68887EA24F8C919FF81F3A084B1E', '2021-02-15', 12, 57, 11.600, 11.310, 'bvick', '2021-04-21 15:51:51', NULL ) on conflict (LIN_INJ_ID) do update set LIN_SUM_ID = EXCLUDED.LIN_SUM_ID, INJECTION_DATE = EXCLUDED.INJECTION_DATE, INJECTION_HOUR = EXCLUDED.INJECTION_HOUR, INJECTION_MIN = EXCLUDED.INJECTION_MIN, MEASURED_VALUE = EXCLUDED.MEASURED_VALUE, REF_VALUE = EXCLUDED.REF_VALUE, USERID = EXCLUDED.USERID, ADD_DATE = EXCLUDED.ADD_DATE, UPDATE_DATE = EXCLUDED.UPDATE_DATE;
/* ORIS:      3    Location: 5         Test Type: LINE       Test Num: 20210215122903CD1     SQL Ord:    4 */ insert into camdecmpswks.LINEARITY_INJECTION ( LIN_INJ_ID, LIN_SUM_ID, INJECTION_DATE, INJECTION_HOUR, INJECTION_MIN, MEASURED_VALUE, REF_VALUE, USERID, ADD_DATE, UPDATE_DATE ) values ( 'TWCORNEL5-6300D3582D5D4F619A2E29EF4FC2BD74', 'TWCORNEL5-1F680356E75849879D869EA57A5D4DB8', '2021-02-15', 13, 20, 19.400, 19.400, 'bvick', '2021-04-21 15:51:51', NULL ) on conflict (LIN_INJ_ID) do update set LIN_SUM_ID = EXCLUDED.LIN_SUM_ID, INJECTION_DATE = EXCLUDED.INJECTION_DATE, INJECTION_HOUR = EXCLUDED.INJECTION_HOUR, INJECTION_MIN = EXCLUDED.INJECTION_MIN, MEASURED_VALUE = EXCLUDED.MEASURED_VALUE, REF_VALUE = EXCLUDED.REF_VALUE, USERID = EXCLUDED.USERID, ADD_DATE = EXCLUDED.ADD_DATE, UPDATE_DATE = EXCLUDED.UPDATE_DATE;
/* ORIS:      3    Location: 5         Test Type: LINE       Test Num: 20210215122903CD1     SQL Ord:    4 */ insert into camdecmpswks.LINEARITY_INJECTION ( LIN_INJ_ID, LIN_SUM_ID, INJECTION_DATE, INJECTION_HOUR, INJECTION_MIN, MEASURED_VALUE, REF_VALUE, USERID, ADD_DATE, UPDATE_DATE ) values ( 'TWCORNEL5-6AA060D1412D4DCA9FE42471F5F5443F', 'TWCORNEL5-D68D68887EA24F8C919FF81F3A084B1E', '2021-02-15', 13, 15, 11.600, 11.310, 'bvick', '2021-04-21 15:51:51', NULL ) on conflict (LIN_INJ_ID) do update set LIN_SUM_ID = EXCLUDED.LIN_SUM_ID, INJECTION_DATE = EXCLUDED.INJECTION_DATE, INJECTION_HOUR = EXCLUDED.INJECTION_HOUR, INJECTION_MIN = EXCLUDED.INJECTION_MIN, MEASURED_VALUE = EXCLUDED.MEASURED_VALUE, REF_VALUE = EXCLUDED.REF_VALUE, USERID = EXCLUDED.USERID, ADD_DATE = EXCLUDED.ADD_DATE, UPDATE_DATE = EXCLUDED.UPDATE_DATE;
/* ORIS:      3    Location: 5         Test Type: LINE       Test Num: 20210215122903CD1     SQL Ord:    4 */ insert into camdecmpswks.LINEARITY_INJECTION ( LIN_INJ_ID, LIN_SUM_ID, INJECTION_DATE, INJECTION_HOUR, INJECTION_MIN, MEASURED_VALUE, REF_VALUE, USERID, ADD_DATE, UPDATE_DATE ) values ( 'TWCORNEL5-8F71E22CD01B4A69AB6DE6311B9B50F8', 'TWCORNEL5-DBA0D0A68C48402EA55630CC8C3AAA7B', '2021-02-15', 12, 53, 5.800, 5.580, 'bvick', '2021-04-21 15:51:51', NULL ) on conflict (LIN_INJ_ID) do update set LIN_SUM_ID = EXCLUDED.LIN_SUM_ID, INJECTION_DATE = EXCLUDED.INJECTION_DATE, INJECTION_HOUR = EXCLUDED.INJECTION_HOUR, INJECTION_MIN = EXCLUDED.INJECTION_MIN, MEASURED_VALUE = EXCLUDED.MEASURED_VALUE, REF_VALUE = EXCLUDED.REF_VALUE, USERID = EXCLUDED.USERID, ADD_DATE = EXCLUDED.ADD_DATE, UPDATE_DATE = EXCLUDED.UPDATE_DATE;
/* ORIS:      3    Location: 5         Test Type: LINE       Test Num: 20210215122903CD1     SQL Ord:    4 */ insert into camdecmpswks.LINEARITY_INJECTION ( LIN_INJ_ID, LIN_SUM_ID, INJECTION_DATE, INJECTION_HOUR, INJECTION_MIN, MEASURED_VALUE, REF_VALUE, USERID, ADD_DATE, UPDATE_DATE ) values ( 'TWCORNEL5-9AACC88AEA3647CC89769D01B3563524', 'TWCORNEL5-1F680356E75849879D869EA57A5D4DB8', '2021-02-15', 12, 45, 19.500, 19.400, 'bvick', '2021-04-21 15:51:51', NULL ) on conflict (LIN_INJ_ID) do update set LIN_SUM_ID = EXCLUDED.LIN_SUM_ID, INJECTION_DATE = EXCLUDED.INJECTION_DATE, INJECTION_HOUR = EXCLUDED.INJECTION_HOUR, INJECTION_MIN = EXCLUDED.INJECTION_MIN, MEASURED_VALUE = EXCLUDED.MEASURED_VALUE, REF_VALUE = EXCLUDED.REF_VALUE, USERID = EXCLUDED.USERID, ADD_DATE = EXCLUDED.ADD_DATE, UPDATE_DATE = EXCLUDED.UPDATE_DATE;
/* ORIS:      3    Location: 5         Test Type: LINE       Test Num: 20210215122903CD1     SQL Ord:    4 */ insert into camdecmpswks.LINEARITY_INJECTION ( LIN_INJ_ID, LIN_SUM_ID, INJECTION_DATE, INJECTION_HOUR, INJECTION_MIN, MEASURED_VALUE, REF_VALUE, USERID, ADD_DATE, UPDATE_DATE ) values ( 'TWCORNEL5-C458AF55BD4746B9ADD986DCD1B84CE2', 'TWCORNEL5-1F680356E75849879D869EA57A5D4DB8', '2021-02-15', 13, 4, 19.400, 19.400, 'bvick', '2021-04-21 15:51:51', NULL ) on conflict (LIN_INJ_ID) do update set LIN_SUM_ID = EXCLUDED.LIN_SUM_ID, INJECTION_DATE = EXCLUDED.INJECTION_DATE, INJECTION_HOUR = EXCLUDED.INJECTION_HOUR, INJECTION_MIN = EXCLUDED.INJECTION_MIN, MEASURED_VALUE = EXCLUDED.MEASURED_VALUE, REF_VALUE = EXCLUDED.REF_VALUE, USERID = EXCLUDED.USERID, ADD_DATE = EXCLUDED.ADD_DATE, UPDATE_DATE = EXCLUDED.UPDATE_DATE;
/* ORIS:      3    Location: 5         Test Type: LINE       Test Num: 20210215122903CD1     SQL Ord:    4 */ insert into camdecmpswks.LINEARITY_INJECTION ( LIN_INJ_ID, LIN_SUM_ID, INJECTION_DATE, INJECTION_HOUR, INJECTION_MIN, MEASURED_VALUE, REF_VALUE, USERID, ADD_DATE, UPDATE_DATE ) values ( 'TWCORNEL5-EE6A4EC594974CC2AA10DF6459B30036', 'TWCORNEL5-DBA0D0A68C48402EA55630CC8C3AAA7B', '2021-02-15', 13, 8, 5.800, 5.580, 'bvick', '2021-04-21 15:51:51', NULL ) on conflict (LIN_INJ_ID) do update set LIN_SUM_ID = EXCLUDED.LIN_SUM_ID, INJECTION_DATE = EXCLUDED.INJECTION_DATE, INJECTION_HOUR = EXCLUDED.INJECTION_HOUR, INJECTION_MIN = EXCLUDED.INJECTION_MIN, MEASURED_VALUE = EXCLUDED.MEASURED_VALUE, REF_VALUE = EXCLUDED.REF_VALUE, USERID = EXCLUDED.USERID, ADD_DATE = EXCLUDED.ADD_DATE, UPDATE_DATE = EXCLUDED.UPDATE_DATE;
/* ORIS:      3    Location: 5         Test Type: LINE       Test Num: 20210215122903CD1     SQL Ord:    4 */ insert into camdecmpswks.LINEARITY_INJECTION ( LIN_INJ_ID, LIN_SUM_ID, INJECTION_DATE, INJECTION_HOUR, INJECTION_MIN, MEASURED_VALUE, REF_VALUE, USERID, ADD_DATE, UPDATE_DATE ) values ( 'TWCORNEL5-F651E9270A2F4822B2112C2A7984A530', 'TWCORNEL5-D68D68887EA24F8C919FF81F3A084B1E', '2021-02-15', 12, 49, 11.600, 17.000, 'esupport', '2021-04-21 15:51:51', '2021-12-27 11:53:52' ) on conflict (LIN_INJ_ID) do update set LIN_SUM_ID = EXCLUDED.LIN_SUM_ID, INJECTION_DATE = EXCLUDED.INJECTION_DATE, INJECTION_HOUR = EXCLUDED.INJECTION_HOUR, INJECTION_MIN = EXCLUDED.INJECTION_MIN, MEASURED_VALUE = EXCLUDED.MEASURED_VALUE, REF_VALUE = EXCLUDED.REF_VALUE, USERID = EXCLUDED.USERID, ADD_DATE = EXCLUDED.ADD_DATE, UPDATE_DATE = EXCLUDED.UPDATE_DATE;
/* ORIS:      3    Location: 5         Test Type: LINE       Test Num: 20210215122903CD1     SQL Ord:    5 */ insert into camdecmpswks.PROTOCOL_GAS ( PROTOCOL_GAS_ID, TEST_SUM_ID, GAS_LEVEL_CD, GAS_TYPE_CD, VENDOR_ID, CYLINDER_ID, EXPIRATION_DATE, USERID, ADD_DATE, UPDATE_DATE ) values ( 'TWCORNEL5-848C910618544224BAB96B57891B6746', 'TWCORNEL5-D29BC215C6444D71BBCAEBE9FD4588D1', 'MID', 'CO2,NO,NOX,SO2,BALN', 'B22018', 'CC494036', '2026-04-02', 'bvick', '2021-04-21 15:51:51', NULL ) on conflict (PROTOCOL_GAS_ID) do update set TEST_SUM_ID = EXCLUDED.TEST_SUM_ID, GAS_LEVEL_CD = EXCLUDED.GAS_LEVEL_CD, GAS_TYPE_CD = EXCLUDED.GAS_TYPE_CD, VENDOR_ID = EXCLUDED.VENDOR_ID, CYLINDER_ID = EXCLUDED.CYLINDER_ID, EXPIRATION_DATE = EXCLUDED.EXPIRATION_DATE, USERID = EXCLUDED.USERID, ADD_DATE = EXCLUDED.ADD_DATE, UPDATE_DATE = EXCLUDED.UPDATE_DATE;
/* ORIS:      3    Location: 5         Test Type: LINE       Test Num: 20210215122903CD1     SQL Ord:    5 */ insert into camdecmpswks.PROTOCOL_GAS ( PROTOCOL_GAS_ID, TEST_SUM_ID, GAS_LEVEL_CD, GAS_TYPE_CD, VENDOR_ID, CYLINDER_ID, EXPIRATION_DATE, USERID, ADD_DATE, UPDATE_DATE ) values ( 'TWCORNEL5-D2B354CB148145FB84012E3B041CDFEA', 'TWCORNEL5-D29BC215C6444D71BBCAEBE9FD4588D1', 'HIGH', 'CO2,NO,NOX,SO2,BALN', 'B22018', 'XC023684B', '2026-10-09', 'bvick', '2021-04-21 15:51:51', NULL ) on conflict (PROTOCOL_GAS_ID) do update set TEST_SUM_ID = EXCLUDED.TEST_SUM_ID, GAS_LEVEL_CD = EXCLUDED.GAS_LEVEL_CD, GAS_TYPE_CD = EXCLUDED.GAS_TYPE_CD, VENDOR_ID = EXCLUDED.VENDOR_ID, CYLINDER_ID = EXCLUDED.CYLINDER_ID, EXPIRATION_DATE = EXCLUDED.EXPIRATION_DATE, USERID = EXCLUDED.USERID, ADD_DATE = EXCLUDED.ADD_DATE, UPDATE_DATE = EXCLUDED.UPDATE_DATE;
/* ORIS:      3    Location: 5         Test Type: LINE       Test Num: 20210215122903CD1     SQL Ord:    5 */ insert into camdecmpswks.PROTOCOL_GAS ( PROTOCOL_GAS_ID, TEST_SUM_ID, GAS_LEVEL_CD, GAS_TYPE_CD, VENDOR_ID, CYLINDER_ID, EXPIRATION_DATE, USERID, ADD_DATE, UPDATE_DATE ) values ( 'TWCORNEL5-EC97CD1FB93043C99A9BD0CF1FA3A8E3', 'TWCORNEL5-D29BC215C6444D71BBCAEBE9FD4588D1', 'LOW', 'CO2,NO,NOX,SO2,BALN', 'B22018', 'CC122724', '2026-10-09', 'bvick', '2021-04-21 15:51:51', NULL ) on conflict (PROTOCOL_GAS_ID) do update set TEST_SUM_ID = EXCLUDED.TEST_SUM_ID, GAS_LEVEL_CD = EXCLUDED.GAS_LEVEL_CD, GAS_TYPE_CD = EXCLUDED.GAS_TYPE_CD, VENDOR_ID = EXCLUDED.VENDOR_ID, CYLINDER_ID = EXCLUDED.CYLINDER_ID, EXPIRATION_DATE = EXCLUDED.EXPIRATION_DATE, USERID = EXCLUDED.USERID, ADD_DATE = EXCLUDED.ADD_DATE, UPDATE_DATE = EXCLUDED.UPDATE_DATE;
/* ORIS:      3    Location: 5         Test Type: LINE       Test Num: 20210215122903NX1     SQL Ord:    1 */ delete from camdecmpswks.TEST_SUMMARY where TEST_SUM_ID = 'TWCORNEL5-0493C7443B414E12AB066F5C7609C3A2';
/* ORIS:      3    Location: 5         Test Type: LINE       Test Num: 20210215122903NX1     SQL Ord:    2 */ insert into camdecmpswks.TEST_SUMMARY ( TEST_SUM_ID, MON_LOC_ID, TEST_TYPE_CD, TEST_NUM, MON_SYS_ID, COMPONENT_ID, GP_IND, TEST_REASON_CD, TEST_RESULT_CD, RPT_PERIOD_ID, BEGIN_DATE, BEGIN_HOUR, BEGIN_MIN, END_DATE, END_HOUR, END_MIN, SPAN_SCALE_CD, INJECTION_PROTOCOL_CD, TEST_COMMENT, TEST_DESCRIPTION, CALC_GP_IND, CALC_TEST_RESULT_CD, CALC_SPAN_VALUE, LAST_UPDATED, UPDATED_STATUS_FLG, NEEDS_EVAL_FLG, CHK_SESSION_ID, USERID, ADD_DATE, UPDATE_DATE ) values ( 'TWCORNEL5-0493C7443B414E12AB066F5C7609C3A2', '11', 'LINE', '20210215122903NX1', NULL, 'TWCORNEL5-8A5F84F444B8419DA6780BD08B041C3C', 0, 'DIAG', 'PASSED', NULL, '2021-02-15', 12, 35, '2021-02-15', 13, 20, 'H', NULL, NULL, NULL, NULL, NULL, 500.000, '2021-12-27 11:47:26', 'Y', 'N', 'CHV-LGIANN-3E74B2E2D16A41E1A2F20AA85098DEA7', 'esupport', '2021-04-21 15:51:51', '2022-09-16 16:47:26' ) on conflict (TEST_SUM_ID) do update set MON_LOC_ID = EXCLUDED.MON_LOC_ID, TEST_TYPE_CD = EXCLUDED.TEST_TYPE_CD, TEST_NUM = EXCLUDED.TEST_NUM, MON_SYS_ID = EXCLUDED.MON_SYS_ID, COMPONENT_ID = EXCLUDED.COMPONENT_ID, GP_IND = EXCLUDED.GP_IND, TEST_REASON_CD = EXCLUDED.TEST_REASON_CD, TEST_RESULT_CD = EXCLUDED.TEST_RESULT_CD, RPT_PERIOD_ID = EXCLUDED.RPT_PERIOD_ID, BEGIN_DATE = EXCLUDED.BEGIN_DATE, BEGIN_HOUR = EXCLUDED.BEGIN_HOUR, BEGIN_MIN = EXCLUDED.BEGIN_MIN, END_DATE = EXCLUDED.END_DATE, END_HOUR = EXCLUDED.END_HOUR, END_MIN = EXCLUDED.END_MIN, SPAN_SCALE_CD = EXCLUDED.SPAN_SCALE_CD, INJECTION_PROTOCOL_CD = EXCLUDED.INJECTION_PROTOCOL_CD, TEST_COMMENT = EXCLUDED.TEST_COMMENT, TEST_DESCRIPTION = EXCLUDED.TEST_DESCRIPTION, CALC_GP_IND = EXCLUDED.CALC_GP_IND, CALC_TEST_RESULT_CD = EXCLUDED.CALC_TEST_RESULT_CD, CALC_SPAN_VALUE = EXCLUDED.CALC_SPAN_VALUE, LAST_UPDATED = EXCLUDED.LAST_UPDATED, UPDATED_STATUS_FLG = EXCLUDED.UPDATED_STATUS_FLG, NEEDS_EVAL_FLG = EXCLUDED.NEEDS_EVAL_FLG, CHK_SESSION_ID = EXCLUDED.CHK_SESSION_ID, USERID = EXCLUDED.USERID, ADD_DATE = EXCLUDED.ADD_DATE, UPDATE_DATE = EXCLUDED.UPDATE_DATE;
/* ORIS:      3    Location: 5         Test Type: LINE       Test Num: 20210215122903NX1     SQL Ord:    3 */ insert into camdecmpswks.LINEARITY_SUMMARY ( LIN_SUM_ID, TEST_SUM_ID, MEAN_REF_VALUE, MEAN_MEASURED_VALUE, PERCENT_ERROR, APS_IND, GAS_LEVEL_CD, CALC_MEAN_REF_VALUE, CALC_MEAN_MEASURED_VALUE, CALC_PERCENT_ERROR, CALC_APS_IND, USERID, ADD_DATE, UPDATE_DATE ) values ( 'TWCORNEL5-0DC72D690F2F41DEBF4471E3A67AC84D', 'TWCORNEL5-0493C7443B414E12AB066F5C7609C3A2', 475.000, 465.500, 2.0, 0, 'HIGH', 475.000, 465.500, 2.0, 0, 'esupport', '2021-04-21 15:51:51', '2022-09-16 16:47:26' ) on conflict (LIN_SUM_ID) do update set TEST_SUM_ID = EXCLUDED.TEST_SUM_ID, MEAN_REF_VALUE = EXCLUDED.MEAN_REF_VALUE, MEAN_MEASURED_VALUE = EXCLUDED.MEAN_MEASURED_VALUE, PERCENT_ERROR = EXCLUDED.PERCENT_ERROR, APS_IND = EXCLUDED.APS_IND, GAS_LEVEL_CD = EXCLUDED.GAS_LEVEL_CD, CALC_MEAN_REF_VALUE = EXCLUDED.CALC_MEAN_REF_VALUE, CALC_MEAN_MEASURED_VALUE = EXCLUDED.CALC_MEAN_MEASURED_VALUE, CALC_PERCENT_ERROR = EXCLUDED.CALC_PERCENT_ERROR, CALC_APS_IND = EXCLUDED.CALC_APS_IND, USERID = EXCLUDED.USERID, ADD_DATE = EXCLUDED.ADD_DATE, UPDATE_DATE = EXCLUDED.UPDATE_DATE;
/* ORIS:      3    Location: 5         Test Type: LINE       Test Num: 20210215122903NX1     SQL Ord:    3 */ insert into camdecmpswks.LINEARITY_SUMMARY ( LIN_SUM_ID, TEST_SUM_ID, MEAN_REF_VALUE, MEAN_MEASURED_VALUE, PERCENT_ERROR, APS_IND, GAS_LEVEL_CD, CALC_MEAN_REF_VALUE, CALC_MEAN_MEASURED_VALUE, CALC_PERCENT_ERROR, CALC_APS_IND, USERID, ADD_DATE, UPDATE_DATE ) values ( 'TWCORNEL5-869A1BCB49CC433DA1E8CC024119359F', 'TWCORNEL5-0493C7443B414E12AB066F5C7609C3A2', 125.200, 126.867, 1.3, 0, 'LOW', 125.200, 126.867, 1.3, 0, 'esupport', '2021-04-21 15:51:51', '2022-09-16 16:47:26' ) on conflict (LIN_SUM_ID) do update set TEST_SUM_ID = EXCLUDED.TEST_SUM_ID, MEAN_REF_VALUE = EXCLUDED.MEAN_REF_VALUE, MEAN_MEASURED_VALUE = EXCLUDED.MEAN_MEASURED_VALUE, PERCENT_ERROR = EXCLUDED.PERCENT_ERROR, APS_IND = EXCLUDED.APS_IND, GAS_LEVEL_CD = EXCLUDED.GAS_LEVEL_CD, CALC_MEAN_REF_VALUE = EXCLUDED.CALC_MEAN_REF_VALUE, CALC_MEAN_MEASURED_VALUE = EXCLUDED.CALC_MEAN_MEASURED_VALUE, CALC_PERCENT_ERROR = EXCLUDED.CALC_PERCENT_ERROR, CALC_APS_IND = EXCLUDED.CALC_APS_IND, USERID = EXCLUDED.USERID, ADD_DATE = EXCLUDED.ADD_DATE, UPDATE_DATE = EXCLUDED.UPDATE_DATE;
/* ORIS:      3    Location: 5         Test Type: LINE       Test Num: 20210215122903NX1     SQL Ord:    3 */ insert into camdecmpswks.LINEARITY_SUMMARY ( LIN_SUM_ID, TEST_SUM_ID, MEAN_REF_VALUE, MEAN_MEASURED_VALUE, PERCENT_ERROR, APS_IND, GAS_LEVEL_CD, CALC_MEAN_REF_VALUE, CALC_MEAN_MEASURED_VALUE, CALC_PERCENT_ERROR, CALC_APS_IND, USERID, ADD_DATE, UPDATE_DATE ) values ( 'TWCORNEL5-C42B970BF93D4278BFB0688F98D3C702', 'TWCORNEL5-0493C7443B414E12AB066F5C7609C3A2', 262.100, 263.267, 0.5, 0, 'MID', NULL, NULL, NULL, NULL, 'esupport', '2021-04-21 15:51:51', '2022-09-16 16:47:26' ) on conflict (LIN_SUM_ID) do update set TEST_SUM_ID = EXCLUDED.TEST_SUM_ID, MEAN_REF_VALUE = EXCLUDED.MEAN_REF_VALUE, MEAN_MEASURED_VALUE = EXCLUDED.MEAN_MEASURED_VALUE, PERCENT_ERROR = EXCLUDED.PERCENT_ERROR, APS_IND = EXCLUDED.APS_IND, GAS_LEVEL_CD = EXCLUDED.GAS_LEVEL_CD, CALC_MEAN_REF_VALUE = EXCLUDED.CALC_MEAN_REF_VALUE, CALC_MEAN_MEASURED_VALUE = EXCLUDED.CALC_MEAN_MEASURED_VALUE, CALC_PERCENT_ERROR = EXCLUDED.CALC_PERCENT_ERROR, CALC_APS_IND = EXCLUDED.CALC_APS_IND, USERID = EXCLUDED.USERID, ADD_DATE = EXCLUDED.ADD_DATE, UPDATE_DATE = EXCLUDED.UPDATE_DATE;
/* ORIS:      3    Location: 5         Test Type: LINE       Test Num: 20210215122903NX1     SQL Ord:    4 */ insert into camdecmpswks.LINEARITY_INJECTION ( LIN_INJ_ID, LIN_SUM_ID, INJECTION_DATE, INJECTION_HOUR, INJECTION_MIN, MEASURED_VALUE, REF_VALUE, USERID, ADD_DATE, UPDATE_DATE ) values ( 'TWCORNEL5-1BE817CF53A7433FB60172BC27912066', 'TWCORNEL5-C42B970BF93D4278BFB0688F98D3C702', '2021-02-15', 12, 49, NULL, 262.100, 'esupport', '2021-04-21 15:51:51', '2021-12-27 11:47:26' ) on conflict (LIN_INJ_ID) do update set LIN_SUM_ID = EXCLUDED.LIN_SUM_ID, INJECTION_DATE = EXCLUDED.INJECTION_DATE, INJECTION_HOUR = EXCLUDED.INJECTION_HOUR, INJECTION_MIN = EXCLUDED.INJECTION_MIN, MEASURED_VALUE = EXCLUDED.MEASURED_VALUE, REF_VALUE = EXCLUDED.REF_VALUE, USERID = EXCLUDED.USERID, ADD_DATE = EXCLUDED.ADD_DATE, UPDATE_DATE = EXCLUDED.UPDATE_DATE;
/* ORIS:      3    Location: 5         Test Type: LINE       Test Num: 20210215122903NX1     SQL Ord:    4 */ insert into camdecmpswks.LINEARITY_INJECTION ( LIN_INJ_ID, LIN_SUM_ID, INJECTION_DATE, INJECTION_HOUR, INJECTION_MIN, MEASURED_VALUE, REF_VALUE, USERID, ADD_DATE, UPDATE_DATE ) values ( 'TWCORNEL5-374354278FDB4E48BD4EB2E6FF693840', 'TWCORNEL5-C42B970BF93D4278BFB0688F98D3C702', '2021-02-15', 13, 15, 263.000, 262.100, 'bvick', '2021-04-21 15:51:51', NULL ) on conflict (LIN_INJ_ID) do update set LIN_SUM_ID = EXCLUDED.LIN_SUM_ID, INJECTION_DATE = EXCLUDED.INJECTION_DATE, INJECTION_HOUR = EXCLUDED.INJECTION_HOUR, INJECTION_MIN = EXCLUDED.INJECTION_MIN, MEASURED_VALUE = EXCLUDED.MEASURED_VALUE, REF_VALUE = EXCLUDED.REF_VALUE, USERID = EXCLUDED.USERID, ADD_DATE = EXCLUDED.ADD_DATE, UPDATE_DATE = EXCLUDED.UPDATE_DATE;
/* ORIS:      3    Location: 5         Test Type: LINE       Test Num: 20210215122903NX1     SQL Ord:    4 */ insert into camdecmpswks.LINEARITY_INJECTION ( LIN_INJ_ID, LIN_SUM_ID, INJECTION_DATE, INJECTION_HOUR, INJECTION_MIN, MEASURED_VALUE, REF_VALUE, USERID, ADD_DATE, UPDATE_DATE ) values ( 'TWCORNEL5-507F2227B2394C2BB52D0E9933D93039', 'TWCORNEL5-869A1BCB49CC433DA1E8CC024119359F', '2021-02-15', 12, 53, 128.400, 125.200, 'bvick', '2021-04-21 15:51:51', NULL ) on conflict (LIN_INJ_ID) do update set LIN_SUM_ID = EXCLUDED.LIN_SUM_ID, INJECTION_DATE = EXCLUDED.INJECTION_DATE, INJECTION_HOUR = EXCLUDED.INJECTION_HOUR, INJECTION_MIN = EXCLUDED.INJECTION_MIN, MEASURED_VALUE = EXCLUDED.MEASURED_VALUE, REF_VALUE = EXCLUDED.REF_VALUE, USERID = EXCLUDED.USERID, ADD_DATE = EXCLUDED.ADD_DATE, UPDATE_DATE = EXCLUDED.UPDATE_DATE;
/* ORIS:      3    Location: 5         Test Type: LINE       Test Num: 20210215122903NX1     SQL Ord:    4 */ insert into camdecmpswks.LINEARITY_INJECTION ( LIN_INJ_ID, LIN_SUM_ID, INJECTION_DATE, INJECTION_HOUR, INJECTION_MIN, MEASURED_VALUE, REF_VALUE, USERID, ADD_DATE, UPDATE_DATE ) values ( 'TWCORNEL5-680AE1C8DFAD4FDB8A6FBD47ADE70137', 'TWCORNEL5-0DC72D690F2F41DEBF4471E3A67AC84D', '2021-02-15', 13, 4, 464.600, 475.000, 'bvick', '2021-04-21 15:51:51', NULL ) on conflict (LIN_INJ_ID) do update set LIN_SUM_ID = EXCLUDED.LIN_SUM_ID, INJECTION_DATE = EXCLUDED.INJECTION_DATE, INJECTION_HOUR = EXCLUDED.INJECTION_HOUR, INJECTION_MIN = EXCLUDED.INJECTION_MIN, MEASURED_VALUE = EXCLUDED.MEASURED_VALUE, REF_VALUE = EXCLUDED.REF_VALUE, USERID = EXCLUDED.USERID, ADD_DATE = EXCLUDED.ADD_DATE, UPDATE_DATE = EXCLUDED.UPDATE_DATE;
/* ORIS:      3    Location: 5         Test Type: LINE       Test Num: 20210215122903NX1     SQL Ord:    4 */ insert into camdecmpswks.LINEARITY_INJECTION ( LIN_INJ_ID, LIN_SUM_ID, INJECTION_DATE, INJECTION_HOUR, INJECTION_MIN, MEASURED_VALUE, REF_VALUE, USERID, ADD_DATE, UPDATE_DATE ) values ( 'TWCORNEL5-9F7A7856C9BD4C9AB373A91F47B165B7', 'TWCORNEL5-0DC72D690F2F41DEBF4471E3A67AC84D', '2021-02-15', 12, 45, 466.500, 475.000, 'bvick', '2021-04-21 15:51:51', NULL ) on conflict (LIN_INJ_ID) do update set LIN_SUM_ID = EXCLUDED.LIN_SUM_ID, INJECTION_DATE = EXCLUDED.INJECTION_DATE, INJECTION_HOUR = EXCLUDED.INJECTION_HOUR, INJECTION_MIN = EXCLUDED.INJECTION_MIN, MEASURED_VALUE = EXCLUDED.MEASURED_VALUE, REF_VALUE = EXCLUDED.REF_VALUE, USERID = EXCLUDED.USERID, ADD_DATE = EXCLUDED.ADD_DATE, UPDATE_DATE = EXCLUDED.UPDATE_DATE;
/* ORIS:      3    Location: 5         Test Type: LINE       Test Num: 20210215122903NX1     SQL Ord:    4 */ insert into camdecmpswks.LINEARITY_INJECTION ( LIN_INJ_ID, LIN_SUM_ID, INJECTION_DATE, INJECTION_HOUR, INJECTION_MIN, MEASURED_VALUE, REF_VALUE, USERID, ADD_DATE, UPDATE_DATE ) values ( 'TWCORNEL5-AECC59335EF844A1975217B27DCEBC44', 'TWCORNEL5-869A1BCB49CC433DA1E8CC024119359F', '2021-02-15', 13, 8, 128.200, 125.200, 'bvick', '2021-04-21 15:51:51', NULL ) on conflict (LIN_INJ_ID) do update set LIN_SUM_ID = EXCLUDED.LIN_SUM_ID, INJECTION_DATE = EXCLUDED.INJECTION_DATE, INJECTION_HOUR = EXCLUDED.INJECTION_HOUR, INJECTION_MIN = EXCLUDED.INJECTION_MIN, MEASURED_VALUE = EXCLUDED.MEASURED_VALUE, REF_VALUE = EXCLUDED.REF_VALUE, USERID = EXCLUDED.USERID, ADD_DATE = EXCLUDED.ADD_DATE, UPDATE_DATE = EXCLUDED.UPDATE_DATE;
/* ORIS:      3    Location: 5         Test Type: LINE       Test Num: 20210215122903NX1     SQL Ord:    4 */ insert into camdecmpswks.LINEARITY_INJECTION ( LIN_INJ_ID, LIN_SUM_ID, INJECTION_DATE, INJECTION_HOUR, INJECTION_MIN, MEASURED_VALUE, REF_VALUE, USERID, ADD_DATE, UPDATE_DATE ) values ( 'TWCORNEL5-B1C407EA62ED428B92B66A1C7BC599A3', 'TWCORNEL5-C42B970BF93D4278BFB0688F98D3C702', '2021-02-15', 12, 57, 263.100, 262.100, 'bvick', '2021-04-21 15:51:51', NULL ) on conflict (LIN_INJ_ID) do update set LIN_SUM_ID = EXCLUDED.LIN_SUM_ID, INJECTION_DATE = EXCLUDED.INJECTION_DATE, INJECTION_HOUR = EXCLUDED.INJECTION_HOUR, INJECTION_MIN = EXCLUDED.INJECTION_MIN, MEASURED_VALUE = EXCLUDED.MEASURED_VALUE, REF_VALUE = EXCLUDED.REF_VALUE, USERID = EXCLUDED.USERID, ADD_DATE = EXCLUDED.ADD_DATE, UPDATE_DATE = EXCLUDED.UPDATE_DATE;
/* ORIS:      3    Location: 5         Test Type: LINE       Test Num: 20210215122903NX1     SQL Ord:    4 */ insert into camdecmpswks.LINEARITY_INJECTION ( LIN_INJ_ID, LIN_SUM_ID, INJECTION_DATE, INJECTION_HOUR, INJECTION_MIN, MEASURED_VALUE, REF_VALUE, USERID, ADD_DATE, UPDATE_DATE ) values ( 'TWCORNEL5-BF83A437A0414E2591D5AC054AD871EB', 'TWCORNEL5-0DC72D690F2F41DEBF4471E3A67AC84D', '2021-02-15', 13, 20, 465.400, 475.000, 'bvick', '2021-04-21 15:51:51', NULL ) on conflict (LIN_INJ_ID) do update set LIN_SUM_ID = EXCLUDED.LIN_SUM_ID, INJECTION_DATE = EXCLUDED.INJECTION_DATE, INJECTION_HOUR = EXCLUDED.INJECTION_HOUR, INJECTION_MIN = EXCLUDED.INJECTION_MIN, MEASURED_VALUE = EXCLUDED.MEASURED_VALUE, REF_VALUE = EXCLUDED.REF_VALUE, USERID = EXCLUDED.USERID, ADD_DATE = EXCLUDED.ADD_DATE, UPDATE_DATE = EXCLUDED.UPDATE_DATE;
/* ORIS:      3    Location: 5         Test Type: LINE       Test Num: 20210215122903NX1     SQL Ord:    4 */ insert into camdecmpswks.LINEARITY_INJECTION ( LIN_INJ_ID, LIN_SUM_ID, INJECTION_DATE, INJECTION_HOUR, INJECTION_MIN, MEASURED_VALUE, REF_VALUE, USERID, ADD_DATE, UPDATE_DATE ) values ( 'TWCORNEL5-DE553303FBA84E1A9962F2185F3046D1', 'TWCORNEL5-869A1BCB49CC433DA1E8CC024119359F', '2021-02-15', 12, 35, 124.000, 125.200, 'bvick', '2021-04-21 15:51:51', NULL ) on conflict (LIN_INJ_ID) do update set LIN_SUM_ID = EXCLUDED.LIN_SUM_ID, INJECTION_DATE = EXCLUDED.INJECTION_DATE, INJECTION_HOUR = EXCLUDED.INJECTION_HOUR, INJECTION_MIN = EXCLUDED.INJECTION_MIN, MEASURED_VALUE = EXCLUDED.MEASURED_VALUE, REF_VALUE = EXCLUDED.REF_VALUE, USERID = EXCLUDED.USERID, ADD_DATE = EXCLUDED.ADD_DATE, UPDATE_DATE = EXCLUDED.UPDATE_DATE;
/* ORIS:      3    Location: 5         Test Type: LINE       Test Num: 20210215122903NX1     SQL Ord:    5 */ insert into camdecmpswks.PROTOCOL_GAS ( PROTOCOL_GAS_ID, TEST_SUM_ID, GAS_LEVEL_CD, GAS_TYPE_CD, VENDOR_ID, CYLINDER_ID, EXPIRATION_DATE, USERID, ADD_DATE, UPDATE_DATE ) values ( 'TWCORNEL5-0985CD19ACA74DF49DFD525E1FF6EFF1', 'TWCORNEL5-0493C7443B414E12AB066F5C7609C3A2', 'MID', 'CO2,NO,NOX,SO2,BALN', 'B22018', 'CC494036', '2026-04-02', 'bvick', '2021-04-21 15:51:51', NULL ) on conflict (PROTOCOL_GAS_ID) do update set TEST_SUM_ID = EXCLUDED.TEST_SUM_ID, GAS_LEVEL_CD = EXCLUDED.GAS_LEVEL_CD, GAS_TYPE_CD = EXCLUDED.GAS_TYPE_CD, VENDOR_ID = EXCLUDED.VENDOR_ID, CYLINDER_ID = EXCLUDED.CYLINDER_ID, EXPIRATION_DATE = EXCLUDED.EXPIRATION_DATE, USERID = EXCLUDED.USERID, ADD_DATE = EXCLUDED.ADD_DATE, UPDATE_DATE = EXCLUDED.UPDATE_DATE;
/* ORIS:      3    Location: 5         Test Type: LINE       Test Num: 20210215122903NX1     SQL Ord:    5 */ insert into camdecmpswks.PROTOCOL_GAS ( PROTOCOL_GAS_ID, TEST_SUM_ID, GAS_LEVEL_CD, GAS_TYPE_CD, VENDOR_ID, CYLINDER_ID, EXPIRATION_DATE, USERID, ADD_DATE, UPDATE_DATE ) values ( 'TWCORNEL5-82592696D1834E819F80F5E781A0CC06', 'TWCORNEL5-0493C7443B414E12AB066F5C7609C3A2', 'HIGH', 'CO2,NO,NOX,SO2,BALN', 'B22018', 'XC023684B', '2026-10-09', 'bvick', '2021-04-21 15:51:51', NULL ) on conflict (PROTOCOL_GAS_ID) do update set TEST_SUM_ID = EXCLUDED.TEST_SUM_ID, GAS_LEVEL_CD = EXCLUDED.GAS_LEVEL_CD, GAS_TYPE_CD = EXCLUDED.GAS_TYPE_CD, VENDOR_ID = EXCLUDED.VENDOR_ID, CYLINDER_ID = EXCLUDED.CYLINDER_ID, EXPIRATION_DATE = EXCLUDED.EXPIRATION_DATE, USERID = EXCLUDED.USERID, ADD_DATE = EXCLUDED.ADD_DATE, UPDATE_DATE = EXCLUDED.UPDATE_DATE;
/* ORIS:      3    Location: 5         Test Type: LINE       Test Num: 20210215122903NX1     SQL Ord:    5 */ insert into camdecmpswks.PROTOCOL_GAS ( PROTOCOL_GAS_ID, TEST_SUM_ID, GAS_LEVEL_CD, GAS_TYPE_CD, VENDOR_ID, CYLINDER_ID, EXPIRATION_DATE, USERID, ADD_DATE, UPDATE_DATE ) values ( 'TWCORNEL5-D4AE5A0DD2F4494BBE41327A97F755CD', 'TWCORNEL5-0493C7443B414E12AB066F5C7609C3A2', 'LOW', 'CO2,NO,NOX,SO2,BALN', 'B22018', 'CC122724', '2026-10-09', 'bvick', '2021-04-21 15:51:51', NULL ) on conflict (PROTOCOL_GAS_ID) do update set TEST_SUM_ID = EXCLUDED.TEST_SUM_ID, GAS_LEVEL_CD = EXCLUDED.GAS_LEVEL_CD, GAS_TYPE_CD = EXCLUDED.GAS_TYPE_CD, VENDOR_ID = EXCLUDED.VENDOR_ID, CYLINDER_ID = EXCLUDED.CYLINDER_ID, EXPIRATION_DATE = EXCLUDED.EXPIRATION_DATE, USERID = EXCLUDED.USERID, ADD_DATE = EXCLUDED.ADD_DATE, UPDATE_DATE = EXCLUDED.UPDATE_DATE;
/* ORIS:      3    Location: 5         Test Type: LINE       Test Num: 20210215122903SD1     SQL Ord:    1 */ delete from camdecmpswks.TEST_SUMMARY where TEST_SUM_ID = 'TWCORNEL5-B34BA0D5372046BCB6308E99534564A3';
/* ORIS:      3    Location: 5         Test Type: LINE       Test Num: 20210215122903SD1     SQL Ord:    2 */ insert into camdecmpswks.TEST_SUMMARY ( TEST_SUM_ID, MON_LOC_ID, TEST_TYPE_CD, TEST_NUM, MON_SYS_ID, COMPONENT_ID, GP_IND, TEST_REASON_CD, TEST_RESULT_CD, RPT_PERIOD_ID, BEGIN_DATE, BEGIN_HOUR, BEGIN_MIN, END_DATE, END_HOUR, END_MIN, SPAN_SCALE_CD, INJECTION_PROTOCOL_CD, TEST_COMMENT, TEST_DESCRIPTION, CALC_GP_IND, CALC_TEST_RESULT_CD, CALC_SPAN_VALUE, LAST_UPDATED, UPDATED_STATUS_FLG, NEEDS_EVAL_FLG, CHK_SESSION_ID, USERID, ADD_DATE, UPDATE_DATE ) values ( 'TWCORNEL5-B34BA0D5372046BCB6308E99534564A3', '11', 'LINE', '20210215122903SD1', NULL, 'TWCORNEL5-021F190F7A074AB7BDAB9393FDE0A5F6', 0, 'DIAG', 'PASSED', NULL, '2021-02-15', 12, 35, '2021-02-15', 13, 20, 'H', NULL, NULL, NULL, NULL, NULL, 750.000, '2021-12-27 11:45:19', 'Y', 'N', 'CHV-LGIANN-BE846CACF55844DCAFF36470C8C63F3C', 'esupport', '2021-04-21 15:51:52', '2022-09-16 16:47:29' ) on conflict (TEST_SUM_ID) do update set MON_LOC_ID = EXCLUDED.MON_LOC_ID, TEST_TYPE_CD = EXCLUDED.TEST_TYPE_CD, TEST_NUM = EXCLUDED.TEST_NUM, MON_SYS_ID = EXCLUDED.MON_SYS_ID, COMPONENT_ID = EXCLUDED.COMPONENT_ID, GP_IND = EXCLUDED.GP_IND, TEST_REASON_CD = EXCLUDED.TEST_REASON_CD, TEST_RESULT_CD = EXCLUDED.TEST_RESULT_CD, RPT_PERIOD_ID = EXCLUDED.RPT_PERIOD_ID, BEGIN_DATE = EXCLUDED.BEGIN_DATE, BEGIN_HOUR = EXCLUDED.BEGIN_HOUR, BEGIN_MIN = EXCLUDED.BEGIN_MIN, END_DATE = EXCLUDED.END_DATE, END_HOUR = EXCLUDED.END_HOUR, END_MIN = EXCLUDED.END_MIN, SPAN_SCALE_CD = EXCLUDED.SPAN_SCALE_CD, INJECTION_PROTOCOL_CD = EXCLUDED.INJECTION_PROTOCOL_CD, TEST_COMMENT = EXCLUDED.TEST_COMMENT, TEST_DESCRIPTION = EXCLUDED.TEST_DESCRIPTION, CALC_GP_IND = EXCLUDED.CALC_GP_IND, CALC_TEST_RESULT_CD = EXCLUDED.CALC_TEST_RESULT_CD, CALC_SPAN_VALUE = EXCLUDED.CALC_SPAN_VALUE, LAST_UPDATED = EXCLUDED.LAST_UPDATED, UPDATED_STATUS_FLG = EXCLUDED.UPDATED_STATUS_FLG, NEEDS_EVAL_FLG = EXCLUDED.NEEDS_EVAL_FLG, CHK_SESSION_ID = EXCLUDED.CHK_SESSION_ID, USERID = EXCLUDED.USERID, ADD_DATE = EXCLUDED.ADD_DATE, UPDATE_DATE = EXCLUDED.UPDATE_DATE;
/* ORIS:      3    Location: 5         Test Type: LINE       Test Num: 20210215122903SD1     SQL Ord:    3 */ insert into camdecmpswks.LINEARITY_SUMMARY ( LIN_SUM_ID, TEST_SUM_ID, MEAN_REF_VALUE, MEAN_MEASURED_VALUE, PERCENT_ERROR, APS_IND, GAS_LEVEL_CD, CALC_MEAN_REF_VALUE, CALC_MEAN_MEASURED_VALUE, CALC_PERCENT_ERROR, CALC_APS_IND, USERID, ADD_DATE, UPDATE_DATE ) values ( 'TWCORNEL5-320FE00972F64F8CAC80F359DF9723AE', 'TWCORNEL5-B34BA0D5372046BCB6308E99534564A3', 179.700, 178.567, 0.6, 0, 'LOW', 179.700, 178.567, 0.6, 0, 'esupport', '2021-04-21 15:51:52', '2022-09-16 16:47:29' ) on conflict (LIN_SUM_ID) do update set TEST_SUM_ID = EXCLUDED.TEST_SUM_ID, MEAN_REF_VALUE = EXCLUDED.MEAN_REF_VALUE, MEAN_MEASURED_VALUE = EXCLUDED.MEAN_MEASURED_VALUE, PERCENT_ERROR = EXCLUDED.PERCENT_ERROR, APS_IND = EXCLUDED.APS_IND, GAS_LEVEL_CD = EXCLUDED.GAS_LEVEL_CD, CALC_MEAN_REF_VALUE = EXCLUDED.CALC_MEAN_REF_VALUE, CALC_MEAN_MEASURED_VALUE = EXCLUDED.CALC_MEAN_MEASURED_VALUE, CALC_PERCENT_ERROR = EXCLUDED.CALC_PERCENT_ERROR, CALC_APS_IND = EXCLUDED.CALC_APS_IND, USERID = EXCLUDED.USERID, ADD_DATE = EXCLUDED.ADD_DATE, UPDATE_DATE = EXCLUDED.UPDATE_DATE;
/* ORIS:      3    Location: 5         Test Type: LINE       Test Num: 20210215122903SD1     SQL Ord:    3 */ insert into camdecmpswks.LINEARITY_SUMMARY ( LIN_SUM_ID, TEST_SUM_ID, MEAN_REF_VALUE, MEAN_MEASURED_VALUE, PERCENT_ERROR, APS_IND, GAS_LEVEL_CD, CALC_MEAN_REF_VALUE, CALC_MEAN_MEASURED_VALUE, CALC_PERCENT_ERROR, CALC_APS_IND, USERID, ADD_DATE, UPDATE_DATE ) values ( 'TWCORNEL5-A2C78BFE665747E286746C395B4B30EB', 'TWCORNEL5-B34BA0D5372046BCB6308E99534564A3', 404.200, 394.433, 2.4, 0, 'MID', 404.200, 394.433, 2.4, 0, 'esupport', '2021-04-21 15:51:52', '2022-09-16 16:47:29' ) on conflict (LIN_SUM_ID) do update set TEST_SUM_ID = EXCLUDED.TEST_SUM_ID, MEAN_REF_VALUE = EXCLUDED.MEAN_REF_VALUE, MEAN_MEASURED_VALUE = EXCLUDED.MEAN_MEASURED_VALUE, PERCENT_ERROR = EXCLUDED.PERCENT_ERROR, APS_IND = EXCLUDED.APS_IND, GAS_LEVEL_CD = EXCLUDED.GAS_LEVEL_CD, CALC_MEAN_REF_VALUE = EXCLUDED.CALC_MEAN_REF_VALUE, CALC_MEAN_MEASURED_VALUE = EXCLUDED.CALC_MEAN_MEASURED_VALUE, CALC_PERCENT_ERROR = EXCLUDED.CALC_PERCENT_ERROR, CALC_APS_IND = EXCLUDED.CALC_APS_IND, USERID = EXCLUDED.USERID, ADD_DATE = EXCLUDED.ADD_DATE, UPDATE_DATE = EXCLUDED.UPDATE_DATE;
/* ORIS:      3    Location: 5         Test Type: LINE       Test Num: 20210215122903SD1     SQL Ord:    3 */ insert into camdecmpswks.LINEARITY_SUMMARY ( LIN_SUM_ID, TEST_SUM_ID, MEAN_REF_VALUE, MEAN_MEASURED_VALUE, PERCENT_ERROR, APS_IND, GAS_LEVEL_CD, CALC_MEAN_REF_VALUE, CALC_MEAN_MEASURED_VALUE, CALC_PERCENT_ERROR, CALC_APS_IND, USERID, ADD_DATE, UPDATE_DATE ) values ( 'TWCORNEL5-E0ED842E0DAE4CFC92953868A411D7C5', 'TWCORNEL5-B34BA0D5372046BCB6308E99534564A3', 700.500, 673.567, 3.8, 0, 'HIGH', NULL, NULL, NULL, NULL, 'esupport', '2021-04-21 15:51:52', '2022-09-16 16:47:29' ) on conflict (LIN_SUM_ID) do update set TEST_SUM_ID = EXCLUDED.TEST_SUM_ID, MEAN_REF_VALUE = EXCLUDED.MEAN_REF_VALUE, MEAN_MEASURED_VALUE = EXCLUDED.MEAN_MEASURED_VALUE, PERCENT_ERROR = EXCLUDED.PERCENT_ERROR, APS_IND = EXCLUDED.APS_IND, GAS_LEVEL_CD = EXCLUDED.GAS_LEVEL_CD, CALC_MEAN_REF_VALUE = EXCLUDED.CALC_MEAN_REF_VALUE, CALC_MEAN_MEASURED_VALUE = EXCLUDED.CALC_MEAN_MEASURED_VALUE, CALC_PERCENT_ERROR = EXCLUDED.CALC_PERCENT_ERROR, CALC_APS_IND = EXCLUDED.CALC_APS_IND, USERID = EXCLUDED.USERID, ADD_DATE = EXCLUDED.ADD_DATE, UPDATE_DATE = EXCLUDED.UPDATE_DATE;
/* ORIS:      3    Location: 5         Test Type: LINE       Test Num: 20210215122903SD1     SQL Ord:    4 */ insert into camdecmpswks.LINEARITY_INJECTION ( LIN_INJ_ID, LIN_SUM_ID, INJECTION_DATE, INJECTION_HOUR, INJECTION_MIN, MEASURED_VALUE, REF_VALUE, USERID, ADD_DATE, UPDATE_DATE ) values ( 'TWCORNEL5-3ED3011F20EF414281B61A283E24F077', 'TWCORNEL5-A2C78BFE665747E286746C395B4B30EB', '2021-02-15', 12, 57, 393.400, 404.200, 'bvick', '2021-04-21 15:51:52', NULL ) on conflict (LIN_INJ_ID) do update set LIN_SUM_ID = EXCLUDED.LIN_SUM_ID, INJECTION_DATE = EXCLUDED.INJECTION_DATE, INJECTION_HOUR = EXCLUDED.INJECTION_HOUR, INJECTION_MIN = EXCLUDED.INJECTION_MIN, MEASURED_VALUE = EXCLUDED.MEASURED_VALUE, REF_VALUE = EXCLUDED.REF_VALUE, USERID = EXCLUDED.USERID, ADD_DATE = EXCLUDED.ADD_DATE, UPDATE_DATE = EXCLUDED.UPDATE_DATE;
/* ORIS:      3    Location: 5         Test Type: LINE       Test Num: 20210215122903SD1     SQL Ord:    4 */ insert into camdecmpswks.LINEARITY_INJECTION ( LIN_INJ_ID, LIN_SUM_ID, INJECTION_DATE, INJECTION_HOUR, INJECTION_MIN, MEASURED_VALUE, REF_VALUE, USERID, ADD_DATE, UPDATE_DATE ) values ( 'TWCORNEL5-3F4ABE72A147479CA141AB99A5FB1205', 'TWCORNEL5-E0ED842E0DAE4CFC92953868A411D7C5', '2021-02-15', 13, 4, 673.300, 700.500, 'bvick', '2021-04-21 15:51:52', NULL ) on conflict (LIN_INJ_ID) do update set LIN_SUM_ID = EXCLUDED.LIN_SUM_ID, INJECTION_DATE = EXCLUDED.INJECTION_DATE, INJECTION_HOUR = EXCLUDED.INJECTION_HOUR, INJECTION_MIN = EXCLUDED.INJECTION_MIN, MEASURED_VALUE = EXCLUDED.MEASURED_VALUE, REF_VALUE = EXCLUDED.REF_VALUE, USERID = EXCLUDED.USERID, ADD_DATE = EXCLUDED.ADD_DATE, UPDATE_DATE = EXCLUDED.UPDATE_DATE;
/* ORIS:      3    Location: 5         Test Type: LINE       Test Num: 20210215122903SD1     SQL Ord:    4 */ insert into camdecmpswks.LINEARITY_INJECTION ( LIN_INJ_ID, LIN_SUM_ID, INJECTION_DATE, INJECTION_HOUR, INJECTION_MIN, MEASURED_VALUE, REF_VALUE, USERID, ADD_DATE, UPDATE_DATE ) values ( 'TWCORNEL5-86452D41943542948DAEE4DC61696CC0', 'TWCORNEL5-E0ED842E0DAE4CFC92953868A411D7C5', '2021-02-15', 24, 45, 673.300, 700.500, 'esupport', '2021-04-21 15:51:52', '2021-12-27 11:45:19' ) on conflict (LIN_INJ_ID) do update set LIN_SUM_ID = EXCLUDED.LIN_SUM_ID, INJECTION_DATE = EXCLUDED.INJECTION_DATE, INJECTION_HOUR = EXCLUDED.INJECTION_HOUR, INJECTION_MIN = EXCLUDED.INJECTION_MIN, MEASURED_VALUE = EXCLUDED.MEASURED_VALUE, REF_VALUE = EXCLUDED.REF_VALUE, USERID = EXCLUDED.USERID, ADD_DATE = EXCLUDED.ADD_DATE, UPDATE_DATE = EXCLUDED.UPDATE_DATE;
/* ORIS:      3    Location: 5         Test Type: LINE       Test Num: 20210215122903SD1     SQL Ord:    4 */ insert into camdecmpswks.LINEARITY_INJECTION ( LIN_INJ_ID, LIN_SUM_ID, INJECTION_DATE, INJECTION_HOUR, INJECTION_MIN, MEASURED_VALUE, REF_VALUE, USERID, ADD_DATE, UPDATE_DATE ) values ( 'TWCORNEL5-9C8E9583B821460C8384F59232028B8F', 'TWCORNEL5-A2C78BFE665747E286746C395B4B30EB', '2021-02-15', 13, 15, 394.500, 404.200, 'bvick', '2021-04-21 15:51:52', NULL ) on conflict (LIN_INJ_ID) do update set LIN_SUM_ID = EXCLUDED.LIN_SUM_ID, INJECTION_DATE = EXCLUDED.INJECTION_DATE, INJECTION_HOUR = EXCLUDED.INJECTION_HOUR, INJECTION_MIN = EXCLUDED.INJECTION_MIN, MEASURED_VALUE = EXCLUDED.MEASURED_VALUE, REF_VALUE = EXCLUDED.REF_VALUE, USERID = EXCLUDED.USERID, ADD_DATE = EXCLUDED.ADD_DATE, UPDATE_DATE = EXCLUDED.UPDATE_DATE;
/* ORIS:      3    Location: 5         Test Type: LINE       Test Num: 20210215122903SD1     SQL Ord:    4 */ insert into camdecmpswks.LINEARITY_INJECTION ( LIN_INJ_ID, LIN_SUM_ID, INJECTION_DATE, INJECTION_HOUR, INJECTION_MIN, MEASURED_VALUE, REF_VALUE, USERID, ADD_DATE, UPDATE_DATE ) values ( 'TWCORNEL5-C58BC69F612B431490A7011F883442F2', 'TWCORNEL5-320FE00972F64F8CAC80F359DF9723AE', '2021-02-15', 12, 53, 179.200, 179.700, 'bvick', '2021-04-21 15:51:52', NULL ) on conflict (LIN_INJ_ID) do update set LIN_SUM_ID = EXCLUDED.LIN_SUM_ID, INJECTION_DATE = EXCLUDED.INJECTION_DATE, INJECTION_HOUR = EXCLUDED.INJECTION_HOUR, INJECTION_MIN = EXCLUDED.INJECTION_MIN, MEASURED_VALUE = EXCLUDED.MEASURED_VALUE, REF_VALUE = EXCLUDED.REF_VALUE, USERID = EXCLUDED.USERID, ADD_DATE = EXCLUDED.ADD_DATE, UPDATE_DATE = EXCLUDED.UPDATE_DATE;
/* ORIS:      3    Location: 5         Test Type: LINE       Test Num: 20210215122903SD1     SQL Ord:    4 */ insert into camdecmpswks.LINEARITY_INJECTION ( LIN_INJ_ID, LIN_SUM_ID, INJECTION_DATE, INJECTION_HOUR, INJECTION_MIN, MEASURED_VALUE, REF_VALUE, USERID, ADD_DATE, UPDATE_DATE ) values ( 'TWCORNEL5-DED2E782F15C41AB8B2556CAA3BBBB78', 'TWCORNEL5-320FE00972F64F8CAC80F359DF9723AE', '2021-02-15', 13, 8, 179.500, 179.700, 'bvick', '2021-04-21 15:51:52', NULL ) on conflict (LIN_INJ_ID) do update set LIN_SUM_ID = EXCLUDED.LIN_SUM_ID, INJECTION_DATE = EXCLUDED.INJECTION_DATE, INJECTION_HOUR = EXCLUDED.INJECTION_HOUR, INJECTION_MIN = EXCLUDED.INJECTION_MIN, MEASURED_VALUE = EXCLUDED.MEASURED_VALUE, REF_VALUE = EXCLUDED.REF_VALUE, USERID = EXCLUDED.USERID, ADD_DATE = EXCLUDED.ADD_DATE, UPDATE_DATE = EXCLUDED.UPDATE_DATE;
/* ORIS:      3    Location: 5         Test Type: LINE       Test Num: 20210215122903SD1     SQL Ord:    4 */ insert into camdecmpswks.LINEARITY_INJECTION ( LIN_INJ_ID, LIN_SUM_ID, INJECTION_DATE, INJECTION_HOUR, INJECTION_MIN, MEASURED_VALUE, REF_VALUE, USERID, ADD_DATE, UPDATE_DATE ) values ( 'TWCORNEL5-F001EB57289045DEB792E934F605648C', 'TWCORNEL5-A2C78BFE665747E286746C395B4B30EB', '2021-02-15', 12, 49, 395.400, 404.200, 'bvick', '2021-04-21 15:51:52', NULL ) on conflict (LIN_INJ_ID) do update set LIN_SUM_ID = EXCLUDED.LIN_SUM_ID, INJECTION_DATE = EXCLUDED.INJECTION_DATE, INJECTION_HOUR = EXCLUDED.INJECTION_HOUR, INJECTION_MIN = EXCLUDED.INJECTION_MIN, MEASURED_VALUE = EXCLUDED.MEASURED_VALUE, REF_VALUE = EXCLUDED.REF_VALUE, USERID = EXCLUDED.USERID, ADD_DATE = EXCLUDED.ADD_DATE, UPDATE_DATE = EXCLUDED.UPDATE_DATE;
/* ORIS:      3    Location: 5         Test Type: LINE       Test Num: 20210215122903SD1     SQL Ord:    4 */ insert into camdecmpswks.LINEARITY_INJECTION ( LIN_INJ_ID, LIN_SUM_ID, INJECTION_DATE, INJECTION_HOUR, INJECTION_MIN, MEASURED_VALUE, REF_VALUE, USERID, ADD_DATE, UPDATE_DATE ) values ( 'TWCORNEL5-F1796C3AE497443199603D959C2B3D0B', 'TWCORNEL5-320FE00972F64F8CAC80F359DF9723AE', '2021-02-15', 12, 35, 177.000, 179.700, 'bvick', '2021-04-21 15:51:52', NULL ) on conflict (LIN_INJ_ID) do update set LIN_SUM_ID = EXCLUDED.LIN_SUM_ID, INJECTION_DATE = EXCLUDED.INJECTION_DATE, INJECTION_HOUR = EXCLUDED.INJECTION_HOUR, INJECTION_MIN = EXCLUDED.INJECTION_MIN, MEASURED_VALUE = EXCLUDED.MEASURED_VALUE, REF_VALUE = EXCLUDED.REF_VALUE, USERID = EXCLUDED.USERID, ADD_DATE = EXCLUDED.ADD_DATE, UPDATE_DATE = EXCLUDED.UPDATE_DATE;
/* ORIS:      3    Location: 5         Test Type: LINE       Test Num: 20210215122903SD1     SQL Ord:    4 */ insert into camdecmpswks.LINEARITY_INJECTION ( LIN_INJ_ID, LIN_SUM_ID, INJECTION_DATE, INJECTION_HOUR, INJECTION_MIN, MEASURED_VALUE, REF_VALUE, USERID, ADD_DATE, UPDATE_DATE ) values ( 'TWCORNEL5-FD77D878D9B3468D8039BBBEA2BF43C7', 'TWCORNEL5-E0ED842E0DAE4CFC92953868A411D7C5', '2021-02-15', 13, 20, 674.100, 700.500, 'bvick', '2021-04-21 15:51:52', NULL ) on conflict (LIN_INJ_ID) do update set LIN_SUM_ID = EXCLUDED.LIN_SUM_ID, INJECTION_DATE = EXCLUDED.INJECTION_DATE, INJECTION_HOUR = EXCLUDED.INJECTION_HOUR, INJECTION_MIN = EXCLUDED.INJECTION_MIN, MEASURED_VALUE = EXCLUDED.MEASURED_VALUE, REF_VALUE = EXCLUDED.REF_VALUE, USERID = EXCLUDED.USERID, ADD_DATE = EXCLUDED.ADD_DATE, UPDATE_DATE = EXCLUDED.UPDATE_DATE;
/* ORIS:      3    Location: 5         Test Type: LINE       Test Num: 20210215122903SD1     SQL Ord:    5 */ insert into camdecmpswks.PROTOCOL_GAS ( PROTOCOL_GAS_ID, TEST_SUM_ID, GAS_LEVEL_CD, GAS_TYPE_CD, VENDOR_ID, CYLINDER_ID, EXPIRATION_DATE, USERID, ADD_DATE, UPDATE_DATE ) values ( 'TWCORNEL5-653D33D0D3274576900A28FE878FF9F5', 'TWCORNEL5-B34BA0D5372046BCB6308E99534564A3', 'HIGH', 'CO2,NO,NOX,SO2,BALN', 'B22018', 'XC023684B', '2026-10-09', 'bvick', '2021-04-21 15:51:52', NULL ) on conflict (PROTOCOL_GAS_ID) do update set TEST_SUM_ID = EXCLUDED.TEST_SUM_ID, GAS_LEVEL_CD = EXCLUDED.GAS_LEVEL_CD, GAS_TYPE_CD = EXCLUDED.GAS_TYPE_CD, VENDOR_ID = EXCLUDED.VENDOR_ID, CYLINDER_ID = EXCLUDED.CYLINDER_ID, EXPIRATION_DATE = EXCLUDED.EXPIRATION_DATE, USERID = EXCLUDED.USERID, ADD_DATE = EXCLUDED.ADD_DATE, UPDATE_DATE = EXCLUDED.UPDATE_DATE;
/* ORIS:      3    Location: 5         Test Type: LINE       Test Num: 20210215122903SD1     SQL Ord:    5 */ insert into camdecmpswks.PROTOCOL_GAS ( PROTOCOL_GAS_ID, TEST_SUM_ID, GAS_LEVEL_CD, GAS_TYPE_CD, VENDOR_ID, CYLINDER_ID, EXPIRATION_DATE, USERID, ADD_DATE, UPDATE_DATE ) values ( 'TWCORNEL5-D06596884EFC4999A02CABCD2915603C', 'TWCORNEL5-B34BA0D5372046BCB6308E99534564A3', 'LOW', 'CO2,NO,NOX,SO2,BALN', 'B22018', 'CC122724', '2026-10-09', 'bvick', '2021-04-21 15:51:52', NULL ) on conflict (PROTOCOL_GAS_ID) do update set TEST_SUM_ID = EXCLUDED.TEST_SUM_ID, GAS_LEVEL_CD = EXCLUDED.GAS_LEVEL_CD, GAS_TYPE_CD = EXCLUDED.GAS_TYPE_CD, VENDOR_ID = EXCLUDED.VENDOR_ID, CYLINDER_ID = EXCLUDED.CYLINDER_ID, EXPIRATION_DATE = EXCLUDED.EXPIRATION_DATE, USERID = EXCLUDED.USERID, ADD_DATE = EXCLUDED.ADD_DATE, UPDATE_DATE = EXCLUDED.UPDATE_DATE;
/* ORIS:      3    Location: 5         Test Type: LINE       Test Num: 20210215122903SD1     SQL Ord:    5 */ insert into camdecmpswks.PROTOCOL_GAS ( PROTOCOL_GAS_ID, TEST_SUM_ID, GAS_LEVEL_CD, GAS_TYPE_CD, VENDOR_ID, CYLINDER_ID, EXPIRATION_DATE, USERID, ADD_DATE, UPDATE_DATE ) values ( 'TWCORNEL5-DB26CD7B0E2F460B83CBFB6EF2F18924', 'TWCORNEL5-B34BA0D5372046BCB6308E99534564A3', 'MID', 'CO2,NO,NOX,SO2,BALN', 'B22018', 'CC494036', '2026-04-02', 'bvick', '2021-04-21 15:51:52', NULL ) on conflict (PROTOCOL_GAS_ID) do update set TEST_SUM_ID = EXCLUDED.TEST_SUM_ID, GAS_LEVEL_CD = EXCLUDED.GAS_LEVEL_CD, GAS_TYPE_CD = EXCLUDED.GAS_TYPE_CD, VENDOR_ID = EXCLUDED.VENDOR_ID, CYLINDER_ID = EXCLUDED.CYLINDER_ID, EXPIRATION_DATE = EXCLUDED.EXPIRATION_DATE, USERID = EXCLUDED.USERID, ADD_DATE = EXCLUDED.ADD_DATE, UPDATE_DATE = EXCLUDED.UPDATE_DATE;
/* ORIS:      3    Location: 5         Test Type: LINE       Test Num: 20210607133032NX1L    SQL Ord:    1 */ delete from camdecmpswks.TEST_SUMMARY where TEST_SUM_ID = 'TWCORNEL5-19DAB9953BDA4690850CBBC2E78A699A';
/* ORIS:      3    Location: 5         Test Type: LINE       Test Num: 20210607133032NX1L    SQL Ord:    2 */ insert into camdecmpswks.TEST_SUMMARY ( TEST_SUM_ID, MON_LOC_ID, TEST_TYPE_CD, TEST_NUM, MON_SYS_ID, COMPONENT_ID, GP_IND, TEST_REASON_CD, TEST_RESULT_CD, RPT_PERIOD_ID, BEGIN_DATE, BEGIN_HOUR, BEGIN_MIN, END_DATE, END_HOUR, END_MIN, SPAN_SCALE_CD, INJECTION_PROTOCOL_CD, TEST_COMMENT, TEST_DESCRIPTION, CALC_GP_IND, CALC_TEST_RESULT_CD, CALC_SPAN_VALUE, LAST_UPDATED, UPDATED_STATUS_FLG, NEEDS_EVAL_FLG, CHK_SESSION_ID, USERID, ADD_DATE, UPDATE_DATE ) values ( 'TWCORNEL5-19DAB9953BDA4690850CBBC2E78A699A', '11', 'LINE', '20210607133032NX1L', NULL, 'TWCORNEL5-8A5F84F444B8419DA6780BD08B041C3C', 0, 'QA', 'PASSED', NULL, '2021-06-07', 13, 12, '2021-06-07', 13, 53, 'L', NULL, NULL, NULL, NULL, NULL, 80.000, '2021-12-27 11:36:06', 'Y', 'N', 'CHV-LGIANN-5304290C723A4B70843E127BEB5756FD', 'esupport', '2021-07-26 11:18:09', '2022-09-16 16:47:30' ) on conflict (TEST_SUM_ID) do update set MON_LOC_ID = EXCLUDED.MON_LOC_ID, TEST_TYPE_CD = EXCLUDED.TEST_TYPE_CD, TEST_NUM = EXCLUDED.TEST_NUM, MON_SYS_ID = EXCLUDED.MON_SYS_ID, COMPONENT_ID = EXCLUDED.COMPONENT_ID, GP_IND = EXCLUDED.GP_IND, TEST_REASON_CD = EXCLUDED.TEST_REASON_CD, TEST_RESULT_CD = EXCLUDED.TEST_RESULT_CD, RPT_PERIOD_ID = EXCLUDED.RPT_PERIOD_ID, BEGIN_DATE = EXCLUDED.BEGIN_DATE, BEGIN_HOUR = EXCLUDED.BEGIN_HOUR, BEGIN_MIN = EXCLUDED.BEGIN_MIN, END_DATE = EXCLUDED.END_DATE, END_HOUR = EXCLUDED.END_HOUR, END_MIN = EXCLUDED.END_MIN, SPAN_SCALE_CD = EXCLUDED.SPAN_SCALE_CD, INJECTION_PROTOCOL_CD = EXCLUDED.INJECTION_PROTOCOL_CD, TEST_COMMENT = EXCLUDED.TEST_COMMENT, TEST_DESCRIPTION = EXCLUDED.TEST_DESCRIPTION, CALC_GP_IND = EXCLUDED.CALC_GP_IND, CALC_TEST_RESULT_CD = EXCLUDED.CALC_TEST_RESULT_CD, CALC_SPAN_VALUE = EXCLUDED.CALC_SPAN_VALUE, LAST_UPDATED = EXCLUDED.LAST_UPDATED, UPDATED_STATUS_FLG = EXCLUDED.UPDATED_STATUS_FLG, NEEDS_EVAL_FLG = EXCLUDED.NEEDS_EVAL_FLG, CHK_SESSION_ID = EXCLUDED.CHK_SESSION_ID, USERID = EXCLUDED.USERID, ADD_DATE = EXCLUDED.ADD_DATE, UPDATE_DATE = EXCLUDED.UPDATE_DATE;
/* ORIS:      3    Location: 5         Test Type: LINE       Test Num: 20210607133032NX1L    SQL Ord:    3 */ insert into camdecmpswks.LINEARITY_SUMMARY ( LIN_SUM_ID, TEST_SUM_ID, MEAN_REF_VALUE, MEAN_MEASURED_VALUE, PERCENT_ERROR, APS_IND, GAS_LEVEL_CD, CALC_MEAN_REF_VALUE, CALC_MEAN_MEASURED_VALUE, CALC_PERCENT_ERROR, CALC_APS_IND, USERID, ADD_DATE, UPDATE_DATE ) values ( 'TWCORNEL5-7B3C6E26B23142D7A0327717C3382B4A', 'TWCORNEL5-19DAB9953BDA4690850CBBC2E78A699A', 77.270, 76.167, 1.4, 0, 'HIGH', 77.270, 76.167, 1.4, 0, 'esupport', '2021-07-26 11:18:09', '2022-09-16 16:47:30' ) on conflict (LIN_SUM_ID) do update set TEST_SUM_ID = EXCLUDED.TEST_SUM_ID, MEAN_REF_VALUE = EXCLUDED.MEAN_REF_VALUE, MEAN_MEASURED_VALUE = EXCLUDED.MEAN_MEASURED_VALUE, PERCENT_ERROR = EXCLUDED.PERCENT_ERROR, APS_IND = EXCLUDED.APS_IND, GAS_LEVEL_CD = EXCLUDED.GAS_LEVEL_CD, CALC_MEAN_REF_VALUE = EXCLUDED.CALC_MEAN_REF_VALUE, CALC_MEAN_MEASURED_VALUE = EXCLUDED.CALC_MEAN_MEASURED_VALUE, CALC_PERCENT_ERROR = EXCLUDED.CALC_PERCENT_ERROR, CALC_APS_IND = EXCLUDED.CALC_APS_IND, USERID = EXCLUDED.USERID, ADD_DATE = EXCLUDED.ADD_DATE, UPDATE_DATE = EXCLUDED.UPDATE_DATE;
/* ORIS:      3    Location: 5         Test Type: LINE       Test Num: 20210607133032NX1L    SQL Ord:    3 */ insert into camdecmpswks.LINEARITY_SUMMARY ( LIN_SUM_ID, TEST_SUM_ID, MEAN_REF_VALUE, MEAN_MEASURED_VALUE, PERCENT_ERROR, APS_IND, GAS_LEVEL_CD, CALC_MEAN_REF_VALUE, CALC_MEAN_MEASURED_VALUE, CALC_PERCENT_ERROR, CALC_APS_IND, USERID, ADD_DATE, UPDATE_DATE ) values ( 'TWCORNEL5-82FB60A11A58426883DE3C59C765BB27', 'TWCORNEL5-19DAB9953BDA4690850CBBC2E78A699A', -1.000, 43.433, 1.2, 0, 'MID', 43.940, 43.433, 1.2, 0, 'esupport', '2021-07-26 11:18:09', '2022-09-16 16:47:30' ) on conflict (LIN_SUM_ID) do update set TEST_SUM_ID = EXCLUDED.TEST_SUM_ID, MEAN_REF_VALUE = EXCLUDED.MEAN_REF_VALUE, MEAN_MEASURED_VALUE = EXCLUDED.MEAN_MEASURED_VALUE, PERCENT_ERROR = EXCLUDED.PERCENT_ERROR, APS_IND = EXCLUDED.APS_IND, GAS_LEVEL_CD = EXCLUDED.GAS_LEVEL_CD, CALC_MEAN_REF_VALUE = EXCLUDED.CALC_MEAN_REF_VALUE, CALC_MEAN_MEASURED_VALUE = EXCLUDED.CALC_MEAN_MEASURED_VALUE, CALC_PERCENT_ERROR = EXCLUDED.CALC_PERCENT_ERROR, CALC_APS_IND = EXCLUDED.CALC_APS_IND, USERID = EXCLUDED.USERID, ADD_DATE = EXCLUDED.ADD_DATE, UPDATE_DATE = EXCLUDED.UPDATE_DATE;
/* ORIS:      3    Location: 5         Test Type: LINE       Test Num: 20210607133032NX1L    SQL Ord:    3 */ insert into camdecmpswks.LINEARITY_SUMMARY ( LIN_SUM_ID, TEST_SUM_ID, MEAN_REF_VALUE, MEAN_MEASURED_VALUE, PERCENT_ERROR, APS_IND, GAS_LEVEL_CD, CALC_MEAN_REF_VALUE, CALC_MEAN_MEASURED_VALUE, CALC_PERCENT_ERROR, CALC_APS_IND, USERID, ADD_DATE, UPDATE_DATE ) values ( 'TWCORNEL5-C7BE52549564483C942AE68F2BFA511B', 'TWCORNEL5-19DAB9953BDA4690850CBBC2E78A699A', 19.880, 19.967, 0.4, 0, 'LOW', 19.880, 19.967, 0.4, 0, 'esupport', '2021-07-26 11:18:09', '2022-09-16 16:47:30' ) on conflict (LIN_SUM_ID) do update set TEST_SUM_ID = EXCLUDED.TEST_SUM_ID, MEAN_REF_VALUE = EXCLUDED.MEAN_REF_VALUE, MEAN_MEASURED_VALUE = EXCLUDED.MEAN_MEASURED_VALUE, PERCENT_ERROR = EXCLUDED.PERCENT_ERROR, APS_IND = EXCLUDED.APS_IND, GAS_LEVEL_CD = EXCLUDED.GAS_LEVEL_CD, CALC_MEAN_REF_VALUE = EXCLUDED.CALC_MEAN_REF_VALUE, CALC_MEAN_MEASURED_VALUE = EXCLUDED.CALC_MEAN_MEASURED_VALUE, CALC_PERCENT_ERROR = EXCLUDED.CALC_PERCENT_ERROR, CALC_APS_IND = EXCLUDED.CALC_APS_IND, USERID = EXCLUDED.USERID, ADD_DATE = EXCLUDED.ADD_DATE, UPDATE_DATE = EXCLUDED.UPDATE_DATE;
/* ORIS:      3    Location: 5         Test Type: LINE       Test Num: 20210607133032NX1L    SQL Ord:    4 */ insert into camdecmpswks.LINEARITY_INJECTION ( LIN_INJ_ID, LIN_SUM_ID, INJECTION_DATE, INJECTION_HOUR, INJECTION_MIN, MEASURED_VALUE, REF_VALUE, USERID, ADD_DATE, UPDATE_DATE ) values ( 'TWCORNEL5-3C3B2C0FD56144ACB3188EDDC02C524A', 'TWCORNEL5-C7BE52549564483C942AE68F2BFA511B', '2021-06-07', 13, 22, 20.500, 19.880, 'bvick', '2021-07-26 11:18:09', NULL ) on conflict (LIN_INJ_ID) do update set LIN_SUM_ID = EXCLUDED.LIN_SUM_ID, INJECTION_DATE = EXCLUDED.INJECTION_DATE, INJECTION_HOUR = EXCLUDED.INJECTION_HOUR, INJECTION_MIN = EXCLUDED.INJECTION_MIN, MEASURED_VALUE = EXCLUDED.MEASURED_VALUE, REF_VALUE = EXCLUDED.REF_VALUE, USERID = EXCLUDED.USERID, ADD_DATE = EXCLUDED.ADD_DATE, UPDATE_DATE = EXCLUDED.UPDATE_DATE;
/* ORIS:      3    Location: 5         Test Type: LINE       Test Num: 20210607133032NX1L    SQL Ord:    4 */ insert into camdecmpswks.LINEARITY_INJECTION ( LIN_INJ_ID, LIN_SUM_ID, INJECTION_DATE, INJECTION_HOUR, INJECTION_MIN, MEASURED_VALUE, REF_VALUE, USERID, ADD_DATE, UPDATE_DATE ) values ( 'TWCORNEL5-58995FC47A824729972CBB67459F8F3B', 'TWCORNEL5-C7BE52549564483C942AE68F2BFA511B', '2021-06-07', 13, 45, 19.800, 19.880, 'bvick', '2021-07-26 11:18:09', NULL ) on conflict (LIN_INJ_ID) do update set LIN_SUM_ID = EXCLUDED.LIN_SUM_ID, INJECTION_DATE = EXCLUDED.INJECTION_DATE, INJECTION_HOUR = EXCLUDED.INJECTION_HOUR, INJECTION_MIN = EXCLUDED.INJECTION_MIN, MEASURED_VALUE = EXCLUDED.MEASURED_VALUE, REF_VALUE = EXCLUDED.REF_VALUE, USERID = EXCLUDED.USERID, ADD_DATE = EXCLUDED.ADD_DATE, UPDATE_DATE = EXCLUDED.UPDATE_DATE;
/* ORIS:      3    Location: 5         Test Type: LINE       Test Num: 20210607133032NX1L    SQL Ord:    4 */ insert into camdecmpswks.LINEARITY_INJECTION ( LIN_INJ_ID, LIN_SUM_ID, INJECTION_DATE, INJECTION_HOUR, INJECTION_MIN, MEASURED_VALUE, REF_VALUE, USERID, ADD_DATE, UPDATE_DATE ) values ( 'TWCORNEL5-60DD2DF26B694FABAB195F1C104A65FF', 'TWCORNEL5-82FB60A11A58426883DE3C59C765BB27', '2021-06-07', 13, 30, 43.600, 43.940, 'bvick', '2021-07-26 11:18:09', NULL ) on conflict (LIN_INJ_ID) do update set LIN_SUM_ID = EXCLUDED.LIN_SUM_ID, INJECTION_DATE = EXCLUDED.INJECTION_DATE, INJECTION_HOUR = EXCLUDED.INJECTION_HOUR, INJECTION_MIN = EXCLUDED.INJECTION_MIN, MEASURED_VALUE = EXCLUDED.MEASURED_VALUE, REF_VALUE = EXCLUDED.REF_VALUE, USERID = EXCLUDED.USERID, ADD_DATE = EXCLUDED.ADD_DATE, UPDATE_DATE = EXCLUDED.UPDATE_DATE;
/* ORIS:      3    Location: 5         Test Type: LINE       Test Num: 20210607133032NX1L    SQL Ord:    4 */ insert into camdecmpswks.LINEARITY_INJECTION ( LIN_INJ_ID, LIN_SUM_ID, INJECTION_DATE, INJECTION_HOUR, INJECTION_MIN, MEASURED_VALUE, REF_VALUE, USERID, ADD_DATE, UPDATE_DATE ) values ( 'TWCORNEL5-7837C3CA74E34CAEB4B2277382DA6410', 'TWCORNEL5-7B3C6E26B23142D7A0327717C3382B4A', '2021-06-07', 13, 12, 76.600, 77.270, 'bvick', '2021-07-26 11:18:09', NULL ) on conflict (LIN_INJ_ID) do update set LIN_SUM_ID = EXCLUDED.LIN_SUM_ID, INJECTION_DATE = EXCLUDED.INJECTION_DATE, INJECTION_HOUR = EXCLUDED.INJECTION_HOUR, INJECTION_MIN = EXCLUDED.INJECTION_MIN, MEASURED_VALUE = EXCLUDED.MEASURED_VALUE, REF_VALUE = EXCLUDED.REF_VALUE, USERID = EXCLUDED.USERID, ADD_DATE = EXCLUDED.ADD_DATE, UPDATE_DATE = EXCLUDED.UPDATE_DATE;
/* ORIS:      3    Location: 5         Test Type: LINE       Test Num: 20210607133032NX1L    SQL Ord:    4 */ insert into camdecmpswks.LINEARITY_INJECTION ( LIN_INJ_ID, LIN_SUM_ID, INJECTION_DATE, INJECTION_HOUR, INJECTION_MIN, MEASURED_VALUE, REF_VALUE, USERID, ADD_DATE, UPDATE_DATE ) values ( 'TWCORNEL5-A481E40F03BE4914976D643B3DB04E2A', 'TWCORNEL5-C7BE52549564483C942AE68F2BFA511B', '2021-06-07', 13, 34, 19.600, 19.880, 'bvick', '2021-07-26 11:18:09', NULL ) on conflict (LIN_INJ_ID) do update set LIN_SUM_ID = EXCLUDED.LIN_SUM_ID, INJECTION_DATE = EXCLUDED.INJECTION_DATE, INJECTION_HOUR = EXCLUDED.INJECTION_HOUR, INJECTION_MIN = EXCLUDED.INJECTION_MIN, MEASURED_VALUE = EXCLUDED.MEASURED_VALUE, REF_VALUE = EXCLUDED.REF_VALUE, USERID = EXCLUDED.USERID, ADD_DATE = EXCLUDED.ADD_DATE, UPDATE_DATE = EXCLUDED.UPDATE_DATE;
/* ORIS:      3    Location: 5         Test Type: LINE       Test Num: 20210607133032NX1L    SQL Ord:    4 */ insert into camdecmpswks.LINEARITY_INJECTION ( LIN_INJ_ID, LIN_SUM_ID, INJECTION_DATE, INJECTION_HOUR, INJECTION_MIN, MEASURED_VALUE, REF_VALUE, USERID, ADD_DATE, UPDATE_DATE ) values ( 'TWCORNEL5-AAF79FA80A924C1C8A37B9498ECE2F15', 'TWCORNEL5-7B3C6E26B23142D7A0327717C3382B4A', '2021-06-07', 13, 26, 76.200, 77.270, 'bvick', '2021-07-26 11:18:09', NULL ) on conflict (LIN_INJ_ID) do update set LIN_SUM_ID = EXCLUDED.LIN_SUM_ID, INJECTION_DATE = EXCLUDED.INJECTION_DATE, INJECTION_HOUR = EXCLUDED.INJECTION_HOUR, INJECTION_MIN = EXCLUDED.INJECTION_MIN, MEASURED_VALUE = EXCLUDED.MEASURED_VALUE, REF_VALUE = EXCLUDED.REF_VALUE, USERID = EXCLUDED.USERID, ADD_DATE = EXCLUDED.ADD_DATE, UPDATE_DATE = EXCLUDED.UPDATE_DATE;
/* ORIS:      3    Location: 5         Test Type: LINE       Test Num: 20210607133032NX1L    SQL Ord:    4 */ insert into camdecmpswks.LINEARITY_INJECTION ( LIN_INJ_ID, LIN_SUM_ID, INJECTION_DATE, INJECTION_HOUR, INJECTION_MIN, MEASURED_VALUE, REF_VALUE, USERID, ADD_DATE, UPDATE_DATE ) values ( 'TWCORNEL5-BC0DED754B8644DBA59D481DBF1370B7', 'TWCORNEL5-82FB60A11A58426883DE3C59C765BB27', '2021-06-07', 13, 17, 43.600, 43.940, 'bvick', '2021-07-26 11:18:09', NULL ) on conflict (LIN_INJ_ID) do update set LIN_SUM_ID = EXCLUDED.LIN_SUM_ID, INJECTION_DATE = EXCLUDED.INJECTION_DATE, INJECTION_HOUR = EXCLUDED.INJECTION_HOUR, INJECTION_MIN = EXCLUDED.INJECTION_MIN, MEASURED_VALUE = EXCLUDED.MEASURED_VALUE, REF_VALUE = EXCLUDED.REF_VALUE, USERID = EXCLUDED.USERID, ADD_DATE = EXCLUDED.ADD_DATE, UPDATE_DATE = EXCLUDED.UPDATE_DATE;
/* ORIS:      3    Location: 5         Test Type: LINE       Test Num: 20210607133032NX1L    SQL Ord:    4 */ insert into camdecmpswks.LINEARITY_INJECTION ( LIN_INJ_ID, LIN_SUM_ID, INJECTION_DATE, INJECTION_HOUR, INJECTION_MIN, MEASURED_VALUE, REF_VALUE, USERID, ADD_DATE, UPDATE_DATE ) values ( 'TWCORNEL5-BC206ED3686D44928E96CEE0821D853D', 'TWCORNEL5-7B3C6E26B23142D7A0327717C3382B4A', '2021-06-07', 13, 53, 75.700, 77.270, 'bvick', '2021-07-26 11:18:09', NULL ) on conflict (LIN_INJ_ID) do update set LIN_SUM_ID = EXCLUDED.LIN_SUM_ID, INJECTION_DATE = EXCLUDED.INJECTION_DATE, INJECTION_HOUR = EXCLUDED.INJECTION_HOUR, INJECTION_MIN = EXCLUDED.INJECTION_MIN, MEASURED_VALUE = EXCLUDED.MEASURED_VALUE, REF_VALUE = EXCLUDED.REF_VALUE, USERID = EXCLUDED.USERID, ADD_DATE = EXCLUDED.ADD_DATE, UPDATE_DATE = EXCLUDED.UPDATE_DATE;
/* ORIS:      3    Location: 5         Test Type: LINE       Test Num: 20210607133032NX1L    SQL Ord:    4 */ insert into camdecmpswks.LINEARITY_INJECTION ( LIN_INJ_ID, LIN_SUM_ID, INJECTION_DATE, INJECTION_HOUR, INJECTION_MIN, MEASURED_VALUE, REF_VALUE, USERID, ADD_DATE, UPDATE_DATE ) values ( 'TWCORNEL5-E6EEA075D8BE4E1BBA38D67632FD7C5A', 'TWCORNEL5-82FB60A11A58426883DE3C59C765BB27', '2021-06-07', 13, 39, 43.100, 43.940, 'bvick', '2021-07-26 11:18:09', NULL ) on conflict (LIN_INJ_ID) do update set LIN_SUM_ID = EXCLUDED.LIN_SUM_ID, INJECTION_DATE = EXCLUDED.INJECTION_DATE, INJECTION_HOUR = EXCLUDED.INJECTION_HOUR, INJECTION_MIN = EXCLUDED.INJECTION_MIN, MEASURED_VALUE = EXCLUDED.MEASURED_VALUE, REF_VALUE = EXCLUDED.REF_VALUE, USERID = EXCLUDED.USERID, ADD_DATE = EXCLUDED.ADD_DATE, UPDATE_DATE = EXCLUDED.UPDATE_DATE;
/* ORIS:      3    Location: 5         Test Type: LINE       Test Num: 20210607133032NX1L    SQL Ord:    5 */ insert into camdecmpswks.PROTOCOL_GAS ( PROTOCOL_GAS_ID, TEST_SUM_ID, GAS_LEVEL_CD, GAS_TYPE_CD, VENDOR_ID, CYLINDER_ID, EXPIRATION_DATE, USERID, ADD_DATE, UPDATE_DATE ) values ( 'TWCORNEL5-460FBCD8B2654098A8194310F9ED1B17', 'TWCORNEL5-19DAB9953BDA4690850CBBC2E78A699A', 'MID', 'NO,NOX,SO2,BALN', 'B22020', 'CC325285', '2023-11-23', 'bvick', '2021-07-26 11:18:10', NULL ) on conflict (PROTOCOL_GAS_ID) do update set TEST_SUM_ID = EXCLUDED.TEST_SUM_ID, GAS_LEVEL_CD = EXCLUDED.GAS_LEVEL_CD, GAS_TYPE_CD = EXCLUDED.GAS_TYPE_CD, VENDOR_ID = EXCLUDED.VENDOR_ID, CYLINDER_ID = EXCLUDED.CYLINDER_ID, EXPIRATION_DATE = EXCLUDED.EXPIRATION_DATE, USERID = EXCLUDED.USERID, ADD_DATE = EXCLUDED.ADD_DATE, UPDATE_DATE = EXCLUDED.UPDATE_DATE;
/* ORIS:      3    Location: 5         Test Type: LINE       Test Num: 20210607133032NX1L    SQL Ord:    5 */ insert into camdecmpswks.PROTOCOL_GAS ( PROTOCOL_GAS_ID, TEST_SUM_ID, GAS_LEVEL_CD, GAS_TYPE_CD, VENDOR_ID, CYLINDER_ID, EXPIRATION_DATE, USERID, ADD_DATE, UPDATE_DATE ) values ( 'TWCORNEL5-8ADA312CF6E744D88032C862F4B23EC0', 'TWCORNEL5-19DAB9953BDA4690850CBBC2E78A699A', 'HIGH', 'CO2,NO,NOX,BALN', 'B22017', 'CC705808', '2021-11-21', 'bvick', '2021-07-26 11:18:10', NULL ) on conflict (PROTOCOL_GAS_ID) do update set TEST_SUM_ID = EXCLUDED.TEST_SUM_ID, GAS_LEVEL_CD = EXCLUDED.GAS_LEVEL_CD, GAS_TYPE_CD = EXCLUDED.GAS_TYPE_CD, VENDOR_ID = EXCLUDED.VENDOR_ID, CYLINDER_ID = EXCLUDED.CYLINDER_ID, EXPIRATION_DATE = EXCLUDED.EXPIRATION_DATE, USERID = EXCLUDED.USERID, ADD_DATE = EXCLUDED.ADD_DATE, UPDATE_DATE = EXCLUDED.UPDATE_DATE;
/* ORIS:      3    Location: 5         Test Type: LINE       Test Num: 20210607133032NX1L    SQL Ord:    5 */ insert into camdecmpswks.PROTOCOL_GAS ( PROTOCOL_GAS_ID, TEST_SUM_ID, GAS_LEVEL_CD, GAS_TYPE_CD, VENDOR_ID, CYLINDER_ID, EXPIRATION_DATE, USERID, ADD_DATE, UPDATE_DATE ) values ( 'TWCORNEL5-FB15DD934DC649AAAE377744F050F516', 'TWCORNEL5-19DAB9953BDA4690850CBBC2E78A699A', 'LOW', 'NO,NOX,SO2,BALN', 'B22019', 'AAL071604', '2022-07-26', 'bvick', '2021-07-26 11:18:10', NULL ) on conflict (PROTOCOL_GAS_ID) do update set TEST_SUM_ID = EXCLUDED.TEST_SUM_ID, GAS_LEVEL_CD = EXCLUDED.GAS_LEVEL_CD, GAS_TYPE_CD = EXCLUDED.GAS_TYPE_CD, VENDOR_ID = EXCLUDED.VENDOR_ID, CYLINDER_ID = EXCLUDED.CYLINDER_ID, EXPIRATION_DATE = EXCLUDED.EXPIRATION_DATE, USERID = EXCLUDED.USERID, ADD_DATE = EXCLUDED.ADD_DATE, UPDATE_DATE = EXCLUDED.UPDATE_DATE;
/* ORIS:      3    Location: 5         Test Type: LINE       Test Num: 20210607133032SD1L    SQL Ord:    1 */ delete from camdecmpswks.TEST_SUMMARY where TEST_SUM_ID = 'TWCORNEL5-D1A5745F7F054067B4695D14C4FA8D3F';
/* ORIS:      3    Location: 5         Test Type: LINE       Test Num: 20210607133032SD1L    SQL Ord:    2 */ insert into camdecmpswks.TEST_SUMMARY ( TEST_SUM_ID, MON_LOC_ID, TEST_TYPE_CD, TEST_NUM, MON_SYS_ID, COMPONENT_ID, GP_IND, TEST_REASON_CD, TEST_RESULT_CD, RPT_PERIOD_ID, BEGIN_DATE, BEGIN_HOUR, BEGIN_MIN, END_DATE, END_HOUR, END_MIN, SPAN_SCALE_CD, INJECTION_PROTOCOL_CD, TEST_COMMENT, TEST_DESCRIPTION, CALC_GP_IND, CALC_TEST_RESULT_CD, CALC_SPAN_VALUE, LAST_UPDATED, UPDATED_STATUS_FLG, NEEDS_EVAL_FLG, CHK_SESSION_ID, USERID, ADD_DATE, UPDATE_DATE ) values ( 'TWCORNEL5-D1A5745F7F054067B4695D14C4FA8D3F', '11', 'LINE', '20210607133032SD1L', NULL, 'TWCORNEL5-021F190F7A074AB7BDAB9393FDE0A5F6', 0, 'QA', 'PASSAPS', NULL, '2021-06-07', 13, 14, '2021-06-07', 13, 53, 'L', NULL, NULL, NULL, NULL, NULL, 10.000, '2021-12-27 11:43:23', 'Y', 'N', 'CHV-LGIANN-EE186CFB5217436FA313890BE8A918FD', 'esupport', '2021-07-26 11:18:10', '2022-09-16 16:47:32' ) on conflict (TEST_SUM_ID) do update set MON_LOC_ID = EXCLUDED.MON_LOC_ID, TEST_TYPE_CD = EXCLUDED.TEST_TYPE_CD, TEST_NUM = EXCLUDED.TEST_NUM, MON_SYS_ID = EXCLUDED.MON_SYS_ID, COMPONENT_ID = EXCLUDED.COMPONENT_ID, GP_IND = EXCLUDED.GP_IND, TEST_REASON_CD = EXCLUDED.TEST_REASON_CD, TEST_RESULT_CD = EXCLUDED.TEST_RESULT_CD, RPT_PERIOD_ID = EXCLUDED.RPT_PERIOD_ID, BEGIN_DATE = EXCLUDED.BEGIN_DATE, BEGIN_HOUR = EXCLUDED.BEGIN_HOUR, BEGIN_MIN = EXCLUDED.BEGIN_MIN, END_DATE = EXCLUDED.END_DATE, END_HOUR = EXCLUDED.END_HOUR, END_MIN = EXCLUDED.END_MIN, SPAN_SCALE_CD = EXCLUDED.SPAN_SCALE_CD, INJECTION_PROTOCOL_CD = EXCLUDED.INJECTION_PROTOCOL_CD, TEST_COMMENT = EXCLUDED.TEST_COMMENT, TEST_DESCRIPTION = EXCLUDED.TEST_DESCRIPTION, CALC_GP_IND = EXCLUDED.CALC_GP_IND, CALC_TEST_RESULT_CD = EXCLUDED.CALC_TEST_RESULT_CD, CALC_SPAN_VALUE = EXCLUDED.CALC_SPAN_VALUE, LAST_UPDATED = EXCLUDED.LAST_UPDATED, UPDATED_STATUS_FLG = EXCLUDED.UPDATED_STATUS_FLG, NEEDS_EVAL_FLG = EXCLUDED.NEEDS_EVAL_FLG, CHK_SESSION_ID = EXCLUDED.CHK_SESSION_ID, USERID = EXCLUDED.USERID, ADD_DATE = EXCLUDED.ADD_DATE, UPDATE_DATE = EXCLUDED.UPDATE_DATE;
/* ORIS:      3    Location: 5         Test Type: LINE       Test Num: 20210607133032SD1L    SQL Ord:    3 */ insert into camdecmpswks.LINEARITY_SUMMARY ( LIN_SUM_ID, TEST_SUM_ID, MEAN_REF_VALUE, MEAN_MEASURED_VALUE, PERCENT_ERROR, APS_IND, GAS_LEVEL_CD, CALC_MEAN_REF_VALUE, CALC_MEAN_MEASURED_VALUE, CALC_PERCENT_ERROR, CALC_APS_IND, USERID, ADD_DATE, UPDATE_DATE ) values ( 'TWCORNEL5-340469E2D60647F4A32F62EAD5C680D3', 'TWCORNEL5-D1A5745F7F054067B4695D14C4FA8D3F', 2.440, 2.600, NULL, 1, 'LOW', 2.440, 2.600, 0.0, 1, 'esupport', '2021-07-26 11:18:10', '2022-09-16 16:47:32' ) on conflict (LIN_SUM_ID) do update set TEST_SUM_ID = EXCLUDED.TEST_SUM_ID, MEAN_REF_VALUE = EXCLUDED.MEAN_REF_VALUE, MEAN_MEASURED_VALUE = EXCLUDED.MEAN_MEASURED_VALUE, PERCENT_ERROR = EXCLUDED.PERCENT_ERROR, APS_IND = EXCLUDED.APS_IND, GAS_LEVEL_CD = EXCLUDED.GAS_LEVEL_CD, CALC_MEAN_REF_VALUE = EXCLUDED.CALC_MEAN_REF_VALUE, CALC_MEAN_MEASURED_VALUE = EXCLUDED.CALC_MEAN_MEASURED_VALUE, CALC_PERCENT_ERROR = EXCLUDED.CALC_PERCENT_ERROR, CALC_APS_IND = EXCLUDED.CALC_APS_IND, USERID = EXCLUDED.USERID, ADD_DATE = EXCLUDED.ADD_DATE, UPDATE_DATE = EXCLUDED.UPDATE_DATE;
/* ORIS:      3    Location: 5         Test Type: LINE       Test Num: 20210607133032SD1L    SQL Ord:    3 */ insert into camdecmpswks.LINEARITY_SUMMARY ( LIN_SUM_ID, TEST_SUM_ID, MEAN_REF_VALUE, MEAN_MEASURED_VALUE, PERCENT_ERROR, APS_IND, GAS_LEVEL_CD, CALC_MEAN_REF_VALUE, CALC_MEAN_MEASURED_VALUE, CALC_PERCENT_ERROR, CALC_APS_IND, USERID, ADD_DATE, UPDATE_DATE ) values ( 'TWCORNEL5-CFE6901524F846C6A74236654EEB3F11', 'TWCORNEL5-D1A5745F7F054067B4695D14C4FA8D3F', 5.260, 5.500, 0.2, 1, 'MID', 5.260, 5.500, 4.6, 0, 'esupport', '2021-07-26 11:18:10', '2022-09-16 16:47:32' ) on conflict (LIN_SUM_ID) do update set TEST_SUM_ID = EXCLUDED.TEST_SUM_ID, MEAN_REF_VALUE = EXCLUDED.MEAN_REF_VALUE, MEAN_MEASURED_VALUE = EXCLUDED.MEAN_MEASURED_VALUE, PERCENT_ERROR = EXCLUDED.PERCENT_ERROR, APS_IND = EXCLUDED.APS_IND, GAS_LEVEL_CD = EXCLUDED.GAS_LEVEL_CD, CALC_MEAN_REF_VALUE = EXCLUDED.CALC_MEAN_REF_VALUE, CALC_MEAN_MEASURED_VALUE = EXCLUDED.CALC_MEAN_MEASURED_VALUE, CALC_PERCENT_ERROR = EXCLUDED.CALC_PERCENT_ERROR, CALC_APS_IND = EXCLUDED.CALC_APS_IND, USERID = EXCLUDED.USERID, ADD_DATE = EXCLUDED.ADD_DATE, UPDATE_DATE = EXCLUDED.UPDATE_DATE;
/* ORIS:      3    Location: 5         Test Type: LINE       Test Num: 20210607133032SD1L    SQL Ord:    3 */ insert into camdecmpswks.LINEARITY_SUMMARY ( LIN_SUM_ID, TEST_SUM_ID, MEAN_REF_VALUE, MEAN_MEASURED_VALUE, PERCENT_ERROR, APS_IND, GAS_LEVEL_CD, CALC_MEAN_REF_VALUE, CALC_MEAN_MEASURED_VALUE, CALC_PERCENT_ERROR, CALC_APS_IND, USERID, ADD_DATE, UPDATE_DATE ) values ( 'TWCORNEL5-ECC7DB74654649D09B73D27ED82D40E8', 'TWCORNEL5-D1A5745F7F054067B4695D14C4FA8D3F', 9.160, 9.533, 0.4, 1, 'HIGH', 9.160, 9.533, 4.1, 0, 'esupport', '2021-07-26 11:18:10', '2022-09-16 16:47:32' ) on conflict (LIN_SUM_ID) do update set TEST_SUM_ID = EXCLUDED.TEST_SUM_ID, MEAN_REF_VALUE = EXCLUDED.MEAN_REF_VALUE, MEAN_MEASURED_VALUE = EXCLUDED.MEAN_MEASURED_VALUE, PERCENT_ERROR = EXCLUDED.PERCENT_ERROR, APS_IND = EXCLUDED.APS_IND, GAS_LEVEL_CD = EXCLUDED.GAS_LEVEL_CD, CALC_MEAN_REF_VALUE = EXCLUDED.CALC_MEAN_REF_VALUE, CALC_MEAN_MEASURED_VALUE = EXCLUDED.CALC_MEAN_MEASURED_VALUE, CALC_PERCENT_ERROR = EXCLUDED.CALC_PERCENT_ERROR, CALC_APS_IND = EXCLUDED.CALC_APS_IND, USERID = EXCLUDED.USERID, ADD_DATE = EXCLUDED.ADD_DATE, UPDATE_DATE = EXCLUDED.UPDATE_DATE;
/* ORIS:      3    Location: 5         Test Type: LINE       Test Num: 20210607133032SD1L    SQL Ord:    4 */ insert into camdecmpswks.LINEARITY_INJECTION ( LIN_INJ_ID, LIN_SUM_ID, INJECTION_DATE, INJECTION_HOUR, INJECTION_MIN, MEASURED_VALUE, REF_VALUE, USERID, ADD_DATE, UPDATE_DATE ) values ( 'TWCORNEL5-00C3ADA675734DA991A1F3E066A483A7', 'TWCORNEL5-ECC7DB74654649D09B73D27ED82D40E8', '2021-06-07', 13, 53, 9.200, 9.160, 'bvick', '2021-07-26 11:18:11', NULL ) on conflict (LIN_INJ_ID) do update set LIN_SUM_ID = EXCLUDED.LIN_SUM_ID, INJECTION_DATE = EXCLUDED.INJECTION_DATE, INJECTION_HOUR = EXCLUDED.INJECTION_HOUR, INJECTION_MIN = EXCLUDED.INJECTION_MIN, MEASURED_VALUE = EXCLUDED.MEASURED_VALUE, REF_VALUE = EXCLUDED.REF_VALUE, USERID = EXCLUDED.USERID, ADD_DATE = EXCLUDED.ADD_DATE, UPDATE_DATE = EXCLUDED.UPDATE_DATE;
/* ORIS:      3    Location: 5         Test Type: LINE       Test Num: 20210607133032SD1L    SQL Ord:    4 */ insert into camdecmpswks.LINEARITY_INJECTION ( LIN_INJ_ID, LIN_SUM_ID, INJECTION_DATE, INJECTION_HOUR, INJECTION_MIN, MEASURED_VALUE, REF_VALUE, USERID, ADD_DATE, UPDATE_DATE ) values ( 'TWCORNEL5-067DA3F4B390476780B0417E955E2BC9', 'TWCORNEL5-340469E2D60647F4A32F62EAD5C680D3', '2021-06-07', 13, 47, 2.500, 2.440, 'bvick', '2021-07-26 11:18:11', NULL ) on conflict (LIN_INJ_ID) do update set LIN_SUM_ID = EXCLUDED.LIN_SUM_ID, INJECTION_DATE = EXCLUDED.INJECTION_DATE, INJECTION_HOUR = EXCLUDED.INJECTION_HOUR, INJECTION_MIN = EXCLUDED.INJECTION_MIN, MEASURED_VALUE = EXCLUDED.MEASURED_VALUE, REF_VALUE = EXCLUDED.REF_VALUE, USERID = EXCLUDED.USERID, ADD_DATE = EXCLUDED.ADD_DATE, UPDATE_DATE = EXCLUDED.UPDATE_DATE;
/* ORIS:      3    Location: 5         Test Type: LINE       Test Num: 20210607133032SD1L    SQL Ord:    4 */ insert into camdecmpswks.LINEARITY_INJECTION ( LIN_INJ_ID, LIN_SUM_ID, INJECTION_DATE, INJECTION_HOUR, INJECTION_MIN, MEASURED_VALUE, REF_VALUE, USERID, ADD_DATE, UPDATE_DATE ) values ( 'TWCORNEL5-1C9EC7D5F2A24BE4A1368E4AE3280B53', 'TWCORNEL5-340469E2D60647F4A32F62EAD5C680D3', '2021-06-07', 13, 23, 2.700, 2.440, 'bvick', '2021-07-26 11:18:11', NULL ) on conflict (LIN_INJ_ID) do update set LIN_SUM_ID = EXCLUDED.LIN_SUM_ID, INJECTION_DATE = EXCLUDED.INJECTION_DATE, INJECTION_HOUR = EXCLUDED.INJECTION_HOUR, INJECTION_MIN = EXCLUDED.INJECTION_MIN, MEASURED_VALUE = EXCLUDED.MEASURED_VALUE, REF_VALUE = EXCLUDED.REF_VALUE, USERID = EXCLUDED.USERID, ADD_DATE = EXCLUDED.ADD_DATE, UPDATE_DATE = EXCLUDED.UPDATE_DATE;
/* ORIS:      3    Location: 5         Test Type: LINE       Test Num: 20210607133032SD1L    SQL Ord:    4 */ insert into camdecmpswks.LINEARITY_INJECTION ( LIN_INJ_ID, LIN_SUM_ID, INJECTION_DATE, INJECTION_HOUR, INJECTION_MIN, MEASURED_VALUE, REF_VALUE, USERID, ADD_DATE, UPDATE_DATE ) values ( 'TWCORNEL5-68B4ABADCC164C4B8E1B3546E979655B', 'TWCORNEL5-340469E2D60647F4A32F62EAD5C680D3', '2021-06-07', 13, 35, 2.600, 2.440, 'bvick', '2021-07-26 11:18:11', NULL ) on conflict (LIN_INJ_ID) do update set LIN_SUM_ID = EXCLUDED.LIN_SUM_ID, INJECTION_DATE = EXCLUDED.INJECTION_DATE, INJECTION_HOUR = EXCLUDED.INJECTION_HOUR, INJECTION_MIN = EXCLUDED.INJECTION_MIN, MEASURED_VALUE = EXCLUDED.MEASURED_VALUE, REF_VALUE = EXCLUDED.REF_VALUE, USERID = EXCLUDED.USERID, ADD_DATE = EXCLUDED.ADD_DATE, UPDATE_DATE = EXCLUDED.UPDATE_DATE;
/* ORIS:      3    Location: 5         Test Type: LINE       Test Num: 20210607133032SD1L    SQL Ord:    4 */ insert into camdecmpswks.LINEARITY_INJECTION ( LIN_INJ_ID, LIN_SUM_ID, INJECTION_DATE, INJECTION_HOUR, INJECTION_MIN, MEASURED_VALUE, REF_VALUE, USERID, ADD_DATE, UPDATE_DATE ) values ( 'TWCORNEL5-8362B4BA1EF147ACA10EF42CFA72785D', 'TWCORNEL5-CFE6901524F846C6A74236654EEB3F11', '2021-06-07', 13, 40, 5.300, 5.260, 'bvick', '2021-07-26 11:18:11', NULL ) on conflict (LIN_INJ_ID) do update set LIN_SUM_ID = EXCLUDED.LIN_SUM_ID, INJECTION_DATE = EXCLUDED.INJECTION_DATE, INJECTION_HOUR = EXCLUDED.INJECTION_HOUR, INJECTION_MIN = EXCLUDED.INJECTION_MIN, MEASURED_VALUE = EXCLUDED.MEASURED_VALUE, REF_VALUE = EXCLUDED.REF_VALUE, USERID = EXCLUDED.USERID, ADD_DATE = EXCLUDED.ADD_DATE, UPDATE_DATE = EXCLUDED.UPDATE_DATE;
/* ORIS:      3    Location: 5         Test Type: LINE       Test Num: 20210607133032SD1L    SQL Ord:    4 */ insert into camdecmpswks.LINEARITY_INJECTION ( LIN_INJ_ID, LIN_SUM_ID, INJECTION_DATE, INJECTION_HOUR, INJECTION_MIN, MEASURED_VALUE, REF_VALUE, USERID, ADD_DATE, UPDATE_DATE ) values ( 'TWCORNEL5-96B3B196783B4356B920AB72B8AE2BDD', 'TWCORNEL5-CFE6901524F846C6A74236654EEB3F11', '2021-06-07', 13, 31, 5.500, 5.260, 'bvick', '2021-07-26 11:18:11', NULL ) on conflict (LIN_INJ_ID) do update set LIN_SUM_ID = EXCLUDED.LIN_SUM_ID, INJECTION_DATE = EXCLUDED.INJECTION_DATE, INJECTION_HOUR = EXCLUDED.INJECTION_HOUR, INJECTION_MIN = EXCLUDED.INJECTION_MIN, MEASURED_VALUE = EXCLUDED.MEASURED_VALUE, REF_VALUE = EXCLUDED.REF_VALUE, USERID = EXCLUDED.USERID, ADD_DATE = EXCLUDED.ADD_DATE, UPDATE_DATE = EXCLUDED.UPDATE_DATE;
/* ORIS:      3    Location: 5         Test Type: LINE       Test Num: 20210607133032SD1L    SQL Ord:    4 */ insert into camdecmpswks.LINEARITY_INJECTION ( LIN_INJ_ID, LIN_SUM_ID, INJECTION_DATE, INJECTION_HOUR, INJECTION_MIN, MEASURED_VALUE, REF_VALUE, USERID, ADD_DATE, UPDATE_DATE ) values ( 'TWCORNEL5-C73402CB62A4423CAA28F78AA137CECB', 'TWCORNEL5-ECC7DB74654649D09B73D27ED82D40E8', '2021-06-07', 13, 14, 9.800, 9.160, 'bvick', '2021-07-26 11:18:11', NULL ) on conflict (LIN_INJ_ID) do update set LIN_SUM_ID = EXCLUDED.LIN_SUM_ID, INJECTION_DATE = EXCLUDED.INJECTION_DATE, INJECTION_HOUR = EXCLUDED.INJECTION_HOUR, INJECTION_MIN = EXCLUDED.INJECTION_MIN, MEASURED_VALUE = EXCLUDED.MEASURED_VALUE, REF_VALUE = EXCLUDED.REF_VALUE, USERID = EXCLUDED.USERID, ADD_DATE = EXCLUDED.ADD_DATE, UPDATE_DATE = EXCLUDED.UPDATE_DATE;
/* ORIS:      3    Location: 5         Test Type: LINE       Test Num: 20210607133032SD1L    SQL Ord:    4 */ insert into camdecmpswks.LINEARITY_INJECTION ( LIN_INJ_ID, LIN_SUM_ID, INJECTION_DATE, INJECTION_HOUR, INJECTION_MIN, MEASURED_VALUE, REF_VALUE, USERID, ADD_DATE, UPDATE_DATE ) values ( 'TWCORNEL5-EDF42101D60247E9B68C30483985B909', 'TWCORNEL5-CFE6901524F846C6A74236654EEB3F11', '2021-06-07', 13, 18, 5.700, 5.260, 'bvick', '2021-07-26 11:18:11', NULL ) on conflict (LIN_INJ_ID) do update set LIN_SUM_ID = EXCLUDED.LIN_SUM_ID, INJECTION_DATE = EXCLUDED.INJECTION_DATE, INJECTION_HOUR = EXCLUDED.INJECTION_HOUR, INJECTION_MIN = EXCLUDED.INJECTION_MIN, MEASURED_VALUE = EXCLUDED.MEASURED_VALUE, REF_VALUE = EXCLUDED.REF_VALUE, USERID = EXCLUDED.USERID, ADD_DATE = EXCLUDED.ADD_DATE, UPDATE_DATE = EXCLUDED.UPDATE_DATE;
/* ORIS:      3    Location: 5         Test Type: LINE       Test Num: 20210607133032SD1L    SQL Ord:    4 */ insert into camdecmpswks.LINEARITY_INJECTION ( LIN_INJ_ID, LIN_SUM_ID, INJECTION_DATE, INJECTION_HOUR, INJECTION_MIN, MEASURED_VALUE, REF_VALUE, USERID, ADD_DATE, UPDATE_DATE ) values ( 'TWCORNEL5-FFC663AAF1324C73996AC39F7343DE69', 'TWCORNEL5-ECC7DB74654649D09B73D27ED82D40E8', '2021-06-07', 13, 28, 9.600, 9.160, 'bvick', '2021-07-26 11:18:11', NULL ) on conflict (LIN_INJ_ID) do update set LIN_SUM_ID = EXCLUDED.LIN_SUM_ID, INJECTION_DATE = EXCLUDED.INJECTION_DATE, INJECTION_HOUR = EXCLUDED.INJECTION_HOUR, INJECTION_MIN = EXCLUDED.INJECTION_MIN, MEASURED_VALUE = EXCLUDED.MEASURED_VALUE, REF_VALUE = EXCLUDED.REF_VALUE, USERID = EXCLUDED.USERID, ADD_DATE = EXCLUDED.ADD_DATE, UPDATE_DATE = EXCLUDED.UPDATE_DATE;
/* ORIS:      3    Location: 5         Test Type: LINE       Test Num: 20210607133032SD1L    SQL Ord:    5 */ insert into camdecmpswks.PROTOCOL_GAS ( PROTOCOL_GAS_ID, TEST_SUM_ID, GAS_LEVEL_CD, GAS_TYPE_CD, VENDOR_ID, CYLINDER_ID, EXPIRATION_DATE, USERID, ADD_DATE, UPDATE_DATE ) values ( 'TWCORNEL5-01BF96F5B980457BA9C0E914476363A3', 'TWCORNEL5-D1A5745F7F054067B4695D14C4FA8D3F', 'MID', 'NO,NOX,SO2,BALN', 'B22020', 'CC325285', '2023-11-23', 'bvick', '2021-07-26 11:18:11', NULL ) on conflict (PROTOCOL_GAS_ID) do update set TEST_SUM_ID = EXCLUDED.TEST_SUM_ID, GAS_LEVEL_CD = EXCLUDED.GAS_LEVEL_CD, GAS_TYPE_CD = EXCLUDED.GAS_TYPE_CD, VENDOR_ID = EXCLUDED.VENDOR_ID, CYLINDER_ID = EXCLUDED.CYLINDER_ID, EXPIRATION_DATE = EXCLUDED.EXPIRATION_DATE, USERID = EXCLUDED.USERID, ADD_DATE = EXCLUDED.ADD_DATE, UPDATE_DATE = EXCLUDED.UPDATE_DATE;
/* ORIS:      3    Location: 5         Test Type: LINE       Test Num: 20210607133032SD1L    SQL Ord:    5 */ insert into camdecmpswks.PROTOCOL_GAS ( PROTOCOL_GAS_ID, TEST_SUM_ID, GAS_LEVEL_CD, GAS_TYPE_CD, VENDOR_ID, CYLINDER_ID, EXPIRATION_DATE, USERID, ADD_DATE, UPDATE_DATE ) values ( 'TWCORNEL5-93D0B891434A49DCA7E1F0B6E926B033', 'TWCORNEL5-D1A5745F7F054067B4695D14C4FA8D3F', 'HIGH', 'NO,NOX,SO2,BALN', 'B22017', 'CC705808', '2021-11-21', 'bvick', '2021-07-26 11:18:11', NULL ) on conflict (PROTOCOL_GAS_ID) do update set TEST_SUM_ID = EXCLUDED.TEST_SUM_ID, GAS_LEVEL_CD = EXCLUDED.GAS_LEVEL_CD, GAS_TYPE_CD = EXCLUDED.GAS_TYPE_CD, VENDOR_ID = EXCLUDED.VENDOR_ID, CYLINDER_ID = EXCLUDED.CYLINDER_ID, EXPIRATION_DATE = EXCLUDED.EXPIRATION_DATE, USERID = EXCLUDED.USERID, ADD_DATE = EXCLUDED.ADD_DATE, UPDATE_DATE = EXCLUDED.UPDATE_DATE;
/* ORIS:      3    Location: 5         Test Type: LINE       Test Num: 20210607133032SD1L    SQL Ord:    5 */ insert into camdecmpswks.PROTOCOL_GAS ( PROTOCOL_GAS_ID, TEST_SUM_ID, GAS_LEVEL_CD, GAS_TYPE_CD, VENDOR_ID, CYLINDER_ID, EXPIRATION_DATE, USERID, ADD_DATE, UPDATE_DATE ) values ( 'TWCORNEL5-DFBACC736796466589CA05A9FFFE75E0', 'TWCORNEL5-D1A5745F7F054067B4695D14C4FA8D3F', 'LOW', 'NO,NOX,SO2,BALN', 'B22019', 'AAL071604', '2022-07-26', 'bvick', '2021-07-26 11:18:11', NULL ) on conflict (PROTOCOL_GAS_ID) do update set TEST_SUM_ID = EXCLUDED.TEST_SUM_ID, GAS_LEVEL_CD = EXCLUDED.GAS_LEVEL_CD, GAS_TYPE_CD = EXCLUDED.GAS_TYPE_CD, VENDOR_ID = EXCLUDED.VENDOR_ID, CYLINDER_ID = EXCLUDED.CYLINDER_ID, EXPIRATION_DATE = EXCLUDED.EXPIRATION_DATE, USERID = EXCLUDED.USERID, ADD_DATE = EXCLUDED.ADD_DATE, UPDATE_DATE = EXCLUDED.UPDATE_DATE;
/* ORIS:      3    Location: 5         Test Type: LINE       Test Num: 20210614135748CD1     SQL Ord:    1 */ delete from camdecmpswks.TEST_SUMMARY where TEST_SUM_ID = 'TWCORNEL5-046E3C76A89249CFA6DC958B6237B386';
/* ORIS:      3    Location: 5         Test Type: LINE       Test Num: 20210614135748CD1     SQL Ord:    2 */ insert into camdecmpswks.TEST_SUMMARY ( TEST_SUM_ID, MON_LOC_ID, TEST_TYPE_CD, TEST_NUM, MON_SYS_ID, COMPONENT_ID, GP_IND, TEST_REASON_CD, TEST_RESULT_CD, RPT_PERIOD_ID, BEGIN_DATE, BEGIN_HOUR, BEGIN_MIN, END_DATE, END_HOUR, END_MIN, SPAN_SCALE_CD, INJECTION_PROTOCOL_CD, TEST_COMMENT, TEST_DESCRIPTION, CALC_GP_IND, CALC_TEST_RESULT_CD, CALC_SPAN_VALUE, LAST_UPDATED, UPDATED_STATUS_FLG, NEEDS_EVAL_FLG, CHK_SESSION_ID, USERID, ADD_DATE, UPDATE_DATE ) values ( 'TWCORNEL5-046E3C76A89249CFA6DC958B6237B386', '11', 'LINE', '20210614135748CD1', NULL, 'TWCORNEL5-45FE2C2ACADB4F6B86B1088EAE2DECEE', 0, 'QA', 'PASSED', NULL, '2021-06-14', 13, 55, '2021-06-14', 14, 56, 'H', NULL, NULL, NULL, NULL, NULL, 20.000, '2021-12-27 11:35:18', 'Y', 'N', 'CHV-LGIANN-483366E2FE014E9E8C0B83217CC02C6C', 'esupport', '2021-07-26 11:18:11', '2022-09-16 16:47:35' ) on conflict (TEST_SUM_ID) do update set MON_LOC_ID = EXCLUDED.MON_LOC_ID, TEST_TYPE_CD = EXCLUDED.TEST_TYPE_CD, TEST_NUM = EXCLUDED.TEST_NUM, MON_SYS_ID = EXCLUDED.MON_SYS_ID, COMPONENT_ID = EXCLUDED.COMPONENT_ID, GP_IND = EXCLUDED.GP_IND, TEST_REASON_CD = EXCLUDED.TEST_REASON_CD, TEST_RESULT_CD = EXCLUDED.TEST_RESULT_CD, RPT_PERIOD_ID = EXCLUDED.RPT_PERIOD_ID, BEGIN_DATE = EXCLUDED.BEGIN_DATE, BEGIN_HOUR = EXCLUDED.BEGIN_HOUR, BEGIN_MIN = EXCLUDED.BEGIN_MIN, END_DATE = EXCLUDED.END_DATE, END_HOUR = EXCLUDED.END_HOUR, END_MIN = EXCLUDED.END_MIN, SPAN_SCALE_CD = EXCLUDED.SPAN_SCALE_CD, INJECTION_PROTOCOL_CD = EXCLUDED.INJECTION_PROTOCOL_CD, TEST_COMMENT = EXCLUDED.TEST_COMMENT, TEST_DESCRIPTION = EXCLUDED.TEST_DESCRIPTION, CALC_GP_IND = EXCLUDED.CALC_GP_IND, CALC_TEST_RESULT_CD = EXCLUDED.CALC_TEST_RESULT_CD, CALC_SPAN_VALUE = EXCLUDED.CALC_SPAN_VALUE, LAST_UPDATED = EXCLUDED.LAST_UPDATED, UPDATED_STATUS_FLG = EXCLUDED.UPDATED_STATUS_FLG, NEEDS_EVAL_FLG = EXCLUDED.NEEDS_EVAL_FLG, CHK_SESSION_ID = EXCLUDED.CHK_SESSION_ID, USERID = EXCLUDED.USERID, ADD_DATE = EXCLUDED.ADD_DATE, UPDATE_DATE = EXCLUDED.UPDATE_DATE;
/* ORIS:      3    Location: 5         Test Type: LINE       Test Num: 20210614135748CD1     SQL Ord:    3 */ insert into camdecmpswks.LINEARITY_SUMMARY ( LIN_SUM_ID, TEST_SUM_ID, MEAN_REF_VALUE, MEAN_MEASURED_VALUE, PERCENT_ERROR, APS_IND, GAS_LEVEL_CD, CALC_MEAN_REF_VALUE, CALC_MEAN_MEASURED_VALUE, CALC_PERCENT_ERROR, CALC_APS_IND, USERID, ADD_DATE, UPDATE_DATE ) values ( 'TWCORNEL5-2AEABDF1BC474696892D99125959D897', 'TWCORNEL5-046E3C76A89249CFA6DC958B6237B386', 5.580, 5.867, 0.3, 1, 'LOW', 5.580, 5.867, 0.3, 1, 'esupport', '2021-07-26 11:18:11', '2022-09-16 16:47:35' ) on conflict (LIN_SUM_ID) do update set TEST_SUM_ID = EXCLUDED.TEST_SUM_ID, MEAN_REF_VALUE = EXCLUDED.MEAN_REF_VALUE, MEAN_MEASURED_VALUE = EXCLUDED.MEAN_MEASURED_VALUE, PERCENT_ERROR = EXCLUDED.PERCENT_ERROR, APS_IND = EXCLUDED.APS_IND, GAS_LEVEL_CD = EXCLUDED.GAS_LEVEL_CD, CALC_MEAN_REF_VALUE = EXCLUDED.CALC_MEAN_REF_VALUE, CALC_MEAN_MEASURED_VALUE = EXCLUDED.CALC_MEAN_MEASURED_VALUE, CALC_PERCENT_ERROR = EXCLUDED.CALC_PERCENT_ERROR, CALC_APS_IND = EXCLUDED.CALC_APS_IND, USERID = EXCLUDED.USERID, ADD_DATE = EXCLUDED.ADD_DATE, UPDATE_DATE = EXCLUDED.UPDATE_DATE;
/* ORIS:      3    Location: 5         Test Type: LINE       Test Num: 20210614135748CD1     SQL Ord:    3 */ insert into camdecmpswks.LINEARITY_SUMMARY ( LIN_SUM_ID, TEST_SUM_ID, MEAN_REF_VALUE, MEAN_MEASURED_VALUE, PERCENT_ERROR, APS_IND, GAS_LEVEL_CD, CALC_MEAN_REF_VALUE, CALC_MEAN_MEASURED_VALUE, CALC_PERCENT_ERROR, CALC_APS_IND, USERID, ADD_DATE, UPDATE_DATE ) values ( 'TWCORNEL5-970F13F9FAE446C6864980FBCA47F1EA', 'TWCORNEL5-046E3C76A89249CFA6DC958B6237B386', 11.310, 11.433, 1.1, 0, 'MID', 11.310, 11.433, 1.1, 0, 'esupport', '2021-07-26 11:18:11', '2022-09-16 16:47:35' ) on conflict (LIN_SUM_ID) do update set TEST_SUM_ID = EXCLUDED.TEST_SUM_ID, MEAN_REF_VALUE = EXCLUDED.MEAN_REF_VALUE, MEAN_MEASURED_VALUE = EXCLUDED.MEAN_MEASURED_VALUE, PERCENT_ERROR = EXCLUDED.PERCENT_ERROR, APS_IND = EXCLUDED.APS_IND, GAS_LEVEL_CD = EXCLUDED.GAS_LEVEL_CD, CALC_MEAN_REF_VALUE = EXCLUDED.CALC_MEAN_REF_VALUE, CALC_MEAN_MEASURED_VALUE = EXCLUDED.CALC_MEAN_MEASURED_VALUE, CALC_PERCENT_ERROR = EXCLUDED.CALC_PERCENT_ERROR, CALC_APS_IND = EXCLUDED.CALC_APS_IND, USERID = EXCLUDED.USERID, ADD_DATE = EXCLUDED.ADD_DATE, UPDATE_DATE = EXCLUDED.UPDATE_DATE;
/* ORIS:      3    Location: 5         Test Type: LINE       Test Num: 20210614135748CD1     SQL Ord:    3 */ insert into camdecmpswks.LINEARITY_SUMMARY ( LIN_SUM_ID, TEST_SUM_ID, MEAN_REF_VALUE, MEAN_MEASURED_VALUE, PERCENT_ERROR, APS_IND, GAS_LEVEL_CD, CALC_MEAN_REF_VALUE, CALC_MEAN_MEASURED_VALUE, CALC_PERCENT_ERROR, CALC_APS_IND, USERID, ADD_DATE, UPDATE_DATE ) values ( 'TWCORNEL5-9C3420B001D54318A53268F8A450A6BC', 'TWCORNEL5-046E3C76A89249CFA6DC958B6237B386', 19.420, NULL, 3.5, 0, 'HIGH', 19.420, 18.733, 3.5, 0, 'esupport', '2021-07-26 11:18:11', '2022-09-16 16:47:35' ) on conflict (LIN_SUM_ID) do update set TEST_SUM_ID = EXCLUDED.TEST_SUM_ID, MEAN_REF_VALUE = EXCLUDED.MEAN_REF_VALUE, MEAN_MEASURED_VALUE = EXCLUDED.MEAN_MEASURED_VALUE, PERCENT_ERROR = EXCLUDED.PERCENT_ERROR, APS_IND = EXCLUDED.APS_IND, GAS_LEVEL_CD = EXCLUDED.GAS_LEVEL_CD, CALC_MEAN_REF_VALUE = EXCLUDED.CALC_MEAN_REF_VALUE, CALC_MEAN_MEASURED_VALUE = EXCLUDED.CALC_MEAN_MEASURED_VALUE, CALC_PERCENT_ERROR = EXCLUDED.CALC_PERCENT_ERROR, CALC_APS_IND = EXCLUDED.CALC_APS_IND, USERID = EXCLUDED.USERID, ADD_DATE = EXCLUDED.ADD_DATE, UPDATE_DATE = EXCLUDED.UPDATE_DATE;
/* ORIS:      3    Location: 5         Test Type: LINE       Test Num: 20210614135748CD1     SQL Ord:    4 */ insert into camdecmpswks.LINEARITY_INJECTION ( LIN_INJ_ID, LIN_SUM_ID, INJECTION_DATE, INJECTION_HOUR, INJECTION_MIN, MEASURED_VALUE, REF_VALUE, USERID, ADD_DATE, UPDATE_DATE ) values ( 'TWCORNEL5-0DA68058153F461AB8ED08F415F5EFE2', 'TWCORNEL5-2AEABDF1BC474696892D99125959D897', '2021-06-14', 14, 38, 5.900, 5.580, 'bvick', '2021-07-26 11:18:11', NULL ) on conflict (LIN_INJ_ID) do update set LIN_SUM_ID = EXCLUDED.LIN_SUM_ID, INJECTION_DATE = EXCLUDED.INJECTION_DATE, INJECTION_HOUR = EXCLUDED.INJECTION_HOUR, INJECTION_MIN = EXCLUDED.INJECTION_MIN, MEASURED_VALUE = EXCLUDED.MEASURED_VALUE, REF_VALUE = EXCLUDED.REF_VALUE, USERID = EXCLUDED.USERID, ADD_DATE = EXCLUDED.ADD_DATE, UPDATE_DATE = EXCLUDED.UPDATE_DATE;
/* ORIS:      3    Location: 5         Test Type: LINE       Test Num: 20210614135748CD1     SQL Ord:    4 */ insert into camdecmpswks.LINEARITY_INJECTION ( LIN_INJ_ID, LIN_SUM_ID, INJECTION_DATE, INJECTION_HOUR, INJECTION_MIN, MEASURED_VALUE, REF_VALUE, USERID, ADD_DATE, UPDATE_DATE ) values ( 'TWCORNEL5-1B41CF6B8DF443CCBD5BB849930940EC', 'TWCORNEL5-970F13F9FAE446C6864980FBCA47F1EA', '2021-06-14', 14, 3, 11.300, 11.310, 'bvick', '2021-07-26 11:18:11', NULL ) on conflict (LIN_INJ_ID) do update set LIN_SUM_ID = EXCLUDED.LIN_SUM_ID, INJECTION_DATE = EXCLUDED.INJECTION_DATE, INJECTION_HOUR = EXCLUDED.INJECTION_HOUR, INJECTION_MIN = EXCLUDED.INJECTION_MIN, MEASURED_VALUE = EXCLUDED.MEASURED_VALUE, REF_VALUE = EXCLUDED.REF_VALUE, USERID = EXCLUDED.USERID, ADD_DATE = EXCLUDED.ADD_DATE, UPDATE_DATE = EXCLUDED.UPDATE_DATE;
/* ORIS:      3    Location: 5         Test Type: LINE       Test Num: 20210614135748CD1     SQL Ord:    4 */ insert into camdecmpswks.LINEARITY_INJECTION ( LIN_INJ_ID, LIN_SUM_ID, INJECTION_DATE, INJECTION_HOUR, INJECTION_MIN, MEASURED_VALUE, REF_VALUE, USERID, ADD_DATE, UPDATE_DATE ) values ( 'TWCORNEL5-85AF22E331604629A3F38668E5A3BF79', 'TWCORNEL5-9C3420B001D54318A53268F8A450A6BC', '2021-06-14', 14, 44, 18.600, 19.420, 'bvick', '2021-07-26 11:18:11', NULL ) on conflict (LIN_INJ_ID) do update set LIN_SUM_ID = EXCLUDED.LIN_SUM_ID, INJECTION_DATE = EXCLUDED.INJECTION_DATE, INJECTION_HOUR = EXCLUDED.INJECTION_HOUR, INJECTION_MIN = EXCLUDED.INJECTION_MIN, MEASURED_VALUE = EXCLUDED.MEASURED_VALUE, REF_VALUE = EXCLUDED.REF_VALUE, USERID = EXCLUDED.USERID, ADD_DATE = EXCLUDED.ADD_DATE, UPDATE_DATE = EXCLUDED.UPDATE_DATE;
/* ORIS:      3    Location: 5         Test Type: LINE       Test Num: 20210614135748CD1     SQL Ord:    4 */ insert into camdecmpswks.LINEARITY_INJECTION ( LIN_INJ_ID, LIN_SUM_ID, INJECTION_DATE, INJECTION_HOUR, INJECTION_MIN, MEASURED_VALUE, REF_VALUE, USERID, ADD_DATE, UPDATE_DATE ) values ( 'TWCORNEL5-AC6FDEBB89704CC2BF442CBB622B5780', 'TWCORNEL5-2AEABDF1BC474696892D99125959D897', '2021-06-14', 14, 56, 5.900, 5.580, 'bvick', '2021-07-26 11:18:11', NULL ) on conflict (LIN_INJ_ID) do update set LIN_SUM_ID = EXCLUDED.LIN_SUM_ID, INJECTION_DATE = EXCLUDED.INJECTION_DATE, INJECTION_HOUR = EXCLUDED.INJECTION_HOUR, INJECTION_MIN = EXCLUDED.INJECTION_MIN, MEASURED_VALUE = EXCLUDED.MEASURED_VALUE, REF_VALUE = EXCLUDED.REF_VALUE, USERID = EXCLUDED.USERID, ADD_DATE = EXCLUDED.ADD_DATE, UPDATE_DATE = EXCLUDED.UPDATE_DATE;
/* ORIS:      3    Location: 5         Test Type: LINE       Test Num: 20210614135748CD1     SQL Ord:    4 */ insert into camdecmpswks.LINEARITY_INJECTION ( LIN_INJ_ID, LIN_SUM_ID, INJECTION_DATE, INJECTION_HOUR, INJECTION_MIN, MEASURED_VALUE, REF_VALUE, USERID, ADD_DATE, UPDATE_DATE ) values ( 'TWCORNEL5-ADAC5DF87F8149F985AB9E87885B0B04', 'TWCORNEL5-2AEABDF1BC474696892D99125959D897', '2021-06-14', 14, 8, 5.800, 5.580, 'bvick', '2021-07-26 11:18:11', NULL ) on conflict (LIN_INJ_ID) do update set LIN_SUM_ID = EXCLUDED.LIN_SUM_ID, INJECTION_DATE = EXCLUDED.INJECTION_DATE, INJECTION_HOUR = EXCLUDED.INJECTION_HOUR, INJECTION_MIN = EXCLUDED.INJECTION_MIN, MEASURED_VALUE = EXCLUDED.MEASURED_VALUE, REF_VALUE = EXCLUDED.REF_VALUE, USERID = EXCLUDED.USERID, ADD_DATE = EXCLUDED.ADD_DATE, UPDATE_DATE = EXCLUDED.UPDATE_DATE;
/* ORIS:      3    Location: 5         Test Type: LINE       Test Num: 20210614135748CD1     SQL Ord:    4 */ insert into camdecmpswks.LINEARITY_INJECTION ( LIN_INJ_ID, LIN_SUM_ID, INJECTION_DATE, INJECTION_HOUR, INJECTION_MIN, MEASURED_VALUE, REF_VALUE, USERID, ADD_DATE, UPDATE_DATE ) values ( 'TWCORNEL5-CC2CBCE4186F4B9385858A838D19F1C8', 'TWCORNEL5-9C3420B001D54318A53268F8A450A6BC', '2021-06-14', 13, 55, 18.900, 19.420, 'bvick', '2021-07-26 11:18:11', NULL ) on conflict (LIN_INJ_ID) do update set LIN_SUM_ID = EXCLUDED.LIN_SUM_ID, INJECTION_DATE = EXCLUDED.INJECTION_DATE, INJECTION_HOUR = EXCLUDED.INJECTION_HOUR, INJECTION_MIN = EXCLUDED.INJECTION_MIN, MEASURED_VALUE = EXCLUDED.MEASURED_VALUE, REF_VALUE = EXCLUDED.REF_VALUE, USERID = EXCLUDED.USERID, ADD_DATE = EXCLUDED.ADD_DATE, UPDATE_DATE = EXCLUDED.UPDATE_DATE;
/* ORIS:      3    Location: 5         Test Type: LINE       Test Num: 20210614135748CD1     SQL Ord:    4 */ insert into camdecmpswks.LINEARITY_INJECTION ( LIN_INJ_ID, LIN_SUM_ID, INJECTION_DATE, INJECTION_HOUR, INJECTION_MIN, MEASURED_VALUE, REF_VALUE, USERID, ADD_DATE, UPDATE_DATE ) values ( 'TWCORNEL5-D7ED9E92A04D406CA4E8EDFAC54BD098', 'TWCORNEL5-970F13F9FAE446C6864980FBCA47F1EA', '2021-06-14', 14, 21, 11.500, 11.310, 'bvick', '2021-07-26 11:18:11', NULL ) on conflict (LIN_INJ_ID) do update set LIN_SUM_ID = EXCLUDED.LIN_SUM_ID, INJECTION_DATE = EXCLUDED.INJECTION_DATE, INJECTION_HOUR = EXCLUDED.INJECTION_HOUR, INJECTION_MIN = EXCLUDED.INJECTION_MIN, MEASURED_VALUE = EXCLUDED.MEASURED_VALUE, REF_VALUE = EXCLUDED.REF_VALUE, USERID = EXCLUDED.USERID, ADD_DATE = EXCLUDED.ADD_DATE, UPDATE_DATE = EXCLUDED.UPDATE_DATE;
/* ORIS:      3    Location: 5         Test Type: LINE       Test Num: 20210614135748CD1     SQL Ord:    4 */ insert into camdecmpswks.LINEARITY_INJECTION ( LIN_INJ_ID, LIN_SUM_ID, INJECTION_DATE, INJECTION_HOUR, INJECTION_MIN, MEASURED_VALUE, REF_VALUE, USERID, ADD_DATE, UPDATE_DATE ) values ( 'TWCORNEL5-EE8FE00537144ECCA2C9565898DF923A', 'TWCORNEL5-970F13F9FAE446C6864980FBCA47F1EA', '2021-06-14', 14, 50, 11.500, 11.310, 'bvick', '2021-07-26 11:18:11', NULL ) on conflict (LIN_INJ_ID) do update set LIN_SUM_ID = EXCLUDED.LIN_SUM_ID, INJECTION_DATE = EXCLUDED.INJECTION_DATE, INJECTION_HOUR = EXCLUDED.INJECTION_HOUR, INJECTION_MIN = EXCLUDED.INJECTION_MIN, MEASURED_VALUE = EXCLUDED.MEASURED_VALUE, REF_VALUE = EXCLUDED.REF_VALUE, USERID = EXCLUDED.USERID, ADD_DATE = EXCLUDED.ADD_DATE, UPDATE_DATE = EXCLUDED.UPDATE_DATE;
/* ORIS:      3    Location: 5         Test Type: LINE       Test Num: 20210614135748CD1     SQL Ord:    4 */ insert into camdecmpswks.LINEARITY_INJECTION ( LIN_INJ_ID, LIN_SUM_ID, INJECTION_DATE, INJECTION_HOUR, INJECTION_MIN, MEASURED_VALUE, REF_VALUE, USERID, ADD_DATE, UPDATE_DATE ) values ( 'TWCORNEL5-F7AFE703509341D49AC1FCB1222D6403', 'TWCORNEL5-9C3420B001D54318A53268F8A450A6BC', '2021-06-14', 14, 16, 18.700, 19.420, 'bvick', '2021-07-26 11:18:11', NULL ) on conflict (LIN_INJ_ID) do update set LIN_SUM_ID = EXCLUDED.LIN_SUM_ID, INJECTION_DATE = EXCLUDED.INJECTION_DATE, INJECTION_HOUR = EXCLUDED.INJECTION_HOUR, INJECTION_MIN = EXCLUDED.INJECTION_MIN, MEASURED_VALUE = EXCLUDED.MEASURED_VALUE, REF_VALUE = EXCLUDED.REF_VALUE, USERID = EXCLUDED.USERID, ADD_DATE = EXCLUDED.ADD_DATE, UPDATE_DATE = EXCLUDED.UPDATE_DATE;
/* ORIS:      3    Location: 5         Test Type: LINE       Test Num: 20210614135748CD1     SQL Ord:    5 */ insert into camdecmpswks.PROTOCOL_GAS ( PROTOCOL_GAS_ID, TEST_SUM_ID, GAS_LEVEL_CD, GAS_TYPE_CD, VENDOR_ID, CYLINDER_ID, EXPIRATION_DATE, USERID, ADD_DATE, UPDATE_DATE ) values ( 'TWCORNEL5-124CD2D2D5C84740B1554151D9967B73', 'TWCORNEL5-046E3C76A89249CFA6DC958B6237B386', 'MID', 'CO2,NO,NOX,SO2,BALN', 'B22018', 'CC494036', '2026-04-02', 'bvick', '2021-07-26 11:18:12', NULL ) on conflict (PROTOCOL_GAS_ID) do update set TEST_SUM_ID = EXCLUDED.TEST_SUM_ID, GAS_LEVEL_CD = EXCLUDED.GAS_LEVEL_CD, GAS_TYPE_CD = EXCLUDED.GAS_TYPE_CD, VENDOR_ID = EXCLUDED.VENDOR_ID, CYLINDER_ID = EXCLUDED.CYLINDER_ID, EXPIRATION_DATE = EXCLUDED.EXPIRATION_DATE, USERID = EXCLUDED.USERID, ADD_DATE = EXCLUDED.ADD_DATE, UPDATE_DATE = EXCLUDED.UPDATE_DATE;
/* ORIS:      3    Location: 5         Test Type: LINE       Test Num: 20210614135748CD1     SQL Ord:    5 */ insert into camdecmpswks.PROTOCOL_GAS ( PROTOCOL_GAS_ID, TEST_SUM_ID, GAS_LEVEL_CD, GAS_TYPE_CD, VENDOR_ID, CYLINDER_ID, EXPIRATION_DATE, USERID, ADD_DATE, UPDATE_DATE ) values ( 'TWCORNEL5-4B2B69A03D6E42C39B3C421ABAE61EBA', 'TWCORNEL5-046E3C76A89249CFA6DC958B6237B386', 'LOW', 'CO2,NO,NOX,SO2,BALN', 'B22018', 'CC122724', '2026-10-09', 'bvick', '2021-07-26 11:18:12', NULL ) on conflict (PROTOCOL_GAS_ID) do update set TEST_SUM_ID = EXCLUDED.TEST_SUM_ID, GAS_LEVEL_CD = EXCLUDED.GAS_LEVEL_CD, GAS_TYPE_CD = EXCLUDED.GAS_TYPE_CD, VENDOR_ID = EXCLUDED.VENDOR_ID, CYLINDER_ID = EXCLUDED.CYLINDER_ID, EXPIRATION_DATE = EXCLUDED.EXPIRATION_DATE, USERID = EXCLUDED.USERID, ADD_DATE = EXCLUDED.ADD_DATE, UPDATE_DATE = EXCLUDED.UPDATE_DATE;
/* ORIS:      3    Location: 5         Test Type: LINE       Test Num: 20210614135748CD1     SQL Ord:    5 */ insert into camdecmpswks.PROTOCOL_GAS ( PROTOCOL_GAS_ID, TEST_SUM_ID, GAS_LEVEL_CD, GAS_TYPE_CD, VENDOR_ID, CYLINDER_ID, EXPIRATION_DATE, USERID, ADD_DATE, UPDATE_DATE ) values ( 'TWCORNEL5-A3D39B83B4DC4525BB0D44C8DFC322CB', 'TWCORNEL5-046E3C76A89249CFA6DC958B6237B386', 'HIGH', 'CO2,NO,NOX,SO2,BALN', 'B22018', 'CC44707', '2026-10-09', 'bvick', '2021-07-26 11:18:12', NULL ) on conflict (PROTOCOL_GAS_ID) do update set TEST_SUM_ID = EXCLUDED.TEST_SUM_ID, GAS_LEVEL_CD = EXCLUDED.GAS_LEVEL_CD, GAS_TYPE_CD = EXCLUDED.GAS_TYPE_CD, VENDOR_ID = EXCLUDED.VENDOR_ID, CYLINDER_ID = EXCLUDED.CYLINDER_ID, EXPIRATION_DATE = EXCLUDED.EXPIRATION_DATE, USERID = EXCLUDED.USERID, ADD_DATE = EXCLUDED.ADD_DATE, UPDATE_DATE = EXCLUDED.UPDATE_DATE;
/* ORIS:      3    Location: 5         Test Type: LINE       Test Num: 20210614135748NX1     SQL Ord:    1 */ delete from camdecmpswks.TEST_SUMMARY where TEST_SUM_ID = 'TWCORNEL5-5D32395B13434F1BA0A0E2217080523B';
/* ORIS:      3    Location: 5         Test Type: LINE       Test Num: 20210614135748NX1     SQL Ord:    2 */ insert into camdecmpswks.TEST_SUMMARY ( TEST_SUM_ID, MON_LOC_ID, TEST_TYPE_CD, TEST_NUM, MON_SYS_ID, COMPONENT_ID, GP_IND, TEST_REASON_CD, TEST_RESULT_CD, RPT_PERIOD_ID, BEGIN_DATE, BEGIN_HOUR, BEGIN_MIN, END_DATE, END_HOUR, END_MIN, SPAN_SCALE_CD, INJECTION_PROTOCOL_CD, TEST_COMMENT, TEST_DESCRIPTION, CALC_GP_IND, CALC_TEST_RESULT_CD, CALC_SPAN_VALUE, LAST_UPDATED, UPDATED_STATUS_FLG, NEEDS_EVAL_FLG, CHK_SESSION_ID, USERID, ADD_DATE, UPDATE_DATE ) values ( 'TWCORNEL5-5D32395B13434F1BA0A0E2217080523B', '11', 'LINE', '20210614135748NX1', NULL, 'TWCORNEL5-8A5F84F444B8419DA6780BD08B041C3C', 0, 'QA', 'PASSED', NULL, '2021-06-14', 13, 55, '2021-06-14', 14, 56, 'H', NULL, NULL, NULL, NULL, NULL, 500.000, NULL, 'N', 'N', 'CHV-LGIANN-AD14C16771C44F16A9B09DE1288C80E6', 'esupport', '2021-07-26 11:18:12', '2022-09-16 16:47:37' ) on conflict (TEST_SUM_ID) do update set MON_LOC_ID = EXCLUDED.MON_LOC_ID, TEST_TYPE_CD = EXCLUDED.TEST_TYPE_CD, TEST_NUM = EXCLUDED.TEST_NUM, MON_SYS_ID = EXCLUDED.MON_SYS_ID, COMPONENT_ID = EXCLUDED.COMPONENT_ID, GP_IND = EXCLUDED.GP_IND, TEST_REASON_CD = EXCLUDED.TEST_REASON_CD, TEST_RESULT_CD = EXCLUDED.TEST_RESULT_CD, RPT_PERIOD_ID = EXCLUDED.RPT_PERIOD_ID, BEGIN_DATE = EXCLUDED.BEGIN_DATE, BEGIN_HOUR = EXCLUDED.BEGIN_HOUR, BEGIN_MIN = EXCLUDED.BEGIN_MIN, END_DATE = EXCLUDED.END_DATE, END_HOUR = EXCLUDED.END_HOUR, END_MIN = EXCLUDED.END_MIN, SPAN_SCALE_CD = EXCLUDED.SPAN_SCALE_CD, INJECTION_PROTOCOL_CD = EXCLUDED.INJECTION_PROTOCOL_CD, TEST_COMMENT = EXCLUDED.TEST_COMMENT, TEST_DESCRIPTION = EXCLUDED.TEST_DESCRIPTION, CALC_GP_IND = EXCLUDED.CALC_GP_IND, CALC_TEST_RESULT_CD = EXCLUDED.CALC_TEST_RESULT_CD, CALC_SPAN_VALUE = EXCLUDED.CALC_SPAN_VALUE, LAST_UPDATED = EXCLUDED.LAST_UPDATED, UPDATED_STATUS_FLG = EXCLUDED.UPDATED_STATUS_FLG, NEEDS_EVAL_FLG = EXCLUDED.NEEDS_EVAL_FLG, CHK_SESSION_ID = EXCLUDED.CHK_SESSION_ID, USERID = EXCLUDED.USERID, ADD_DATE = EXCLUDED.ADD_DATE, UPDATE_DATE = EXCLUDED.UPDATE_DATE;
/* ORIS:      3    Location: 5         Test Type: LINE       Test Num: 20210614135748NX1     SQL Ord:    3 */ insert into camdecmpswks.LINEARITY_SUMMARY ( LIN_SUM_ID, TEST_SUM_ID, MEAN_REF_VALUE, MEAN_MEASURED_VALUE, PERCENT_ERROR, APS_IND, GAS_LEVEL_CD, CALC_MEAN_REF_VALUE, CALC_MEAN_MEASURED_VALUE, CALC_PERCENT_ERROR, CALC_APS_IND, USERID, ADD_DATE, UPDATE_DATE ) values ( 'TWCORNEL5-0BF2222FFB124C5789D6EABD3EAC9517', 'TWCORNEL5-5D32395B13434F1BA0A0E2217080523B', 475.100, 464.000, 2.3, 0, 'HIGH', 475.100, 464.000, 2.3, 0, 'esupport', '2021-07-26 11:18:12', '2022-09-16 16:47:37' ) on conflict (LIN_SUM_ID) do update set TEST_SUM_ID = EXCLUDED.TEST_SUM_ID, MEAN_REF_VALUE = EXCLUDED.MEAN_REF_VALUE, MEAN_MEASURED_VALUE = EXCLUDED.MEAN_MEASURED_VALUE, PERCENT_ERROR = EXCLUDED.PERCENT_ERROR, APS_IND = EXCLUDED.APS_IND, GAS_LEVEL_CD = EXCLUDED.GAS_LEVEL_CD, CALC_MEAN_REF_VALUE = EXCLUDED.CALC_MEAN_REF_VALUE, CALC_MEAN_MEASURED_VALUE = EXCLUDED.CALC_MEAN_MEASURED_VALUE, CALC_PERCENT_ERROR = EXCLUDED.CALC_PERCENT_ERROR, CALC_APS_IND = EXCLUDED.CALC_APS_IND, USERID = EXCLUDED.USERID, ADD_DATE = EXCLUDED.ADD_DATE, UPDATE_DATE = EXCLUDED.UPDATE_DATE;
/* ORIS:      3    Location: 5         Test Type: LINE       Test Num: 20210614135748NX1     SQL Ord:    3 */ insert into camdecmpswks.LINEARITY_SUMMARY ( LIN_SUM_ID, TEST_SUM_ID, MEAN_REF_VALUE, MEAN_MEASURED_VALUE, PERCENT_ERROR, APS_IND, GAS_LEVEL_CD, CALC_MEAN_REF_VALUE, CALC_MEAN_MEASURED_VALUE, CALC_PERCENT_ERROR, CALC_APS_IND, USERID, ADD_DATE, UPDATE_DATE ) values ( 'TWCORNEL5-26BC48E740594F07986E0C5CE29C3E43', 'TWCORNEL5-5D32395B13434F1BA0A0E2217080523B', 262.100, 262.400, 0.1, 0, 'MID', 262.100, 262.400, 0.1, 0, 'esupport', '2021-07-26 11:18:12', '2022-09-16 16:47:37' ) on conflict (LIN_SUM_ID) do update set TEST_SUM_ID = EXCLUDED.TEST_SUM_ID, MEAN_REF_VALUE = EXCLUDED.MEAN_REF_VALUE, MEAN_MEASURED_VALUE = EXCLUDED.MEAN_MEASURED_VALUE, PERCENT_ERROR = EXCLUDED.PERCENT_ERROR, APS_IND = EXCLUDED.APS_IND, GAS_LEVEL_CD = EXCLUDED.GAS_LEVEL_CD, CALC_MEAN_REF_VALUE = EXCLUDED.CALC_MEAN_REF_VALUE, CALC_MEAN_MEASURED_VALUE = EXCLUDED.CALC_MEAN_MEASURED_VALUE, CALC_PERCENT_ERROR = EXCLUDED.CALC_PERCENT_ERROR, CALC_APS_IND = EXCLUDED.CALC_APS_IND, USERID = EXCLUDED.USERID, ADD_DATE = EXCLUDED.ADD_DATE, UPDATE_DATE = EXCLUDED.UPDATE_DATE;
/* ORIS:      3    Location: 5         Test Type: LINE       Test Num: 20210614135748NX1     SQL Ord:    3 */ insert into camdecmpswks.LINEARITY_SUMMARY ( LIN_SUM_ID, TEST_SUM_ID, MEAN_REF_VALUE, MEAN_MEASURED_VALUE, PERCENT_ERROR, APS_IND, GAS_LEVEL_CD, CALC_MEAN_REF_VALUE, CALC_MEAN_MEASURED_VALUE, CALC_PERCENT_ERROR, CALC_APS_IND, USERID, ADD_DATE, UPDATE_DATE ) values ( 'TWCORNEL5-8C8D5B54027E49FFA8727FB8C5700796', 'TWCORNEL5-5D32395B13434F1BA0A0E2217080523B', 125.200, 128.300, 2.5, 0, 'LOW', 125.200, 128.300, 2.5, 0, 'esupport', '2021-07-26 11:18:12', '2022-09-16 16:47:37' ) on conflict (LIN_SUM_ID) do update set TEST_SUM_ID = EXCLUDED.TEST_SUM_ID, MEAN_REF_VALUE = EXCLUDED.MEAN_REF_VALUE, MEAN_MEASURED_VALUE = EXCLUDED.MEAN_MEASURED_VALUE, PERCENT_ERROR = EXCLUDED.PERCENT_ERROR, APS_IND = EXCLUDED.APS_IND, GAS_LEVEL_CD = EXCLUDED.GAS_LEVEL_CD, CALC_MEAN_REF_VALUE = EXCLUDED.CALC_MEAN_REF_VALUE, CALC_MEAN_MEASURED_VALUE = EXCLUDED.CALC_MEAN_MEASURED_VALUE, CALC_PERCENT_ERROR = EXCLUDED.CALC_PERCENT_ERROR, CALC_APS_IND = EXCLUDED.CALC_APS_IND, USERID = EXCLUDED.USERID, ADD_DATE = EXCLUDED.ADD_DATE, UPDATE_DATE = EXCLUDED.UPDATE_DATE;
/* ORIS:      3    Location: 5         Test Type: LINE       Test Num: 20210614135748NX1     SQL Ord:    4 */ insert into camdecmpswks.LINEARITY_INJECTION ( LIN_INJ_ID, LIN_SUM_ID, INJECTION_DATE, INJECTION_HOUR, INJECTION_MIN, MEASURED_VALUE, REF_VALUE, USERID, ADD_DATE, UPDATE_DATE ) values ( 'TWCORNEL5-02B489C3789F4602A445E12B3F9841F4', 'TWCORNEL5-26BC48E740594F07986E0C5CE29C3E43', '2021-06-14', 14, 50, 261.400, 262.100, 'bvick', '2021-07-26 11:18:12', NULL ) on conflict (LIN_INJ_ID) do update set LIN_SUM_ID = EXCLUDED.LIN_SUM_ID, INJECTION_DATE = EXCLUDED.INJECTION_DATE, INJECTION_HOUR = EXCLUDED.INJECTION_HOUR, INJECTION_MIN = EXCLUDED.INJECTION_MIN, MEASURED_VALUE = EXCLUDED.MEASURED_VALUE, REF_VALUE = EXCLUDED.REF_VALUE, USERID = EXCLUDED.USERID, ADD_DATE = EXCLUDED.ADD_DATE, UPDATE_DATE = EXCLUDED.UPDATE_DATE;
/* ORIS:      3    Location: 5         Test Type: LINE       Test Num: 20210614135748NX1     SQL Ord:    4 */ insert into camdecmpswks.LINEARITY_INJECTION ( LIN_INJ_ID, LIN_SUM_ID, INJECTION_DATE, INJECTION_HOUR, INJECTION_MIN, MEASURED_VALUE, REF_VALUE, USERID, ADD_DATE, UPDATE_DATE ) values ( 'TWCORNEL5-37EC4D8A2E5649EABEE0664714D7935D', 'TWCORNEL5-0BF2222FFB124C5789D6EABD3EAC9517', '2021-06-14', 14, 17, 463.300, 475.100, 'bvick', '2021-07-26 11:18:12', NULL ) on conflict (LIN_INJ_ID) do update set LIN_SUM_ID = EXCLUDED.LIN_SUM_ID, INJECTION_DATE = EXCLUDED.INJECTION_DATE, INJECTION_HOUR = EXCLUDED.INJECTION_HOUR, INJECTION_MIN = EXCLUDED.INJECTION_MIN, MEASURED_VALUE = EXCLUDED.MEASURED_VALUE, REF_VALUE = EXCLUDED.REF_VALUE, USERID = EXCLUDED.USERID, ADD_DATE = EXCLUDED.ADD_DATE, UPDATE_DATE = EXCLUDED.UPDATE_DATE;
/* ORIS:      3    Location: 5         Test Type: LINE       Test Num: 20210614135748NX1     SQL Ord:    4 */ insert into camdecmpswks.LINEARITY_INJECTION ( LIN_INJ_ID, LIN_SUM_ID, INJECTION_DATE, INJECTION_HOUR, INJECTION_MIN, MEASURED_VALUE, REF_VALUE, USERID, ADD_DATE, UPDATE_DATE ) values ( 'TWCORNEL5-4B81C4F190A54D31BCB6A67A32863ADA', 'TWCORNEL5-26BC48E740594F07986E0C5CE29C3E43', '2021-06-14', 14, 21, 262.800, 262.100, 'bvick', '2021-07-26 11:18:12', NULL ) on conflict (LIN_INJ_ID) do update set LIN_SUM_ID = EXCLUDED.LIN_SUM_ID, INJECTION_DATE = EXCLUDED.INJECTION_DATE, INJECTION_HOUR = EXCLUDED.INJECTION_HOUR, INJECTION_MIN = EXCLUDED.INJECTION_MIN, MEASURED_VALUE = EXCLUDED.MEASURED_VALUE, REF_VALUE = EXCLUDED.REF_VALUE, USERID = EXCLUDED.USERID, ADD_DATE = EXCLUDED.ADD_DATE, UPDATE_DATE = EXCLUDED.UPDATE_DATE;
/* ORIS:      3    Location: 5         Test Type: LINE       Test Num: 20210614135748NX1     SQL Ord:    4 */ insert into camdecmpswks.LINEARITY_INJECTION ( LIN_INJ_ID, LIN_SUM_ID, INJECTION_DATE, INJECTION_HOUR, INJECTION_MIN, MEASURED_VALUE, REF_VALUE, USERID, ADD_DATE, UPDATE_DATE ) values ( 'TWCORNEL5-55863C54CD0C433AA8C00D6071A0D204', 'TWCORNEL5-8C8D5B54027E49FFA8727FB8C5700796', '2021-06-14', 14, 56, 127.700, 125.200, 'bvick', '2021-07-26 11:18:12', NULL ) on conflict (LIN_INJ_ID) do update set LIN_SUM_ID = EXCLUDED.LIN_SUM_ID, INJECTION_DATE = EXCLUDED.INJECTION_DATE, INJECTION_HOUR = EXCLUDED.INJECTION_HOUR, INJECTION_MIN = EXCLUDED.INJECTION_MIN, MEASURED_VALUE = EXCLUDED.MEASURED_VALUE, REF_VALUE = EXCLUDED.REF_VALUE, USERID = EXCLUDED.USERID, ADD_DATE = EXCLUDED.ADD_DATE, UPDATE_DATE = EXCLUDED.UPDATE_DATE;
/* ORIS:      3    Location: 5         Test Type: LINE       Test Num: 20210614135748NX1     SQL Ord:    4 */ insert into camdecmpswks.LINEARITY_INJECTION ( LIN_INJ_ID, LIN_SUM_ID, INJECTION_DATE, INJECTION_HOUR, INJECTION_MIN, MEASURED_VALUE, REF_VALUE, USERID, ADD_DATE, UPDATE_DATE ) values ( 'TWCORNEL5-58F698DEE85E4FC4AF153840C3C9B173', 'TWCORNEL5-0BF2222FFB124C5789D6EABD3EAC9517', '2021-06-14', 13, 55, 464.500, 475.100, 'bvick', '2021-07-26 11:18:12', NULL ) on conflict (LIN_INJ_ID) do update set LIN_SUM_ID = EXCLUDED.LIN_SUM_ID, INJECTION_DATE = EXCLUDED.INJECTION_DATE, INJECTION_HOUR = EXCLUDED.INJECTION_HOUR, INJECTION_MIN = EXCLUDED.INJECTION_MIN, MEASURED_VALUE = EXCLUDED.MEASURED_VALUE, REF_VALUE = EXCLUDED.REF_VALUE, USERID = EXCLUDED.USERID, ADD_DATE = EXCLUDED.ADD_DATE, UPDATE_DATE = EXCLUDED.UPDATE_DATE;
/* ORIS:      3    Location: 5         Test Type: LINE       Test Num: 20210614135748NX1     SQL Ord:    4 */ insert into camdecmpswks.LINEARITY_INJECTION ( LIN_INJ_ID, LIN_SUM_ID, INJECTION_DATE, INJECTION_HOUR, INJECTION_MIN, MEASURED_VALUE, REF_VALUE, USERID, ADD_DATE, UPDATE_DATE ) values ( 'TWCORNEL5-A5614239C183455E8A24287E396A7B94', 'TWCORNEL5-8C8D5B54027E49FFA8727FB8C5700796', '2021-06-14', 14, 38, 128.100, 125.200, 'bvick', '2021-07-26 11:18:12', NULL ) on conflict (LIN_INJ_ID) do update set LIN_SUM_ID = EXCLUDED.LIN_SUM_ID, INJECTION_DATE = EXCLUDED.INJECTION_DATE, INJECTION_HOUR = EXCLUDED.INJECTION_HOUR, INJECTION_MIN = EXCLUDED.INJECTION_MIN, MEASURED_VALUE = EXCLUDED.MEASURED_VALUE, REF_VALUE = EXCLUDED.REF_VALUE, USERID = EXCLUDED.USERID, ADD_DATE = EXCLUDED.ADD_DATE, UPDATE_DATE = EXCLUDED.UPDATE_DATE;
/* ORIS:      3    Location: 5         Test Type: LINE       Test Num: 20210614135748NX1     SQL Ord:    4 */ insert into camdecmpswks.LINEARITY_INJECTION ( LIN_INJ_ID, LIN_SUM_ID, INJECTION_DATE, INJECTION_HOUR, INJECTION_MIN, MEASURED_VALUE, REF_VALUE, USERID, ADD_DATE, UPDATE_DATE ) values ( 'TWCORNEL5-B83A64F6A96B406AB6CF497CBE8AA08A', 'TWCORNEL5-0BF2222FFB124C5789D6EABD3EAC9517', '2021-06-14', 14, 44, 464.200, 475.100, 'bvick', '2021-07-26 11:18:12', NULL ) on conflict (LIN_INJ_ID) do update set LIN_SUM_ID = EXCLUDED.LIN_SUM_ID, INJECTION_DATE = EXCLUDED.INJECTION_DATE, INJECTION_HOUR = EXCLUDED.INJECTION_HOUR, INJECTION_MIN = EXCLUDED.INJECTION_MIN, MEASURED_VALUE = EXCLUDED.MEASURED_VALUE, REF_VALUE = EXCLUDED.REF_VALUE, USERID = EXCLUDED.USERID, ADD_DATE = EXCLUDED.ADD_DATE, UPDATE_DATE = EXCLUDED.UPDATE_DATE;
/* ORIS:      3    Location: 5         Test Type: LINE       Test Num: 20210614135748NX1     SQL Ord:    4 */ insert into camdecmpswks.LINEARITY_INJECTION ( LIN_INJ_ID, LIN_SUM_ID, INJECTION_DATE, INJECTION_HOUR, INJECTION_MIN, MEASURED_VALUE, REF_VALUE, USERID, ADD_DATE, UPDATE_DATE ) values ( 'TWCORNEL5-DFD10FA971B84BCA87AEB5CD389E18FA', 'TWCORNEL5-8C8D5B54027E49FFA8727FB8C5700796', '2021-06-14', 14, 8, 129.100, 125.200, 'bvick', '2021-07-26 11:18:12', NULL ) on conflict (LIN_INJ_ID) do update set LIN_SUM_ID = EXCLUDED.LIN_SUM_ID, INJECTION_DATE = EXCLUDED.INJECTION_DATE, INJECTION_HOUR = EXCLUDED.INJECTION_HOUR, INJECTION_MIN = EXCLUDED.INJECTION_MIN, MEASURED_VALUE = EXCLUDED.MEASURED_VALUE, REF_VALUE = EXCLUDED.REF_VALUE, USERID = EXCLUDED.USERID, ADD_DATE = EXCLUDED.ADD_DATE, UPDATE_DATE = EXCLUDED.UPDATE_DATE;
/* ORIS:      3    Location: 5         Test Type: LINE       Test Num: 20210614135748NX1     SQL Ord:    4 */ insert into camdecmpswks.LINEARITY_INJECTION ( LIN_INJ_ID, LIN_SUM_ID, INJECTION_DATE, INJECTION_HOUR, INJECTION_MIN, MEASURED_VALUE, REF_VALUE, USERID, ADD_DATE, UPDATE_DATE ) values ( 'TWCORNEL5-FFC1FFD928864F4381CFD35117F91431', 'TWCORNEL5-26BC48E740594F07986E0C5CE29C3E43', '2021-06-14', 14, 3, 263.000, 262.100, 'bvick', '2021-07-26 11:18:12', NULL ) on conflict (LIN_INJ_ID) do update set LIN_SUM_ID = EXCLUDED.LIN_SUM_ID, INJECTION_DATE = EXCLUDED.INJECTION_DATE, INJECTION_HOUR = EXCLUDED.INJECTION_HOUR, INJECTION_MIN = EXCLUDED.INJECTION_MIN, MEASURED_VALUE = EXCLUDED.MEASURED_VALUE, REF_VALUE = EXCLUDED.REF_VALUE, USERID = EXCLUDED.USERID, ADD_DATE = EXCLUDED.ADD_DATE, UPDATE_DATE = EXCLUDED.UPDATE_DATE;
/* ORIS:      3    Location: 5         Test Type: LINE       Test Num: 20210614135748NX1     SQL Ord:    5 */ insert into camdecmpswks.PROTOCOL_GAS ( PROTOCOL_GAS_ID, TEST_SUM_ID, GAS_LEVEL_CD, GAS_TYPE_CD, VENDOR_ID, CYLINDER_ID, EXPIRATION_DATE, USERID, ADD_DATE, UPDATE_DATE ) values ( 'TWCORNEL5-21378111AC9F49F4AB196F327BCB8BDF', 'TWCORNEL5-5D32395B13434F1BA0A0E2217080523B', 'MID', 'CO2,NO,NOX,SO2,BALN', 'B22018', 'CC494036', '2026-04-02', 'bvick', '2021-07-26 11:18:12', NULL ) on conflict (PROTOCOL_GAS_ID) do update set TEST_SUM_ID = EXCLUDED.TEST_SUM_ID, GAS_LEVEL_CD = EXCLUDED.GAS_LEVEL_CD, GAS_TYPE_CD = EXCLUDED.GAS_TYPE_CD, VENDOR_ID = EXCLUDED.VENDOR_ID, CYLINDER_ID = EXCLUDED.CYLINDER_ID, EXPIRATION_DATE = EXCLUDED.EXPIRATION_DATE, USERID = EXCLUDED.USERID, ADD_DATE = EXCLUDED.ADD_DATE, UPDATE_DATE = EXCLUDED.UPDATE_DATE;
/* ORIS:      3    Location: 5         Test Type: LINE       Test Num: 20210614135748NX1     SQL Ord:    5 */ insert into camdecmpswks.PROTOCOL_GAS ( PROTOCOL_GAS_ID, TEST_SUM_ID, GAS_LEVEL_CD, GAS_TYPE_CD, VENDOR_ID, CYLINDER_ID, EXPIRATION_DATE, USERID, ADD_DATE, UPDATE_DATE ) values ( 'TWCORNEL5-82F45617C3DD421B92516043B7453E9D', 'TWCORNEL5-5D32395B13434F1BA0A0E2217080523B', 'LOW', 'CO2,NO,NOX,SO2,BALN', 'B22018', 'CC122724', '2026-10-09', 'bvick', '2021-07-26 11:18:12', NULL ) on conflict (PROTOCOL_GAS_ID) do update set TEST_SUM_ID = EXCLUDED.TEST_SUM_ID, GAS_LEVEL_CD = EXCLUDED.GAS_LEVEL_CD, GAS_TYPE_CD = EXCLUDED.GAS_TYPE_CD, VENDOR_ID = EXCLUDED.VENDOR_ID, CYLINDER_ID = EXCLUDED.CYLINDER_ID, EXPIRATION_DATE = EXCLUDED.EXPIRATION_DATE, USERID = EXCLUDED.USERID, ADD_DATE = EXCLUDED.ADD_DATE, UPDATE_DATE = EXCLUDED.UPDATE_DATE;
/* ORIS:      3    Location: 5         Test Type: LINE       Test Num: 20210614135748NX1     SQL Ord:    5 */ insert into camdecmpswks.PROTOCOL_GAS ( PROTOCOL_GAS_ID, TEST_SUM_ID, GAS_LEVEL_CD, GAS_TYPE_CD, VENDOR_ID, CYLINDER_ID, EXPIRATION_DATE, USERID, ADD_DATE, UPDATE_DATE ) values ( 'TWCORNEL5-AD3DA02DF3884589B1AE9B1B31C82DD6', 'TWCORNEL5-5D32395B13434F1BA0A0E2217080523B', 'HIGH', 'CO2,NO,NOX,SO2,BALN', 'B22018', 'CC44707', '2026-10-09', 'bvick', '2021-07-26 11:18:12', NULL ) on conflict (PROTOCOL_GAS_ID) do update set TEST_SUM_ID = EXCLUDED.TEST_SUM_ID, GAS_LEVEL_CD = EXCLUDED.GAS_LEVEL_CD, GAS_TYPE_CD = EXCLUDED.GAS_TYPE_CD, VENDOR_ID = EXCLUDED.VENDOR_ID, CYLINDER_ID = EXCLUDED.CYLINDER_ID, EXPIRATION_DATE = EXCLUDED.EXPIRATION_DATE, USERID = EXCLUDED.USERID, ADD_DATE = EXCLUDED.ADD_DATE, UPDATE_DATE = EXCLUDED.UPDATE_DATE;
/* ORIS:      3    Location: 5         Test Type: LINE       Test Num: 20210614135748SD1     SQL Ord:    1 */ delete from camdecmpswks.TEST_SUMMARY where TEST_SUM_ID = 'TWCORNEL5-7D324DCB398F42CE9E055BE4ACFD5D7C';
/* ORIS:      3    Location: 5         Test Type: LINE       Test Num: 20210614135748SD1     SQL Ord:    2 */ insert into camdecmpswks.TEST_SUMMARY ( TEST_SUM_ID, MON_LOC_ID, TEST_TYPE_CD, TEST_NUM, MON_SYS_ID, COMPONENT_ID, GP_IND, TEST_REASON_CD, TEST_RESULT_CD, RPT_PERIOD_ID, BEGIN_DATE, BEGIN_HOUR, BEGIN_MIN, END_DATE, END_HOUR, END_MIN, SPAN_SCALE_CD, INJECTION_PROTOCOL_CD, TEST_COMMENT, TEST_DESCRIPTION, CALC_GP_IND, CALC_TEST_RESULT_CD, CALC_SPAN_VALUE, LAST_UPDATED, UPDATED_STATUS_FLG, NEEDS_EVAL_FLG, CHK_SESSION_ID, USERID, ADD_DATE, UPDATE_DATE ) values ( 'TWCORNEL5-7D324DCB398F42CE9E055BE4ACFD5D7C', '11', 'LINE', '20210614135748SD1', NULL, 'TWCORNEL5-021F190F7A074AB7BDAB9393FDE0A5F6', 0, 'QA', 'PASSED', NULL, '2021-06-14', 13, 56, '2021-06-14', 14, 56, 'H', NULL, NULL, NULL, NULL, NULL, 750.000, '2021-12-27 10:20:48', 'Y', 'N', 'CHV-LGIANN-63B43C096CD84C52B7366A2454A581A7', 'esupport', '2021-07-26 11:18:12', '2022-09-16 16:47:40' ) on conflict (TEST_SUM_ID) do update set MON_LOC_ID = EXCLUDED.MON_LOC_ID, TEST_TYPE_CD = EXCLUDED.TEST_TYPE_CD, TEST_NUM = EXCLUDED.TEST_NUM, MON_SYS_ID = EXCLUDED.MON_SYS_ID, COMPONENT_ID = EXCLUDED.COMPONENT_ID, GP_IND = EXCLUDED.GP_IND, TEST_REASON_CD = EXCLUDED.TEST_REASON_CD, TEST_RESULT_CD = EXCLUDED.TEST_RESULT_CD, RPT_PERIOD_ID = EXCLUDED.RPT_PERIOD_ID, BEGIN_DATE = EXCLUDED.BEGIN_DATE, BEGIN_HOUR = EXCLUDED.BEGIN_HOUR, BEGIN_MIN = EXCLUDED.BEGIN_MIN, END_DATE = EXCLUDED.END_DATE, END_HOUR = EXCLUDED.END_HOUR, END_MIN = EXCLUDED.END_MIN, SPAN_SCALE_CD = EXCLUDED.SPAN_SCALE_CD, INJECTION_PROTOCOL_CD = EXCLUDED.INJECTION_PROTOCOL_CD, TEST_COMMENT = EXCLUDED.TEST_COMMENT, TEST_DESCRIPTION = EXCLUDED.TEST_DESCRIPTION, CALC_GP_IND = EXCLUDED.CALC_GP_IND, CALC_TEST_RESULT_CD = EXCLUDED.CALC_TEST_RESULT_CD, CALC_SPAN_VALUE = EXCLUDED.CALC_SPAN_VALUE, LAST_UPDATED = EXCLUDED.LAST_UPDATED, UPDATED_STATUS_FLG = EXCLUDED.UPDATED_STATUS_FLG, NEEDS_EVAL_FLG = EXCLUDED.NEEDS_EVAL_FLG, CHK_SESSION_ID = EXCLUDED.CHK_SESSION_ID, USERID = EXCLUDED.USERID, ADD_DATE = EXCLUDED.ADD_DATE, UPDATE_DATE = EXCLUDED.UPDATE_DATE;
/* ORIS:      3    Location: 5         Test Type: LINE       Test Num: 20210614135748SD1     SQL Ord:    3 */ insert into camdecmpswks.LINEARITY_SUMMARY ( LIN_SUM_ID, TEST_SUM_ID, MEAN_REF_VALUE, MEAN_MEASURED_VALUE, PERCENT_ERROR, APS_IND, GAS_LEVEL_CD, CALC_MEAN_REF_VALUE, CALC_MEAN_MEASURED_VALUE, CALC_PERCENT_ERROR, CALC_APS_IND, USERID, ADD_DATE, UPDATE_DATE ) values ( 'TWCORNEL5-A98E380905C64DE697E19924B450FE03', 'TWCORNEL5-7D324DCB398F42CE9E055BE4ACFD5D7C', 404.200, 410.333, 1.5, 0, 'MID', 404.200, 410.333, 1.5, 0, 'esupport', '2021-07-26 11:18:12', '2022-09-16 16:47:40' ) on conflict (LIN_SUM_ID) do update set TEST_SUM_ID = EXCLUDED.TEST_SUM_ID, MEAN_REF_VALUE = EXCLUDED.MEAN_REF_VALUE, MEAN_MEASURED_VALUE = EXCLUDED.MEAN_MEASURED_VALUE, PERCENT_ERROR = EXCLUDED.PERCENT_ERROR, APS_IND = EXCLUDED.APS_IND, GAS_LEVEL_CD = EXCLUDED.GAS_LEVEL_CD, CALC_MEAN_REF_VALUE = EXCLUDED.CALC_MEAN_REF_VALUE, CALC_MEAN_MEASURED_VALUE = EXCLUDED.CALC_MEAN_MEASURED_VALUE, CALC_PERCENT_ERROR = EXCLUDED.CALC_PERCENT_ERROR, CALC_APS_IND = EXCLUDED.CALC_APS_IND, USERID = EXCLUDED.USERID, ADD_DATE = EXCLUDED.ADD_DATE, UPDATE_DATE = EXCLUDED.UPDATE_DATE;
/* ORIS:      3    Location: 5         Test Type: LINE       Test Num: 20210614135748SD1     SQL Ord:    3 */ insert into camdecmpswks.LINEARITY_SUMMARY ( LIN_SUM_ID, TEST_SUM_ID, MEAN_REF_VALUE, MEAN_MEASURED_VALUE, PERCENT_ERROR, APS_IND, GAS_LEVEL_CD, CALC_MEAN_REF_VALUE, CALC_MEAN_MEASURED_VALUE, CALC_PERCENT_ERROR, CALC_APS_IND, USERID, ADD_DATE, UPDATE_DATE ) values ( 'TWCORNEL5-DBD7918832D94CEA91B8963488EAD5D5', 'TWCORNEL5-7D324DCB398F42CE9E055BE4ACFD5D7C', 700.700, 697.700, 0.4, 0, 'HIGH', 700.700, 697.700, 0.4, 0, 'esupport', '2021-07-26 11:18:12', '2022-09-16 16:47:40' ) on conflict (LIN_SUM_ID) do update set TEST_SUM_ID = EXCLUDED.TEST_SUM_ID, MEAN_REF_VALUE = EXCLUDED.MEAN_REF_VALUE, MEAN_MEASURED_VALUE = EXCLUDED.MEAN_MEASURED_VALUE, PERCENT_ERROR = EXCLUDED.PERCENT_ERROR, APS_IND = EXCLUDED.APS_IND, GAS_LEVEL_CD = EXCLUDED.GAS_LEVEL_CD, CALC_MEAN_REF_VALUE = EXCLUDED.CALC_MEAN_REF_VALUE, CALC_MEAN_MEASURED_VALUE = EXCLUDED.CALC_MEAN_MEASURED_VALUE, CALC_PERCENT_ERROR = EXCLUDED.CALC_PERCENT_ERROR, CALC_APS_IND = EXCLUDED.CALC_APS_IND, USERID = EXCLUDED.USERID, ADD_DATE = EXCLUDED.ADD_DATE, UPDATE_DATE = EXCLUDED.UPDATE_DATE;
/* ORIS:      3    Location: 5         Test Type: LINE       Test Num: 20210614135748SD1     SQL Ord:    3 */ insert into camdecmpswks.LINEARITY_SUMMARY ( LIN_SUM_ID, TEST_SUM_ID, MEAN_REF_VALUE, MEAN_MEASURED_VALUE, PERCENT_ERROR, APS_IND, GAS_LEVEL_CD, CALC_MEAN_REF_VALUE, CALC_MEAN_MEASURED_VALUE, CALC_PERCENT_ERROR, CALC_APS_IND, USERID, ADD_DATE, UPDATE_DATE ) values ( 'TWCORNEL5-E973B02F332F4FB7A7BFB5C8A197279B', 'TWCORNEL5-7D324DCB398F42CE9E055BE4ACFD5D7C', 179.700, 186.300, 3.7, 0, 'LOW', 179.700, 186.300, 3.7, 0, 'esupport', '2021-07-26 11:18:12', '2022-09-16 16:47:40' ) on conflict (LIN_SUM_ID) do update set TEST_SUM_ID = EXCLUDED.TEST_SUM_ID, MEAN_REF_VALUE = EXCLUDED.MEAN_REF_VALUE, MEAN_MEASURED_VALUE = EXCLUDED.MEAN_MEASURED_VALUE, PERCENT_ERROR = EXCLUDED.PERCENT_ERROR, APS_IND = EXCLUDED.APS_IND, GAS_LEVEL_CD = EXCLUDED.GAS_LEVEL_CD, CALC_MEAN_REF_VALUE = EXCLUDED.CALC_MEAN_REF_VALUE, CALC_MEAN_MEASURED_VALUE = EXCLUDED.CALC_MEAN_MEASURED_VALUE, CALC_PERCENT_ERROR = EXCLUDED.CALC_PERCENT_ERROR, CALC_APS_IND = EXCLUDED.CALC_APS_IND, USERID = EXCLUDED.USERID, ADD_DATE = EXCLUDED.ADD_DATE, UPDATE_DATE = EXCLUDED.UPDATE_DATE;
/* ORIS:      3    Location: 5         Test Type: LINE       Test Num: 20210614135748SD1     SQL Ord:    4 */ insert into camdecmpswks.LINEARITY_INJECTION ( LIN_INJ_ID, LIN_SUM_ID, INJECTION_DATE, INJECTION_HOUR, INJECTION_MIN, MEASURED_VALUE, REF_VALUE, USERID, ADD_DATE, UPDATE_DATE ) values ( 'TWCORNEL5-03B64DA28A8041C292FF16C7965ADB9F', 'TWCORNEL5-E973B02F332F4FB7A7BFB5C8A197279B', '2021-06-14', 14, 8, 187.700, 179.700, 'bvick', '2021-07-26 11:18:12', NULL ) on conflict (LIN_INJ_ID) do update set LIN_SUM_ID = EXCLUDED.LIN_SUM_ID, INJECTION_DATE = EXCLUDED.INJECTION_DATE, INJECTION_HOUR = EXCLUDED.INJECTION_HOUR, INJECTION_MIN = EXCLUDED.INJECTION_MIN, MEASURED_VALUE = EXCLUDED.MEASURED_VALUE, REF_VALUE = EXCLUDED.REF_VALUE, USERID = EXCLUDED.USERID, ADD_DATE = EXCLUDED.ADD_DATE, UPDATE_DATE = EXCLUDED.UPDATE_DATE;
/* ORIS:      3    Location: 5         Test Type: LINE       Test Num: 20210614135748SD1     SQL Ord:    4 */ insert into camdecmpswks.LINEARITY_INJECTION ( LIN_INJ_ID, LIN_SUM_ID, INJECTION_DATE, INJECTION_HOUR, INJECTION_MIN, MEASURED_VALUE, REF_VALUE, USERID, ADD_DATE, UPDATE_DATE ) values ( 'TWCORNEL5-304D8177AC9F490EB4FFDD81F5DB48FB', 'TWCORNEL5-DBD7918832D94CEA91B8963488EAD5D5', '2021-06-14', 14, 44, 678.400, 700.700, 'bvick', '2021-07-26 11:18:12', NULL ) on conflict (LIN_INJ_ID) do update set LIN_SUM_ID = EXCLUDED.LIN_SUM_ID, INJECTION_DATE = EXCLUDED.INJECTION_DATE, INJECTION_HOUR = EXCLUDED.INJECTION_HOUR, INJECTION_MIN = EXCLUDED.INJECTION_MIN, MEASURED_VALUE = EXCLUDED.MEASURED_VALUE, REF_VALUE = EXCLUDED.REF_VALUE, USERID = EXCLUDED.USERID, ADD_DATE = EXCLUDED.ADD_DATE, UPDATE_DATE = EXCLUDED.UPDATE_DATE;
/* ORIS:      3    Location: 5         Test Type: LINE       Test Num: 20210614135748SD1     SQL Ord:    4 */ insert into camdecmpswks.LINEARITY_INJECTION ( LIN_INJ_ID, LIN_SUM_ID, INJECTION_DATE, INJECTION_HOUR, INJECTION_MIN, MEASURED_VALUE, REF_VALUE, USERID, ADD_DATE, UPDATE_DATE ) values ( 'TWCORNEL5-3EC078320AE344E499661B66BE4EEAF7', 'TWCORNEL5-A98E380905C64DE697E19924B450FE03', '2021-06-14', 14, 50, 406.700, 404.200, 'bvick', '2021-07-26 11:18:12', NULL ) on conflict (LIN_INJ_ID) do update set LIN_SUM_ID = EXCLUDED.LIN_SUM_ID, INJECTION_DATE = EXCLUDED.INJECTION_DATE, INJECTION_HOUR = EXCLUDED.INJECTION_HOUR, INJECTION_MIN = EXCLUDED.INJECTION_MIN, MEASURED_VALUE = EXCLUDED.MEASURED_VALUE, REF_VALUE = EXCLUDED.REF_VALUE, USERID = EXCLUDED.USERID, ADD_DATE = EXCLUDED.ADD_DATE, UPDATE_DATE = EXCLUDED.UPDATE_DATE;
/* ORIS:      3    Location: 5         Test Type: LINE       Test Num: 20210614135748SD1     SQL Ord:    4 */ insert into camdecmpswks.LINEARITY_INJECTION ( LIN_INJ_ID, LIN_SUM_ID, INJECTION_DATE, INJECTION_HOUR, INJECTION_MIN, MEASURED_VALUE, REF_VALUE, USERID, ADD_DATE, UPDATE_DATE ) values ( 'TWCORNEL5-5FC9A352A65E457FB9FC4A018E901524', 'TWCORNEL5-E973B02F332F4FB7A7BFB5C8A197279B', '2021-06-14', 14, 38, 184.100, 179.700, 'bvick', '2021-07-26 11:18:12', NULL ) on conflict (LIN_INJ_ID) do update set LIN_SUM_ID = EXCLUDED.LIN_SUM_ID, INJECTION_DATE = EXCLUDED.INJECTION_DATE, INJECTION_HOUR = EXCLUDED.INJECTION_HOUR, INJECTION_MIN = EXCLUDED.INJECTION_MIN, MEASURED_VALUE = EXCLUDED.MEASURED_VALUE, REF_VALUE = EXCLUDED.REF_VALUE, USERID = EXCLUDED.USERID, ADD_DATE = EXCLUDED.ADD_DATE, UPDATE_DATE = EXCLUDED.UPDATE_DATE;
/* ORIS:      3    Location: 5         Test Type: LINE       Test Num: 20210614135748SD1     SQL Ord:    4 */ insert into camdecmpswks.LINEARITY_INJECTION ( LIN_INJ_ID, LIN_SUM_ID, INJECTION_DATE, INJECTION_HOUR, INJECTION_MIN, MEASURED_VALUE, REF_VALUE, USERID, ADD_DATE, UPDATE_DATE ) values ( 'TWCORNEL5-7DEE05F807A0446D9CCE6B38E3EB0A68', 'TWCORNEL5-A98E380905C64DE697E19924B450FE03', '2021-06-14', 14, 3, 402.100, 404.200, 'bvick', '2021-07-26 11:18:12', NULL ) on conflict (LIN_INJ_ID) do update set LIN_SUM_ID = EXCLUDED.LIN_SUM_ID, INJECTION_DATE = EXCLUDED.INJECTION_DATE, INJECTION_HOUR = EXCLUDED.INJECTION_HOUR, INJECTION_MIN = EXCLUDED.INJECTION_MIN, MEASURED_VALUE = EXCLUDED.MEASURED_VALUE, REF_VALUE = EXCLUDED.REF_VALUE, USERID = EXCLUDED.USERID, ADD_DATE = EXCLUDED.ADD_DATE, UPDATE_DATE = EXCLUDED.UPDATE_DATE;
/* ORIS:      3    Location: 5         Test Type: LINE       Test Num: 20210614135748SD1     SQL Ord:    4 */ insert into camdecmpswks.LINEARITY_INJECTION ( LIN_INJ_ID, LIN_SUM_ID, INJECTION_DATE, INJECTION_HOUR, INJECTION_MIN, MEASURED_VALUE, REF_VALUE, USERID, ADD_DATE, UPDATE_DATE ) values ( 'TWCORNEL5-940C9C399BFB4C28B340BDE94DE6AE96', 'TWCORNEL5-DBD7918832D94CEA91B8963488EAD5D5', '2021-06-14', 13, 59, 709.700, 700.700, 'esupport', '2021-07-26 11:18:12', '2021-12-27 10:20:48' ) on conflict (LIN_INJ_ID) do update set LIN_SUM_ID = EXCLUDED.LIN_SUM_ID, INJECTION_DATE = EXCLUDED.INJECTION_DATE, INJECTION_HOUR = EXCLUDED.INJECTION_HOUR, INJECTION_MIN = EXCLUDED.INJECTION_MIN, MEASURED_VALUE = EXCLUDED.MEASURED_VALUE, REF_VALUE = EXCLUDED.REF_VALUE, USERID = EXCLUDED.USERID, ADD_DATE = EXCLUDED.ADD_DATE, UPDATE_DATE = EXCLUDED.UPDATE_DATE;
/* ORIS:      3    Location: 5         Test Type: LINE       Test Num: 20210614135748SD1     SQL Ord:    4 */ insert into camdecmpswks.LINEARITY_INJECTION ( LIN_INJ_ID, LIN_SUM_ID, INJECTION_DATE, INJECTION_HOUR, INJECTION_MIN, MEASURED_VALUE, REF_VALUE, USERID, ADD_DATE, UPDATE_DATE ) values ( 'TWCORNEL5-BBD90EBB3A964FAF91F52132CC7185E9', 'TWCORNEL5-DBD7918832D94CEA91B8963488EAD5D5', '2021-06-14', 13, 56, 705.000, 700.700, 'bvick', '2021-07-26 11:18:12', NULL ) on conflict (LIN_INJ_ID) do update set LIN_SUM_ID = EXCLUDED.LIN_SUM_ID, INJECTION_DATE = EXCLUDED.INJECTION_DATE, INJECTION_HOUR = EXCLUDED.INJECTION_HOUR, INJECTION_MIN = EXCLUDED.INJECTION_MIN, MEASURED_VALUE = EXCLUDED.MEASURED_VALUE, REF_VALUE = EXCLUDED.REF_VALUE, USERID = EXCLUDED.USERID, ADD_DATE = EXCLUDED.ADD_DATE, UPDATE_DATE = EXCLUDED.UPDATE_DATE;
/* ORIS:      3    Location: 5         Test Type: LINE       Test Num: 20210614135748SD1     SQL Ord:    4 */ insert into camdecmpswks.LINEARITY_INJECTION ( LIN_INJ_ID, LIN_SUM_ID, INJECTION_DATE, INJECTION_HOUR, INJECTION_MIN, MEASURED_VALUE, REF_VALUE, USERID, ADD_DATE, UPDATE_DATE ) values ( 'TWCORNEL5-C624DA17501247BBA27DCDE262B24D48', 'TWCORNEL5-E973B02F332F4FB7A7BFB5C8A197279B', '2021-06-14', 14, 56, 187.100, 179.700, 'bvick', '2021-07-26 11:18:12', NULL ) on conflict (LIN_INJ_ID) do update set LIN_SUM_ID = EXCLUDED.LIN_SUM_ID, INJECTION_DATE = EXCLUDED.INJECTION_DATE, INJECTION_HOUR = EXCLUDED.INJECTION_HOUR, INJECTION_MIN = EXCLUDED.INJECTION_MIN, MEASURED_VALUE = EXCLUDED.MEASURED_VALUE, REF_VALUE = EXCLUDED.REF_VALUE, USERID = EXCLUDED.USERID, ADD_DATE = EXCLUDED.ADD_DATE, UPDATE_DATE = EXCLUDED.UPDATE_DATE;
/* ORIS:      3    Location: 5         Test Type: LINE       Test Num: 20210614135748SD1     SQL Ord:    4 */ insert into camdecmpswks.LINEARITY_INJECTION ( LIN_INJ_ID, LIN_SUM_ID, INJECTION_DATE, INJECTION_HOUR, INJECTION_MIN, MEASURED_VALUE, REF_VALUE, USERID, ADD_DATE, UPDATE_DATE ) values ( 'TWCORNEL5-DCA512CC0A294963A84D5FDF891DDED1', 'TWCORNEL5-A98E380905C64DE697E19924B450FE03', '2021-06-14', 14, 21, 422.200, 404.200, 'bvick', '2021-07-26 11:18:12', NULL ) on conflict (LIN_INJ_ID) do update set LIN_SUM_ID = EXCLUDED.LIN_SUM_ID, INJECTION_DATE = EXCLUDED.INJECTION_DATE, INJECTION_HOUR = EXCLUDED.INJECTION_HOUR, INJECTION_MIN = EXCLUDED.INJECTION_MIN, MEASURED_VALUE = EXCLUDED.MEASURED_VALUE, REF_VALUE = EXCLUDED.REF_VALUE, USERID = EXCLUDED.USERID, ADD_DATE = EXCLUDED.ADD_DATE, UPDATE_DATE = EXCLUDED.UPDATE_DATE;
/* ORIS:      3    Location: 5         Test Type: LINE       Test Num: 20210614135748SD1     SQL Ord:    5 */ insert into camdecmpswks.PROTOCOL_GAS ( PROTOCOL_GAS_ID, TEST_SUM_ID, GAS_LEVEL_CD, GAS_TYPE_CD, VENDOR_ID, CYLINDER_ID, EXPIRATION_DATE, USERID, ADD_DATE, UPDATE_DATE ) values ( 'TWCORNEL5-3885AB74E86C447C98153877BDF7FAC1', 'TWCORNEL5-7D324DCB398F42CE9E055BE4ACFD5D7C', 'LOW', 'CO2,NO,NOX,SO2,BALN', 'B22018', 'CC122724', '2026-10-09', 'bvick', '2021-07-26 11:18:13', NULL ) on conflict (PROTOCOL_GAS_ID) do update set TEST_SUM_ID = EXCLUDED.TEST_SUM_ID, GAS_LEVEL_CD = EXCLUDED.GAS_LEVEL_CD, GAS_TYPE_CD = EXCLUDED.GAS_TYPE_CD, VENDOR_ID = EXCLUDED.VENDOR_ID, CYLINDER_ID = EXCLUDED.CYLINDER_ID, EXPIRATION_DATE = EXCLUDED.EXPIRATION_DATE, USERID = EXCLUDED.USERID, ADD_DATE = EXCLUDED.ADD_DATE, UPDATE_DATE = EXCLUDED.UPDATE_DATE;
/* ORIS:      3    Location: 5         Test Type: LINE       Test Num: 20210614135748SD1     SQL Ord:    5 */ insert into camdecmpswks.PROTOCOL_GAS ( PROTOCOL_GAS_ID, TEST_SUM_ID, GAS_LEVEL_CD, GAS_TYPE_CD, VENDOR_ID, CYLINDER_ID, EXPIRATION_DATE, USERID, ADD_DATE, UPDATE_DATE ) values ( 'TWCORNEL5-67B3A95D04794A1085F7284EC79C9529', 'TWCORNEL5-7D324DCB398F42CE9E055BE4ACFD5D7C', 'MID', 'CO2,NO,NOX,SO2,BALN', 'B22018', 'CC494036', '2026-04-02', 'bvick', '2021-07-26 11:18:13', NULL ) on conflict (PROTOCOL_GAS_ID) do update set TEST_SUM_ID = EXCLUDED.TEST_SUM_ID, GAS_LEVEL_CD = EXCLUDED.GAS_LEVEL_CD, GAS_TYPE_CD = EXCLUDED.GAS_TYPE_CD, VENDOR_ID = EXCLUDED.VENDOR_ID, CYLINDER_ID = EXCLUDED.CYLINDER_ID, EXPIRATION_DATE = EXCLUDED.EXPIRATION_DATE, USERID = EXCLUDED.USERID, ADD_DATE = EXCLUDED.ADD_DATE, UPDATE_DATE = EXCLUDED.UPDATE_DATE;
/* ORIS:      3    Location: 5         Test Type: LINE       Test Num: 20210614135748SD1     SQL Ord:    5 */ insert into camdecmpswks.PROTOCOL_GAS ( PROTOCOL_GAS_ID, TEST_SUM_ID, GAS_LEVEL_CD, GAS_TYPE_CD, VENDOR_ID, CYLINDER_ID, EXPIRATION_DATE, USERID, ADD_DATE, UPDATE_DATE ) values ( 'TWCORNEL5-6C10D14B86E84C449B0E03E36561E634', 'TWCORNEL5-7D324DCB398F42CE9E055BE4ACFD5D7C', 'HIGH', 'CO2,NO,NOX,SO2,BALN', 'B22018', 'CC44707', '2026-10-09', 'bvick', '2021-07-26 11:18:13', NULL ) on conflict (PROTOCOL_GAS_ID) do update set TEST_SUM_ID = EXCLUDED.TEST_SUM_ID, GAS_LEVEL_CD = EXCLUDED.GAS_LEVEL_CD, GAS_TYPE_CD = EXCLUDED.GAS_TYPE_CD, VENDOR_ID = EXCLUDED.VENDOR_ID, CYLINDER_ID = EXCLUDED.CYLINDER_ID, EXPIRATION_DATE = EXCLUDED.EXPIRATION_DATE, USERID = EXCLUDED.USERID, ADD_DATE = EXCLUDED.ADD_DATE, UPDATE_DATE = EXCLUDED.UPDATE_DATE;
/* ORIS:      3    Location: 5         Test Type: LINE       Test Num: 20210907110209CD1     SQL Ord:    1 */ delete from camdecmpswks.TEST_SUMMARY where TEST_SUM_ID = 'TWCORNEL5-13FCED68700249D48179FE453B767161';
/* ORIS:      3    Location: 5         Test Type: LINE       Test Num: 20210907110209CD1     SQL Ord:    2 */ insert into camdecmpswks.TEST_SUMMARY ( TEST_SUM_ID, MON_LOC_ID, TEST_TYPE_CD, TEST_NUM, MON_SYS_ID, COMPONENT_ID, GP_IND, TEST_REASON_CD, TEST_RESULT_CD, RPT_PERIOD_ID, BEGIN_DATE, BEGIN_HOUR, BEGIN_MIN, END_DATE, END_HOUR, END_MIN, SPAN_SCALE_CD, INJECTION_PROTOCOL_CD, TEST_COMMENT, TEST_DESCRIPTION, CALC_GP_IND, CALC_TEST_RESULT_CD, CALC_SPAN_VALUE, LAST_UPDATED, UPDATED_STATUS_FLG, NEEDS_EVAL_FLG, CHK_SESSION_ID, USERID, ADD_DATE, UPDATE_DATE ) values ( 'TWCORNEL5-13FCED68700249D48179FE453B767161', '11', 'LINE', '20210907110209CD1', NULL, 'TWCORNEL5-45FE2C2ACADB4F6B86B1088EAE2DECEE', 0, 'QA', 'ABORTED', NULL, '2021-09-07', 11, 0, '2021-09-07', 11, 56, 'H', NULL, NULL, NULL, NULL, 'ABORTED', NULL, '2021-12-27 09:59:22', 'Y', 'N', 'CHV-LGIANN-4A1EA2D33F594530BB5992F614DC9857', 'esupport', '2021-10-22 12:04:32', '2022-09-16 16:47:41' ) on conflict (TEST_SUM_ID) do update set MON_LOC_ID = EXCLUDED.MON_LOC_ID, TEST_TYPE_CD = EXCLUDED.TEST_TYPE_CD, TEST_NUM = EXCLUDED.TEST_NUM, MON_SYS_ID = EXCLUDED.MON_SYS_ID, COMPONENT_ID = EXCLUDED.COMPONENT_ID, GP_IND = EXCLUDED.GP_IND, TEST_REASON_CD = EXCLUDED.TEST_REASON_CD, TEST_RESULT_CD = EXCLUDED.TEST_RESULT_CD, RPT_PERIOD_ID = EXCLUDED.RPT_PERIOD_ID, BEGIN_DATE = EXCLUDED.BEGIN_DATE, BEGIN_HOUR = EXCLUDED.BEGIN_HOUR, BEGIN_MIN = EXCLUDED.BEGIN_MIN, END_DATE = EXCLUDED.END_DATE, END_HOUR = EXCLUDED.END_HOUR, END_MIN = EXCLUDED.END_MIN, SPAN_SCALE_CD = EXCLUDED.SPAN_SCALE_CD, INJECTION_PROTOCOL_CD = EXCLUDED.INJECTION_PROTOCOL_CD, TEST_COMMENT = EXCLUDED.TEST_COMMENT, TEST_DESCRIPTION = EXCLUDED.TEST_DESCRIPTION, CALC_GP_IND = EXCLUDED.CALC_GP_IND, CALC_TEST_RESULT_CD = EXCLUDED.CALC_TEST_RESULT_CD, CALC_SPAN_VALUE = EXCLUDED.CALC_SPAN_VALUE, LAST_UPDATED = EXCLUDED.LAST_UPDATED, UPDATED_STATUS_FLG = EXCLUDED.UPDATED_STATUS_FLG, NEEDS_EVAL_FLG = EXCLUDED.NEEDS_EVAL_FLG, CHK_SESSION_ID = EXCLUDED.CHK_SESSION_ID, USERID = EXCLUDED.USERID, ADD_DATE = EXCLUDED.ADD_DATE, UPDATE_DATE = EXCLUDED.UPDATE_DATE;
/* ORIS:      3    Location: 5         Test Type: LINE       Test Num: 20210907110209CD1     SQL Ord:    3 */ insert into camdecmpswks.LINEARITY_SUMMARY ( LIN_SUM_ID, TEST_SUM_ID, MEAN_REF_VALUE, MEAN_MEASURED_VALUE, PERCENT_ERROR, APS_IND, GAS_LEVEL_CD, CALC_MEAN_REF_VALUE, CALC_MEAN_MEASURED_VALUE, CALC_PERCENT_ERROR, CALC_APS_IND, USERID, ADD_DATE, UPDATE_DATE ) values ( 'TWCORNEL5-A3889DF08EFD4B6D95F21E08295FFC25', 'TWCORNEL5-13FCED68700249D48179FE453B767161', 19.420, 18.700, 3.7, 0, 'HIGH', NULL, NULL, NULL, NULL, 'esupport', '2021-10-22 12:04:32', '2022-09-16 16:47:41' ) on conflict (LIN_SUM_ID) do update set TEST_SUM_ID = EXCLUDED.TEST_SUM_ID, MEAN_REF_VALUE = EXCLUDED.MEAN_REF_VALUE, MEAN_MEASURED_VALUE = EXCLUDED.MEAN_MEASURED_VALUE, PERCENT_ERROR = EXCLUDED.PERCENT_ERROR, APS_IND = EXCLUDED.APS_IND, GAS_LEVEL_CD = EXCLUDED.GAS_LEVEL_CD, CALC_MEAN_REF_VALUE = EXCLUDED.CALC_MEAN_REF_VALUE, CALC_MEAN_MEASURED_VALUE = EXCLUDED.CALC_MEAN_MEASURED_VALUE, CALC_PERCENT_ERROR = EXCLUDED.CALC_PERCENT_ERROR, CALC_APS_IND = EXCLUDED.CALC_APS_IND, USERID = EXCLUDED.USERID, ADD_DATE = EXCLUDED.ADD_DATE, UPDATE_DATE = EXCLUDED.UPDATE_DATE;
/* ORIS:      3    Location: 5         Test Type: LINE       Test Num: 20210907110209CD1     SQL Ord:    3 */ insert into camdecmpswks.LINEARITY_SUMMARY ( LIN_SUM_ID, TEST_SUM_ID, MEAN_REF_VALUE, MEAN_MEASURED_VALUE, PERCENT_ERROR, APS_IND, GAS_LEVEL_CD, CALC_MEAN_REF_VALUE, CALC_MEAN_MEASURED_VALUE, CALC_PERCENT_ERROR, CALC_APS_IND, USERID, ADD_DATE, UPDATE_DATE ) values ( 'TWCORNEL5-C9B07F5D4E664EEB8A0628098EB677A2', 'TWCORNEL5-13FCED68700249D48179FE453B767161', 11.310, 11.400, 0.8, 0, 'MID', NULL, NULL, NULL, NULL, 'esupport', '2021-10-22 12:04:32', '2022-09-16 16:47:41' ) on conflict (LIN_SUM_ID) do update set TEST_SUM_ID = EXCLUDED.TEST_SUM_ID, MEAN_REF_VALUE = EXCLUDED.MEAN_REF_VALUE, MEAN_MEASURED_VALUE = EXCLUDED.MEAN_MEASURED_VALUE, PERCENT_ERROR = EXCLUDED.PERCENT_ERROR, APS_IND = EXCLUDED.APS_IND, GAS_LEVEL_CD = EXCLUDED.GAS_LEVEL_CD, CALC_MEAN_REF_VALUE = EXCLUDED.CALC_MEAN_REF_VALUE, CALC_MEAN_MEASURED_VALUE = EXCLUDED.CALC_MEAN_MEASURED_VALUE, CALC_PERCENT_ERROR = EXCLUDED.CALC_PERCENT_ERROR, CALC_APS_IND = EXCLUDED.CALC_APS_IND, USERID = EXCLUDED.USERID, ADD_DATE = EXCLUDED.ADD_DATE, UPDATE_DATE = EXCLUDED.UPDATE_DATE;
/* ORIS:      3    Location: 5         Test Type: LINE       Test Num: 20210907110209CD1     SQL Ord:    3 */ insert into camdecmpswks.LINEARITY_SUMMARY ( LIN_SUM_ID, TEST_SUM_ID, MEAN_REF_VALUE, MEAN_MEASURED_VALUE, PERCENT_ERROR, APS_IND, GAS_LEVEL_CD, CALC_MEAN_REF_VALUE, CALC_MEAN_MEASURED_VALUE, CALC_PERCENT_ERROR, CALC_APS_IND, USERID, ADD_DATE, UPDATE_DATE ) values ( 'TWCORNEL5-F9587336CD334413B7885F666BF3DD58', 'TWCORNEL5-13FCED68700249D48179FE453B767161', 5.580, 5.767, 3.4, 0, 'LOW', NULL, NULL, NULL, NULL, 'esupport', '2021-10-22 12:04:32', '2022-09-16 16:47:41' ) on conflict (LIN_SUM_ID) do update set TEST_SUM_ID = EXCLUDED.TEST_SUM_ID, MEAN_REF_VALUE = EXCLUDED.MEAN_REF_VALUE, MEAN_MEASURED_VALUE = EXCLUDED.MEAN_MEASURED_VALUE, PERCENT_ERROR = EXCLUDED.PERCENT_ERROR, APS_IND = EXCLUDED.APS_IND, GAS_LEVEL_CD = EXCLUDED.GAS_LEVEL_CD, CALC_MEAN_REF_VALUE = EXCLUDED.CALC_MEAN_REF_VALUE, CALC_MEAN_MEASURED_VALUE = EXCLUDED.CALC_MEAN_MEASURED_VALUE, CALC_PERCENT_ERROR = EXCLUDED.CALC_PERCENT_ERROR, CALC_APS_IND = EXCLUDED.CALC_APS_IND, USERID = EXCLUDED.USERID, ADD_DATE = EXCLUDED.ADD_DATE, UPDATE_DATE = EXCLUDED.UPDATE_DATE;
/* ORIS:      3    Location: 5         Test Type: LINE       Test Num: 20210907110209CD1     SQL Ord:    4 */ insert into camdecmpswks.LINEARITY_INJECTION ( LIN_INJ_ID, LIN_SUM_ID, INJECTION_DATE, INJECTION_HOUR, INJECTION_MIN, MEASURED_VALUE, REF_VALUE, USERID, ADD_DATE, UPDATE_DATE ) values ( 'TWCORNEL5-7F6BAE4A54494025A66B8E57D639A32C', 'TWCORNEL5-F9587336CD334413B7885F666BF3DD58', '2021-09-07', 11, 45, 5.800, 5.580, 'bvick', '2021-10-22 12:04:32', NULL ) on conflict (LIN_INJ_ID) do update set LIN_SUM_ID = EXCLUDED.LIN_SUM_ID, INJECTION_DATE = EXCLUDED.INJECTION_DATE, INJECTION_HOUR = EXCLUDED.INJECTION_HOUR, INJECTION_MIN = EXCLUDED.INJECTION_MIN, MEASURED_VALUE = EXCLUDED.MEASURED_VALUE, REF_VALUE = EXCLUDED.REF_VALUE, USERID = EXCLUDED.USERID, ADD_DATE = EXCLUDED.ADD_DATE, UPDATE_DATE = EXCLUDED.UPDATE_DATE;
/* ORIS:      3    Location: 5         Test Type: LINE       Test Num: 20210907110209CD1     SQL Ord:    4 */ insert into camdecmpswks.LINEARITY_INJECTION ( LIN_INJ_ID, LIN_SUM_ID, INJECTION_DATE, INJECTION_HOUR, INJECTION_MIN, MEASURED_VALUE, REF_VALUE, USERID, ADD_DATE, UPDATE_DATE ) values ( 'TWCORNEL5-8134EB5BD2D24E7384C1D56AF1DE86B4', 'TWCORNEL5-F9587336CD334413B7885F666BF3DD58', '2021-09-07', 11, 9, 5.700, 5.580, 'bvick', '2021-10-22 12:04:32', NULL ) on conflict (LIN_INJ_ID) do update set LIN_SUM_ID = EXCLUDED.LIN_SUM_ID, INJECTION_DATE = EXCLUDED.INJECTION_DATE, INJECTION_HOUR = EXCLUDED.INJECTION_HOUR, INJECTION_MIN = EXCLUDED.INJECTION_MIN, MEASURED_VALUE = EXCLUDED.MEASURED_VALUE, REF_VALUE = EXCLUDED.REF_VALUE, USERID = EXCLUDED.USERID, ADD_DATE = EXCLUDED.ADD_DATE, UPDATE_DATE = EXCLUDED.UPDATE_DATE;
/* ORIS:      3    Location: 5         Test Type: LINE       Test Num: 20210907110209CD1     SQL Ord:    4 */ insert into camdecmpswks.LINEARITY_INJECTION ( LIN_INJ_ID, LIN_SUM_ID, INJECTION_DATE, INJECTION_HOUR, INJECTION_MIN, MEASURED_VALUE, REF_VALUE, USERID, ADD_DATE, UPDATE_DATE ) values ( 'TWCORNEL5-89DC0756C9A9456EA58BA007C2B6503F', 'TWCORNEL5-C9B07F5D4E664EEB8A0628098EB677A2', '2021-09-07', 11, 0, 11.200, 11.310, 'bvick', '2021-10-22 12:04:32', NULL ) on conflict (LIN_INJ_ID) do update set LIN_SUM_ID = EXCLUDED.LIN_SUM_ID, INJECTION_DATE = EXCLUDED.INJECTION_DATE, INJECTION_HOUR = EXCLUDED.INJECTION_HOUR, INJECTION_MIN = EXCLUDED.INJECTION_MIN, MEASURED_VALUE = EXCLUDED.MEASURED_VALUE, REF_VALUE = EXCLUDED.REF_VALUE, USERID = EXCLUDED.USERID, ADD_DATE = EXCLUDED.ADD_DATE, UPDATE_DATE = EXCLUDED.UPDATE_DATE;
/* ORIS:      3    Location: 5         Test Type: LINE       Test Num: 20210907110209CD1     SQL Ord:    4 */ insert into camdecmpswks.LINEARITY_INJECTION ( LIN_INJ_ID, LIN_SUM_ID, INJECTION_DATE, INJECTION_HOUR, INJECTION_MIN, MEASURED_VALUE, REF_VALUE, USERID, ADD_DATE, UPDATE_DATE ) values ( 'TWCORNEL5-B3DE8D1E4D1344C3B60EDA7D997A6A71', 'TWCORNEL5-C9B07F5D4E664EEB8A0628098EB677A2', '2021-09-07', 11, 36, 11.500, 11.310, 'bvick', '2021-10-22 12:04:32', NULL ) on conflict (LIN_INJ_ID) do update set LIN_SUM_ID = EXCLUDED.LIN_SUM_ID, INJECTION_DATE = EXCLUDED.INJECTION_DATE, INJECTION_HOUR = EXCLUDED.INJECTION_HOUR, INJECTION_MIN = EXCLUDED.INJECTION_MIN, MEASURED_VALUE = EXCLUDED.MEASURED_VALUE, REF_VALUE = EXCLUDED.REF_VALUE, USERID = EXCLUDED.USERID, ADD_DATE = EXCLUDED.ADD_DATE, UPDATE_DATE = EXCLUDED.UPDATE_DATE;
/* ORIS:      3    Location: 5         Test Type: LINE       Test Num: 20210907110209CD1     SQL Ord:    4 */ insert into camdecmpswks.LINEARITY_INJECTION ( LIN_INJ_ID, LIN_SUM_ID, INJECTION_DATE, INJECTION_HOUR, INJECTION_MIN, MEASURED_VALUE, REF_VALUE, USERID, ADD_DATE, UPDATE_DATE ) values ( 'TWCORNEL5-B96370A8BE50472C9DBDCA13F6AA3570', 'TWCORNEL5-A3889DF08EFD4B6D95F21E08295FFC25', '2021-09-07', 11, 56, 18.700, 19.420, 'bvick', '2021-10-22 12:04:32', NULL ) on conflict (LIN_INJ_ID) do update set LIN_SUM_ID = EXCLUDED.LIN_SUM_ID, INJECTION_DATE = EXCLUDED.INJECTION_DATE, INJECTION_HOUR = EXCLUDED.INJECTION_HOUR, INJECTION_MIN = EXCLUDED.INJECTION_MIN, MEASURED_VALUE = EXCLUDED.MEASURED_VALUE, REF_VALUE = EXCLUDED.REF_VALUE, USERID = EXCLUDED.USERID, ADD_DATE = EXCLUDED.ADD_DATE, UPDATE_DATE = EXCLUDED.UPDATE_DATE;
/* ORIS:      3    Location: 5         Test Type: LINE       Test Num: 20210907110209CD1     SQL Ord:    4 */ insert into camdecmpswks.LINEARITY_INJECTION ( LIN_INJ_ID, LIN_SUM_ID, INJECTION_DATE, INJECTION_HOUR, INJECTION_MIN, MEASURED_VALUE, REF_VALUE, USERID, ADD_DATE, UPDATE_DATE ) values ( 'TWCORNEL5-C87746F601AF447E8DF5D2701339B91A', 'TWCORNEL5-A3889DF08EFD4B6D95F21E08295FFC25', '2021-09-07', 11, 41, 18.700, 19.420, 'bvick', '2021-10-22 12:04:32', NULL ) on conflict (LIN_INJ_ID) do update set LIN_SUM_ID = EXCLUDED.LIN_SUM_ID, INJECTION_DATE = EXCLUDED.INJECTION_DATE, INJECTION_HOUR = EXCLUDED.INJECTION_HOUR, INJECTION_MIN = EXCLUDED.INJECTION_MIN, MEASURED_VALUE = EXCLUDED.MEASURED_VALUE, REF_VALUE = EXCLUDED.REF_VALUE, USERID = EXCLUDED.USERID, ADD_DATE = EXCLUDED.ADD_DATE, UPDATE_DATE = EXCLUDED.UPDATE_DATE;
/* ORIS:      3    Location: 5         Test Type: LINE       Test Num: 20210907110209CD1     SQL Ord:    4 */ insert into camdecmpswks.LINEARITY_INJECTION ( LIN_INJ_ID, LIN_SUM_ID, INJECTION_DATE, INJECTION_HOUR, INJECTION_MIN, MEASURED_VALUE, REF_VALUE, USERID, ADD_DATE, UPDATE_DATE ) values ( 'TWCORNEL5-D906B7D4D173431EACEE22416ED356A1', 'TWCORNEL5-C9B07F5D4E664EEB8A0628098EB677A2', '2021-09-07', 11, 53, 11.500, 11.310, 'bvick', '2021-10-22 12:04:32', NULL ) on conflict (LIN_INJ_ID) do update set LIN_SUM_ID = EXCLUDED.LIN_SUM_ID, INJECTION_DATE = EXCLUDED.INJECTION_DATE, INJECTION_HOUR = EXCLUDED.INJECTION_HOUR, INJECTION_MIN = EXCLUDED.INJECTION_MIN, MEASURED_VALUE = EXCLUDED.MEASURED_VALUE, REF_VALUE = EXCLUDED.REF_VALUE, USERID = EXCLUDED.USERID, ADD_DATE = EXCLUDED.ADD_DATE, UPDATE_DATE = EXCLUDED.UPDATE_DATE;
/* ORIS:      3    Location: 5         Test Type: LINE       Test Num: 20210907110209CD1     SQL Ord:    4 */ insert into camdecmpswks.LINEARITY_INJECTION ( LIN_INJ_ID, LIN_SUM_ID, INJECTION_DATE, INJECTION_HOUR, INJECTION_MIN, MEASURED_VALUE, REF_VALUE, USERID, ADD_DATE, UPDATE_DATE ) values ( 'TWCORNEL5-E67F163F7AE641198535AE626E464809', 'TWCORNEL5-A3889DF08EFD4B6D95F21E08295FFC25', '2021-09-07', 11, 21, 18.700, 19.420, 'bvick', '2021-10-22 12:04:32', NULL ) on conflict (LIN_INJ_ID) do update set LIN_SUM_ID = EXCLUDED.LIN_SUM_ID, INJECTION_DATE = EXCLUDED.INJECTION_DATE, INJECTION_HOUR = EXCLUDED.INJECTION_HOUR, INJECTION_MIN = EXCLUDED.INJECTION_MIN, MEASURED_VALUE = EXCLUDED.MEASURED_VALUE, REF_VALUE = EXCLUDED.REF_VALUE, USERID = EXCLUDED.USERID, ADD_DATE = EXCLUDED.ADD_DATE, UPDATE_DATE = EXCLUDED.UPDATE_DATE;
/* ORIS:      3    Location: 5         Test Type: LINE       Test Num: 20210907110209CD1     SQL Ord:    4 */ insert into camdecmpswks.LINEARITY_INJECTION ( LIN_INJ_ID, LIN_SUM_ID, INJECTION_DATE, INJECTION_HOUR, INJECTION_MIN, MEASURED_VALUE, REF_VALUE, USERID, ADD_DATE, UPDATE_DATE ) values ( 'TWCORNEL5-ED65CC589CA5426FABC2EE0302A9AD59', 'TWCORNEL5-F9587336CD334413B7885F666BF3DD58', '2021-09-07', 11, 28, 5.800, 5.580, 'bvick', '2021-10-22 12:04:32', NULL ) on conflict (LIN_INJ_ID) do update set LIN_SUM_ID = EXCLUDED.LIN_SUM_ID, INJECTION_DATE = EXCLUDED.INJECTION_DATE, INJECTION_HOUR = EXCLUDED.INJECTION_HOUR, INJECTION_MIN = EXCLUDED.INJECTION_MIN, MEASURED_VALUE = EXCLUDED.MEASURED_VALUE, REF_VALUE = EXCLUDED.REF_VALUE, USERID = EXCLUDED.USERID, ADD_DATE = EXCLUDED.ADD_DATE, UPDATE_DATE = EXCLUDED.UPDATE_DATE;
/* ORIS:      3    Location: 5         Test Type: LINE       Test Num: 20210907110209CD1     SQL Ord:    5 */ insert into camdecmpswks.PROTOCOL_GAS ( PROTOCOL_GAS_ID, TEST_SUM_ID, GAS_LEVEL_CD, GAS_TYPE_CD, VENDOR_ID, CYLINDER_ID, EXPIRATION_DATE, USERID, ADD_DATE, UPDATE_DATE ) values ( 'TWCORNEL5-449E79D0826B4551A2F6E2323BABA42B', 'TWCORNEL5-13FCED68700249D48179FE453B767161', 'MID', 'CO2,NO,NOX,SO2,BALN', 'B22018', 'CC494036', '2026-04-02', 'bvick', '2021-10-22 12:04:32', NULL ) on conflict (PROTOCOL_GAS_ID) do update set TEST_SUM_ID = EXCLUDED.TEST_SUM_ID, GAS_LEVEL_CD = EXCLUDED.GAS_LEVEL_CD, GAS_TYPE_CD = EXCLUDED.GAS_TYPE_CD, VENDOR_ID = EXCLUDED.VENDOR_ID, CYLINDER_ID = EXCLUDED.CYLINDER_ID, EXPIRATION_DATE = EXCLUDED.EXPIRATION_DATE, USERID = EXCLUDED.USERID, ADD_DATE = EXCLUDED.ADD_DATE, UPDATE_DATE = EXCLUDED.UPDATE_DATE;
/* ORIS:      3    Location: 5         Test Type: LINE       Test Num: 20210907110209CD1     SQL Ord:    5 */ insert into camdecmpswks.PROTOCOL_GAS ( PROTOCOL_GAS_ID, TEST_SUM_ID, GAS_LEVEL_CD, GAS_TYPE_CD, VENDOR_ID, CYLINDER_ID, EXPIRATION_DATE, USERID, ADD_DATE, UPDATE_DATE ) values ( 'TWCORNEL5-4FE3975106A646E582EC84BFBC1B7178', 'TWCORNEL5-13FCED68700249D48179FE453B767161', 'LOW', 'CO2,NO,NOX,SO2,BALN', 'B22018', 'CC122724', '2026-10-09', 'bvick', '2021-10-22 12:04:32', NULL ) on conflict (PROTOCOL_GAS_ID) do update set TEST_SUM_ID = EXCLUDED.TEST_SUM_ID, GAS_LEVEL_CD = EXCLUDED.GAS_LEVEL_CD, GAS_TYPE_CD = EXCLUDED.GAS_TYPE_CD, VENDOR_ID = EXCLUDED.VENDOR_ID, CYLINDER_ID = EXCLUDED.CYLINDER_ID, EXPIRATION_DATE = EXCLUDED.EXPIRATION_DATE, USERID = EXCLUDED.USERID, ADD_DATE = EXCLUDED.ADD_DATE, UPDATE_DATE = EXCLUDED.UPDATE_DATE;
/* ORIS:      3    Location: 5         Test Type: LINE       Test Num: 20210907110209CD1     SQL Ord:    5 */ insert into camdecmpswks.PROTOCOL_GAS ( PROTOCOL_GAS_ID, TEST_SUM_ID, GAS_LEVEL_CD, GAS_TYPE_CD, VENDOR_ID, CYLINDER_ID, EXPIRATION_DATE, USERID, ADD_DATE, UPDATE_DATE ) values ( 'TWCORNEL5-FC16CE1F33A543E6A30ADACD3091100C', 'TWCORNEL5-13FCED68700249D48179FE453B767161', 'HIGH', 'CO2,NO,NOX,SO2,BALN', 'B22018', 'CC44707', '2026-10-09', 'bvick', '2021-10-22 12:04:32', NULL ) on conflict (PROTOCOL_GAS_ID) do update set TEST_SUM_ID = EXCLUDED.TEST_SUM_ID, GAS_LEVEL_CD = EXCLUDED.GAS_LEVEL_CD, GAS_TYPE_CD = EXCLUDED.GAS_TYPE_CD, VENDOR_ID = EXCLUDED.VENDOR_ID, CYLINDER_ID = EXCLUDED.CYLINDER_ID, EXPIRATION_DATE = EXCLUDED.EXPIRATION_DATE, USERID = EXCLUDED.USERID, ADD_DATE = EXCLUDED.ADD_DATE, UPDATE_DATE = EXCLUDED.UPDATE_DATE;
/* ORIS:      3    Location: 5         Test Type: LINE       Test Num: 20210907110209NX1     SQL Ord:    1 */ delete from camdecmpswks.TEST_SUMMARY where TEST_SUM_ID = 'TWCORNEL5-8BE60399F0F04855B94634878B3C128C';
/* ORIS:      3    Location: 5         Test Type: LINE       Test Num: 20210907110209NX1     SQL Ord:    2 */ insert into camdecmpswks.TEST_SUMMARY ( TEST_SUM_ID, MON_LOC_ID, TEST_TYPE_CD, TEST_NUM, MON_SYS_ID, COMPONENT_ID, GP_IND, TEST_REASON_CD, TEST_RESULT_CD, RPT_PERIOD_ID, BEGIN_DATE, BEGIN_HOUR, BEGIN_MIN, END_DATE, END_HOUR, END_MIN, SPAN_SCALE_CD, INJECTION_PROTOCOL_CD, TEST_COMMENT, TEST_DESCRIPTION, CALC_GP_IND, CALC_TEST_RESULT_CD, CALC_SPAN_VALUE, LAST_UPDATED, UPDATED_STATUS_FLG, NEEDS_EVAL_FLG, CHK_SESSION_ID, USERID, ADD_DATE, UPDATE_DATE ) values ( 'TWCORNEL5-8BE60399F0F04855B94634878B3C128C', '11', 'LINE', '20210907110209NX1', NULL, 'TWCORNEL5-8A5F84F444B8419DA6780BD08B041C3C', 0, 'QA', 'PASSED', NULL, '2021-09-07', 10, 0, '2021-09-07', 11, 56, 'H', NULL, NULL, NULL, NULL, NULL, 500.000, '2021-12-27 10:02:28', 'Y', 'N', 'CHV-LGIANN-BA19CA83E6F2419EAD36CAE514817175', 'esupport', '2021-10-22 12:04:32', '2022-09-16 16:47:44' ) on conflict (TEST_SUM_ID) do update set MON_LOC_ID = EXCLUDED.MON_LOC_ID, TEST_TYPE_CD = EXCLUDED.TEST_TYPE_CD, TEST_NUM = EXCLUDED.TEST_NUM, MON_SYS_ID = EXCLUDED.MON_SYS_ID, COMPONENT_ID = EXCLUDED.COMPONENT_ID, GP_IND = EXCLUDED.GP_IND, TEST_REASON_CD = EXCLUDED.TEST_REASON_CD, TEST_RESULT_CD = EXCLUDED.TEST_RESULT_CD, RPT_PERIOD_ID = EXCLUDED.RPT_PERIOD_ID, BEGIN_DATE = EXCLUDED.BEGIN_DATE, BEGIN_HOUR = EXCLUDED.BEGIN_HOUR, BEGIN_MIN = EXCLUDED.BEGIN_MIN, END_DATE = EXCLUDED.END_DATE, END_HOUR = EXCLUDED.END_HOUR, END_MIN = EXCLUDED.END_MIN, SPAN_SCALE_CD = EXCLUDED.SPAN_SCALE_CD, INJECTION_PROTOCOL_CD = EXCLUDED.INJECTION_PROTOCOL_CD, TEST_COMMENT = EXCLUDED.TEST_COMMENT, TEST_DESCRIPTION = EXCLUDED.TEST_DESCRIPTION, CALC_GP_IND = EXCLUDED.CALC_GP_IND, CALC_TEST_RESULT_CD = EXCLUDED.CALC_TEST_RESULT_CD, CALC_SPAN_VALUE = EXCLUDED.CALC_SPAN_VALUE, LAST_UPDATED = EXCLUDED.LAST_UPDATED, UPDATED_STATUS_FLG = EXCLUDED.UPDATED_STATUS_FLG, NEEDS_EVAL_FLG = EXCLUDED.NEEDS_EVAL_FLG, CHK_SESSION_ID = EXCLUDED.CHK_SESSION_ID, USERID = EXCLUDED.USERID, ADD_DATE = EXCLUDED.ADD_DATE, UPDATE_DATE = EXCLUDED.UPDATE_DATE;
/* ORIS:      3    Location: 5         Test Type: LINE       Test Num: 20210907110209NX1     SQL Ord:    3 */ insert into camdecmpswks.LINEARITY_SUMMARY ( LIN_SUM_ID, TEST_SUM_ID, MEAN_REF_VALUE, MEAN_MEASURED_VALUE, PERCENT_ERROR, APS_IND, GAS_LEVEL_CD, CALC_MEAN_REF_VALUE, CALC_MEAN_MEASURED_VALUE, CALC_PERCENT_ERROR, CALC_APS_IND, USERID, ADD_DATE, UPDATE_DATE ) values ( 'TWCORNEL5-4F4648C009A943888002B358E2DE8470', 'TWCORNEL5-8BE60399F0F04855B94634878B3C128C', 262.100, 258.433, 1.4, 0, 'MID', 262.100, 258.433, 1.4, 0, 'esupport', '2021-10-22 12:04:32', '2022-09-16 16:47:44' ) on conflict (LIN_SUM_ID) do update set TEST_SUM_ID = EXCLUDED.TEST_SUM_ID, MEAN_REF_VALUE = EXCLUDED.MEAN_REF_VALUE, MEAN_MEASURED_VALUE = EXCLUDED.MEAN_MEASURED_VALUE, PERCENT_ERROR = EXCLUDED.PERCENT_ERROR, APS_IND = EXCLUDED.APS_IND, GAS_LEVEL_CD = EXCLUDED.GAS_LEVEL_CD, CALC_MEAN_REF_VALUE = EXCLUDED.CALC_MEAN_REF_VALUE, CALC_MEAN_MEASURED_VALUE = EXCLUDED.CALC_MEAN_MEASURED_VALUE, CALC_PERCENT_ERROR = EXCLUDED.CALC_PERCENT_ERROR, CALC_APS_IND = EXCLUDED.CALC_APS_IND, USERID = EXCLUDED.USERID, ADD_DATE = EXCLUDED.ADD_DATE, UPDATE_DATE = EXCLUDED.UPDATE_DATE;
/* ORIS:      3    Location: 5         Test Type: LINE       Test Num: 20210907110209NX1     SQL Ord:    3 */ insert into camdecmpswks.LINEARITY_SUMMARY ( LIN_SUM_ID, TEST_SUM_ID, MEAN_REF_VALUE, MEAN_MEASURED_VALUE, PERCENT_ERROR, APS_IND, GAS_LEVEL_CD, CALC_MEAN_REF_VALUE, CALC_MEAN_MEASURED_VALUE, CALC_PERCENT_ERROR, CALC_APS_IND, USERID, ADD_DATE, UPDATE_DATE ) values ( 'TWCORNEL5-6CE6F2B37FEE4D25B28388A38B9E90BB', 'TWCORNEL5-8BE60399F0F04855B94634878B3C128C', 125.200, 126.167, 0.8, 0, 'LOW', 125.200, 126.167, 0.8, 0, 'esupport', '2021-10-22 12:04:32', '2022-09-16 16:47:44' ) on conflict (LIN_SUM_ID) do update set TEST_SUM_ID = EXCLUDED.TEST_SUM_ID, MEAN_REF_VALUE = EXCLUDED.MEAN_REF_VALUE, MEAN_MEASURED_VALUE = EXCLUDED.MEAN_MEASURED_VALUE, PERCENT_ERROR = EXCLUDED.PERCENT_ERROR, APS_IND = EXCLUDED.APS_IND, GAS_LEVEL_CD = EXCLUDED.GAS_LEVEL_CD, CALC_MEAN_REF_VALUE = EXCLUDED.CALC_MEAN_REF_VALUE, CALC_MEAN_MEASURED_VALUE = EXCLUDED.CALC_MEAN_MEASURED_VALUE, CALC_PERCENT_ERROR = EXCLUDED.CALC_PERCENT_ERROR, CALC_APS_IND = EXCLUDED.CALC_APS_IND, USERID = EXCLUDED.USERID, ADD_DATE = EXCLUDED.ADD_DATE, UPDATE_DATE = EXCLUDED.UPDATE_DATE;
/* ORIS:      3    Location: 5         Test Type: LINE       Test Num: 20210907110209NX1     SQL Ord:    3 */ insert into camdecmpswks.LINEARITY_SUMMARY ( LIN_SUM_ID, TEST_SUM_ID, MEAN_REF_VALUE, MEAN_MEASURED_VALUE, PERCENT_ERROR, APS_IND, GAS_LEVEL_CD, CALC_MEAN_REF_VALUE, CALC_MEAN_MEASURED_VALUE, CALC_PERCENT_ERROR, CALC_APS_IND, USERID, ADD_DATE, UPDATE_DATE ) values ( 'TWCORNEL5-8341F378214F4CCD8578683B959444A4', 'TWCORNEL5-8BE60399F0F04855B94634878B3C128C', 475.100, 457.900, 3.6, 0, 'HIGH', 475.100, 457.900, 3.6, 0, 'esupport', '2021-10-22 12:04:32', '2022-09-16 16:47:44' ) on conflict (LIN_SUM_ID) do update set TEST_SUM_ID = EXCLUDED.TEST_SUM_ID, MEAN_REF_VALUE = EXCLUDED.MEAN_REF_VALUE, MEAN_MEASURED_VALUE = EXCLUDED.MEAN_MEASURED_VALUE, PERCENT_ERROR = EXCLUDED.PERCENT_ERROR, APS_IND = EXCLUDED.APS_IND, GAS_LEVEL_CD = EXCLUDED.GAS_LEVEL_CD, CALC_MEAN_REF_VALUE = EXCLUDED.CALC_MEAN_REF_VALUE, CALC_MEAN_MEASURED_VALUE = EXCLUDED.CALC_MEAN_MEASURED_VALUE, CALC_PERCENT_ERROR = EXCLUDED.CALC_PERCENT_ERROR, CALC_APS_IND = EXCLUDED.CALC_APS_IND, USERID = EXCLUDED.USERID, ADD_DATE = EXCLUDED.ADD_DATE, UPDATE_DATE = EXCLUDED.UPDATE_DATE;
/* ORIS:      3    Location: 5         Test Type: LINE       Test Num: 20210907110209NX1     SQL Ord:    4 */ insert into camdecmpswks.LINEARITY_INJECTION ( LIN_INJ_ID, LIN_SUM_ID, INJECTION_DATE, INJECTION_HOUR, INJECTION_MIN, MEASURED_VALUE, REF_VALUE, USERID, ADD_DATE, UPDATE_DATE ) values ( 'TWCORNEL5-03651773F83C47D1AA3331879B4FABDA', 'TWCORNEL5-8341F378214F4CCD8578683B959444A4', '2021-09-07', 11, 21, 457.900, 475.100, 'bvick', '2021-10-22 12:04:32', NULL ) on conflict (LIN_INJ_ID) do update set LIN_SUM_ID = EXCLUDED.LIN_SUM_ID, INJECTION_DATE = EXCLUDED.INJECTION_DATE, INJECTION_HOUR = EXCLUDED.INJECTION_HOUR, INJECTION_MIN = EXCLUDED.INJECTION_MIN, MEASURED_VALUE = EXCLUDED.MEASURED_VALUE, REF_VALUE = EXCLUDED.REF_VALUE, USERID = EXCLUDED.USERID, ADD_DATE = EXCLUDED.ADD_DATE, UPDATE_DATE = EXCLUDED.UPDATE_DATE;
/* ORIS:      3    Location: 5         Test Type: LINE       Test Num: 20210907110209NX1     SQL Ord:    4 */ insert into camdecmpswks.LINEARITY_INJECTION ( LIN_INJ_ID, LIN_SUM_ID, INJECTION_DATE, INJECTION_HOUR, INJECTION_MIN, MEASURED_VALUE, REF_VALUE, USERID, ADD_DATE, UPDATE_DATE ) values ( 'TWCORNEL5-13FC4C792419487E8BF7BBAE1D4846EE', 'TWCORNEL5-6CE6F2B37FEE4D25B28388A38B9E90BB', '2021-09-07', 11, 45, 126.200, 125.200, 'bvick', '2021-10-22 12:04:32', NULL ) on conflict (LIN_INJ_ID) do update set LIN_SUM_ID = EXCLUDED.LIN_SUM_ID, INJECTION_DATE = EXCLUDED.INJECTION_DATE, INJECTION_HOUR = EXCLUDED.INJECTION_HOUR, INJECTION_MIN = EXCLUDED.INJECTION_MIN, MEASURED_VALUE = EXCLUDED.MEASURED_VALUE, REF_VALUE = EXCLUDED.REF_VALUE, USERID = EXCLUDED.USERID, ADD_DATE = EXCLUDED.ADD_DATE, UPDATE_DATE = EXCLUDED.UPDATE_DATE;
/* ORIS:      3    Location: 5         Test Type: LINE       Test Num: 20210907110209NX1     SQL Ord:    4 */ insert into camdecmpswks.LINEARITY_INJECTION ( LIN_INJ_ID, LIN_SUM_ID, INJECTION_DATE, INJECTION_HOUR, INJECTION_MIN, MEASURED_VALUE, REF_VALUE, USERID, ADD_DATE, UPDATE_DATE ) values ( 'TWCORNEL5-227A485E773D4DA8B5AB4EE9CC874955', 'TWCORNEL5-6CE6F2B37FEE4D25B28388A38B9E90BB', '2021-09-07', 11, 28, 126.000, 125.200, 'bvick', '2021-10-22 12:04:32', NULL ) on conflict (LIN_INJ_ID) do update set LIN_SUM_ID = EXCLUDED.LIN_SUM_ID, INJECTION_DATE = EXCLUDED.INJECTION_DATE, INJECTION_HOUR = EXCLUDED.INJECTION_HOUR, INJECTION_MIN = EXCLUDED.INJECTION_MIN, MEASURED_VALUE = EXCLUDED.MEASURED_VALUE, REF_VALUE = EXCLUDED.REF_VALUE, USERID = EXCLUDED.USERID, ADD_DATE = EXCLUDED.ADD_DATE, UPDATE_DATE = EXCLUDED.UPDATE_DATE;
/* ORIS:      3    Location: 5         Test Type: LINE       Test Num: 20210907110209NX1     SQL Ord:    4 */ insert into camdecmpswks.LINEARITY_INJECTION ( LIN_INJ_ID, LIN_SUM_ID, INJECTION_DATE, INJECTION_HOUR, INJECTION_MIN, MEASURED_VALUE, REF_VALUE, USERID, ADD_DATE, UPDATE_DATE ) values ( 'TWCORNEL5-64BAC707EB244A798828828F90A6EF38', 'TWCORNEL5-8341F378214F4CCD8578683B959444A4', '2021-09-07', 11, 56, 457.600, 475.100, 'bvick', '2021-10-22 12:04:32', NULL ) on conflict (LIN_INJ_ID) do update set LIN_SUM_ID = EXCLUDED.LIN_SUM_ID, INJECTION_DATE = EXCLUDED.INJECTION_DATE, INJECTION_HOUR = EXCLUDED.INJECTION_HOUR, INJECTION_MIN = EXCLUDED.INJECTION_MIN, MEASURED_VALUE = EXCLUDED.MEASURED_VALUE, REF_VALUE = EXCLUDED.REF_VALUE, USERID = EXCLUDED.USERID, ADD_DATE = EXCLUDED.ADD_DATE, UPDATE_DATE = EXCLUDED.UPDATE_DATE;
/* ORIS:      3    Location: 5         Test Type: LINE       Test Num: 20210907110209NX1     SQL Ord:    4 */ insert into camdecmpswks.LINEARITY_INJECTION ( LIN_INJ_ID, LIN_SUM_ID, INJECTION_DATE, INJECTION_HOUR, INJECTION_MIN, MEASURED_VALUE, REF_VALUE, USERID, ADD_DATE, UPDATE_DATE ) values ( 'TWCORNEL5-65CD6BECBE484145B98D7789707FD657', 'TWCORNEL5-4F4648C009A943888002B358E2DE8470', '2021-09-07', 11, 53, 258.200, 262.100, 'bvick', '2021-10-22 12:04:32', NULL ) on conflict (LIN_INJ_ID) do update set LIN_SUM_ID = EXCLUDED.LIN_SUM_ID, INJECTION_DATE = EXCLUDED.INJECTION_DATE, INJECTION_HOUR = EXCLUDED.INJECTION_HOUR, INJECTION_MIN = EXCLUDED.INJECTION_MIN, MEASURED_VALUE = EXCLUDED.MEASURED_VALUE, REF_VALUE = EXCLUDED.REF_VALUE, USERID = EXCLUDED.USERID, ADD_DATE = EXCLUDED.ADD_DATE, UPDATE_DATE = EXCLUDED.UPDATE_DATE;
/* ORIS:      3    Location: 5         Test Type: LINE       Test Num: 20210907110209NX1     SQL Ord:    4 */ insert into camdecmpswks.LINEARITY_INJECTION ( LIN_INJ_ID, LIN_SUM_ID, INJECTION_DATE, INJECTION_HOUR, INJECTION_MIN, MEASURED_VALUE, REF_VALUE, USERID, ADD_DATE, UPDATE_DATE ) values ( 'TWCORNEL5-9862850710A7475AB26E6A8573DC63BA', 'TWCORNEL5-4F4648C009A943888002B358E2DE8470', '2021-09-07', 11, 0, 258.800, 262.100, 'bvick', '2021-10-22 12:04:32', NULL ) on conflict (LIN_INJ_ID) do update set LIN_SUM_ID = EXCLUDED.LIN_SUM_ID, INJECTION_DATE = EXCLUDED.INJECTION_DATE, INJECTION_HOUR = EXCLUDED.INJECTION_HOUR, INJECTION_MIN = EXCLUDED.INJECTION_MIN, MEASURED_VALUE = EXCLUDED.MEASURED_VALUE, REF_VALUE = EXCLUDED.REF_VALUE, USERID = EXCLUDED.USERID, ADD_DATE = EXCLUDED.ADD_DATE, UPDATE_DATE = EXCLUDED.UPDATE_DATE;
/* ORIS:      3    Location: 5         Test Type: LINE       Test Num: 20210907110209NX1     SQL Ord:    4 */ insert into camdecmpswks.LINEARITY_INJECTION ( LIN_INJ_ID, LIN_SUM_ID, INJECTION_DATE, INJECTION_HOUR, INJECTION_MIN, MEASURED_VALUE, REF_VALUE, USERID, ADD_DATE, UPDATE_DATE ) values ( 'TWCORNEL5-B4A804690C58467EA0435ED397CB7A14', 'TWCORNEL5-4F4648C009A943888002B358E2DE8470', '2021-09-07', 11, 36, 258.300, 262.100, 'bvick', '2021-10-22 12:04:32', NULL ) on conflict (LIN_INJ_ID) do update set LIN_SUM_ID = EXCLUDED.LIN_SUM_ID, INJECTION_DATE = EXCLUDED.INJECTION_DATE, INJECTION_HOUR = EXCLUDED.INJECTION_HOUR, INJECTION_MIN = EXCLUDED.INJECTION_MIN, MEASURED_VALUE = EXCLUDED.MEASURED_VALUE, REF_VALUE = EXCLUDED.REF_VALUE, USERID = EXCLUDED.USERID, ADD_DATE = EXCLUDED.ADD_DATE, UPDATE_DATE = EXCLUDED.UPDATE_DATE;
/* ORIS:      3    Location: 5         Test Type: LINE       Test Num: 20210907110209NX1     SQL Ord:    4 */ insert into camdecmpswks.LINEARITY_INJECTION ( LIN_INJ_ID, LIN_SUM_ID, INJECTION_DATE, INJECTION_HOUR, INJECTION_MIN, MEASURED_VALUE, REF_VALUE, USERID, ADD_DATE, UPDATE_DATE ) values ( 'TWCORNEL5-DF23038222C4407C9EC17C96AD4BEC5A', 'TWCORNEL5-8341F378214F4CCD8578683B959444A4', '2021-09-07', 11, 41, 458.200, 475.100, 'bvick', '2021-10-22 12:04:32', NULL ) on conflict (LIN_INJ_ID) do update set LIN_SUM_ID = EXCLUDED.LIN_SUM_ID, INJECTION_DATE = EXCLUDED.INJECTION_DATE, INJECTION_HOUR = EXCLUDED.INJECTION_HOUR, INJECTION_MIN = EXCLUDED.INJECTION_MIN, MEASURED_VALUE = EXCLUDED.MEASURED_VALUE, REF_VALUE = EXCLUDED.REF_VALUE, USERID = EXCLUDED.USERID, ADD_DATE = EXCLUDED.ADD_DATE, UPDATE_DATE = EXCLUDED.UPDATE_DATE;
/* ORIS:      3    Location: 5         Test Type: LINE       Test Num: 20210907110209NX1     SQL Ord:    4 */ insert into camdecmpswks.LINEARITY_INJECTION ( LIN_INJ_ID, LIN_SUM_ID, INJECTION_DATE, INJECTION_HOUR, INJECTION_MIN, MEASURED_VALUE, REF_VALUE, USERID, ADD_DATE, UPDATE_DATE ) values ( 'TWCORNEL5-F7819D6AC742414EB9E2236434E2BD6D', 'TWCORNEL5-6CE6F2B37FEE4D25B28388A38B9E90BB', '2021-09-07', 11, 9, 126.300, 125.200, 'bvick', '2021-10-22 12:04:32', NULL ) on conflict (LIN_INJ_ID) do update set LIN_SUM_ID = EXCLUDED.LIN_SUM_ID, INJECTION_DATE = EXCLUDED.INJECTION_DATE, INJECTION_HOUR = EXCLUDED.INJECTION_HOUR, INJECTION_MIN = EXCLUDED.INJECTION_MIN, MEASURED_VALUE = EXCLUDED.MEASURED_VALUE, REF_VALUE = EXCLUDED.REF_VALUE, USERID = EXCLUDED.USERID, ADD_DATE = EXCLUDED.ADD_DATE, UPDATE_DATE = EXCLUDED.UPDATE_DATE;
/* ORIS:      3    Location: 5         Test Type: LINE       Test Num: 20210907110209NX1     SQL Ord:    5 */ insert into camdecmpswks.PROTOCOL_GAS ( PROTOCOL_GAS_ID, TEST_SUM_ID, GAS_LEVEL_CD, GAS_TYPE_CD, VENDOR_ID, CYLINDER_ID, EXPIRATION_DATE, USERID, ADD_DATE, UPDATE_DATE ) values ( 'TWCORNEL5-9C5B53CD49FC4D20ADFE2831678CD630', 'TWCORNEL5-8BE60399F0F04855B94634878B3C128C', 'LOW', 'CO2,NO,NOX,SO2,BALN', 'B22018', 'CC122724', '2026-10-09', 'bvick', '2021-10-22 12:04:32', NULL ) on conflict (PROTOCOL_GAS_ID) do update set TEST_SUM_ID = EXCLUDED.TEST_SUM_ID, GAS_LEVEL_CD = EXCLUDED.GAS_LEVEL_CD, GAS_TYPE_CD = EXCLUDED.GAS_TYPE_CD, VENDOR_ID = EXCLUDED.VENDOR_ID, CYLINDER_ID = EXCLUDED.CYLINDER_ID, EXPIRATION_DATE = EXCLUDED.EXPIRATION_DATE, USERID = EXCLUDED.USERID, ADD_DATE = EXCLUDED.ADD_DATE, UPDATE_DATE = EXCLUDED.UPDATE_DATE;
/* ORIS:      3    Location: 5         Test Type: LINE       Test Num: 20210907110209NX1     SQL Ord:    5 */ insert into camdecmpswks.PROTOCOL_GAS ( PROTOCOL_GAS_ID, TEST_SUM_ID, GAS_LEVEL_CD, GAS_TYPE_CD, VENDOR_ID, CYLINDER_ID, EXPIRATION_DATE, USERID, ADD_DATE, UPDATE_DATE ) values ( 'TWCORNEL5-AC602762C2D44C2BBB1AC1D153E23E72', 'TWCORNEL5-8BE60399F0F04855B94634878B3C128C', 'HIGH', 'CO2,NO,NOX,SO2,BALN', 'B22018', 'CC44707', '2026-10-09', 'bvick', '2021-10-22 12:04:32', NULL ) on conflict (PROTOCOL_GAS_ID) do update set TEST_SUM_ID = EXCLUDED.TEST_SUM_ID, GAS_LEVEL_CD = EXCLUDED.GAS_LEVEL_CD, GAS_TYPE_CD = EXCLUDED.GAS_TYPE_CD, VENDOR_ID = EXCLUDED.VENDOR_ID, CYLINDER_ID = EXCLUDED.CYLINDER_ID, EXPIRATION_DATE = EXCLUDED.EXPIRATION_DATE, USERID = EXCLUDED.USERID, ADD_DATE = EXCLUDED.ADD_DATE, UPDATE_DATE = EXCLUDED.UPDATE_DATE;
/* ORIS:      3    Location: 5         Test Type: LINE       Test Num: 20210907110209NX1     SQL Ord:    5 */ insert into camdecmpswks.PROTOCOL_GAS ( PROTOCOL_GAS_ID, TEST_SUM_ID, GAS_LEVEL_CD, GAS_TYPE_CD, VENDOR_ID, CYLINDER_ID, EXPIRATION_DATE, USERID, ADD_DATE, UPDATE_DATE ) values ( 'TWCORNEL5-C7083AB0039C4679B39BDB7F24B48766', 'TWCORNEL5-8BE60399F0F04855B94634878B3C128C', 'MID', 'CO2,NO,NOX,SO2,BALN', 'B22018', 'CC494036', '2026-04-02', 'bvick', '2021-10-22 12:04:32', NULL ) on conflict (PROTOCOL_GAS_ID) do update set TEST_SUM_ID = EXCLUDED.TEST_SUM_ID, GAS_LEVEL_CD = EXCLUDED.GAS_LEVEL_CD, GAS_TYPE_CD = EXCLUDED.GAS_TYPE_CD, VENDOR_ID = EXCLUDED.VENDOR_ID, CYLINDER_ID = EXCLUDED.CYLINDER_ID, EXPIRATION_DATE = EXCLUDED.EXPIRATION_DATE, USERID = EXCLUDED.USERID, ADD_DATE = EXCLUDED.ADD_DATE, UPDATE_DATE = EXCLUDED.UPDATE_DATE;
/* ORIS:      3    Location: 5         Test Type: LINE       Test Num: 20210907110209SD1     SQL Ord:    1 */ delete from camdecmpswks.TEST_SUMMARY where TEST_SUM_ID = 'TWCORNEL5-BD84A463ADD448149752AA038152D2A1';
/* ORIS:      3    Location: 5         Test Type: LINE       Test Num: 20210907110209SD1     SQL Ord:    2 */ insert into camdecmpswks.TEST_SUMMARY ( TEST_SUM_ID, MON_LOC_ID, TEST_TYPE_CD, TEST_NUM, MON_SYS_ID, COMPONENT_ID, GP_IND, TEST_REASON_CD, TEST_RESULT_CD, RPT_PERIOD_ID, BEGIN_DATE, BEGIN_HOUR, BEGIN_MIN, END_DATE, END_HOUR, END_MIN, SPAN_SCALE_CD, INJECTION_PROTOCOL_CD, TEST_COMMENT, TEST_DESCRIPTION, CALC_GP_IND, CALC_TEST_RESULT_CD, CALC_SPAN_VALUE, LAST_UPDATED, UPDATED_STATUS_FLG, NEEDS_EVAL_FLG, CHK_SESSION_ID, USERID, ADD_DATE, UPDATE_DATE ) values ( 'TWCORNEL5-BD84A463ADD448149752AA038152D2A1', '11', 'LINE', '20210907110209SD1', NULL, 'TWCORNEL5-021F190F7A074AB7BDAB9393FDE0A5F6', 0, NULL, 'PASSED', NULL, '2021-09-07', 11, 0, '2021-09-07', 11, 56, 'H', NULL, NULL, NULL, NULL, NULL, 750.000, '2021-12-27 10:08:54', 'Y', 'N', 'CHV-LGIANN-3F9F2B7DBE6C4FADAC0C191154FEE918', 'esupport', '2021-10-22 12:04:32', '2022-09-16 16:47:46' ) on conflict (TEST_SUM_ID) do update set MON_LOC_ID = EXCLUDED.MON_LOC_ID, TEST_TYPE_CD = EXCLUDED.TEST_TYPE_CD, TEST_NUM = EXCLUDED.TEST_NUM, MON_SYS_ID = EXCLUDED.MON_SYS_ID, COMPONENT_ID = EXCLUDED.COMPONENT_ID, GP_IND = EXCLUDED.GP_IND, TEST_REASON_CD = EXCLUDED.TEST_REASON_CD, TEST_RESULT_CD = EXCLUDED.TEST_RESULT_CD, RPT_PERIOD_ID = EXCLUDED.RPT_PERIOD_ID, BEGIN_DATE = EXCLUDED.BEGIN_DATE, BEGIN_HOUR = EXCLUDED.BEGIN_HOUR, BEGIN_MIN = EXCLUDED.BEGIN_MIN, END_DATE = EXCLUDED.END_DATE, END_HOUR = EXCLUDED.END_HOUR, END_MIN = EXCLUDED.END_MIN, SPAN_SCALE_CD = EXCLUDED.SPAN_SCALE_CD, INJECTION_PROTOCOL_CD = EXCLUDED.INJECTION_PROTOCOL_CD, TEST_COMMENT = EXCLUDED.TEST_COMMENT, TEST_DESCRIPTION = EXCLUDED.TEST_DESCRIPTION, CALC_GP_IND = EXCLUDED.CALC_GP_IND, CALC_TEST_RESULT_CD = EXCLUDED.CALC_TEST_RESULT_CD, CALC_SPAN_VALUE = EXCLUDED.CALC_SPAN_VALUE, LAST_UPDATED = EXCLUDED.LAST_UPDATED, UPDATED_STATUS_FLG = EXCLUDED.UPDATED_STATUS_FLG, NEEDS_EVAL_FLG = EXCLUDED.NEEDS_EVAL_FLG, CHK_SESSION_ID = EXCLUDED.CHK_SESSION_ID, USERID = EXCLUDED.USERID, ADD_DATE = EXCLUDED.ADD_DATE, UPDATE_DATE = EXCLUDED.UPDATE_DATE;
/* ORIS:      3    Location: 5         Test Type: LINE       Test Num: 20210907110209SD1     SQL Ord:    3 */ insert into camdecmpswks.LINEARITY_SUMMARY ( LIN_SUM_ID, TEST_SUM_ID, MEAN_REF_VALUE, MEAN_MEASURED_VALUE, PERCENT_ERROR, APS_IND, GAS_LEVEL_CD, CALC_MEAN_REF_VALUE, CALC_MEAN_MEASURED_VALUE, CALC_PERCENT_ERROR, CALC_APS_IND, USERID, ADD_DATE, UPDATE_DATE ) values ( 'TWCORNEL5-9BF558959F514A958001086618F01F8B', 'TWCORNEL5-BD84A463ADD448149752AA038152D2A1', 700.700, 680.400, 2.9, 0, 'HIGH', 700.700, 680.400, 2.9, 0, 'esupport', '2021-10-22 12:04:32', '2022-09-16 16:47:46' ) on conflict (LIN_SUM_ID) do update set TEST_SUM_ID = EXCLUDED.TEST_SUM_ID, MEAN_REF_VALUE = EXCLUDED.MEAN_REF_VALUE, MEAN_MEASURED_VALUE = EXCLUDED.MEAN_MEASURED_VALUE, PERCENT_ERROR = EXCLUDED.PERCENT_ERROR, APS_IND = EXCLUDED.APS_IND, GAS_LEVEL_CD = EXCLUDED.GAS_LEVEL_CD, CALC_MEAN_REF_VALUE = EXCLUDED.CALC_MEAN_REF_VALUE, CALC_MEAN_MEASURED_VALUE = EXCLUDED.CALC_MEAN_MEASURED_VALUE, CALC_PERCENT_ERROR = EXCLUDED.CALC_PERCENT_ERROR, CALC_APS_IND = EXCLUDED.CALC_APS_IND, USERID = EXCLUDED.USERID, ADD_DATE = EXCLUDED.ADD_DATE, UPDATE_DATE = EXCLUDED.UPDATE_DATE;
/* ORIS:      3    Location: 5         Test Type: LINE       Test Num: 20210907110209SD1     SQL Ord:    3 */ insert into camdecmpswks.LINEARITY_SUMMARY ( LIN_SUM_ID, TEST_SUM_ID, MEAN_REF_VALUE, MEAN_MEASURED_VALUE, PERCENT_ERROR, APS_IND, GAS_LEVEL_CD, CALC_MEAN_REF_VALUE, CALC_MEAN_MEASURED_VALUE, CALC_PERCENT_ERROR, CALC_APS_IND, USERID, ADD_DATE, UPDATE_DATE ) values ( 'TWCORNEL5-B384900CF04E4EBBA9537286A41AAF40', 'TWCORNEL5-BD84A463ADD448149752AA038152D2A1', 404.200, 397.233, 1.7, 0, 'MID', 404.200, 397.233, 1.7, 0, 'esupport', '2021-10-22 12:04:32', '2022-09-16 16:47:46' ) on conflict (LIN_SUM_ID) do update set TEST_SUM_ID = EXCLUDED.TEST_SUM_ID, MEAN_REF_VALUE = EXCLUDED.MEAN_REF_VALUE, MEAN_MEASURED_VALUE = EXCLUDED.MEAN_MEASURED_VALUE, PERCENT_ERROR = EXCLUDED.PERCENT_ERROR, APS_IND = EXCLUDED.APS_IND, GAS_LEVEL_CD = EXCLUDED.GAS_LEVEL_CD, CALC_MEAN_REF_VALUE = EXCLUDED.CALC_MEAN_REF_VALUE, CALC_MEAN_MEASURED_VALUE = EXCLUDED.CALC_MEAN_MEASURED_VALUE, CALC_PERCENT_ERROR = EXCLUDED.CALC_PERCENT_ERROR, CALC_APS_IND = EXCLUDED.CALC_APS_IND, USERID = EXCLUDED.USERID, ADD_DATE = EXCLUDED.ADD_DATE, UPDATE_DATE = EXCLUDED.UPDATE_DATE;
/* ORIS:      3    Location: 5         Test Type: LINE       Test Num: 20210907110209SD1     SQL Ord:    3 */ insert into camdecmpswks.LINEARITY_SUMMARY ( LIN_SUM_ID, TEST_SUM_ID, MEAN_REF_VALUE, MEAN_MEASURED_VALUE, PERCENT_ERROR, APS_IND, GAS_LEVEL_CD, CALC_MEAN_REF_VALUE, CALC_MEAN_MEASURED_VALUE, CALC_PERCENT_ERROR, CALC_APS_IND, USERID, ADD_DATE, UPDATE_DATE ) values ( 'TWCORNEL5-DF98802B7A2A413AACF70A211C2F180B', 'TWCORNEL5-BD84A463ADD448149752AA038152D2A1', 179.700, 181.167, 0.8, 0, 'LOW', 179.700, 181.167, 0.8, 0, 'esupport', '2021-10-22 12:04:32', '2022-09-16 16:47:46' ) on conflict (LIN_SUM_ID) do update set TEST_SUM_ID = EXCLUDED.TEST_SUM_ID, MEAN_REF_VALUE = EXCLUDED.MEAN_REF_VALUE, MEAN_MEASURED_VALUE = EXCLUDED.MEAN_MEASURED_VALUE, PERCENT_ERROR = EXCLUDED.PERCENT_ERROR, APS_IND = EXCLUDED.APS_IND, GAS_LEVEL_CD = EXCLUDED.GAS_LEVEL_CD, CALC_MEAN_REF_VALUE = EXCLUDED.CALC_MEAN_REF_VALUE, CALC_MEAN_MEASURED_VALUE = EXCLUDED.CALC_MEAN_MEASURED_VALUE, CALC_PERCENT_ERROR = EXCLUDED.CALC_PERCENT_ERROR, CALC_APS_IND = EXCLUDED.CALC_APS_IND, USERID = EXCLUDED.USERID, ADD_DATE = EXCLUDED.ADD_DATE, UPDATE_DATE = EXCLUDED.UPDATE_DATE;
/* ORIS:      3    Location: 5         Test Type: LINE       Test Num: 20210907110209SD1     SQL Ord:    4 */ insert into camdecmpswks.LINEARITY_INJECTION ( LIN_INJ_ID, LIN_SUM_ID, INJECTION_DATE, INJECTION_HOUR, INJECTION_MIN, MEASURED_VALUE, REF_VALUE, USERID, ADD_DATE, UPDATE_DATE ) values ( 'TWCORNEL5-13CCCE254AF0453FBB2C4E7E881D6649', 'TWCORNEL5-B384900CF04E4EBBA9537286A41AAF40', '2021-09-07', 11, 36, 397.800, 404.200, 'bvick', '2021-10-22 12:04:32', NULL ) on conflict (LIN_INJ_ID) do update set LIN_SUM_ID = EXCLUDED.LIN_SUM_ID, INJECTION_DATE = EXCLUDED.INJECTION_DATE, INJECTION_HOUR = EXCLUDED.INJECTION_HOUR, INJECTION_MIN = EXCLUDED.INJECTION_MIN, MEASURED_VALUE = EXCLUDED.MEASURED_VALUE, REF_VALUE = EXCLUDED.REF_VALUE, USERID = EXCLUDED.USERID, ADD_DATE = EXCLUDED.ADD_DATE, UPDATE_DATE = EXCLUDED.UPDATE_DATE;
/* ORIS:      3    Location: 5         Test Type: LINE       Test Num: 20210907110209SD1     SQL Ord:    4 */ insert into camdecmpswks.LINEARITY_INJECTION ( LIN_INJ_ID, LIN_SUM_ID, INJECTION_DATE, INJECTION_HOUR, INJECTION_MIN, MEASURED_VALUE, REF_VALUE, USERID, ADD_DATE, UPDATE_DATE ) values ( 'TWCORNEL5-188212AD56F64B51918DC5DA5CAA6B5D', 'TWCORNEL5-9BF558959F514A958001086618F01F8B', '2021-09-07', 11, 41, 680.400, 700.700, 'bvick', '2021-10-22 12:04:32', NULL ) on conflict (LIN_INJ_ID) do update set LIN_SUM_ID = EXCLUDED.LIN_SUM_ID, INJECTION_DATE = EXCLUDED.INJECTION_DATE, INJECTION_HOUR = EXCLUDED.INJECTION_HOUR, INJECTION_MIN = EXCLUDED.INJECTION_MIN, MEASURED_VALUE = EXCLUDED.MEASURED_VALUE, REF_VALUE = EXCLUDED.REF_VALUE, USERID = EXCLUDED.USERID, ADD_DATE = EXCLUDED.ADD_DATE, UPDATE_DATE = EXCLUDED.UPDATE_DATE;
/* ORIS:      3    Location: 5         Test Type: LINE       Test Num: 20210907110209SD1     SQL Ord:    4 */ insert into camdecmpswks.LINEARITY_INJECTION ( LIN_INJ_ID, LIN_SUM_ID, INJECTION_DATE, INJECTION_HOUR, INJECTION_MIN, MEASURED_VALUE, REF_VALUE, USERID, ADD_DATE, UPDATE_DATE ) values ( 'TWCORNEL5-3F0E44C0F1994571BCEB369E8A06A544', 'TWCORNEL5-9BF558959F514A958001086618F01F8B', '2021-09-07', 11, 56, 681.400, 700.700, 'bvick', '2021-10-22 12:04:32', NULL ) on conflict (LIN_INJ_ID) do update set LIN_SUM_ID = EXCLUDED.LIN_SUM_ID, INJECTION_DATE = EXCLUDED.INJECTION_DATE, INJECTION_HOUR = EXCLUDED.INJECTION_HOUR, INJECTION_MIN = EXCLUDED.INJECTION_MIN, MEASURED_VALUE = EXCLUDED.MEASURED_VALUE, REF_VALUE = EXCLUDED.REF_VALUE, USERID = EXCLUDED.USERID, ADD_DATE = EXCLUDED.ADD_DATE, UPDATE_DATE = EXCLUDED.UPDATE_DATE;
/* ORIS:      3    Location: 5         Test Type: LINE       Test Num: 20210907110209SD1     SQL Ord:    4 */ insert into camdecmpswks.LINEARITY_INJECTION ( LIN_INJ_ID, LIN_SUM_ID, INJECTION_DATE, INJECTION_HOUR, INJECTION_MIN, MEASURED_VALUE, REF_VALUE, USERID, ADD_DATE, UPDATE_DATE ) values ( 'TWCORNEL5-46EE2B9C04F74B75A7ABC94F81A179BA', 'TWCORNEL5-DF98802B7A2A413AACF70A211C2F180B', '2021-09-07', 11, 45, 183.900, 179.700, 'bvick', '2021-10-22 12:04:32', NULL ) on conflict (LIN_INJ_ID) do update set LIN_SUM_ID = EXCLUDED.LIN_SUM_ID, INJECTION_DATE = EXCLUDED.INJECTION_DATE, INJECTION_HOUR = EXCLUDED.INJECTION_HOUR, INJECTION_MIN = EXCLUDED.INJECTION_MIN, MEASURED_VALUE = EXCLUDED.MEASURED_VALUE, REF_VALUE = EXCLUDED.REF_VALUE, USERID = EXCLUDED.USERID, ADD_DATE = EXCLUDED.ADD_DATE, UPDATE_DATE = EXCLUDED.UPDATE_DATE;
/* ORIS:      3    Location: 5         Test Type: LINE       Test Num: 20210907110209SD1     SQL Ord:    4 */ insert into camdecmpswks.LINEARITY_INJECTION ( LIN_INJ_ID, LIN_SUM_ID, INJECTION_DATE, INJECTION_HOUR, INJECTION_MIN, MEASURED_VALUE, REF_VALUE, USERID, ADD_DATE, UPDATE_DATE ) values ( 'TWCORNEL5-4E0CA5EF10634BD18620FE29A501349C', 'TWCORNEL5-B384900CF04E4EBBA9537286A41AAF40', '2021-09-07', 11, 53, 400.000, 404.200, 'bvick', '2021-10-22 12:04:32', NULL ) on conflict (LIN_INJ_ID) do update set LIN_SUM_ID = EXCLUDED.LIN_SUM_ID, INJECTION_DATE = EXCLUDED.INJECTION_DATE, INJECTION_HOUR = EXCLUDED.INJECTION_HOUR, INJECTION_MIN = EXCLUDED.INJECTION_MIN, MEASURED_VALUE = EXCLUDED.MEASURED_VALUE, REF_VALUE = EXCLUDED.REF_VALUE, USERID = EXCLUDED.USERID, ADD_DATE = EXCLUDED.ADD_DATE, UPDATE_DATE = EXCLUDED.UPDATE_DATE;
/* ORIS:      3    Location: 5         Test Type: LINE       Test Num: 20210907110209SD1     SQL Ord:    4 */ insert into camdecmpswks.LINEARITY_INJECTION ( LIN_INJ_ID, LIN_SUM_ID, INJECTION_DATE, INJECTION_HOUR, INJECTION_MIN, MEASURED_VALUE, REF_VALUE, USERID, ADD_DATE, UPDATE_DATE ) values ( 'TWCORNEL5-9D5322F9F5E2439FAFEB037ABD04F8F4', 'TWCORNEL5-DF98802B7A2A413AACF70A211C2F180B', '2021-09-07', 11, 28, 180.900, 179.700, 'bvick', '2021-10-22 12:04:32', NULL ) on conflict (LIN_INJ_ID) do update set LIN_SUM_ID = EXCLUDED.LIN_SUM_ID, INJECTION_DATE = EXCLUDED.INJECTION_DATE, INJECTION_HOUR = EXCLUDED.INJECTION_HOUR, INJECTION_MIN = EXCLUDED.INJECTION_MIN, MEASURED_VALUE = EXCLUDED.MEASURED_VALUE, REF_VALUE = EXCLUDED.REF_VALUE, USERID = EXCLUDED.USERID, ADD_DATE = EXCLUDED.ADD_DATE, UPDATE_DATE = EXCLUDED.UPDATE_DATE;
/* ORIS:      3    Location: 5         Test Type: LINE       Test Num: 20210907110209SD1     SQL Ord:    4 */ insert into camdecmpswks.LINEARITY_INJECTION ( LIN_INJ_ID, LIN_SUM_ID, INJECTION_DATE, INJECTION_HOUR, INJECTION_MIN, MEASURED_VALUE, REF_VALUE, USERID, ADD_DATE, UPDATE_DATE ) values ( 'TWCORNEL5-A8512F49734A451294C858779FE4ABA3', 'TWCORNEL5-B384900CF04E4EBBA9537286A41AAF40', '2021-09-07', 11, 0, 393.900, 404.200, 'bvick', '2021-10-22 12:04:32', NULL ) on conflict (LIN_INJ_ID) do update set LIN_SUM_ID = EXCLUDED.LIN_SUM_ID, INJECTION_DATE = EXCLUDED.INJECTION_DATE, INJECTION_HOUR = EXCLUDED.INJECTION_HOUR, INJECTION_MIN = EXCLUDED.INJECTION_MIN, MEASURED_VALUE = EXCLUDED.MEASURED_VALUE, REF_VALUE = EXCLUDED.REF_VALUE, USERID = EXCLUDED.USERID, ADD_DATE = EXCLUDED.ADD_DATE, UPDATE_DATE = EXCLUDED.UPDATE_DATE;
/* ORIS:      3    Location: 5         Test Type: LINE       Test Num: 20210907110209SD1     SQL Ord:    4 */ insert into camdecmpswks.LINEARITY_INJECTION ( LIN_INJ_ID, LIN_SUM_ID, INJECTION_DATE, INJECTION_HOUR, INJECTION_MIN, MEASURED_VALUE, REF_VALUE, USERID, ADD_DATE, UPDATE_DATE ) values ( 'TWCORNEL5-DDDC85FAE48F4D939BFB33EF9FF00735', 'TWCORNEL5-9BF558959F514A958001086618F01F8B', '2021-09-07', 11, 21, 679.400, 700.700, 'bvick', '2021-10-22 12:04:32', NULL ) on conflict (LIN_INJ_ID) do update set LIN_SUM_ID = EXCLUDED.LIN_SUM_ID, INJECTION_DATE = EXCLUDED.INJECTION_DATE, INJECTION_HOUR = EXCLUDED.INJECTION_HOUR, INJECTION_MIN = EXCLUDED.INJECTION_MIN, MEASURED_VALUE = EXCLUDED.MEASURED_VALUE, REF_VALUE = EXCLUDED.REF_VALUE, USERID = EXCLUDED.USERID, ADD_DATE = EXCLUDED.ADD_DATE, UPDATE_DATE = EXCLUDED.UPDATE_DATE;
/* ORIS:      3    Location: 5         Test Type: LINE       Test Num: 20210907110209SD1     SQL Ord:    4 */ insert into camdecmpswks.LINEARITY_INJECTION ( LIN_INJ_ID, LIN_SUM_ID, INJECTION_DATE, INJECTION_HOUR, INJECTION_MIN, MEASURED_VALUE, REF_VALUE, USERID, ADD_DATE, UPDATE_DATE ) values ( 'TWCORNEL5-EE1D756C58F04AE59517A667EBD640D8', 'TWCORNEL5-DF98802B7A2A413AACF70A211C2F180B', '2021-09-07', 11, 9, 178.700, 179.700, 'bvick', '2021-10-22 12:04:32', NULL ) on conflict (LIN_INJ_ID) do update set LIN_SUM_ID = EXCLUDED.LIN_SUM_ID, INJECTION_DATE = EXCLUDED.INJECTION_DATE, INJECTION_HOUR = EXCLUDED.INJECTION_HOUR, INJECTION_MIN = EXCLUDED.INJECTION_MIN, MEASURED_VALUE = EXCLUDED.MEASURED_VALUE, REF_VALUE = EXCLUDED.REF_VALUE, USERID = EXCLUDED.USERID, ADD_DATE = EXCLUDED.ADD_DATE, UPDATE_DATE = EXCLUDED.UPDATE_DATE;
/* ORIS:      3    Location: 5         Test Type: LINE       Test Num: 20210907110209SD1     SQL Ord:    5 */ insert into camdecmpswks.PROTOCOL_GAS ( PROTOCOL_GAS_ID, TEST_SUM_ID, GAS_LEVEL_CD, GAS_TYPE_CD, VENDOR_ID, CYLINDER_ID, EXPIRATION_DATE, USERID, ADD_DATE, UPDATE_DATE ) values ( 'TWCORNEL5-3B44AB9CA692465584CBA4C2716E33D1', 'TWCORNEL5-BD84A463ADD448149752AA038152D2A1', 'HIGH', 'CO2,NO,NOX,SO2,BALN', 'B22018', 'CC44707', '2026-10-09', 'bvick', '2021-10-22 12:04:32', NULL ) on conflict (PROTOCOL_GAS_ID) do update set TEST_SUM_ID = EXCLUDED.TEST_SUM_ID, GAS_LEVEL_CD = EXCLUDED.GAS_LEVEL_CD, GAS_TYPE_CD = EXCLUDED.GAS_TYPE_CD, VENDOR_ID = EXCLUDED.VENDOR_ID, CYLINDER_ID = EXCLUDED.CYLINDER_ID, EXPIRATION_DATE = EXCLUDED.EXPIRATION_DATE, USERID = EXCLUDED.USERID, ADD_DATE = EXCLUDED.ADD_DATE, UPDATE_DATE = EXCLUDED.UPDATE_DATE;
/* ORIS:      3    Location: 5         Test Type: LINE       Test Num: 20210907110209SD1     SQL Ord:    5 */ insert into camdecmpswks.PROTOCOL_GAS ( PROTOCOL_GAS_ID, TEST_SUM_ID, GAS_LEVEL_CD, GAS_TYPE_CD, VENDOR_ID, CYLINDER_ID, EXPIRATION_DATE, USERID, ADD_DATE, UPDATE_DATE ) values ( 'TWCORNEL5-53BB179D9CD34D6DAB1179025F0AE81C', 'TWCORNEL5-BD84A463ADD448149752AA038152D2A1', 'MID', 'CO2,NO,NOX,SO2,BALN', 'B22018', 'CC494036', '2026-04-02', 'bvick', '2021-10-22 12:04:32', NULL ) on conflict (PROTOCOL_GAS_ID) do update set TEST_SUM_ID = EXCLUDED.TEST_SUM_ID, GAS_LEVEL_CD = EXCLUDED.GAS_LEVEL_CD, GAS_TYPE_CD = EXCLUDED.GAS_TYPE_CD, VENDOR_ID = EXCLUDED.VENDOR_ID, CYLINDER_ID = EXCLUDED.CYLINDER_ID, EXPIRATION_DATE = EXCLUDED.EXPIRATION_DATE, USERID = EXCLUDED.USERID, ADD_DATE = EXCLUDED.ADD_DATE, UPDATE_DATE = EXCLUDED.UPDATE_DATE;
/* ORIS:      3    Location: 5         Test Type: LINE       Test Num: 20210907110209SD1     SQL Ord:    5 */ insert into camdecmpswks.PROTOCOL_GAS ( PROTOCOL_GAS_ID, TEST_SUM_ID, GAS_LEVEL_CD, GAS_TYPE_CD, VENDOR_ID, CYLINDER_ID, EXPIRATION_DATE, USERID, ADD_DATE, UPDATE_DATE ) values ( 'TWCORNEL5-C6B6337A78784AA6BD8D49B8007EA14C', 'TWCORNEL5-BD84A463ADD448149752AA038152D2A1', 'LOW', 'CO2,NO,NOX,SO2,BALN', 'B22018', 'CC122724', '2026-10-09', 'bvick', '2021-10-22 12:04:32', NULL ) on conflict (PROTOCOL_GAS_ID) do update set TEST_SUM_ID = EXCLUDED.TEST_SUM_ID, GAS_LEVEL_CD = EXCLUDED.GAS_LEVEL_CD, GAS_TYPE_CD = EXCLUDED.GAS_TYPE_CD, VENDOR_ID = EXCLUDED.VENDOR_ID, CYLINDER_ID = EXCLUDED.CYLINDER_ID, EXPIRATION_DATE = EXCLUDED.EXPIRATION_DATE, USERID = EXCLUDED.USERID, ADD_DATE = EXCLUDED.ADD_DATE, UPDATE_DATE = EXCLUDED.UPDATE_DATE;
/* ORIS:      3    Location: 5         Test Type: LINE       Test Num: 20210914102637NX1L    SQL Ord:    1 */ delete from camdecmpswks.TEST_SUMMARY where TEST_SUM_ID = 'TWCORNEL5-D944A377071441F7A27DC2FCE758ECE9';
/* ORIS:      3    Location: 5         Test Type: LINE       Test Num: 20210914102637NX1L    SQL Ord:    2 */ insert into camdecmpswks.TEST_SUMMARY ( TEST_SUM_ID, MON_LOC_ID, TEST_TYPE_CD, TEST_NUM, MON_SYS_ID, COMPONENT_ID, GP_IND, TEST_REASON_CD, TEST_RESULT_CD, RPT_PERIOD_ID, BEGIN_DATE, BEGIN_HOUR, BEGIN_MIN, END_DATE, END_HOUR, END_MIN, SPAN_SCALE_CD, INJECTION_PROTOCOL_CD, TEST_COMMENT, TEST_DESCRIPTION, CALC_GP_IND, CALC_TEST_RESULT_CD, CALC_SPAN_VALUE, LAST_UPDATED, UPDATED_STATUS_FLG, NEEDS_EVAL_FLG, CHK_SESSION_ID, USERID, ADD_DATE, UPDATE_DATE ) values ( 'TWCORNEL5-D944A377071441F7A27DC2FCE758ECE9', '11', 'LINE', '20210914102637NX1L', NULL, 'TWCORNEL5-8A5F84F444B8419DA6780BD08B041C3C', 0, 'QA', 'PASSAPS', NULL, '2021-09-14', 10, 40, '2021-09-14', 12, 24, 'L', NULL, NULL, NULL, NULL, NULL, 80.000, '2021-12-27 10:03:30', 'Y', 'N', 'CHV-LGIANN-50B612EFD71C4FFC900DC7FCEF9D844E', 'esupport', '2021-10-22 12:04:32', '2022-09-16 16:47:49' ) on conflict (TEST_SUM_ID) do update set MON_LOC_ID = EXCLUDED.MON_LOC_ID, TEST_TYPE_CD = EXCLUDED.TEST_TYPE_CD, TEST_NUM = EXCLUDED.TEST_NUM, MON_SYS_ID = EXCLUDED.MON_SYS_ID, COMPONENT_ID = EXCLUDED.COMPONENT_ID, GP_IND = EXCLUDED.GP_IND, TEST_REASON_CD = EXCLUDED.TEST_REASON_CD, TEST_RESULT_CD = EXCLUDED.TEST_RESULT_CD, RPT_PERIOD_ID = EXCLUDED.RPT_PERIOD_ID, BEGIN_DATE = EXCLUDED.BEGIN_DATE, BEGIN_HOUR = EXCLUDED.BEGIN_HOUR, BEGIN_MIN = EXCLUDED.BEGIN_MIN, END_DATE = EXCLUDED.END_DATE, END_HOUR = EXCLUDED.END_HOUR, END_MIN = EXCLUDED.END_MIN, SPAN_SCALE_CD = EXCLUDED.SPAN_SCALE_CD, INJECTION_PROTOCOL_CD = EXCLUDED.INJECTION_PROTOCOL_CD, TEST_COMMENT = EXCLUDED.TEST_COMMENT, TEST_DESCRIPTION = EXCLUDED.TEST_DESCRIPTION, CALC_GP_IND = EXCLUDED.CALC_GP_IND, CALC_TEST_RESULT_CD = EXCLUDED.CALC_TEST_RESULT_CD, CALC_SPAN_VALUE = EXCLUDED.CALC_SPAN_VALUE, LAST_UPDATED = EXCLUDED.LAST_UPDATED, UPDATED_STATUS_FLG = EXCLUDED.UPDATED_STATUS_FLG, NEEDS_EVAL_FLG = EXCLUDED.NEEDS_EVAL_FLG, CHK_SESSION_ID = EXCLUDED.CHK_SESSION_ID, USERID = EXCLUDED.USERID, ADD_DATE = EXCLUDED.ADD_DATE, UPDATE_DATE = EXCLUDED.UPDATE_DATE;
/* ORIS:      3    Location: 5         Test Type: LINE       Test Num: 20210914102637NX1L    SQL Ord:    3 */ insert into camdecmpswks.LINEARITY_SUMMARY ( LIN_SUM_ID, TEST_SUM_ID, MEAN_REF_VALUE, MEAN_MEASURED_VALUE, PERCENT_ERROR, APS_IND, GAS_LEVEL_CD, CALC_MEAN_REF_VALUE, CALC_MEAN_MEASURED_VALUE, CALC_PERCENT_ERROR, CALC_APS_IND, USERID, ADD_DATE, UPDATE_DATE ) values ( 'TWCORNEL5-576AD1CB28C84662BD523C97626EFCC8', 'TWCORNEL5-D944A377071441F7A27DC2FCE758ECE9', 43.560, 44.233, 0.7, 1, 'MID', 43.560, 44.233, 1.5, 0, 'esupport', '2021-10-22 12:04:32', '2022-09-16 16:47:49' ) on conflict (LIN_SUM_ID) do update set TEST_SUM_ID = EXCLUDED.TEST_SUM_ID, MEAN_REF_VALUE = EXCLUDED.MEAN_REF_VALUE, MEAN_MEASURED_VALUE = EXCLUDED.MEAN_MEASURED_VALUE, PERCENT_ERROR = EXCLUDED.PERCENT_ERROR, APS_IND = EXCLUDED.APS_IND, GAS_LEVEL_CD = EXCLUDED.GAS_LEVEL_CD, CALC_MEAN_REF_VALUE = EXCLUDED.CALC_MEAN_REF_VALUE, CALC_MEAN_MEASURED_VALUE = EXCLUDED.CALC_MEAN_MEASURED_VALUE, CALC_PERCENT_ERROR = EXCLUDED.CALC_PERCENT_ERROR, CALC_APS_IND = EXCLUDED.CALC_APS_IND, USERID = EXCLUDED.USERID, ADD_DATE = EXCLUDED.ADD_DATE, UPDATE_DATE = EXCLUDED.UPDATE_DATE;
/* ORIS:      3    Location: 5         Test Type: LINE       Test Num: 20210914102637NX1L    SQL Ord:    3 */ insert into camdecmpswks.LINEARITY_SUMMARY ( LIN_SUM_ID, TEST_SUM_ID, MEAN_REF_VALUE, MEAN_MEASURED_VALUE, PERCENT_ERROR, APS_IND, GAS_LEVEL_CD, CALC_MEAN_REF_VALUE, CALC_MEAN_MEASURED_VALUE, CALC_PERCENT_ERROR, CALC_APS_IND, USERID, ADD_DATE, UPDATE_DATE ) values ( 'TWCORNEL5-81663657A418490692F40D8E8E9E7A87', 'TWCORNEL5-D944A377071441F7A27DC2FCE758ECE9', 70.120, 71.800, 1.7, 1, 'HIGH', 70.120, 71.800, 2.4, 0, 'esupport', '2021-10-22 12:04:32', '2022-09-16 16:47:49' ) on conflict (LIN_SUM_ID) do update set TEST_SUM_ID = EXCLUDED.TEST_SUM_ID, MEAN_REF_VALUE = EXCLUDED.MEAN_REF_VALUE, MEAN_MEASURED_VALUE = EXCLUDED.MEAN_MEASURED_VALUE, PERCENT_ERROR = EXCLUDED.PERCENT_ERROR, APS_IND = EXCLUDED.APS_IND, GAS_LEVEL_CD = EXCLUDED.GAS_LEVEL_CD, CALC_MEAN_REF_VALUE = EXCLUDED.CALC_MEAN_REF_VALUE, CALC_MEAN_MEASURED_VALUE = EXCLUDED.CALC_MEAN_MEASURED_VALUE, CALC_PERCENT_ERROR = EXCLUDED.CALC_PERCENT_ERROR, CALC_APS_IND = EXCLUDED.CALC_APS_IND, USERID = EXCLUDED.USERID, ADD_DATE = EXCLUDED.ADD_DATE, UPDATE_DATE = EXCLUDED.UPDATE_DATE;
/* ORIS:      3    Location: 5         Test Type: LINE       Test Num: 20210914102637NX1L    SQL Ord:    3 */ insert into camdecmpswks.LINEARITY_SUMMARY ( LIN_SUM_ID, TEST_SUM_ID, MEAN_REF_VALUE, MEAN_MEASURED_VALUE, PERCENT_ERROR, APS_IND, GAS_LEVEL_CD, CALC_MEAN_REF_VALUE, CALC_MEAN_MEASURED_VALUE, CALC_PERCENT_ERROR, CALC_APS_IND, USERID, ADD_DATE, UPDATE_DATE ) values ( 'TWCORNEL5-9C24A5778E71454A8A15CF37757F1C6E', 'TWCORNEL5-D944A377071441F7A27DC2FCE758ECE9', 19.940, 19.767, 0.2, 1, 'LOW', 19.940, 19.767, 0.9, 0, 'esupport', '2021-10-22 12:04:32', '2022-09-16 16:47:49' ) on conflict (LIN_SUM_ID) do update set TEST_SUM_ID = EXCLUDED.TEST_SUM_ID, MEAN_REF_VALUE = EXCLUDED.MEAN_REF_VALUE, MEAN_MEASURED_VALUE = EXCLUDED.MEAN_MEASURED_VALUE, PERCENT_ERROR = EXCLUDED.PERCENT_ERROR, APS_IND = EXCLUDED.APS_IND, GAS_LEVEL_CD = EXCLUDED.GAS_LEVEL_CD, CALC_MEAN_REF_VALUE = EXCLUDED.CALC_MEAN_REF_VALUE, CALC_MEAN_MEASURED_VALUE = EXCLUDED.CALC_MEAN_MEASURED_VALUE, CALC_PERCENT_ERROR = EXCLUDED.CALC_PERCENT_ERROR, CALC_APS_IND = EXCLUDED.CALC_APS_IND, USERID = EXCLUDED.USERID, ADD_DATE = EXCLUDED.ADD_DATE, UPDATE_DATE = EXCLUDED.UPDATE_DATE;
/* ORIS:      3    Location: 5         Test Type: LINE       Test Num: 20210914102637NX1L    SQL Ord:    4 */ insert into camdecmpswks.LINEARITY_INJECTION ( LIN_INJ_ID, LIN_SUM_ID, INJECTION_DATE, INJECTION_HOUR, INJECTION_MIN, MEASURED_VALUE, REF_VALUE, USERID, ADD_DATE, UPDATE_DATE ) values ( 'TWCORNEL5-0E0EBB6BFF1E43E883604AFB283BE5B6', 'TWCORNEL5-9C24A5778E71454A8A15CF37757F1C6E', '2021-09-14', 10, 40, 19.700, 19.940, 'bvick', '2021-10-22 12:04:32', NULL ) on conflict (LIN_INJ_ID) do update set LIN_SUM_ID = EXCLUDED.LIN_SUM_ID, INJECTION_DATE = EXCLUDED.INJECTION_DATE, INJECTION_HOUR = EXCLUDED.INJECTION_HOUR, INJECTION_MIN = EXCLUDED.INJECTION_MIN, MEASURED_VALUE = EXCLUDED.MEASURED_VALUE, REF_VALUE = EXCLUDED.REF_VALUE, USERID = EXCLUDED.USERID, ADD_DATE = EXCLUDED.ADD_DATE, UPDATE_DATE = EXCLUDED.UPDATE_DATE;
/* ORIS:      3    Location: 5         Test Type: LINE       Test Num: 20210914102637NX1L    SQL Ord:    4 */ insert into camdecmpswks.LINEARITY_INJECTION ( LIN_INJ_ID, LIN_SUM_ID, INJECTION_DATE, INJECTION_HOUR, INJECTION_MIN, MEASURED_VALUE, REF_VALUE, USERID, ADD_DATE, UPDATE_DATE ) values ( 'TWCORNEL5-0F6AE17FE28A4419B5478827DC2C2DD1', 'TWCORNEL5-576AD1CB28C84662BD523C97626EFCC8', '2021-09-14', 11, 7, 44.200, 43.560, 'bvick', '2021-10-22 12:04:32', NULL ) on conflict (LIN_INJ_ID) do update set LIN_SUM_ID = EXCLUDED.LIN_SUM_ID, INJECTION_DATE = EXCLUDED.INJECTION_DATE, INJECTION_HOUR = EXCLUDED.INJECTION_HOUR, INJECTION_MIN = EXCLUDED.INJECTION_MIN, MEASURED_VALUE = EXCLUDED.MEASURED_VALUE, REF_VALUE = EXCLUDED.REF_VALUE, USERID = EXCLUDED.USERID, ADD_DATE = EXCLUDED.ADD_DATE, UPDATE_DATE = EXCLUDED.UPDATE_DATE;
/* ORIS:      3    Location: 5         Test Type: LINE       Test Num: 20210914102637NX1L    SQL Ord:    4 */ insert into camdecmpswks.LINEARITY_INJECTION ( LIN_INJ_ID, LIN_SUM_ID, INJECTION_DATE, INJECTION_HOUR, INJECTION_MIN, MEASURED_VALUE, REF_VALUE, USERID, ADD_DATE, UPDATE_DATE ) values ( 'TWCORNEL5-351F2DABA59F4EA18A35436AB9E8DB7B', 'TWCORNEL5-81663657A418490692F40D8E8E9E7A87', '2021-09-14', 10, 55, 71.800, 70.120, 'bvick', '2021-10-22 12:04:32', NULL ) on conflict (LIN_INJ_ID) do update set LIN_SUM_ID = EXCLUDED.LIN_SUM_ID, INJECTION_DATE = EXCLUDED.INJECTION_DATE, INJECTION_HOUR = EXCLUDED.INJECTION_HOUR, INJECTION_MIN = EXCLUDED.INJECTION_MIN, MEASURED_VALUE = EXCLUDED.MEASURED_VALUE, REF_VALUE = EXCLUDED.REF_VALUE, USERID = EXCLUDED.USERID, ADD_DATE = EXCLUDED.ADD_DATE, UPDATE_DATE = EXCLUDED.UPDATE_DATE;
/* ORIS:      3    Location: 5         Test Type: LINE       Test Num: 20210914102637NX1L    SQL Ord:    4 */ insert into camdecmpswks.LINEARITY_INJECTION ( LIN_INJ_ID, LIN_SUM_ID, INJECTION_DATE, INJECTION_HOUR, INJECTION_MIN, MEASURED_VALUE, REF_VALUE, USERID, ADD_DATE, UPDATE_DATE ) values ( 'TWCORNEL5-4BC96371C201447B961071C381245565', 'TWCORNEL5-9C24A5778E71454A8A15CF37757F1C6E', '2021-09-14', 10, 58, 19.800, 19.940, 'bvick', '2021-10-22 12:04:32', NULL ) on conflict (LIN_INJ_ID) do update set LIN_SUM_ID = EXCLUDED.LIN_SUM_ID, INJECTION_DATE = EXCLUDED.INJECTION_DATE, INJECTION_HOUR = EXCLUDED.INJECTION_HOUR, INJECTION_MIN = EXCLUDED.INJECTION_MIN, MEASURED_VALUE = EXCLUDED.MEASURED_VALUE, REF_VALUE = EXCLUDED.REF_VALUE, USERID = EXCLUDED.USERID, ADD_DATE = EXCLUDED.ADD_DATE, UPDATE_DATE = EXCLUDED.UPDATE_DATE;
/* ORIS:      3    Location: 5         Test Type: LINE       Test Num: 20210914102637NX1L    SQL Ord:    4 */ insert into camdecmpswks.LINEARITY_INJECTION ( LIN_INJ_ID, LIN_SUM_ID, INJECTION_DATE, INJECTION_HOUR, INJECTION_MIN, MEASURED_VALUE, REF_VALUE, USERID, ADD_DATE, UPDATE_DATE ) values ( 'TWCORNEL5-889F4A56023945A28F634A494A9EF466', 'TWCORNEL5-81663657A418490692F40D8E8E9E7A87', '2021-09-14', 11, 24, 71.800, 70.120, 'bvick', '2021-10-22 12:04:32', NULL ) on conflict (LIN_INJ_ID) do update set LIN_SUM_ID = EXCLUDED.LIN_SUM_ID, INJECTION_DATE = EXCLUDED.INJECTION_DATE, INJECTION_HOUR = EXCLUDED.INJECTION_HOUR, INJECTION_MIN = EXCLUDED.INJECTION_MIN, MEASURED_VALUE = EXCLUDED.MEASURED_VALUE, REF_VALUE = EXCLUDED.REF_VALUE, USERID = EXCLUDED.USERID, ADD_DATE = EXCLUDED.ADD_DATE, UPDATE_DATE = EXCLUDED.UPDATE_DATE;
/* ORIS:      3    Location: 5         Test Type: LINE       Test Num: 20210914102637NX1L    SQL Ord:    4 */ insert into camdecmpswks.LINEARITY_INJECTION ( LIN_INJ_ID, LIN_SUM_ID, INJECTION_DATE, INJECTION_HOUR, INJECTION_MIN, MEASURED_VALUE, REF_VALUE, USERID, ADD_DATE, UPDATE_DATE ) values ( 'TWCORNEL5-9E2B542CFE334B3C90E80D1E5FC9307C', 'TWCORNEL5-81663657A418490692F40D8E8E9E7A87', '2021-09-14', 11, 10, 71.800, 70.120, 'bvick', '2021-10-22 12:04:32', NULL ) on conflict (LIN_INJ_ID) do update set LIN_SUM_ID = EXCLUDED.LIN_SUM_ID, INJECTION_DATE = EXCLUDED.INJECTION_DATE, INJECTION_HOUR = EXCLUDED.INJECTION_HOUR, INJECTION_MIN = EXCLUDED.INJECTION_MIN, MEASURED_VALUE = EXCLUDED.MEASURED_VALUE, REF_VALUE = EXCLUDED.REF_VALUE, USERID = EXCLUDED.USERID, ADD_DATE = EXCLUDED.ADD_DATE, UPDATE_DATE = EXCLUDED.UPDATE_DATE;
/* ORIS:      3    Location: 5         Test Type: LINE       Test Num: 20210914102637NX1L    SQL Ord:    4 */ insert into camdecmpswks.LINEARITY_INJECTION ( LIN_INJ_ID, LIN_SUM_ID, INJECTION_DATE, INJECTION_HOUR, INJECTION_MIN, MEASURED_VALUE, REF_VALUE, USERID, ADD_DATE, UPDATE_DATE ) values ( 'TWCORNEL5-B33BEB7FF9A94D73BAAB3438DAAA250B', 'TWCORNEL5-576AD1CB28C84662BD523C97626EFCC8', '2021-09-14', 10, 51, 44.300, 43.560, 'bvick', '2021-10-22 12:04:32', NULL ) on conflict (LIN_INJ_ID) do update set LIN_SUM_ID = EXCLUDED.LIN_SUM_ID, INJECTION_DATE = EXCLUDED.INJECTION_DATE, INJECTION_HOUR = EXCLUDED.INJECTION_HOUR, INJECTION_MIN = EXCLUDED.INJECTION_MIN, MEASURED_VALUE = EXCLUDED.MEASURED_VALUE, REF_VALUE = EXCLUDED.REF_VALUE, USERID = EXCLUDED.USERID, ADD_DATE = EXCLUDED.ADD_DATE, UPDATE_DATE = EXCLUDED.UPDATE_DATE;
/* ORIS:      3    Location: 5         Test Type: LINE       Test Num: 20210914102637NX1L    SQL Ord:    4 */ insert into camdecmpswks.LINEARITY_INJECTION ( LIN_INJ_ID, LIN_SUM_ID, INJECTION_DATE, INJECTION_HOUR, INJECTION_MIN, MEASURED_VALUE, REF_VALUE, USERID, ADD_DATE, UPDATE_DATE ) values ( 'TWCORNEL5-D3A86700914B4E22A2DE37E6EFD9FD93', 'TWCORNEL5-576AD1CB28C84662BD523C97626EFCC8', '2021-09-14', 11, 20, 44.200, 43.560, 'bvick', '2021-10-22 12:04:32', NULL ) on conflict (LIN_INJ_ID) do update set LIN_SUM_ID = EXCLUDED.LIN_SUM_ID, INJECTION_DATE = EXCLUDED.INJECTION_DATE, INJECTION_HOUR = EXCLUDED.INJECTION_HOUR, INJECTION_MIN = EXCLUDED.INJECTION_MIN, MEASURED_VALUE = EXCLUDED.MEASURED_VALUE, REF_VALUE = EXCLUDED.REF_VALUE, USERID = EXCLUDED.USERID, ADD_DATE = EXCLUDED.ADD_DATE, UPDATE_DATE = EXCLUDED.UPDATE_DATE;
/* ORIS:      3    Location: 5         Test Type: LINE       Test Num: 20210914102637NX1L    SQL Ord:    4 */ insert into camdecmpswks.LINEARITY_INJECTION ( LIN_INJ_ID, LIN_SUM_ID, INJECTION_DATE, INJECTION_HOUR, INJECTION_MIN, MEASURED_VALUE, REF_VALUE, USERID, ADD_DATE, UPDATE_DATE ) values ( 'TWCORNEL5-EC03BE264E6849CBA26033344B7AAAAA', 'TWCORNEL5-9C24A5778E71454A8A15CF37757F1C6E', '2021-09-14', 11, 14, 19.800, 19.940, 'bvick', '2021-10-22 12:04:32', NULL ) on conflict (LIN_INJ_ID) do update set LIN_SUM_ID = EXCLUDED.LIN_SUM_ID, INJECTION_DATE = EXCLUDED.INJECTION_DATE, INJECTION_HOUR = EXCLUDED.INJECTION_HOUR, INJECTION_MIN = EXCLUDED.INJECTION_MIN, MEASURED_VALUE = EXCLUDED.MEASURED_VALUE, REF_VALUE = EXCLUDED.REF_VALUE, USERID = EXCLUDED.USERID, ADD_DATE = EXCLUDED.ADD_DATE, UPDATE_DATE = EXCLUDED.UPDATE_DATE;
/* ORIS:      3    Location: 5         Test Type: LINE       Test Num: 20210914102637NX1L    SQL Ord:    5 */ insert into camdecmpswks.PROTOCOL_GAS ( PROTOCOL_GAS_ID, TEST_SUM_ID, GAS_LEVEL_CD, GAS_TYPE_CD, VENDOR_ID, CYLINDER_ID, EXPIRATION_DATE, USERID, ADD_DATE, UPDATE_DATE ) values ( 'TWCORNEL5-22BACC8022184611AFCA5056676EE6FE', 'TWCORNEL5-D944A377071441F7A27DC2FCE758ECE9', 'HIGH', 'NO,NOX,BALN', 'B22017', 'CC232849', '2025-09-18', 'bvick', '2021-10-22 12:04:33', NULL ) on conflict (PROTOCOL_GAS_ID) do update set TEST_SUM_ID = EXCLUDED.TEST_SUM_ID, GAS_LEVEL_CD = EXCLUDED.GAS_LEVEL_CD, GAS_TYPE_CD = EXCLUDED.GAS_TYPE_CD, VENDOR_ID = EXCLUDED.VENDOR_ID, CYLINDER_ID = EXCLUDED.CYLINDER_ID, EXPIRATION_DATE = EXCLUDED.EXPIRATION_DATE, USERID = EXCLUDED.USERID, ADD_DATE = EXCLUDED.ADD_DATE, UPDATE_DATE = EXCLUDED.UPDATE_DATE;
/* ORIS:      3    Location: 5         Test Type: LINE       Test Num: 20210914102637NX1L    SQL Ord:    5 */ insert into camdecmpswks.PROTOCOL_GAS ( PROTOCOL_GAS_ID, TEST_SUM_ID, GAS_LEVEL_CD, GAS_TYPE_CD, VENDOR_ID, CYLINDER_ID, EXPIRATION_DATE, USERID, ADD_DATE, UPDATE_DATE ) values ( 'TWCORNEL5-2BF2F1ECF9014564894BB71B9A3E9590', 'TWCORNEL5-D944A377071441F7A27DC2FCE758ECE9', 'LOW', 'NO,NOX,SO2,BALN', 'B52018', 'CC505198', '2021-11-28', 'bvick', '2021-10-22 12:04:33', NULL ) on conflict (PROTOCOL_GAS_ID) do update set TEST_SUM_ID = EXCLUDED.TEST_SUM_ID, GAS_LEVEL_CD = EXCLUDED.GAS_LEVEL_CD, GAS_TYPE_CD = EXCLUDED.GAS_TYPE_CD, VENDOR_ID = EXCLUDED.VENDOR_ID, CYLINDER_ID = EXCLUDED.CYLINDER_ID, EXPIRATION_DATE = EXCLUDED.EXPIRATION_DATE, USERID = EXCLUDED.USERID, ADD_DATE = EXCLUDED.ADD_DATE, UPDATE_DATE = EXCLUDED.UPDATE_DATE;
/* ORIS:      3    Location: 5         Test Type: LINE       Test Num: 20210914102637NX1L    SQL Ord:    5 */ insert into camdecmpswks.PROTOCOL_GAS ( PROTOCOL_GAS_ID, TEST_SUM_ID, GAS_LEVEL_CD, GAS_TYPE_CD, VENDOR_ID, CYLINDER_ID, EXPIRATION_DATE, USERID, ADD_DATE, UPDATE_DATE ) values ( 'TWCORNEL5-DDED38BDE26F4244B051E4BD6379CE8A', 'TWCORNEL5-D944A377071441F7A27DC2FCE758ECE9', 'MID', 'NO,NOX,SO2,BALN', 'B22021', 'CC462957', '2024-04-23', 'bvick', '2021-10-22 12:04:33', NULL ) on conflict (PROTOCOL_GAS_ID) do update set TEST_SUM_ID = EXCLUDED.TEST_SUM_ID, GAS_LEVEL_CD = EXCLUDED.GAS_LEVEL_CD, GAS_TYPE_CD = EXCLUDED.GAS_TYPE_CD, VENDOR_ID = EXCLUDED.VENDOR_ID, CYLINDER_ID = EXCLUDED.CYLINDER_ID, EXPIRATION_DATE = EXCLUDED.EXPIRATION_DATE, USERID = EXCLUDED.USERID, ADD_DATE = EXCLUDED.ADD_DATE, UPDATE_DATE = EXCLUDED.UPDATE_DATE;
/* ORIS:      3    Location: 5         Test Type: LINE       Test Num: 20210914102637SD1L    SQL Ord:    1 */ delete from camdecmpswks.TEST_SUMMARY where TEST_SUM_ID = 'TWCORNEL5-A7D79279AD774687AEDCA830EA6B83A7';
/* ORIS:      3    Location: 5         Test Type: LINE       Test Num: 20210914102637SD1L    SQL Ord:    2 */ insert into camdecmpswks.TEST_SUMMARY ( TEST_SUM_ID, MON_LOC_ID, TEST_TYPE_CD, TEST_NUM, MON_SYS_ID, COMPONENT_ID, GP_IND, TEST_REASON_CD, TEST_RESULT_CD, RPT_PERIOD_ID, BEGIN_DATE, BEGIN_HOUR, BEGIN_MIN, END_DATE, END_HOUR, END_MIN, SPAN_SCALE_CD, INJECTION_PROTOCOL_CD, TEST_COMMENT, TEST_DESCRIPTION, CALC_GP_IND, CALC_TEST_RESULT_CD, CALC_SPAN_VALUE, LAST_UPDATED, UPDATED_STATUS_FLG, NEEDS_EVAL_FLG, CHK_SESSION_ID, USERID, ADD_DATE, UPDATE_DATE ) values ( 'TWCORNEL5-A7D79279AD774687AEDCA830EA6B83A7', '11', 'LINE', '20210914102637SD1L', NULL, 'TWCORNEL5-021F190F7A074AB7BDAB9393FDE0A5F6', 0, 'QA', 'PASSAPS', NULL, '2021-09-14', 10, 40, '2021-09-14', 11, 24, 'L', NULL, NULL, NULL, NULL, NULL, 10.000, '2021-12-27 10:14:00', 'Y', 'N', 'CHV-LGIANN-2B6D12CF54FD4CACA4D8645E11F0116A', 'esupport', '2021-10-22 12:04:33', '2022-09-16 16:47:51' ) on conflict (TEST_SUM_ID) do update set MON_LOC_ID = EXCLUDED.MON_LOC_ID, TEST_TYPE_CD = EXCLUDED.TEST_TYPE_CD, TEST_NUM = EXCLUDED.TEST_NUM, MON_SYS_ID = EXCLUDED.MON_SYS_ID, COMPONENT_ID = EXCLUDED.COMPONENT_ID, GP_IND = EXCLUDED.GP_IND, TEST_REASON_CD = EXCLUDED.TEST_REASON_CD, TEST_RESULT_CD = EXCLUDED.TEST_RESULT_CD, RPT_PERIOD_ID = EXCLUDED.RPT_PERIOD_ID, BEGIN_DATE = EXCLUDED.BEGIN_DATE, BEGIN_HOUR = EXCLUDED.BEGIN_HOUR, BEGIN_MIN = EXCLUDED.BEGIN_MIN, END_DATE = EXCLUDED.END_DATE, END_HOUR = EXCLUDED.END_HOUR, END_MIN = EXCLUDED.END_MIN, SPAN_SCALE_CD = EXCLUDED.SPAN_SCALE_CD, INJECTION_PROTOCOL_CD = EXCLUDED.INJECTION_PROTOCOL_CD, TEST_COMMENT = EXCLUDED.TEST_COMMENT, TEST_DESCRIPTION = EXCLUDED.TEST_DESCRIPTION, CALC_GP_IND = EXCLUDED.CALC_GP_IND, CALC_TEST_RESULT_CD = EXCLUDED.CALC_TEST_RESULT_CD, CALC_SPAN_VALUE = EXCLUDED.CALC_SPAN_VALUE, LAST_UPDATED = EXCLUDED.LAST_UPDATED, UPDATED_STATUS_FLG = EXCLUDED.UPDATED_STATUS_FLG, NEEDS_EVAL_FLG = EXCLUDED.NEEDS_EVAL_FLG, CHK_SESSION_ID = EXCLUDED.CHK_SESSION_ID, USERID = EXCLUDED.USERID, ADD_DATE = EXCLUDED.ADD_DATE, UPDATE_DATE = EXCLUDED.UPDATE_DATE;
/* ORIS:      3    Location: 5         Test Type: LINE       Test Num: 20210914102637SD1L    SQL Ord:    3 */ insert into camdecmpswks.LINEARITY_SUMMARY ( LIN_SUM_ID, TEST_SUM_ID, MEAN_REF_VALUE, MEAN_MEASURED_VALUE, PERCENT_ERROR, APS_IND, GAS_LEVEL_CD, CALC_MEAN_REF_VALUE, CALC_MEAN_MEASURED_VALUE, CALC_PERCENT_ERROR, CALC_APS_IND, USERID, ADD_DATE, UPDATE_DATE ) values ( 'TWCORNEL5-18AB52D6550F4BD286C055EA4AA7ED4F', 'TWCORNEL5-A7D79279AD774687AEDCA830EA6B83A7', 8.620, 9.067, 0.4, 1, 'HIGH', 8.620, 9.067, 0.0, 1, 'esupport', '2021-10-22 12:04:33', '2022-09-16 16:47:51' ) on conflict (LIN_SUM_ID) do update set TEST_SUM_ID = EXCLUDED.TEST_SUM_ID, MEAN_REF_VALUE = EXCLUDED.MEAN_REF_VALUE, MEAN_MEASURED_VALUE = EXCLUDED.MEAN_MEASURED_VALUE, PERCENT_ERROR = EXCLUDED.PERCENT_ERROR, APS_IND = EXCLUDED.APS_IND, GAS_LEVEL_CD = EXCLUDED.GAS_LEVEL_CD, CALC_MEAN_REF_VALUE = EXCLUDED.CALC_MEAN_REF_VALUE, CALC_MEAN_MEASURED_VALUE = EXCLUDED.CALC_MEAN_MEASURED_VALUE, CALC_PERCENT_ERROR = EXCLUDED.CALC_PERCENT_ERROR, CALC_APS_IND = EXCLUDED.CALC_APS_IND, USERID = EXCLUDED.USERID, ADD_DATE = EXCLUDED.ADD_DATE, UPDATE_DATE = EXCLUDED.UPDATE_DATE;
/* ORIS:      3    Location: 5         Test Type: LINE       Test Num: 20210914102637SD1L    SQL Ord:    3 */ insert into camdecmpswks.LINEARITY_SUMMARY ( LIN_SUM_ID, TEST_SUM_ID, MEAN_REF_VALUE, MEAN_MEASURED_VALUE, PERCENT_ERROR, APS_IND, GAS_LEVEL_CD, CALC_MEAN_REF_VALUE, CALC_MEAN_MEASURED_VALUE, CALC_PERCENT_ERROR, CALC_APS_IND, USERID, ADD_DATE, UPDATE_DATE ) values ( 'TWCORNEL5-B7F1404F657F4532982FD3A1A354D18C', 'TWCORNEL5-A7D79279AD774687AEDCA830EA6B83A7', 5.530, 5.333, 0.2, 1, 'MID', 5.530, 5.333, 3.6, 0, 'esupport', '2021-10-22 12:04:33', '2022-09-16 16:47:51' ) on conflict (LIN_SUM_ID) do update set TEST_SUM_ID = EXCLUDED.TEST_SUM_ID, MEAN_REF_VALUE = EXCLUDED.MEAN_REF_VALUE, MEAN_MEASURED_VALUE = EXCLUDED.MEAN_MEASURED_VALUE, PERCENT_ERROR = EXCLUDED.PERCENT_ERROR, APS_IND = EXCLUDED.APS_IND, GAS_LEVEL_CD = EXCLUDED.GAS_LEVEL_CD, CALC_MEAN_REF_VALUE = EXCLUDED.CALC_MEAN_REF_VALUE, CALC_MEAN_MEASURED_VALUE = EXCLUDED.CALC_MEAN_MEASURED_VALUE, CALC_PERCENT_ERROR = EXCLUDED.CALC_PERCENT_ERROR, CALC_APS_IND = EXCLUDED.CALC_APS_IND, USERID = EXCLUDED.USERID, ADD_DATE = EXCLUDED.ADD_DATE, UPDATE_DATE = EXCLUDED.UPDATE_DATE;
/* ORIS:      3    Location: 5         Test Type: LINE       Test Num: 20210914102637SD1L    SQL Ord:    3 */ insert into camdecmpswks.LINEARITY_SUMMARY ( LIN_SUM_ID, TEST_SUM_ID, MEAN_REF_VALUE, MEAN_MEASURED_VALUE, PERCENT_ERROR, APS_IND, GAS_LEVEL_CD, CALC_MEAN_REF_VALUE, CALC_MEAN_MEASURED_VALUE, CALC_PERCENT_ERROR, CALC_APS_IND, USERID, ADD_DATE, UPDATE_DATE ) values ( 'TWCORNEL5-CB527A0F43134D209E1F9D8CF0492B6D', 'TWCORNEL5-A7D79279AD774687AEDCA830EA6B83A7', 2.380, 1.767, 0.6, 1, 'LOW', 2.380, 1.767, 1.0, 1, 'esupport', '2021-10-22 12:04:33', '2022-09-16 16:47:51' ) on conflict (LIN_SUM_ID) do update set TEST_SUM_ID = EXCLUDED.TEST_SUM_ID, MEAN_REF_VALUE = EXCLUDED.MEAN_REF_VALUE, MEAN_MEASURED_VALUE = EXCLUDED.MEAN_MEASURED_VALUE, PERCENT_ERROR = EXCLUDED.PERCENT_ERROR, APS_IND = EXCLUDED.APS_IND, GAS_LEVEL_CD = EXCLUDED.GAS_LEVEL_CD, CALC_MEAN_REF_VALUE = EXCLUDED.CALC_MEAN_REF_VALUE, CALC_MEAN_MEASURED_VALUE = EXCLUDED.CALC_MEAN_MEASURED_VALUE, CALC_PERCENT_ERROR = EXCLUDED.CALC_PERCENT_ERROR, CALC_APS_IND = EXCLUDED.CALC_APS_IND, USERID = EXCLUDED.USERID, ADD_DATE = EXCLUDED.ADD_DATE, UPDATE_DATE = EXCLUDED.UPDATE_DATE;
/* ORIS:      3    Location: 5         Test Type: LINE       Test Num: 20210914102637SD1L    SQL Ord:    4 */ insert into camdecmpswks.LINEARITY_INJECTION ( LIN_INJ_ID, LIN_SUM_ID, INJECTION_DATE, INJECTION_HOUR, INJECTION_MIN, MEASURED_VALUE, REF_VALUE, USERID, ADD_DATE, UPDATE_DATE ) values ( 'TWCORNEL5-34F8EDFE0B2B41D4A04E159CFC062097', 'TWCORNEL5-CB527A0F43134D209E1F9D8CF0492B6D', '2021-09-14', 11, 14, 2.000, 2.380, 'bvick', '2021-10-22 12:04:33', NULL ) on conflict (LIN_INJ_ID) do update set LIN_SUM_ID = EXCLUDED.LIN_SUM_ID, INJECTION_DATE = EXCLUDED.INJECTION_DATE, INJECTION_HOUR = EXCLUDED.INJECTION_HOUR, INJECTION_MIN = EXCLUDED.INJECTION_MIN, MEASURED_VALUE = EXCLUDED.MEASURED_VALUE, REF_VALUE = EXCLUDED.REF_VALUE, USERID = EXCLUDED.USERID, ADD_DATE = EXCLUDED.ADD_DATE, UPDATE_DATE = EXCLUDED.UPDATE_DATE;
/* ORIS:      3    Location: 5         Test Type: LINE       Test Num: 20210914102637SD1L    SQL Ord:    4 */ insert into camdecmpswks.LINEARITY_INJECTION ( LIN_INJ_ID, LIN_SUM_ID, INJECTION_DATE, INJECTION_HOUR, INJECTION_MIN, MEASURED_VALUE, REF_VALUE, USERID, ADD_DATE, UPDATE_DATE ) values ( 'TWCORNEL5-47E6E23A5F804AB1A45E22CF1FA005E6', 'TWCORNEL5-18AB52D6550F4BD286C055EA4AA7ED4F', '2021-09-14', 11, 10, 9.000, 8.620, 'bvick', '2021-10-22 12:04:33', NULL ) on conflict (LIN_INJ_ID) do update set LIN_SUM_ID = EXCLUDED.LIN_SUM_ID, INJECTION_DATE = EXCLUDED.INJECTION_DATE, INJECTION_HOUR = EXCLUDED.INJECTION_HOUR, INJECTION_MIN = EXCLUDED.INJECTION_MIN, MEASURED_VALUE = EXCLUDED.MEASURED_VALUE, REF_VALUE = EXCLUDED.REF_VALUE, USERID = EXCLUDED.USERID, ADD_DATE = EXCLUDED.ADD_DATE, UPDATE_DATE = EXCLUDED.UPDATE_DATE;
/* ORIS:      3    Location: 5         Test Type: LINE       Test Num: 20210914102637SD1L    SQL Ord:    4 */ insert into camdecmpswks.LINEARITY_INJECTION ( LIN_INJ_ID, LIN_SUM_ID, INJECTION_DATE, INJECTION_HOUR, INJECTION_MIN, MEASURED_VALUE, REF_VALUE, USERID, ADD_DATE, UPDATE_DATE ) values ( 'TWCORNEL5-4DDEF2765BF0499EB977384CD29E0E5D', 'TWCORNEL5-B7F1404F657F4532982FD3A1A354D18C', '2021-09-14', 10, 51, 5.300, 5.530, 'bvick', '2021-10-22 12:04:33', NULL ) on conflict (LIN_INJ_ID) do update set LIN_SUM_ID = EXCLUDED.LIN_SUM_ID, INJECTION_DATE = EXCLUDED.INJECTION_DATE, INJECTION_HOUR = EXCLUDED.INJECTION_HOUR, INJECTION_MIN = EXCLUDED.INJECTION_MIN, MEASURED_VALUE = EXCLUDED.MEASURED_VALUE, REF_VALUE = EXCLUDED.REF_VALUE, USERID = EXCLUDED.USERID, ADD_DATE = EXCLUDED.ADD_DATE, UPDATE_DATE = EXCLUDED.UPDATE_DATE;
/* ORIS:      3    Location: 5         Test Type: LINE       Test Num: 20210914102637SD1L    SQL Ord:    4 */ insert into camdecmpswks.LINEARITY_INJECTION ( LIN_INJ_ID, LIN_SUM_ID, INJECTION_DATE, INJECTION_HOUR, INJECTION_MIN, MEASURED_VALUE, REF_VALUE, USERID, ADD_DATE, UPDATE_DATE ) values ( 'TWCORNEL5-593CC3A3F04642039478BCFC8FBB59C9', 'TWCORNEL5-B7F1404F657F4532982FD3A1A354D18C', '2021-09-14', 11, 7, 5.300, 5.530, 'bvick', '2021-10-22 12:04:33', NULL ) on conflict (LIN_INJ_ID) do update set LIN_SUM_ID = EXCLUDED.LIN_SUM_ID, INJECTION_DATE = EXCLUDED.INJECTION_DATE, INJECTION_HOUR = EXCLUDED.INJECTION_HOUR, INJECTION_MIN = EXCLUDED.INJECTION_MIN, MEASURED_VALUE = EXCLUDED.MEASURED_VALUE, REF_VALUE = EXCLUDED.REF_VALUE, USERID = EXCLUDED.USERID, ADD_DATE = EXCLUDED.ADD_DATE, UPDATE_DATE = EXCLUDED.UPDATE_DATE;
/* ORIS:      3    Location: 5         Test Type: LINE       Test Num: 20210914102637SD1L    SQL Ord:    4 */ insert into camdecmpswks.LINEARITY_INJECTION ( LIN_INJ_ID, LIN_SUM_ID, INJECTION_DATE, INJECTION_HOUR, INJECTION_MIN, MEASURED_VALUE, REF_VALUE, USERID, ADD_DATE, UPDATE_DATE ) values ( 'TWCORNEL5-599B26B218EF4A7FA3993F38CD80632C', 'TWCORNEL5-CB527A0F43134D209E1F9D8CF0492B6D', '2021-09-14', 10, 58, 1.900, 2.380, 'bvick', '2021-10-22 12:04:33', NULL ) on conflict (LIN_INJ_ID) do update set LIN_SUM_ID = EXCLUDED.LIN_SUM_ID, INJECTION_DATE = EXCLUDED.INJECTION_DATE, INJECTION_HOUR = EXCLUDED.INJECTION_HOUR, INJECTION_MIN = EXCLUDED.INJECTION_MIN, MEASURED_VALUE = EXCLUDED.MEASURED_VALUE, REF_VALUE = EXCLUDED.REF_VALUE, USERID = EXCLUDED.USERID, ADD_DATE = EXCLUDED.ADD_DATE, UPDATE_DATE = EXCLUDED.UPDATE_DATE;
/* ORIS:      3    Location: 5         Test Type: LINE       Test Num: 20210914102637SD1L    SQL Ord:    4 */ insert into camdecmpswks.LINEARITY_INJECTION ( LIN_INJ_ID, LIN_SUM_ID, INJECTION_DATE, INJECTION_HOUR, INJECTION_MIN, MEASURED_VALUE, REF_VALUE, USERID, ADD_DATE, UPDATE_DATE ) values ( 'TWCORNEL5-C61909F0284A47649A7DD69A76ADCAE8', 'TWCORNEL5-18AB52D6550F4BD286C055EA4AA7ED4F', '2021-09-14', 11, 24, 9.100, 8.620, 'bvick', '2021-10-22 12:04:33', NULL ) on conflict (LIN_INJ_ID) do update set LIN_SUM_ID = EXCLUDED.LIN_SUM_ID, INJECTION_DATE = EXCLUDED.INJECTION_DATE, INJECTION_HOUR = EXCLUDED.INJECTION_HOUR, INJECTION_MIN = EXCLUDED.INJECTION_MIN, MEASURED_VALUE = EXCLUDED.MEASURED_VALUE, REF_VALUE = EXCLUDED.REF_VALUE, USERID = EXCLUDED.USERID, ADD_DATE = EXCLUDED.ADD_DATE, UPDATE_DATE = EXCLUDED.UPDATE_DATE;
/* ORIS:      3    Location: 5         Test Type: LINE       Test Num: 20210914102637SD1L    SQL Ord:    4 */ insert into camdecmpswks.LINEARITY_INJECTION ( LIN_INJ_ID, LIN_SUM_ID, INJECTION_DATE, INJECTION_HOUR, INJECTION_MIN, MEASURED_VALUE, REF_VALUE, USERID, ADD_DATE, UPDATE_DATE ) values ( 'TWCORNEL5-D6A24544C0ED443EBDF88575A3B82341', 'TWCORNEL5-CB527A0F43134D209E1F9D8CF0492B6D', '2021-09-14', 10, 51, 1.400, 2.380, 'esupport', '2021-10-22 12:04:33', '2021-12-27 10:14:00' ) on conflict (LIN_INJ_ID) do update set LIN_SUM_ID = EXCLUDED.LIN_SUM_ID, INJECTION_DATE = EXCLUDED.INJECTION_DATE, INJECTION_HOUR = EXCLUDED.INJECTION_HOUR, INJECTION_MIN = EXCLUDED.INJECTION_MIN, MEASURED_VALUE = EXCLUDED.MEASURED_VALUE, REF_VALUE = EXCLUDED.REF_VALUE, USERID = EXCLUDED.USERID, ADD_DATE = EXCLUDED.ADD_DATE, UPDATE_DATE = EXCLUDED.UPDATE_DATE;
/* ORIS:      3    Location: 5         Test Type: LINE       Test Num: 20210914102637SD1L    SQL Ord:    4 */ insert into camdecmpswks.LINEARITY_INJECTION ( LIN_INJ_ID, LIN_SUM_ID, INJECTION_DATE, INJECTION_HOUR, INJECTION_MIN, MEASURED_VALUE, REF_VALUE, USERID, ADD_DATE, UPDATE_DATE ) values ( 'TWCORNEL5-DC7536E4F94C43D8B0973BF90CEFB83C', 'TWCORNEL5-18AB52D6550F4BD286C055EA4AA7ED4F', '2021-09-14', 10, 55, 9.100, 8.620, 'bvick', '2021-10-22 12:04:33', NULL ) on conflict (LIN_INJ_ID) do update set LIN_SUM_ID = EXCLUDED.LIN_SUM_ID, INJECTION_DATE = EXCLUDED.INJECTION_DATE, INJECTION_HOUR = EXCLUDED.INJECTION_HOUR, INJECTION_MIN = EXCLUDED.INJECTION_MIN, MEASURED_VALUE = EXCLUDED.MEASURED_VALUE, REF_VALUE = EXCLUDED.REF_VALUE, USERID = EXCLUDED.USERID, ADD_DATE = EXCLUDED.ADD_DATE, UPDATE_DATE = EXCLUDED.UPDATE_DATE;
/* ORIS:      3    Location: 5         Test Type: LINE       Test Num: 20210914102637SD1L    SQL Ord:    4 */ insert into camdecmpswks.LINEARITY_INJECTION ( LIN_INJ_ID, LIN_SUM_ID, INJECTION_DATE, INJECTION_HOUR, INJECTION_MIN, MEASURED_VALUE, REF_VALUE, USERID, ADD_DATE, UPDATE_DATE ) values ( 'TWCORNEL5-F471FA0D6A424387B6D98CF5783BE094', 'TWCORNEL5-B7F1404F657F4532982FD3A1A354D18C', '2021-09-14', 11, 20, 5.400, 5.530, 'bvick', '2021-10-22 12:04:33', NULL ) on conflict (LIN_INJ_ID) do update set LIN_SUM_ID = EXCLUDED.LIN_SUM_ID, INJECTION_DATE = EXCLUDED.INJECTION_DATE, INJECTION_HOUR = EXCLUDED.INJECTION_HOUR, INJECTION_MIN = EXCLUDED.INJECTION_MIN, MEASURED_VALUE = EXCLUDED.MEASURED_VALUE, REF_VALUE = EXCLUDED.REF_VALUE, USERID = EXCLUDED.USERID, ADD_DATE = EXCLUDED.ADD_DATE, UPDATE_DATE = EXCLUDED.UPDATE_DATE;
/* ORIS:      3    Location: 5         Test Type: LINE       Test Num: 20210914102637SD1L    SQL Ord:    5 */ insert into camdecmpswks.PROTOCOL_GAS ( PROTOCOL_GAS_ID, TEST_SUM_ID, GAS_LEVEL_CD, GAS_TYPE_CD, VENDOR_ID, CYLINDER_ID, EXPIRATION_DATE, USERID, ADD_DATE, UPDATE_DATE ) values ( 'TWCORNEL5-7F0317BF14C845448555BD2B0B64D161', 'TWCORNEL5-A7D79279AD774687AEDCA830EA6B83A7', 'MID', 'NO,NOX,SO2,BALN', 'B22021', 'CC462957', '2024-04-23', 'bvick', '2021-10-22 12:04:33', NULL ) on conflict (PROTOCOL_GAS_ID) do update set TEST_SUM_ID = EXCLUDED.TEST_SUM_ID, GAS_LEVEL_CD = EXCLUDED.GAS_LEVEL_CD, GAS_TYPE_CD = EXCLUDED.GAS_TYPE_CD, VENDOR_ID = EXCLUDED.VENDOR_ID, CYLINDER_ID = EXCLUDED.CYLINDER_ID, EXPIRATION_DATE = EXCLUDED.EXPIRATION_DATE, USERID = EXCLUDED.USERID, ADD_DATE = EXCLUDED.ADD_DATE, UPDATE_DATE = EXCLUDED.UPDATE_DATE;
/* ORIS:      3    Location: 5         Test Type: LINE       Test Num: 20210914102637SD1L    SQL Ord:    5 */ insert into camdecmpswks.PROTOCOL_GAS ( PROTOCOL_GAS_ID, TEST_SUM_ID, GAS_LEVEL_CD, GAS_TYPE_CD, VENDOR_ID, CYLINDER_ID, EXPIRATION_DATE, USERID, ADD_DATE, UPDATE_DATE ) values ( 'TWCORNEL5-A0CF1A6DB4AB4E3487937F4C5D8170C5', 'TWCORNEL5-A7D79279AD774687AEDCA830EA6B83A7', 'HIGH', 'NO,NOX,SO2,BALN', 'B22019', 'CC232849', '2023-07-30', 'bvick', '2021-10-22 12:04:33', NULL ) on conflict (PROTOCOL_GAS_ID) do update set TEST_SUM_ID = EXCLUDED.TEST_SUM_ID, GAS_LEVEL_CD = EXCLUDED.GAS_LEVEL_CD, GAS_TYPE_CD = EXCLUDED.GAS_TYPE_CD, VENDOR_ID = EXCLUDED.VENDOR_ID, CYLINDER_ID = EXCLUDED.CYLINDER_ID, EXPIRATION_DATE = EXCLUDED.EXPIRATION_DATE, USERID = EXCLUDED.USERID, ADD_DATE = EXCLUDED.ADD_DATE, UPDATE_DATE = EXCLUDED.UPDATE_DATE;
/* ORIS:      3    Location: 5         Test Type: LINE       Test Num: 20210914102637SD1L    SQL Ord:    5 */ insert into camdecmpswks.PROTOCOL_GAS ( PROTOCOL_GAS_ID, TEST_SUM_ID, GAS_LEVEL_CD, GAS_TYPE_CD, VENDOR_ID, CYLINDER_ID, EXPIRATION_DATE, USERID, ADD_DATE, UPDATE_DATE ) values ( 'TWCORNEL5-E4E22B2D5C0949919E6C6076143B0306', 'TWCORNEL5-A7D79279AD774687AEDCA830EA6B83A7', 'LOW', 'NO,NOX,SO2,BALN', 'B52018', 'CC505198', '2021-11-28', 'bvick', '2021-10-22 12:04:33', NULL ) on conflict (PROTOCOL_GAS_ID) do update set TEST_SUM_ID = EXCLUDED.TEST_SUM_ID, GAS_LEVEL_CD = EXCLUDED.GAS_LEVEL_CD, GAS_TYPE_CD = EXCLUDED.GAS_TYPE_CD, VENDOR_ID = EXCLUDED.VENDOR_ID, CYLINDER_ID = EXCLUDED.CYLINDER_ID, EXPIRATION_DATE = EXCLUDED.EXPIRATION_DATE, USERID = EXCLUDED.USERID, ADD_DATE = EXCLUDED.ADD_DATE, UPDATE_DATE = EXCLUDED.UPDATE_DATE;
/* ORIS:      3    Location: 5         Test Type: LINE       Test Num: AAA           SQL Ord:    1 */ delete from camdecmpswks.TEST_SUMMARY where TEST_SUM_ID = 'CHV-LGIANN-DCA87BB86CD4448EB4AE6101DBB38926';
/* ORIS:      3    Location: 5         Test Type: LINE       Test Num: AAA           SQL Ord:    2 */ insert into camdecmpswks.TEST_SUMMARY ( TEST_SUM_ID, MON_LOC_ID, TEST_TYPE_CD, TEST_NUM, MON_SYS_ID, COMPONENT_ID, GP_IND, TEST_REASON_CD, TEST_RESULT_CD, RPT_PERIOD_ID, BEGIN_DATE, BEGIN_HOUR, BEGIN_MIN, END_DATE, END_HOUR, END_MIN, SPAN_SCALE_CD, INJECTION_PROTOCOL_CD, TEST_COMMENT, TEST_DESCRIPTION, CALC_GP_IND, CALC_TEST_RESULT_CD, CALC_SPAN_VALUE, LAST_UPDATED, UPDATED_STATUS_FLG, NEEDS_EVAL_FLG, CHK_SESSION_ID, USERID, ADD_DATE, UPDATE_DATE ) values ( 'CHV-LGIANN-DCA87BB86CD4448EB4AE6101DBB38926', '11', 'LINE', 'AAA', NULL, 'TWCORNEL5-8A5F84F444B8419DA6780BD08B041C3C', NULL, 'QA', 'PASSED', NULL, '2021-06-14', 10, 0, '2021-06-15', 10, 0, 'H', NULL, NULL, NULL, NULL, NULL, 500.000, '2021-12-27 10:36:23', 'Y', 'N', 'CHV-LGIANN-6DB1A0CC029D4F499A900344888649D8', 'esupport', '2021-12-27 10:36:23', '2022-09-16 16:47:53' ) on conflict (TEST_SUM_ID) do update set MON_LOC_ID = EXCLUDED.MON_LOC_ID, TEST_TYPE_CD = EXCLUDED.TEST_TYPE_CD, TEST_NUM = EXCLUDED.TEST_NUM, MON_SYS_ID = EXCLUDED.MON_SYS_ID, COMPONENT_ID = EXCLUDED.COMPONENT_ID, GP_IND = EXCLUDED.GP_IND, TEST_REASON_CD = EXCLUDED.TEST_REASON_CD, TEST_RESULT_CD = EXCLUDED.TEST_RESULT_CD, RPT_PERIOD_ID = EXCLUDED.RPT_PERIOD_ID, BEGIN_DATE = EXCLUDED.BEGIN_DATE, BEGIN_HOUR = EXCLUDED.BEGIN_HOUR, BEGIN_MIN = EXCLUDED.BEGIN_MIN, END_DATE = EXCLUDED.END_DATE, END_HOUR = EXCLUDED.END_HOUR, END_MIN = EXCLUDED.END_MIN, SPAN_SCALE_CD = EXCLUDED.SPAN_SCALE_CD, INJECTION_PROTOCOL_CD = EXCLUDED.INJECTION_PROTOCOL_CD, TEST_COMMENT = EXCLUDED.TEST_COMMENT, TEST_DESCRIPTION = EXCLUDED.TEST_DESCRIPTION, CALC_GP_IND = EXCLUDED.CALC_GP_IND, CALC_TEST_RESULT_CD = EXCLUDED.CALC_TEST_RESULT_CD, CALC_SPAN_VALUE = EXCLUDED.CALC_SPAN_VALUE, LAST_UPDATED = EXCLUDED.LAST_UPDATED, UPDATED_STATUS_FLG = EXCLUDED.UPDATED_STATUS_FLG, NEEDS_EVAL_FLG = EXCLUDED.NEEDS_EVAL_FLG, CHK_SESSION_ID = EXCLUDED.CHK_SESSION_ID, USERID = EXCLUDED.USERID, ADD_DATE = EXCLUDED.ADD_DATE, UPDATE_DATE = EXCLUDED.UPDATE_DATE;