/* ORIS:      3    Location: 4         Test Type: CYCLE      Test Num: 1           SQL Ord:    1 */ delete from camdecmpswks.TEST_SUMMARY where TEST_SUM_ID = 'TWCORNEL5-BB0B85AD76004372AB9420C93DAAB05E';
/* ORIS:      3    Location: 4         Test Type: CYCLE      Test Num: 1           SQL Ord:    2 */ insert into camdecmpswks.TEST_SUMMARY ( TEST_SUM_ID, MON_LOC_ID, TEST_TYPE_CD, TEST_NUM, MON_SYS_ID, COMPONENT_ID, GP_IND, TEST_REASON_CD, TEST_RESULT_CD, RPT_PERIOD_ID, BEGIN_DATE, BEGIN_HOUR, BEGIN_MIN, END_DATE, END_HOUR, END_MIN, SPAN_SCALE_CD, INJECTION_PROTOCOL_CD, TEST_COMMENT, TEST_DESCRIPTION, CALC_GP_IND, CALC_TEST_RESULT_CD, CALC_SPAN_VALUE, LAST_UPDATED, UPDATED_STATUS_FLG, NEEDS_EVAL_FLG, CHK_SESSION_ID, USERID, ADD_DATE, UPDATE_DATE ) values ( 'TWCORNEL5-BB0B85AD76004372AB9420C93DAAB05E', '4', 'CYCLE', '1', NULL, 'TWCORNEL5-3326B79E170147AD9E204DDB4ECAD6D4', NULL, 'INITIAL', 'PASSED', NULL, '2015-01-20', 16, 52, '2015-01-20', 17, 14, 'H', NULL, NULL, NULL, NULL, NULL, 20.000, '2021-12-10 13:30:33', 'Y', 'N', 'CHV-SABER-FB82F501422145AA84B6A8A2B16DDFA6', 'bvick', '2015-04-21 15:07:32', '2021-12-10 13:31:36' ) on conflict (TEST_SUM_ID) do update set MON_LOC_ID = EXCLUDED.MON_LOC_ID, TEST_TYPE_CD = EXCLUDED.TEST_TYPE_CD, TEST_NUM = EXCLUDED.TEST_NUM, MON_SYS_ID = EXCLUDED.MON_SYS_ID, COMPONENT_ID = EXCLUDED.COMPONENT_ID, GP_IND = EXCLUDED.GP_IND, TEST_REASON_CD = EXCLUDED.TEST_REASON_CD, TEST_RESULT_CD = EXCLUDED.TEST_RESULT_CD, RPT_PERIOD_ID = EXCLUDED.RPT_PERIOD_ID, BEGIN_DATE = EXCLUDED.BEGIN_DATE, BEGIN_HOUR = EXCLUDED.BEGIN_HOUR, BEGIN_MIN = EXCLUDED.BEGIN_MIN, END_DATE = EXCLUDED.END_DATE, END_HOUR = EXCLUDED.END_HOUR, END_MIN = EXCLUDED.END_MIN, SPAN_SCALE_CD = EXCLUDED.SPAN_SCALE_CD, INJECTION_PROTOCOL_CD = EXCLUDED.INJECTION_PROTOCOL_CD, TEST_COMMENT = EXCLUDED.TEST_COMMENT, TEST_DESCRIPTION = EXCLUDED.TEST_DESCRIPTION, CALC_GP_IND = EXCLUDED.CALC_GP_IND, CALC_TEST_RESULT_CD = EXCLUDED.CALC_TEST_RESULT_CD, CALC_SPAN_VALUE = EXCLUDED.CALC_SPAN_VALUE, LAST_UPDATED = EXCLUDED.LAST_UPDATED, UPDATED_STATUS_FLG = EXCLUDED.UPDATED_STATUS_FLG, NEEDS_EVAL_FLG = EXCLUDED.NEEDS_EVAL_FLG, CHK_SESSION_ID = EXCLUDED.CHK_SESSION_ID, USERID = EXCLUDED.USERID, ADD_DATE = EXCLUDED.ADD_DATE, UPDATE_DATE = EXCLUDED.UPDATE_DATE;
/* ORIS:      3    Location: 4         Test Type: CYCLE      Test Num: 1           SQL Ord:    6 */ insert into camdecmpswks.CYCLE_TIME_SUMMARY ( CYCLE_TIME_SUM_ID, TEST_SUM_ID, TOTAL_TIME, CALC_TOTAL_TIME, USERID, ADD_DATE, UPDATE_DATE ) values ( 'TWCORNEL5-DC292EB213874D92B1EF1181D7257E3E', 'TWCORNEL5-BB0B85AD76004372AB9420C93DAAB05E', 5, NULL, 'bvick', '2015-04-21 15:07:32', '2021-12-10 13:31:36' ) on conflict (CYCLE_TIME_SUM_ID) do update set TEST_SUM_ID = EXCLUDED.TEST_SUM_ID, TOTAL_TIME = EXCLUDED.TOTAL_TIME, CALC_TOTAL_TIME = EXCLUDED.CALC_TOTAL_TIME, USERID = EXCLUDED.USERID, ADD_DATE = EXCLUDED.ADD_DATE, UPDATE_DATE = EXCLUDED.UPDATE_DATE;
/* ORIS:      3    Location: 4         Test Type: CYCLE      Test Num: 1           SQL Ord:    6 */ insert into camdecmpswks.CYCLE_TIME_SUMMARY ( CYCLE_TIME_SUM_ID, TEST_SUM_ID, TOTAL_TIME, CALC_TOTAL_TIME, USERID, ADD_DATE, UPDATE_DATE ) values ( 'TWCORNEL5-DC292EB213874D92B1EF1181D7257E3E', 'TWCORNEL5-BB0B85AD76004372AB9420C93DAAB05E', 5, NULL, 'bvick', '2015-04-21 15:07:32', '2021-12-10 13:31:36' ) on conflict (CYCLE_TIME_SUM_ID) do update set TEST_SUM_ID = EXCLUDED.TEST_SUM_ID, TOTAL_TIME = EXCLUDED.TOTAL_TIME, CALC_TOTAL_TIME = EXCLUDED.CALC_TOTAL_TIME, USERID = EXCLUDED.USERID, ADD_DATE = EXCLUDED.ADD_DATE, UPDATE_DATE = EXCLUDED.UPDATE_DATE;
/* ORIS:      3    Location: 4         Test Type: CYCLE      Test Num: 1           SQL Ord:    7 */ insert into camdecmpswks.CYCLE_TIME_INJECTION ( CYCLE_TIME_INJ_ID, CYCLE_TIME_SUM_ID, BEGIN_MONITOR_VALUE, END_MONITOR_VALUE, BEGIN_DATE, BEGIN_HOUR, BEGIN_MIN, END_DATE, END_HOUR, END_MIN, GAS_LEVEL_CD, CAL_GAS_VALUE, INJECTION_CYCLE_TIME, CALC_INJECTION_CYCLE_TIME, USERID, ADD_DATE, UPDATE_DATE ) values ( 'TWCORNEL5-0A40C4FD0A9D428B9A3585AF6BD59B1F', 'TWCORNEL5-DC292EB213874D92B1EF1181D7257E3E', 11.117, 0.193, '2015-01-20', 16, 52, NULL, 16, 55, 'ZERO', 0.000, 3, NULL, 'bvick', '2015-04-21 15:07:32', '2021-12-10 13:31:36' ) on conflict (CYCLE_TIME_INJ_ID) do update set CYCLE_TIME_SUM_ID = EXCLUDED.CYCLE_TIME_SUM_ID, BEGIN_MONITOR_VALUE = EXCLUDED.BEGIN_MONITOR_VALUE, END_MONITOR_VALUE = EXCLUDED.END_MONITOR_VALUE, BEGIN_DATE = EXCLUDED.BEGIN_DATE, BEGIN_HOUR = EXCLUDED.BEGIN_HOUR, BEGIN_MIN = EXCLUDED.BEGIN_MIN, END_DATE = EXCLUDED.END_DATE, END_HOUR = EXCLUDED.END_HOUR, END_MIN = EXCLUDED.END_MIN, GAS_LEVEL_CD = EXCLUDED.GAS_LEVEL_CD, CAL_GAS_VALUE = EXCLUDED.CAL_GAS_VALUE, INJECTION_CYCLE_TIME = EXCLUDED.INJECTION_CYCLE_TIME, CALC_INJECTION_CYCLE_TIME = EXCLUDED.CALC_INJECTION_CYCLE_TIME, USERID = EXCLUDED.USERID, ADD_DATE = EXCLUDED.ADD_DATE, UPDATE_DATE = EXCLUDED.UPDATE_DATE;
/* ORIS:      3    Location: 4         Test Type: CYCLE      Test Num: 1           SQL Ord:    7 */ insert into camdecmpswks.CYCLE_TIME_INJECTION ( CYCLE_TIME_INJ_ID, CYCLE_TIME_SUM_ID, BEGIN_MONITOR_VALUE, END_MONITOR_VALUE, BEGIN_DATE, BEGIN_HOUR, BEGIN_MIN, END_DATE, END_HOUR, END_MIN, GAS_LEVEL_CD, CAL_GAS_VALUE, INJECTION_CYCLE_TIME, CALC_INJECTION_CYCLE_TIME, USERID, ADD_DATE, UPDATE_DATE ) values ( 'TWCORNEL5-1966B1B0C24D43CE8E249367D51BB168', 'TWCORNEL5-DC292EB213874D92B1EF1181D7257E3E', 11.247, 19.467, '2015-01-20', 17, 9, '2015-01-20', 17, 14, 'HIGH', 19.480, 5, 5, 'bvick', '2015-04-21 15:07:32', '2021-12-10 13:31:36' ) on conflict (CYCLE_TIME_INJ_ID) do update set CYCLE_TIME_SUM_ID = EXCLUDED.CYCLE_TIME_SUM_ID, BEGIN_MONITOR_VALUE = EXCLUDED.BEGIN_MONITOR_VALUE, END_MONITOR_VALUE = EXCLUDED.END_MONITOR_VALUE, BEGIN_DATE = EXCLUDED.BEGIN_DATE, BEGIN_HOUR = EXCLUDED.BEGIN_HOUR, BEGIN_MIN = EXCLUDED.BEGIN_MIN, END_DATE = EXCLUDED.END_DATE, END_HOUR = EXCLUDED.END_HOUR, END_MIN = EXCLUDED.END_MIN, GAS_LEVEL_CD = EXCLUDED.GAS_LEVEL_CD, CAL_GAS_VALUE = EXCLUDED.CAL_GAS_VALUE, INJECTION_CYCLE_TIME = EXCLUDED.INJECTION_CYCLE_TIME, CALC_INJECTION_CYCLE_TIME = EXCLUDED.CALC_INJECTION_CYCLE_TIME, USERID = EXCLUDED.USERID, ADD_DATE = EXCLUDED.ADD_DATE, UPDATE_DATE = EXCLUDED.UPDATE_DATE;
/* ORIS:      3    Location: 4         Test Type: CYCLE      Test Num: 2           SQL Ord:    1 */ delete from camdecmpswks.TEST_SUMMARY where TEST_SUM_ID = 'TWCORNEL5-5372B219A6E644FDBC20C1525128E0F1';
/* ORIS:      3    Location: 4         Test Type: CYCLE      Test Num: 2           SQL Ord:    2 */ insert into camdecmpswks.TEST_SUMMARY ( TEST_SUM_ID, MON_LOC_ID, TEST_TYPE_CD, TEST_NUM, MON_SYS_ID, COMPONENT_ID, GP_IND, TEST_REASON_CD, TEST_RESULT_CD, RPT_PERIOD_ID, BEGIN_DATE, BEGIN_HOUR, BEGIN_MIN, END_DATE, END_HOUR, END_MIN, SPAN_SCALE_CD, INJECTION_PROTOCOL_CD, TEST_COMMENT, TEST_DESCRIPTION, CALC_GP_IND, CALC_TEST_RESULT_CD, CALC_SPAN_VALUE, LAST_UPDATED, UPDATED_STATUS_FLG, NEEDS_EVAL_FLG, CHK_SESSION_ID, USERID, ADD_DATE, UPDATE_DATE ) values ( 'TWCORNEL5-5372B219A6E644FDBC20C1525128E0F1', '4', 'CYCLE', '2', NULL, 'TWCORNEL5-B87B58B0FB48444DB2A0C8ED44ACAC19', NULL, 'INITIAL', 'PASSED', NULL, '2015-01-20', 17, 2, '2015-01-20', 17, 14, 'H', NULL, NULL, NULL, NULL, 'PASSED', 750.000, NULL, 'N', 'N', 'CHV-SABER-A5E41453B52142BBA85766790913A5B6', 'bvick', '2015-04-21 15:07:32', '2021-12-22 13:51:36' ) on conflict (TEST_SUM_ID) do update set MON_LOC_ID = EXCLUDED.MON_LOC_ID, TEST_TYPE_CD = EXCLUDED.TEST_TYPE_CD, TEST_NUM = EXCLUDED.TEST_NUM, MON_SYS_ID = EXCLUDED.MON_SYS_ID, COMPONENT_ID = EXCLUDED.COMPONENT_ID, GP_IND = EXCLUDED.GP_IND, TEST_REASON_CD = EXCLUDED.TEST_REASON_CD, TEST_RESULT_CD = EXCLUDED.TEST_RESULT_CD, RPT_PERIOD_ID = EXCLUDED.RPT_PERIOD_ID, BEGIN_DATE = EXCLUDED.BEGIN_DATE, BEGIN_HOUR = EXCLUDED.BEGIN_HOUR, BEGIN_MIN = EXCLUDED.BEGIN_MIN, END_DATE = EXCLUDED.END_DATE, END_HOUR = EXCLUDED.END_HOUR, END_MIN = EXCLUDED.END_MIN, SPAN_SCALE_CD = EXCLUDED.SPAN_SCALE_CD, INJECTION_PROTOCOL_CD = EXCLUDED.INJECTION_PROTOCOL_CD, TEST_COMMENT = EXCLUDED.TEST_COMMENT, TEST_DESCRIPTION = EXCLUDED.TEST_DESCRIPTION, CALC_GP_IND = EXCLUDED.CALC_GP_IND, CALC_TEST_RESULT_CD = EXCLUDED.CALC_TEST_RESULT_CD, CALC_SPAN_VALUE = EXCLUDED.CALC_SPAN_VALUE, LAST_UPDATED = EXCLUDED.LAST_UPDATED, UPDATED_STATUS_FLG = EXCLUDED.UPDATED_STATUS_FLG, NEEDS_EVAL_FLG = EXCLUDED.NEEDS_EVAL_FLG, CHK_SESSION_ID = EXCLUDED.CHK_SESSION_ID, USERID = EXCLUDED.USERID, ADD_DATE = EXCLUDED.ADD_DATE, UPDATE_DATE = EXCLUDED.UPDATE_DATE;
/* ORIS:      3    Location: 4         Test Type: CYCLE      Test Num: 2           SQL Ord:    6 */ insert into camdecmpswks.CYCLE_TIME_SUMMARY ( CYCLE_TIME_SUM_ID, TEST_SUM_ID, TOTAL_TIME, CALC_TOTAL_TIME, USERID, ADD_DATE, UPDATE_DATE ) values ( 'TWCORNEL5-E26BACAFE88549519086D1C65CECF82E', 'TWCORNEL5-5372B219A6E644FDBC20C1525128E0F1', 5, 5, 'bvick', '2015-04-21 15:07:32', '2021-12-22 13:51:36' ) on conflict (CYCLE_TIME_SUM_ID) do update set TEST_SUM_ID = EXCLUDED.TEST_SUM_ID, TOTAL_TIME = EXCLUDED.TOTAL_TIME, CALC_TOTAL_TIME = EXCLUDED.CALC_TOTAL_TIME, USERID = EXCLUDED.USERID, ADD_DATE = EXCLUDED.ADD_DATE, UPDATE_DATE = EXCLUDED.UPDATE_DATE;
/* ORIS:      3    Location: 4         Test Type: CYCLE      Test Num: 2           SQL Ord:    6 */ insert into camdecmpswks.CYCLE_TIME_SUMMARY ( CYCLE_TIME_SUM_ID, TEST_SUM_ID, TOTAL_TIME, CALC_TOTAL_TIME, USERID, ADD_DATE, UPDATE_DATE ) values ( 'TWCORNEL5-E26BACAFE88549519086D1C65CECF82E', 'TWCORNEL5-5372B219A6E644FDBC20C1525128E0F1', 5, 5, 'bvick', '2015-04-21 15:07:32', '2021-12-22 13:51:36' ) on conflict (CYCLE_TIME_SUM_ID) do update set TEST_SUM_ID = EXCLUDED.TEST_SUM_ID, TOTAL_TIME = EXCLUDED.TOTAL_TIME, CALC_TOTAL_TIME = EXCLUDED.CALC_TOTAL_TIME, USERID = EXCLUDED.USERID, ADD_DATE = EXCLUDED.ADD_DATE, UPDATE_DATE = EXCLUDED.UPDATE_DATE;
/* ORIS:      3    Location: 4         Test Type: CYCLE      Test Num: 2           SQL Ord:    7 */ insert into camdecmpswks.CYCLE_TIME_INJECTION ( CYCLE_TIME_INJ_ID, CYCLE_TIME_SUM_ID, BEGIN_MONITOR_VALUE, END_MONITOR_VALUE, BEGIN_DATE, BEGIN_HOUR, BEGIN_MIN, END_DATE, END_HOUR, END_MIN, GAS_LEVEL_CD, CAL_GAS_VALUE, INJECTION_CYCLE_TIME, CALC_INJECTION_CYCLE_TIME, USERID, ADD_DATE, UPDATE_DATE ) values ( 'TWCORNEL5-B834ED55793A419495399C0606718870', 'TWCORNEL5-E26BACAFE88549519086D1C65CECF82E', 326.590, 0.261, '2015-01-20', 17, 2, '2015-01-20', 17, 6, 'ZERO', 0.000, 4, 4, 'bvick', '2015-04-21 15:07:32', '2021-12-22 13:51:36' ) on conflict (CYCLE_TIME_INJ_ID) do update set CYCLE_TIME_SUM_ID = EXCLUDED.CYCLE_TIME_SUM_ID, BEGIN_MONITOR_VALUE = EXCLUDED.BEGIN_MONITOR_VALUE, END_MONITOR_VALUE = EXCLUDED.END_MONITOR_VALUE, BEGIN_DATE = EXCLUDED.BEGIN_DATE, BEGIN_HOUR = EXCLUDED.BEGIN_HOUR, BEGIN_MIN = EXCLUDED.BEGIN_MIN, END_DATE = EXCLUDED.END_DATE, END_HOUR = EXCLUDED.END_HOUR, END_MIN = EXCLUDED.END_MIN, GAS_LEVEL_CD = EXCLUDED.GAS_LEVEL_CD, CAL_GAS_VALUE = EXCLUDED.CAL_GAS_VALUE, INJECTION_CYCLE_TIME = EXCLUDED.INJECTION_CYCLE_TIME, CALC_INJECTION_CYCLE_TIME = EXCLUDED.CALC_INJECTION_CYCLE_TIME, USERID = EXCLUDED.USERID, ADD_DATE = EXCLUDED.ADD_DATE, UPDATE_DATE = EXCLUDED.UPDATE_DATE;
/* ORIS:      3    Location: 4         Test Type: CYCLE      Test Num: 2           SQL Ord:    7 */ insert into camdecmpswks.CYCLE_TIME_INJECTION ( CYCLE_TIME_INJ_ID, CYCLE_TIME_SUM_ID, BEGIN_MONITOR_VALUE, END_MONITOR_VALUE, BEGIN_DATE, BEGIN_HOUR, BEGIN_MIN, END_DATE, END_HOUR, END_MIN, GAS_LEVEL_CD, CAL_GAS_VALUE, INJECTION_CYCLE_TIME, CALC_INJECTION_CYCLE_TIME, USERID, ADD_DATE, UPDATE_DATE ) values ( 'TWCORNEL5-B8F582E271744A49B19307F7746EBC42', 'TWCORNEL5-E26BACAFE88549519086D1C65CECF82E', 315.740, 661.316, '2015-01-20', 17, 9, '2015-01-20', 17, 14, 'HIGH', 691.700, 5, 5, 'bvick', '2015-04-21 15:07:32', '2021-12-22 13:51:36' ) on conflict (CYCLE_TIME_INJ_ID) do update set CYCLE_TIME_SUM_ID = EXCLUDED.CYCLE_TIME_SUM_ID, BEGIN_MONITOR_VALUE = EXCLUDED.BEGIN_MONITOR_VALUE, END_MONITOR_VALUE = EXCLUDED.END_MONITOR_VALUE, BEGIN_DATE = EXCLUDED.BEGIN_DATE, BEGIN_HOUR = EXCLUDED.BEGIN_HOUR, BEGIN_MIN = EXCLUDED.BEGIN_MIN, END_DATE = EXCLUDED.END_DATE, END_HOUR = EXCLUDED.END_HOUR, END_MIN = EXCLUDED.END_MIN, GAS_LEVEL_CD = EXCLUDED.GAS_LEVEL_CD, CAL_GAS_VALUE = EXCLUDED.CAL_GAS_VALUE, INJECTION_CYCLE_TIME = EXCLUDED.INJECTION_CYCLE_TIME, CALC_INJECTION_CYCLE_TIME = EXCLUDED.CALC_INJECTION_CYCLE_TIME, USERID = EXCLUDED.USERID, ADD_DATE = EXCLUDED.ADD_DATE, UPDATE_DATE = EXCLUDED.UPDATE_DATE;
/* ORIS:      3    Location: 4         Test Type: CYCLE      Test Num: 3           SQL Ord:    1 */ delete from camdecmpswks.TEST_SUMMARY where TEST_SUM_ID = 'TWCORNEL5-1FE9AA572FAF468482D532EE753D5DBE';
/* ORIS:      3    Location: 4         Test Type: CYCLE      Test Num: 3           SQL Ord:    2 */ insert into camdecmpswks.TEST_SUMMARY ( TEST_SUM_ID, MON_LOC_ID, TEST_TYPE_CD, TEST_NUM, MON_SYS_ID, COMPONENT_ID, GP_IND, TEST_REASON_CD, TEST_RESULT_CD, RPT_PERIOD_ID, BEGIN_DATE, BEGIN_HOUR, BEGIN_MIN, END_DATE, END_HOUR, END_MIN, SPAN_SCALE_CD, INJECTION_PROTOCOL_CD, TEST_COMMENT, TEST_DESCRIPTION, CALC_GP_IND, CALC_TEST_RESULT_CD, CALC_SPAN_VALUE, LAST_UPDATED, UPDATED_STATUS_FLG, NEEDS_EVAL_FLG, CHK_SESSION_ID, USERID, ADD_DATE, UPDATE_DATE ) values ( 'TWCORNEL5-1FE9AA572FAF468482D532EE753D5DBE', '4', 'CYCLE', '3', NULL, 'TWCORNEL5-88CCACCD8A3147EA898771B6BDFF4B01', NULL, 'INITIAL', 'PASSED', NULL, '2015-01-20', 17, 2, '2015-01-20', 17, 12, 'H', NULL, NULL, NULL, NULL, NULL, 500.000, '2021-12-10 13:27:18', 'Y', 'N', 'CHV-SABER-F5CE984FD81D46409DBDCC20AFD70695', 'bvick', '2015-04-21 15:07:32', '2021-12-10 13:28:48' ) on conflict (TEST_SUM_ID) do update set MON_LOC_ID = EXCLUDED.MON_LOC_ID, TEST_TYPE_CD = EXCLUDED.TEST_TYPE_CD, TEST_NUM = EXCLUDED.TEST_NUM, MON_SYS_ID = EXCLUDED.MON_SYS_ID, COMPONENT_ID = EXCLUDED.COMPONENT_ID, GP_IND = EXCLUDED.GP_IND, TEST_REASON_CD = EXCLUDED.TEST_REASON_CD, TEST_RESULT_CD = EXCLUDED.TEST_RESULT_CD, RPT_PERIOD_ID = EXCLUDED.RPT_PERIOD_ID, BEGIN_DATE = EXCLUDED.BEGIN_DATE, BEGIN_HOUR = EXCLUDED.BEGIN_HOUR, BEGIN_MIN = EXCLUDED.BEGIN_MIN, END_DATE = EXCLUDED.END_DATE, END_HOUR = EXCLUDED.END_HOUR, END_MIN = EXCLUDED.END_MIN, SPAN_SCALE_CD = EXCLUDED.SPAN_SCALE_CD, INJECTION_PROTOCOL_CD = EXCLUDED.INJECTION_PROTOCOL_CD, TEST_COMMENT = EXCLUDED.TEST_COMMENT, TEST_DESCRIPTION = EXCLUDED.TEST_DESCRIPTION, CALC_GP_IND = EXCLUDED.CALC_GP_IND, CALC_TEST_RESULT_CD = EXCLUDED.CALC_TEST_RESULT_CD, CALC_SPAN_VALUE = EXCLUDED.CALC_SPAN_VALUE, LAST_UPDATED = EXCLUDED.LAST_UPDATED, UPDATED_STATUS_FLG = EXCLUDED.UPDATED_STATUS_FLG, NEEDS_EVAL_FLG = EXCLUDED.NEEDS_EVAL_FLG, CHK_SESSION_ID = EXCLUDED.CHK_SESSION_ID, USERID = EXCLUDED.USERID, ADD_DATE = EXCLUDED.ADD_DATE, UPDATE_DATE = EXCLUDED.UPDATE_DATE;
/* ORIS:      3    Location: 4         Test Type: CYCLE      Test Num: 3           SQL Ord:    6 */ insert into camdecmpswks.CYCLE_TIME_SUMMARY ( CYCLE_TIME_SUM_ID, TEST_SUM_ID, TOTAL_TIME, CALC_TOTAL_TIME, USERID, ADD_DATE, UPDATE_DATE ) values ( 'TWCORNEL5-8021EB44993643AC9AD9BF01FDA47F63', 'TWCORNEL5-1FE9AA572FAF468482D532EE753D5DBE', 4, NULL, 'bvick', '2015-04-21 15:07:32', '2021-12-10 13:28:48' ) on conflict (CYCLE_TIME_SUM_ID) do update set TEST_SUM_ID = EXCLUDED.TEST_SUM_ID, TOTAL_TIME = EXCLUDED.TOTAL_TIME, CALC_TOTAL_TIME = EXCLUDED.CALC_TOTAL_TIME, USERID = EXCLUDED.USERID, ADD_DATE = EXCLUDED.ADD_DATE, UPDATE_DATE = EXCLUDED.UPDATE_DATE;
/* ORIS:      3    Location: 4         Test Type: CYCLE      Test Num: 3           SQL Ord:    6 */ insert into camdecmpswks.CYCLE_TIME_SUMMARY ( CYCLE_TIME_SUM_ID, TEST_SUM_ID, TOTAL_TIME, CALC_TOTAL_TIME, USERID, ADD_DATE, UPDATE_DATE ) values ( 'TWCORNEL5-8021EB44993643AC9AD9BF01FDA47F63', 'TWCORNEL5-1FE9AA572FAF468482D532EE753D5DBE', 4, NULL, 'bvick', '2015-04-21 15:07:32', '2021-12-10 13:28:48' ) on conflict (CYCLE_TIME_SUM_ID) do update set TEST_SUM_ID = EXCLUDED.TEST_SUM_ID, TOTAL_TIME = EXCLUDED.TOTAL_TIME, CALC_TOTAL_TIME = EXCLUDED.CALC_TOTAL_TIME, USERID = EXCLUDED.USERID, ADD_DATE = EXCLUDED.ADD_DATE, UPDATE_DATE = EXCLUDED.UPDATE_DATE;
/* ORIS:      3    Location: 4         Test Type: CYCLE      Test Num: 3           SQL Ord:    7 */ insert into camdecmpswks.CYCLE_TIME_INJECTION ( CYCLE_TIME_INJ_ID, CYCLE_TIME_SUM_ID, BEGIN_MONITOR_VALUE, END_MONITOR_VALUE, BEGIN_DATE, BEGIN_HOUR, BEGIN_MIN, END_DATE, END_HOUR, END_MIN, GAS_LEVEL_CD, CAL_GAS_VALUE, INJECTION_CYCLE_TIME, CALC_INJECTION_CYCLE_TIME, USERID, ADD_DATE, UPDATE_DATE ) values ( 'TWCORNEL5-3F06F47E17284F2484AE4FEF49C63B8C', 'TWCORNEL5-8021EB44993643AC9AD9BF01FDA47F63', 204.124, 464.574, '2015-01-20', 24, 9, '2015-01-20', 17, 12, 'HIGH', 488.400, 3, NULL, 'bvick', '2015-04-21 15:07:32', '2021-12-10 13:28:48' ) on conflict (CYCLE_TIME_INJ_ID) do update set CYCLE_TIME_SUM_ID = EXCLUDED.CYCLE_TIME_SUM_ID, BEGIN_MONITOR_VALUE = EXCLUDED.BEGIN_MONITOR_VALUE, END_MONITOR_VALUE = EXCLUDED.END_MONITOR_VALUE, BEGIN_DATE = EXCLUDED.BEGIN_DATE, BEGIN_HOUR = EXCLUDED.BEGIN_HOUR, BEGIN_MIN = EXCLUDED.BEGIN_MIN, END_DATE = EXCLUDED.END_DATE, END_HOUR = EXCLUDED.END_HOUR, END_MIN = EXCLUDED.END_MIN, GAS_LEVEL_CD = EXCLUDED.GAS_LEVEL_CD, CAL_GAS_VALUE = EXCLUDED.CAL_GAS_VALUE, INJECTION_CYCLE_TIME = EXCLUDED.INJECTION_CYCLE_TIME, CALC_INJECTION_CYCLE_TIME = EXCLUDED.CALC_INJECTION_CYCLE_TIME, USERID = EXCLUDED.USERID, ADD_DATE = EXCLUDED.ADD_DATE, UPDATE_DATE = EXCLUDED.UPDATE_DATE;
/* ORIS:      3    Location: 4         Test Type: CYCLE      Test Num: 3           SQL Ord:    7 */ insert into camdecmpswks.CYCLE_TIME_INJECTION ( CYCLE_TIME_INJ_ID, CYCLE_TIME_SUM_ID, BEGIN_MONITOR_VALUE, END_MONITOR_VALUE, BEGIN_DATE, BEGIN_HOUR, BEGIN_MIN, END_DATE, END_HOUR, END_MIN, GAS_LEVEL_CD, CAL_GAS_VALUE, INJECTION_CYCLE_TIME, CALC_INJECTION_CYCLE_TIME, USERID, ADD_DATE, UPDATE_DATE ) values ( 'TWCORNEL5-62B7A1E36708402DA1C4AB79F90106BA', 'TWCORNEL5-8021EB44993643AC9AD9BF01FDA47F63', 199.207, 0.030, '2015-01-20', 17, 2, '2015-01-20', 17, 6, 'ZERO', 0.000, 4, 4, 'bvick', '2015-04-21 15:07:32', '2021-12-10 13:28:48' ) on conflict (CYCLE_TIME_INJ_ID) do update set CYCLE_TIME_SUM_ID = EXCLUDED.CYCLE_TIME_SUM_ID, BEGIN_MONITOR_VALUE = EXCLUDED.BEGIN_MONITOR_VALUE, END_MONITOR_VALUE = EXCLUDED.END_MONITOR_VALUE, BEGIN_DATE = EXCLUDED.BEGIN_DATE, BEGIN_HOUR = EXCLUDED.BEGIN_HOUR, BEGIN_MIN = EXCLUDED.BEGIN_MIN, END_DATE = EXCLUDED.END_DATE, END_HOUR = EXCLUDED.END_HOUR, END_MIN = EXCLUDED.END_MIN, GAS_LEVEL_CD = EXCLUDED.GAS_LEVEL_CD, CAL_GAS_VALUE = EXCLUDED.CAL_GAS_VALUE, INJECTION_CYCLE_TIME = EXCLUDED.INJECTION_CYCLE_TIME, CALC_INJECTION_CYCLE_TIME = EXCLUDED.CALC_INJECTION_CYCLE_TIME, USERID = EXCLUDED.USERID, ADD_DATE = EXCLUDED.ADD_DATE, UPDATE_DATE = EXCLUDED.UPDATE_DATE;
/* ORIS:      3    Location: 4         Test Type: CYCLE      Test Num: HG1           SQL Ord:    1 */ delete from camdecmpswks.TEST_SUMMARY where TEST_SUM_ID = 'TWCORNEL5-0DAE1ECDB84A41148E3D39EBEABB1467';
/* ORIS:      3    Location: 4         Test Type: CYCLE      Test Num: HG1           SQL Ord:    2 */ insert into camdecmpswks.TEST_SUMMARY ( TEST_SUM_ID, MON_LOC_ID, TEST_TYPE_CD, TEST_NUM, MON_SYS_ID, COMPONENT_ID, GP_IND, TEST_REASON_CD, TEST_RESULT_CD, RPT_PERIOD_ID, BEGIN_DATE, BEGIN_HOUR, BEGIN_MIN, END_DATE, END_HOUR, END_MIN, SPAN_SCALE_CD, INJECTION_PROTOCOL_CD, TEST_COMMENT, TEST_DESCRIPTION, CALC_GP_IND, CALC_TEST_RESULT_CD, CALC_SPAN_VALUE, LAST_UPDATED, UPDATED_STATUS_FLG, NEEDS_EVAL_FLG, CHK_SESSION_ID, USERID, ADD_DATE, UPDATE_DATE ) values ( 'TWCORNEL5-0DAE1ECDB84A41148E3D39EBEABB1467', '4', 'CYCLE', 'HG1', NULL, 'TWCORNEL5-72615925D0674D89B1D07F62E15D63F9', NULL, 'INITIAL', 'PASSED', NULL, '2016-03-15', 12, 8, '2016-03-15', 12, 42, 'H', 'HGE', NULL, NULL, NULL, NULL, 10.000, '2021-12-10 13:33:19', 'Y', 'N', 'CHV-SABER-F5FE05983D984049AA19C54ED264C9F6', 'bvick', '2016-04-25 12:30:47', '2021-12-10 13:34:39' ) on conflict (TEST_SUM_ID) do update set MON_LOC_ID = EXCLUDED.MON_LOC_ID, TEST_TYPE_CD = EXCLUDED.TEST_TYPE_CD, TEST_NUM = EXCLUDED.TEST_NUM, MON_SYS_ID = EXCLUDED.MON_SYS_ID, COMPONENT_ID = EXCLUDED.COMPONENT_ID, GP_IND = EXCLUDED.GP_IND, TEST_REASON_CD = EXCLUDED.TEST_REASON_CD, TEST_RESULT_CD = EXCLUDED.TEST_RESULT_CD, RPT_PERIOD_ID = EXCLUDED.RPT_PERIOD_ID, BEGIN_DATE = EXCLUDED.BEGIN_DATE, BEGIN_HOUR = EXCLUDED.BEGIN_HOUR, BEGIN_MIN = EXCLUDED.BEGIN_MIN, END_DATE = EXCLUDED.END_DATE, END_HOUR = EXCLUDED.END_HOUR, END_MIN = EXCLUDED.END_MIN, SPAN_SCALE_CD = EXCLUDED.SPAN_SCALE_CD, INJECTION_PROTOCOL_CD = EXCLUDED.INJECTION_PROTOCOL_CD, TEST_COMMENT = EXCLUDED.TEST_COMMENT, TEST_DESCRIPTION = EXCLUDED.TEST_DESCRIPTION, CALC_GP_IND = EXCLUDED.CALC_GP_IND, CALC_TEST_RESULT_CD = EXCLUDED.CALC_TEST_RESULT_CD, CALC_SPAN_VALUE = EXCLUDED.CALC_SPAN_VALUE, LAST_UPDATED = EXCLUDED.LAST_UPDATED, UPDATED_STATUS_FLG = EXCLUDED.UPDATED_STATUS_FLG, NEEDS_EVAL_FLG = EXCLUDED.NEEDS_EVAL_FLG, CHK_SESSION_ID = EXCLUDED.CHK_SESSION_ID, USERID = EXCLUDED.USERID, ADD_DATE = EXCLUDED.ADD_DATE, UPDATE_DATE = EXCLUDED.UPDATE_DATE;
/* ORIS:      3    Location: 4         Test Type: CYCLE      Test Num: HG1           SQL Ord:    6 */ insert into camdecmpswks.CYCLE_TIME_SUMMARY ( CYCLE_TIME_SUM_ID, TEST_SUM_ID, TOTAL_TIME, CALC_TOTAL_TIME, USERID, ADD_DATE, UPDATE_DATE ) values ( 'TWCORNEL5-D093CA2BFBB04F58AAF37CAABC371F4E', 'TWCORNEL5-0DAE1ECDB84A41148E3D39EBEABB1467', 7, NULL, 'bvick', '2016-04-25 12:30:47', '2021-12-10 13:34:39' ) on conflict (CYCLE_TIME_SUM_ID) do update set TEST_SUM_ID = EXCLUDED.TEST_SUM_ID, TOTAL_TIME = EXCLUDED.TOTAL_TIME, CALC_TOTAL_TIME = EXCLUDED.CALC_TOTAL_TIME, USERID = EXCLUDED.USERID, ADD_DATE = EXCLUDED.ADD_DATE, UPDATE_DATE = EXCLUDED.UPDATE_DATE;
/* ORIS:      3    Location: 4         Test Type: CYCLE      Test Num: HG1           SQL Ord:    6 */ insert into camdecmpswks.CYCLE_TIME_SUMMARY ( CYCLE_TIME_SUM_ID, TEST_SUM_ID, TOTAL_TIME, CALC_TOTAL_TIME, USERID, ADD_DATE, UPDATE_DATE ) values ( 'TWCORNEL5-D093CA2BFBB04F58AAF37CAABC371F4E', 'TWCORNEL5-0DAE1ECDB84A41148E3D39EBEABB1467', 7, NULL, 'bvick', '2016-04-25 12:30:47', '2021-12-10 13:34:39' ) on conflict (CYCLE_TIME_SUM_ID) do update set TEST_SUM_ID = EXCLUDED.TEST_SUM_ID, TOTAL_TIME = EXCLUDED.TOTAL_TIME, CALC_TOTAL_TIME = EXCLUDED.CALC_TOTAL_TIME, USERID = EXCLUDED.USERID, ADD_DATE = EXCLUDED.ADD_DATE, UPDATE_DATE = EXCLUDED.UPDATE_DATE;
/* ORIS:      3    Location: 4         Test Type: CYCLE      Test Num: HG1           SQL Ord:    7 */ insert into camdecmpswks.CYCLE_TIME_INJECTION ( CYCLE_TIME_INJ_ID, CYCLE_TIME_SUM_ID, BEGIN_MONITOR_VALUE, END_MONITOR_VALUE, BEGIN_DATE, BEGIN_HOUR, BEGIN_MIN, END_DATE, END_HOUR, END_MIN, GAS_LEVEL_CD, CAL_GAS_VALUE, INJECTION_CYCLE_TIME, CALC_INJECTION_CYCLE_TIME, USERID, ADD_DATE, UPDATE_DATE ) values ( 'TWCORNEL5-089FDFB846F149BD946B9BD95B2E5953', 'TWCORNEL5-D093CA2BFBB04F58AAF37CAABC371F4E', 1.589, 0.270, '2016-03-15', 12, 8, '2016-03-15', 12, 15, 'ZERO', NULL, 7, 7, 'bvick', '2016-04-25 12:30:50', '2021-12-10 13:34:39' ) on conflict (CYCLE_TIME_INJ_ID) do update set CYCLE_TIME_SUM_ID = EXCLUDED.CYCLE_TIME_SUM_ID, BEGIN_MONITOR_VALUE = EXCLUDED.BEGIN_MONITOR_VALUE, END_MONITOR_VALUE = EXCLUDED.END_MONITOR_VALUE, BEGIN_DATE = EXCLUDED.BEGIN_DATE, BEGIN_HOUR = EXCLUDED.BEGIN_HOUR, BEGIN_MIN = EXCLUDED.BEGIN_MIN, END_DATE = EXCLUDED.END_DATE, END_HOUR = EXCLUDED.END_HOUR, END_MIN = EXCLUDED.END_MIN, GAS_LEVEL_CD = EXCLUDED.GAS_LEVEL_CD, CAL_GAS_VALUE = EXCLUDED.CAL_GAS_VALUE, INJECTION_CYCLE_TIME = EXCLUDED.INJECTION_CYCLE_TIME, CALC_INJECTION_CYCLE_TIME = EXCLUDED.CALC_INJECTION_CYCLE_TIME, USERID = EXCLUDED.USERID, ADD_DATE = EXCLUDED.ADD_DATE, UPDATE_DATE = EXCLUDED.UPDATE_DATE;
/* ORIS:      3    Location: 4         Test Type: CYCLE      Test Num: HG1           SQL Ord:    7 */ insert into camdecmpswks.CYCLE_TIME_INJECTION ( CYCLE_TIME_INJ_ID, CYCLE_TIME_SUM_ID, BEGIN_MONITOR_VALUE, END_MONITOR_VALUE, BEGIN_DATE, BEGIN_HOUR, BEGIN_MIN, END_DATE, END_HOUR, END_MIN, GAS_LEVEL_CD, CAL_GAS_VALUE, INJECTION_CYCLE_TIME, CALC_INJECTION_CYCLE_TIME, USERID, ADD_DATE, UPDATE_DATE ) values ( 'TWCORNEL5-94B1CE403BE9499A82F5F0E68A77F1D8', 'TWCORNEL5-D093CA2BFBB04F58AAF37CAABC371F4E', 1.821, 9.601, '2016-03-15', 12, 37, '2016-03-15', 12, 42, 'HIGH', 9.240, 5, 5, 'bvick', '2016-04-25 12:30:50', '2021-12-10 13:34:39' ) on conflict (CYCLE_TIME_INJ_ID) do update set CYCLE_TIME_SUM_ID = EXCLUDED.CYCLE_TIME_SUM_ID, BEGIN_MONITOR_VALUE = EXCLUDED.BEGIN_MONITOR_VALUE, END_MONITOR_VALUE = EXCLUDED.END_MONITOR_VALUE, BEGIN_DATE = EXCLUDED.BEGIN_DATE, BEGIN_HOUR = EXCLUDED.BEGIN_HOUR, BEGIN_MIN = EXCLUDED.BEGIN_MIN, END_DATE = EXCLUDED.END_DATE, END_HOUR = EXCLUDED.END_HOUR, END_MIN = EXCLUDED.END_MIN, GAS_LEVEL_CD = EXCLUDED.GAS_LEVEL_CD, CAL_GAS_VALUE = EXCLUDED.CAL_GAS_VALUE, INJECTION_CYCLE_TIME = EXCLUDED.INJECTION_CYCLE_TIME, CALC_INJECTION_CYCLE_TIME = EXCLUDED.CALC_INJECTION_CYCLE_TIME, USERID = EXCLUDED.USERID, ADD_DATE = EXCLUDED.ADD_DATE, UPDATE_DATE = EXCLUDED.UPDATE_DATE;
/* ORIS:      3    Location: 6A        Test Type: CYCLE      Test Num: 1           SQL Ord:    1 */ delete from camdecmpswks.TEST_SUMMARY where TEST_SUM_ID = 'TWCORNEL5-BDF92243D9594CB2BE58B716DC251A03';
/* ORIS:      3    Location: 6A        Test Type: CYCLE      Test Num: 1           SQL Ord:    2 */ insert into camdecmpswks.TEST_SUMMARY ( TEST_SUM_ID, MON_LOC_ID, TEST_TYPE_CD, TEST_NUM, MON_SYS_ID, COMPONENT_ID, GP_IND, TEST_REASON_CD, TEST_RESULT_CD, RPT_PERIOD_ID, BEGIN_DATE, BEGIN_HOUR, BEGIN_MIN, END_DATE, END_HOUR, END_MIN, SPAN_SCALE_CD, INJECTION_PROTOCOL_CD, TEST_COMMENT, TEST_DESCRIPTION, CALC_GP_IND, CALC_TEST_RESULT_CD, CALC_SPAN_VALUE, LAST_UPDATED, UPDATED_STATUS_FLG, NEEDS_EVAL_FLG, CHK_SESSION_ID, USERID, ADD_DATE, UPDATE_DATE ) values ( 'TWCORNEL5-BDF92243D9594CB2BE58B716DC251A03', '2706', 'CYCLE', '1', NULL, 'TWCORNEL5-2A25A076EEC64E46BC2E0AD4959194EB', NULL, 'RECERT', 'PASSED', NULL, '2019-05-01', 8, 52, '2019-05-01', 10, 12, 'H', NULL, NULL, NULL, NULL, 'INVALID', 10.000, '2021-12-22 14:05:07', 'Y', 'N', 'CHV-SABER-B9E56AB9C71848B997EABAD5EE7EA891', 'bvick', '2019-07-24 18:17:15', '2021-12-22 14:05:11' ) on conflict (TEST_SUM_ID) do update set MON_LOC_ID = EXCLUDED.MON_LOC_ID, TEST_TYPE_CD = EXCLUDED.TEST_TYPE_CD, TEST_NUM = EXCLUDED.TEST_NUM, MON_SYS_ID = EXCLUDED.MON_SYS_ID, COMPONENT_ID = EXCLUDED.COMPONENT_ID, GP_IND = EXCLUDED.GP_IND, TEST_REASON_CD = EXCLUDED.TEST_REASON_CD, TEST_RESULT_CD = EXCLUDED.TEST_RESULT_CD, RPT_PERIOD_ID = EXCLUDED.RPT_PERIOD_ID, BEGIN_DATE = EXCLUDED.BEGIN_DATE, BEGIN_HOUR = EXCLUDED.BEGIN_HOUR, BEGIN_MIN = EXCLUDED.BEGIN_MIN, END_DATE = EXCLUDED.END_DATE, END_HOUR = EXCLUDED.END_HOUR, END_MIN = EXCLUDED.END_MIN, SPAN_SCALE_CD = EXCLUDED.SPAN_SCALE_CD, INJECTION_PROTOCOL_CD = EXCLUDED.INJECTION_PROTOCOL_CD, TEST_COMMENT = EXCLUDED.TEST_COMMENT, TEST_DESCRIPTION = EXCLUDED.TEST_DESCRIPTION, CALC_GP_IND = EXCLUDED.CALC_GP_IND, CALC_TEST_RESULT_CD = EXCLUDED.CALC_TEST_RESULT_CD, CALC_SPAN_VALUE = EXCLUDED.CALC_SPAN_VALUE, LAST_UPDATED = EXCLUDED.LAST_UPDATED, UPDATED_STATUS_FLG = EXCLUDED.UPDATED_STATUS_FLG, NEEDS_EVAL_FLG = EXCLUDED.NEEDS_EVAL_FLG, CHK_SESSION_ID = EXCLUDED.CHK_SESSION_ID, USERID = EXCLUDED.USERID, ADD_DATE = EXCLUDED.ADD_DATE, UPDATE_DATE = EXCLUDED.UPDATE_DATE;
/* ORIS:      3    Location: 6A        Test Type: CYCLE      Test Num: 1           SQL Ord:    6 */ insert into camdecmpswks.CYCLE_TIME_SUMMARY ( CYCLE_TIME_SUM_ID, TEST_SUM_ID, TOTAL_TIME, CALC_TOTAL_TIME, USERID, ADD_DATE, UPDATE_DATE ) values ( 'TWCORNEL5-B4B350762A6D4BFC9DE2623C8767206E', 'TWCORNEL5-BDF92243D9594CB2BE58B716DC251A03', 3, 3, 'bvick', '2019-07-24 18:17:15', '2021-12-22 14:05:11' ) on conflict (CYCLE_TIME_SUM_ID) do update set TEST_SUM_ID = EXCLUDED.TEST_SUM_ID, TOTAL_TIME = EXCLUDED.TOTAL_TIME, CALC_TOTAL_TIME = EXCLUDED.CALC_TOTAL_TIME, USERID = EXCLUDED.USERID, ADD_DATE = EXCLUDED.ADD_DATE, UPDATE_DATE = EXCLUDED.UPDATE_DATE;
/* ORIS:      3    Location: 6A        Test Type: CYCLE      Test Num: 1           SQL Ord:    6 */ insert into camdecmpswks.CYCLE_TIME_SUMMARY ( CYCLE_TIME_SUM_ID, TEST_SUM_ID, TOTAL_TIME, CALC_TOTAL_TIME, USERID, ADD_DATE, UPDATE_DATE ) values ( 'TWCORNEL5-B4B350762A6D4BFC9DE2623C8767206E', 'TWCORNEL5-BDF92243D9594CB2BE58B716DC251A03', 3, 3, 'bvick', '2019-07-24 18:17:15', '2021-12-22 14:05:11' ) on conflict (CYCLE_TIME_SUM_ID) do update set TEST_SUM_ID = EXCLUDED.TEST_SUM_ID, TOTAL_TIME = EXCLUDED.TOTAL_TIME, CALC_TOTAL_TIME = EXCLUDED.CALC_TOTAL_TIME, USERID = EXCLUDED.USERID, ADD_DATE = EXCLUDED.ADD_DATE, UPDATE_DATE = EXCLUDED.UPDATE_DATE;
/* ORIS:      3    Location: 6A        Test Type: CYCLE      Test Num: 1           SQL Ord:    7 */ insert into camdecmpswks.CYCLE_TIME_INJECTION ( CYCLE_TIME_INJ_ID, CYCLE_TIME_SUM_ID, BEGIN_MONITOR_VALUE, END_MONITOR_VALUE, BEGIN_DATE, BEGIN_HOUR, BEGIN_MIN, END_DATE, END_HOUR, END_MIN, GAS_LEVEL_CD, CAL_GAS_VALUE, INJECTION_CYCLE_TIME, CALC_INJECTION_CYCLE_TIME, USERID, ADD_DATE, UPDATE_DATE ) values ( 'TWCORNEL5-3609903359374BAAA8AE01FD4DE3F956', 'TWCORNEL5-B4B350762A6D4BFC9DE2623C8767206E', 2.971, 0.003, '2019-05-01', 10, 9, '2019-05-01', 10, 12, 'ZERO', 3.000, 3, 3, 'bvick', '2019-07-24 18:17:16', '2021-12-22 14:05:11' ) on conflict (CYCLE_TIME_INJ_ID) do update set CYCLE_TIME_SUM_ID = EXCLUDED.CYCLE_TIME_SUM_ID, BEGIN_MONITOR_VALUE = EXCLUDED.BEGIN_MONITOR_VALUE, END_MONITOR_VALUE = EXCLUDED.END_MONITOR_VALUE, BEGIN_DATE = EXCLUDED.BEGIN_DATE, BEGIN_HOUR = EXCLUDED.BEGIN_HOUR, BEGIN_MIN = EXCLUDED.BEGIN_MIN, END_DATE = EXCLUDED.END_DATE, END_HOUR = EXCLUDED.END_HOUR, END_MIN = EXCLUDED.END_MIN, GAS_LEVEL_CD = EXCLUDED.GAS_LEVEL_CD, CAL_GAS_VALUE = EXCLUDED.CAL_GAS_VALUE, INJECTION_CYCLE_TIME = EXCLUDED.INJECTION_CYCLE_TIME, CALC_INJECTION_CYCLE_TIME = EXCLUDED.CALC_INJECTION_CYCLE_TIME, USERID = EXCLUDED.USERID, ADD_DATE = EXCLUDED.ADD_DATE, UPDATE_DATE = EXCLUDED.UPDATE_DATE;
/* ORIS:      3    Location: 6A        Test Type: CYCLE      Test Num: 1           SQL Ord:    7 */ insert into camdecmpswks.CYCLE_TIME_INJECTION ( CYCLE_TIME_INJ_ID, CYCLE_TIME_SUM_ID, BEGIN_MONITOR_VALUE, END_MONITOR_VALUE, BEGIN_DATE, BEGIN_HOUR, BEGIN_MIN, END_DATE, END_HOUR, END_MIN, GAS_LEVEL_CD, CAL_GAS_VALUE, INJECTION_CYCLE_TIME, CALC_INJECTION_CYCLE_TIME, USERID, ADD_DATE, UPDATE_DATE ) values ( 'TWCORNEL5-7A2C8A9E632B40FE8863BBC7A349566F', 'TWCORNEL5-B4B350762A6D4BFC9DE2623C8767206E', 3.450, 8.615, '2019-05-01', 8, 52, '2019-05-01', 8, 55, 'HIGH', 8.710, 3, 3, 'bvick', '2019-07-24 18:17:16', '2021-12-22 14:05:11' ) on conflict (CYCLE_TIME_INJ_ID) do update set CYCLE_TIME_SUM_ID = EXCLUDED.CYCLE_TIME_SUM_ID, BEGIN_MONITOR_VALUE = EXCLUDED.BEGIN_MONITOR_VALUE, END_MONITOR_VALUE = EXCLUDED.END_MONITOR_VALUE, BEGIN_DATE = EXCLUDED.BEGIN_DATE, BEGIN_HOUR = EXCLUDED.BEGIN_HOUR, BEGIN_MIN = EXCLUDED.BEGIN_MIN, END_DATE = EXCLUDED.END_DATE, END_HOUR = EXCLUDED.END_HOUR, END_MIN = EXCLUDED.END_MIN, GAS_LEVEL_CD = EXCLUDED.GAS_LEVEL_CD, CAL_GAS_VALUE = EXCLUDED.CAL_GAS_VALUE, INJECTION_CYCLE_TIME = EXCLUDED.INJECTION_CYCLE_TIME, CALC_INJECTION_CYCLE_TIME = EXCLUDED.CALC_INJECTION_CYCLE_TIME, USERID = EXCLUDED.USERID, ADD_DATE = EXCLUDED.ADD_DATE, UPDATE_DATE = EXCLUDED.UPDATE_DATE;
/* ORIS:      3    Location: 6A        Test Type: CYCLE      Test Num: 2           SQL Ord:    1 */ delete from camdecmpswks.TEST_SUMMARY where TEST_SUM_ID = 'TWCORNEL5-5E36BAF569F94B14A65EDA90CD52B43E';
/* ORIS:      3    Location: 6A        Test Type: CYCLE      Test Num: 2           SQL Ord:    2 */ insert into camdecmpswks.TEST_SUMMARY ( TEST_SUM_ID, MON_LOC_ID, TEST_TYPE_CD, TEST_NUM, MON_SYS_ID, COMPONENT_ID, GP_IND, TEST_REASON_CD, TEST_RESULT_CD, RPT_PERIOD_ID, BEGIN_DATE, BEGIN_HOUR, BEGIN_MIN, END_DATE, END_HOUR, END_MIN, SPAN_SCALE_CD, INJECTION_PROTOCOL_CD, TEST_COMMENT, TEST_DESCRIPTION, CALC_GP_IND, CALC_TEST_RESULT_CD, CALC_SPAN_VALUE, LAST_UPDATED, UPDATED_STATUS_FLG, NEEDS_EVAL_FLG, CHK_SESSION_ID, USERID, ADD_DATE, UPDATE_DATE ) values ( 'TWCORNEL5-5E36BAF569F94B14A65EDA90CD52B43E', '2706', 'CYCLE', '2', NULL, 'TWCORNEL5-A83E707256C44EF39E20EDAEDEC8D0C2', NULL, 'RECERT', 'PASSED', NULL, '2019-05-01', 8, 52, '2019-05-01', 10, 12, 'H', NULL, NULL, NULL, NULL, NULL, 200.000, '2021-12-22 14:08:49', 'Y', 'N', 'CHV-SABER-C7CE83E031CE40C39E9FA72CFA0D5B99', 'bvick', '2019-07-24 18:17:16', '2021-12-22 14:08:54' ) on conflict (TEST_SUM_ID) do update set MON_LOC_ID = EXCLUDED.MON_LOC_ID, TEST_TYPE_CD = EXCLUDED.TEST_TYPE_CD, TEST_NUM = EXCLUDED.TEST_NUM, MON_SYS_ID = EXCLUDED.MON_SYS_ID, COMPONENT_ID = EXCLUDED.COMPONENT_ID, GP_IND = EXCLUDED.GP_IND, TEST_REASON_CD = EXCLUDED.TEST_REASON_CD, TEST_RESULT_CD = EXCLUDED.TEST_RESULT_CD, RPT_PERIOD_ID = EXCLUDED.RPT_PERIOD_ID, BEGIN_DATE = EXCLUDED.BEGIN_DATE, BEGIN_HOUR = EXCLUDED.BEGIN_HOUR, BEGIN_MIN = EXCLUDED.BEGIN_MIN, END_DATE = EXCLUDED.END_DATE, END_HOUR = EXCLUDED.END_HOUR, END_MIN = EXCLUDED.END_MIN, SPAN_SCALE_CD = EXCLUDED.SPAN_SCALE_CD, INJECTION_PROTOCOL_CD = EXCLUDED.INJECTION_PROTOCOL_CD, TEST_COMMENT = EXCLUDED.TEST_COMMENT, TEST_DESCRIPTION = EXCLUDED.TEST_DESCRIPTION, CALC_GP_IND = EXCLUDED.CALC_GP_IND, CALC_TEST_RESULT_CD = EXCLUDED.CALC_TEST_RESULT_CD, CALC_SPAN_VALUE = EXCLUDED.CALC_SPAN_VALUE, LAST_UPDATED = EXCLUDED.LAST_UPDATED, UPDATED_STATUS_FLG = EXCLUDED.UPDATED_STATUS_FLG, NEEDS_EVAL_FLG = EXCLUDED.NEEDS_EVAL_FLG, CHK_SESSION_ID = EXCLUDED.CHK_SESSION_ID, USERID = EXCLUDED.USERID, ADD_DATE = EXCLUDED.ADD_DATE, UPDATE_DATE = EXCLUDED.UPDATE_DATE;
/* ORIS:      3    Location: 6A        Test Type: CYCLE      Test Num: 2           SQL Ord:    6 */ insert into camdecmpswks.CYCLE_TIME_SUMMARY ( CYCLE_TIME_SUM_ID, TEST_SUM_ID, TOTAL_TIME, CALC_TOTAL_TIME, USERID, ADD_DATE, UPDATE_DATE ) values ( 'TWCORNEL5-AC83ED7007534B60B2EA916D9BC29AA8', 'TWCORNEL5-5E36BAF569F94B14A65EDA90CD52B43E', 3, 3, 'bvick', '2019-07-24 18:17:16', '2021-12-22 14:08:54' ) on conflict (CYCLE_TIME_SUM_ID) do update set TEST_SUM_ID = EXCLUDED.TEST_SUM_ID, TOTAL_TIME = EXCLUDED.TOTAL_TIME, CALC_TOTAL_TIME = EXCLUDED.CALC_TOTAL_TIME, USERID = EXCLUDED.USERID, ADD_DATE = EXCLUDED.ADD_DATE, UPDATE_DATE = EXCLUDED.UPDATE_DATE;
/* ORIS:      3    Location: 6A        Test Type: CYCLE      Test Num: 2           SQL Ord:    6 */ insert into camdecmpswks.CYCLE_TIME_SUMMARY ( CYCLE_TIME_SUM_ID, TEST_SUM_ID, TOTAL_TIME, CALC_TOTAL_TIME, USERID, ADD_DATE, UPDATE_DATE ) values ( 'TWCORNEL5-AC83ED7007534B60B2EA916D9BC29AA8', 'TWCORNEL5-5E36BAF569F94B14A65EDA90CD52B43E', 3, 3, 'bvick', '2019-07-24 18:17:16', '2021-12-22 14:08:54' ) on conflict (CYCLE_TIME_SUM_ID) do update set TEST_SUM_ID = EXCLUDED.TEST_SUM_ID, TOTAL_TIME = EXCLUDED.TOTAL_TIME, CALC_TOTAL_TIME = EXCLUDED.CALC_TOTAL_TIME, USERID = EXCLUDED.USERID, ADD_DATE = EXCLUDED.ADD_DATE, UPDATE_DATE = EXCLUDED.UPDATE_DATE;
/* ORIS:      3    Location: 6A        Test Type: CYCLE      Test Num: 2           SQL Ord:    7 */ insert into camdecmpswks.CYCLE_TIME_INJECTION ( CYCLE_TIME_INJ_ID, CYCLE_TIME_SUM_ID, BEGIN_MONITOR_VALUE, END_MONITOR_VALUE, BEGIN_DATE, BEGIN_HOUR, BEGIN_MIN, END_DATE, END_HOUR, END_MIN, GAS_LEVEL_CD, CAL_GAS_VALUE, INJECTION_CYCLE_TIME, CALC_INJECTION_CYCLE_TIME, USERID, ADD_DATE, UPDATE_DATE ) values ( 'TWCORNEL5-6B415D67645D45E593854D770ADA777C', 'TWCORNEL5-AC83ED7007534B60B2EA916D9BC29AA8', NULL, 0.293, '2019-05-01', 10, 9, '2019-05-01', 10, 12, 'ZERO', 0.000, 3, 3, 'bvick', '2019-07-24 18:17:16', '2021-12-22 14:08:54' ) on conflict (CYCLE_TIME_INJ_ID) do update set CYCLE_TIME_SUM_ID = EXCLUDED.CYCLE_TIME_SUM_ID, BEGIN_MONITOR_VALUE = EXCLUDED.BEGIN_MONITOR_VALUE, END_MONITOR_VALUE = EXCLUDED.END_MONITOR_VALUE, BEGIN_DATE = EXCLUDED.BEGIN_DATE, BEGIN_HOUR = EXCLUDED.BEGIN_HOUR, BEGIN_MIN = EXCLUDED.BEGIN_MIN, END_DATE = EXCLUDED.END_DATE, END_HOUR = EXCLUDED.END_HOUR, END_MIN = EXCLUDED.END_MIN, GAS_LEVEL_CD = EXCLUDED.GAS_LEVEL_CD, CAL_GAS_VALUE = EXCLUDED.CAL_GAS_VALUE, INJECTION_CYCLE_TIME = EXCLUDED.INJECTION_CYCLE_TIME, CALC_INJECTION_CYCLE_TIME = EXCLUDED.CALC_INJECTION_CYCLE_TIME, USERID = EXCLUDED.USERID, ADD_DATE = EXCLUDED.ADD_DATE, UPDATE_DATE = EXCLUDED.UPDATE_DATE;
/* ORIS:      3    Location: 6A        Test Type: CYCLE      Test Num: 2           SQL Ord:    7 */ insert into camdecmpswks.CYCLE_TIME_INJECTION ( CYCLE_TIME_INJ_ID, CYCLE_TIME_SUM_ID, BEGIN_MONITOR_VALUE, END_MONITOR_VALUE, BEGIN_DATE, BEGIN_HOUR, BEGIN_MIN, END_DATE, END_HOUR, END_MIN, GAS_LEVEL_CD, CAL_GAS_VALUE, INJECTION_CYCLE_TIME, CALC_INJECTION_CYCLE_TIME, USERID, ADD_DATE, UPDATE_DATE ) values ( 'TWCORNEL5-9F9BE16010294A57B68C19C45047A081', 'TWCORNEL5-AC83ED7007534B60B2EA916D9BC29AA8', 3.333, 178.018, '2019-05-01', 8, 52, '2019-05-01', 8, 55, 'HIGH', 181.600, 3, 3, 'bvick', '2019-07-24 18:17:16', '2021-12-22 14:08:54' ) on conflict (CYCLE_TIME_INJ_ID) do update set CYCLE_TIME_SUM_ID = EXCLUDED.CYCLE_TIME_SUM_ID, BEGIN_MONITOR_VALUE = EXCLUDED.BEGIN_MONITOR_VALUE, END_MONITOR_VALUE = EXCLUDED.END_MONITOR_VALUE, BEGIN_DATE = EXCLUDED.BEGIN_DATE, BEGIN_HOUR = EXCLUDED.BEGIN_HOUR, BEGIN_MIN = EXCLUDED.BEGIN_MIN, END_DATE = EXCLUDED.END_DATE, END_HOUR = EXCLUDED.END_HOUR, END_MIN = EXCLUDED.END_MIN, GAS_LEVEL_CD = EXCLUDED.GAS_LEVEL_CD, CAL_GAS_VALUE = EXCLUDED.CAL_GAS_VALUE, INJECTION_CYCLE_TIME = EXCLUDED.INJECTION_CYCLE_TIME, CALC_INJECTION_CYCLE_TIME = EXCLUDED.CALC_INJECTION_CYCLE_TIME, USERID = EXCLUDED.USERID, ADD_DATE = EXCLUDED.ADD_DATE, UPDATE_DATE = EXCLUDED.UPDATE_DATE;
/* ORIS:      3    Location: 6B        Test Type: CYCLE      Test Num: 1           SQL Ord:    1 */ delete from camdecmpswks.TEST_SUMMARY where TEST_SUM_ID = 'TWCORNEL5-8A5FE4FB028F49879A918037E1A06632';
/* ORIS:      3    Location: 6B        Test Type: CYCLE      Test Num: 1           SQL Ord:    2 */ insert into camdecmpswks.TEST_SUMMARY ( TEST_SUM_ID, MON_LOC_ID, TEST_TYPE_CD, TEST_NUM, MON_SYS_ID, COMPONENT_ID, GP_IND, TEST_REASON_CD, TEST_RESULT_CD, RPT_PERIOD_ID, BEGIN_DATE, BEGIN_HOUR, BEGIN_MIN, END_DATE, END_HOUR, END_MIN, SPAN_SCALE_CD, INJECTION_PROTOCOL_CD, TEST_COMMENT, TEST_DESCRIPTION, CALC_GP_IND, CALC_TEST_RESULT_CD, CALC_SPAN_VALUE, LAST_UPDATED, UPDATED_STATUS_FLG, NEEDS_EVAL_FLG, CHK_SESSION_ID, USERID, ADD_DATE, UPDATE_DATE ) values ( 'TWCORNEL5-8A5FE4FB028F49879A918037E1A06632', '2707', 'CYCLE', '1', NULL, 'TWCORNEL5-9D5CCFE9989E4542B29B9151032974AC', NULL, 'RECERT', 'PASSED', NULL, '2019-05-01', 8, 53, '2019-05-01', 10, 7, 'H', NULL, NULL, NULL, NULL, 'PASSED', 10.000, '2021-12-22 14:12:56', 'Y', 'N', 'CHV-SABER-C556ABE9A6EE44FEBC59040606819AB9', 'bvick', '2019-07-25 07:40:37', '2021-12-22 14:13:00' ) on conflict (TEST_SUM_ID) do update set MON_LOC_ID = EXCLUDED.MON_LOC_ID, TEST_TYPE_CD = EXCLUDED.TEST_TYPE_CD, TEST_NUM = EXCLUDED.TEST_NUM, MON_SYS_ID = EXCLUDED.MON_SYS_ID, COMPONENT_ID = EXCLUDED.COMPONENT_ID, GP_IND = EXCLUDED.GP_IND, TEST_REASON_CD = EXCLUDED.TEST_REASON_CD, TEST_RESULT_CD = EXCLUDED.TEST_RESULT_CD, RPT_PERIOD_ID = EXCLUDED.RPT_PERIOD_ID, BEGIN_DATE = EXCLUDED.BEGIN_DATE, BEGIN_HOUR = EXCLUDED.BEGIN_HOUR, BEGIN_MIN = EXCLUDED.BEGIN_MIN, END_DATE = EXCLUDED.END_DATE, END_HOUR = EXCLUDED.END_HOUR, END_MIN = EXCLUDED.END_MIN, SPAN_SCALE_CD = EXCLUDED.SPAN_SCALE_CD, INJECTION_PROTOCOL_CD = EXCLUDED.INJECTION_PROTOCOL_CD, TEST_COMMENT = EXCLUDED.TEST_COMMENT, TEST_DESCRIPTION = EXCLUDED.TEST_DESCRIPTION, CALC_GP_IND = EXCLUDED.CALC_GP_IND, CALC_TEST_RESULT_CD = EXCLUDED.CALC_TEST_RESULT_CD, CALC_SPAN_VALUE = EXCLUDED.CALC_SPAN_VALUE, LAST_UPDATED = EXCLUDED.LAST_UPDATED, UPDATED_STATUS_FLG = EXCLUDED.UPDATED_STATUS_FLG, NEEDS_EVAL_FLG = EXCLUDED.NEEDS_EVAL_FLG, CHK_SESSION_ID = EXCLUDED.CHK_SESSION_ID, USERID = EXCLUDED.USERID, ADD_DATE = EXCLUDED.ADD_DATE, UPDATE_DATE = EXCLUDED.UPDATE_DATE;
/* ORIS:      3    Location: 6B        Test Type: CYCLE      Test Num: 1           SQL Ord:    6 */ insert into camdecmpswks.CYCLE_TIME_SUMMARY ( CYCLE_TIME_SUM_ID, TEST_SUM_ID, TOTAL_TIME, CALC_TOTAL_TIME, USERID, ADD_DATE, UPDATE_DATE ) values ( 'TWCORNEL5-702EA5BECB08400DBE2E069F1A593C12', 'TWCORNEL5-8A5FE4FB028F49879A918037E1A06632', 4, 4, 'bvick', '2019-07-25 07:40:37', '2021-12-22 14:13:00' ) on conflict (CYCLE_TIME_SUM_ID) do update set TEST_SUM_ID = EXCLUDED.TEST_SUM_ID, TOTAL_TIME = EXCLUDED.TOTAL_TIME, CALC_TOTAL_TIME = EXCLUDED.CALC_TOTAL_TIME, USERID = EXCLUDED.USERID, ADD_DATE = EXCLUDED.ADD_DATE, UPDATE_DATE = EXCLUDED.UPDATE_DATE;
/* ORIS:      3    Location: 6B        Test Type: CYCLE      Test Num: 1           SQL Ord:    6 */ insert into camdecmpswks.CYCLE_TIME_SUMMARY ( CYCLE_TIME_SUM_ID, TEST_SUM_ID, TOTAL_TIME, CALC_TOTAL_TIME, USERID, ADD_DATE, UPDATE_DATE ) values ( 'TWCORNEL5-702EA5BECB08400DBE2E069F1A593C12', 'TWCORNEL5-8A5FE4FB028F49879A918037E1A06632', 4, 4, 'bvick', '2019-07-25 07:40:37', '2021-12-22 14:13:00' ) on conflict (CYCLE_TIME_SUM_ID) do update set TEST_SUM_ID = EXCLUDED.TEST_SUM_ID, TOTAL_TIME = EXCLUDED.TOTAL_TIME, CALC_TOTAL_TIME = EXCLUDED.CALC_TOTAL_TIME, USERID = EXCLUDED.USERID, ADD_DATE = EXCLUDED.ADD_DATE, UPDATE_DATE = EXCLUDED.UPDATE_DATE;
/* ORIS:      3    Location: 6B        Test Type: CYCLE      Test Num: 1           SQL Ord:    7 */ insert into camdecmpswks.CYCLE_TIME_INJECTION ( CYCLE_TIME_INJ_ID, CYCLE_TIME_SUM_ID, BEGIN_MONITOR_VALUE, END_MONITOR_VALUE, BEGIN_DATE, BEGIN_HOUR, BEGIN_MIN, END_DATE, END_HOUR, END_MIN, GAS_LEVEL_CD, CAL_GAS_VALUE, INJECTION_CYCLE_TIME, CALC_INJECTION_CYCLE_TIME, USERID, ADD_DATE, UPDATE_DATE ) values ( 'TWCORNEL5-8F4A5050F7D04C87AD0F9D8F8EEA8960', 'TWCORNEL5-702EA5BECB08400DBE2E069F1A593C12', 8.646, 8.646, '2019-05-01', 8, 53, '2019-05-01', 8, 57, 'HIGH', 8.850, 4, 4, 'bvick', '2019-07-25 07:40:38', '2021-12-22 14:13:00' ) on conflict (CYCLE_TIME_INJ_ID) do update set CYCLE_TIME_SUM_ID = EXCLUDED.CYCLE_TIME_SUM_ID, BEGIN_MONITOR_VALUE = EXCLUDED.BEGIN_MONITOR_VALUE, END_MONITOR_VALUE = EXCLUDED.END_MONITOR_VALUE, BEGIN_DATE = EXCLUDED.BEGIN_DATE, BEGIN_HOUR = EXCLUDED.BEGIN_HOUR, BEGIN_MIN = EXCLUDED.BEGIN_MIN, END_DATE = EXCLUDED.END_DATE, END_HOUR = EXCLUDED.END_HOUR, END_MIN = EXCLUDED.END_MIN, GAS_LEVEL_CD = EXCLUDED.GAS_LEVEL_CD, CAL_GAS_VALUE = EXCLUDED.CAL_GAS_VALUE, INJECTION_CYCLE_TIME = EXCLUDED.INJECTION_CYCLE_TIME, CALC_INJECTION_CYCLE_TIME = EXCLUDED.CALC_INJECTION_CYCLE_TIME, USERID = EXCLUDED.USERID, ADD_DATE = EXCLUDED.ADD_DATE, UPDATE_DATE = EXCLUDED.UPDATE_DATE;
/* ORIS:      3    Location: 6B        Test Type: CYCLE      Test Num: 1           SQL Ord:    7 */ insert into camdecmpswks.CYCLE_TIME_INJECTION ( CYCLE_TIME_INJ_ID, CYCLE_TIME_SUM_ID, BEGIN_MONITOR_VALUE, END_MONITOR_VALUE, BEGIN_DATE, BEGIN_HOUR, BEGIN_MIN, END_DATE, END_HOUR, END_MIN, GAS_LEVEL_CD, CAL_GAS_VALUE, INJECTION_CYCLE_TIME, CALC_INJECTION_CYCLE_TIME, USERID, ADD_DATE, UPDATE_DATE ) values ( 'TWCORNEL5-FD535695BD454E3BB45474AD52F3671F', 'TWCORNEL5-702EA5BECB08400DBE2E069F1A593C12', 3.844, 0.100, '2019-05-01', 10, 4, '2019-05-01', 10, 7, 'ZERO', 0.000, 3, 3, 'bvick', '2019-07-25 07:40:38', '2021-12-22 14:13:00' ) on conflict (CYCLE_TIME_INJ_ID) do update set CYCLE_TIME_SUM_ID = EXCLUDED.CYCLE_TIME_SUM_ID, BEGIN_MONITOR_VALUE = EXCLUDED.BEGIN_MONITOR_VALUE, END_MONITOR_VALUE = EXCLUDED.END_MONITOR_VALUE, BEGIN_DATE = EXCLUDED.BEGIN_DATE, BEGIN_HOUR = EXCLUDED.BEGIN_HOUR, BEGIN_MIN = EXCLUDED.BEGIN_MIN, END_DATE = EXCLUDED.END_DATE, END_HOUR = EXCLUDED.END_HOUR, END_MIN = EXCLUDED.END_MIN, GAS_LEVEL_CD = EXCLUDED.GAS_LEVEL_CD, CAL_GAS_VALUE = EXCLUDED.CAL_GAS_VALUE, INJECTION_CYCLE_TIME = EXCLUDED.INJECTION_CYCLE_TIME, CALC_INJECTION_CYCLE_TIME = EXCLUDED.CALC_INJECTION_CYCLE_TIME, USERID = EXCLUDED.USERID, ADD_DATE = EXCLUDED.ADD_DATE, UPDATE_DATE = EXCLUDED.UPDATE_DATE;
/* ORIS:      3    Location: 6B        Test Type: CYCLE      Test Num: 2           SQL Ord:    1 */ delete from camdecmpswks.TEST_SUMMARY where TEST_SUM_ID = 'TWCORNEL5-C4EB594860244109A1A7F0A23F400581';
/* ORIS:      3    Location: 6B        Test Type: CYCLE      Test Num: 2           SQL Ord:    2 */ insert into camdecmpswks.TEST_SUMMARY ( TEST_SUM_ID, MON_LOC_ID, TEST_TYPE_CD, TEST_NUM, MON_SYS_ID, COMPONENT_ID, GP_IND, TEST_REASON_CD, TEST_RESULT_CD, RPT_PERIOD_ID, BEGIN_DATE, BEGIN_HOUR, BEGIN_MIN, END_DATE, END_HOUR, END_MIN, SPAN_SCALE_CD, INJECTION_PROTOCOL_CD, TEST_COMMENT, TEST_DESCRIPTION, CALC_GP_IND, CALC_TEST_RESULT_CD, CALC_SPAN_VALUE, LAST_UPDATED, UPDATED_STATUS_FLG, NEEDS_EVAL_FLG, CHK_SESSION_ID, USERID, ADD_DATE, UPDATE_DATE ) values ( 'TWCORNEL5-C4EB594860244109A1A7F0A23F400581', '2707', 'CYCLE', '2', NULL, 'TWCORNEL5-A469F22C7B314D509B8786F061157F6E', NULL, 'RECERT', 'PASSED', NULL, '2019-05-01', 8, 53, '2019-05-01', 10, 7, 'H', NULL, NULL, NULL, NULL, 'FAILED', 200.000, '2021-12-22 14:18:22', 'Y', 'N', 'CHV-SABER-DD16FFA34EB74A0484B32F05938F51FD', 'bvick', '2019-07-25 07:40:38', '2021-12-22 14:18:30' ) on conflict (TEST_SUM_ID) do update set MON_LOC_ID = EXCLUDED.MON_LOC_ID, TEST_TYPE_CD = EXCLUDED.TEST_TYPE_CD, TEST_NUM = EXCLUDED.TEST_NUM, MON_SYS_ID = EXCLUDED.MON_SYS_ID, COMPONENT_ID = EXCLUDED.COMPONENT_ID, GP_IND = EXCLUDED.GP_IND, TEST_REASON_CD = EXCLUDED.TEST_REASON_CD, TEST_RESULT_CD = EXCLUDED.TEST_RESULT_CD, RPT_PERIOD_ID = EXCLUDED.RPT_PERIOD_ID, BEGIN_DATE = EXCLUDED.BEGIN_DATE, BEGIN_HOUR = EXCLUDED.BEGIN_HOUR, BEGIN_MIN = EXCLUDED.BEGIN_MIN, END_DATE = EXCLUDED.END_DATE, END_HOUR = EXCLUDED.END_HOUR, END_MIN = EXCLUDED.END_MIN, SPAN_SCALE_CD = EXCLUDED.SPAN_SCALE_CD, INJECTION_PROTOCOL_CD = EXCLUDED.INJECTION_PROTOCOL_CD, TEST_COMMENT = EXCLUDED.TEST_COMMENT, TEST_DESCRIPTION = EXCLUDED.TEST_DESCRIPTION, CALC_GP_IND = EXCLUDED.CALC_GP_IND, CALC_TEST_RESULT_CD = EXCLUDED.CALC_TEST_RESULT_CD, CALC_SPAN_VALUE = EXCLUDED.CALC_SPAN_VALUE, LAST_UPDATED = EXCLUDED.LAST_UPDATED, UPDATED_STATUS_FLG = EXCLUDED.UPDATED_STATUS_FLG, NEEDS_EVAL_FLG = EXCLUDED.NEEDS_EVAL_FLG, CHK_SESSION_ID = EXCLUDED.CHK_SESSION_ID, USERID = EXCLUDED.USERID, ADD_DATE = EXCLUDED.ADD_DATE, UPDATE_DATE = EXCLUDED.UPDATE_DATE;
/* ORIS:      3    Location: 6B        Test Type: CYCLE      Test Num: 2           SQL Ord:    6 */ insert into camdecmpswks.CYCLE_TIME_SUMMARY ( CYCLE_TIME_SUM_ID, TEST_SUM_ID, TOTAL_TIME, CALC_TOTAL_TIME, USERID, ADD_DATE, UPDATE_DATE ) values ( 'TWCORNEL5-F1D329EEF08D4BFE891729ED5582B7CF', 'TWCORNEL5-C4EB594860244109A1A7F0A23F400581', 4, 99, 'bvick', '2019-07-25 07:40:38', '2021-12-22 14:18:30' ) on conflict (CYCLE_TIME_SUM_ID) do update set TEST_SUM_ID = EXCLUDED.TEST_SUM_ID, TOTAL_TIME = EXCLUDED.TOTAL_TIME, CALC_TOTAL_TIME = EXCLUDED.CALC_TOTAL_TIME, USERID = EXCLUDED.USERID, ADD_DATE = EXCLUDED.ADD_DATE, UPDATE_DATE = EXCLUDED.UPDATE_DATE;
/* ORIS:      3    Location: 6B        Test Type: CYCLE      Test Num: 2           SQL Ord:    6 */ insert into camdecmpswks.CYCLE_TIME_SUMMARY ( CYCLE_TIME_SUM_ID, TEST_SUM_ID, TOTAL_TIME, CALC_TOTAL_TIME, USERID, ADD_DATE, UPDATE_DATE ) values ( 'TWCORNEL5-F1D329EEF08D4BFE891729ED5582B7CF', 'TWCORNEL5-C4EB594860244109A1A7F0A23F400581', 4, 99, 'bvick', '2019-07-25 07:40:38', '2021-12-22 14:18:30' ) on conflict (CYCLE_TIME_SUM_ID) do update set TEST_SUM_ID = EXCLUDED.TEST_SUM_ID, TOTAL_TIME = EXCLUDED.TOTAL_TIME, CALC_TOTAL_TIME = EXCLUDED.CALC_TOTAL_TIME, USERID = EXCLUDED.USERID, ADD_DATE = EXCLUDED.ADD_DATE, UPDATE_DATE = EXCLUDED.UPDATE_DATE;
/* ORIS:      3    Location: 6B        Test Type: CYCLE      Test Num: 2           SQL Ord:    7 */ insert into camdecmpswks.CYCLE_TIME_INJECTION ( CYCLE_TIME_INJ_ID, CYCLE_TIME_SUM_ID, BEGIN_MONITOR_VALUE, END_MONITOR_VALUE, BEGIN_DATE, BEGIN_HOUR, BEGIN_MIN, END_DATE, END_HOUR, END_MIN, GAS_LEVEL_CD, CAL_GAS_VALUE, INJECTION_CYCLE_TIME, CALC_INJECTION_CYCLE_TIME, USERID, ADD_DATE, UPDATE_DATE ) values ( 'TWCORNEL5-45CC92E19E064E77AB817857D85766D7', 'TWCORNEL5-F1D329EEF08D4BFE891729ED5582B7CF', 2.463, -0.020, '2019-05-01', 7, 4, '2019-05-01', 10, 7, 'ZERO', 0.000, 3, 99, 'bvick', '2019-07-25 07:40:38', '2021-12-22 14:18:30' ) on conflict (CYCLE_TIME_INJ_ID) do update set CYCLE_TIME_SUM_ID = EXCLUDED.CYCLE_TIME_SUM_ID, BEGIN_MONITOR_VALUE = EXCLUDED.BEGIN_MONITOR_VALUE, END_MONITOR_VALUE = EXCLUDED.END_MONITOR_VALUE, BEGIN_DATE = EXCLUDED.BEGIN_DATE, BEGIN_HOUR = EXCLUDED.BEGIN_HOUR, BEGIN_MIN = EXCLUDED.BEGIN_MIN, END_DATE = EXCLUDED.END_DATE, END_HOUR = EXCLUDED.END_HOUR, END_MIN = EXCLUDED.END_MIN, GAS_LEVEL_CD = EXCLUDED.GAS_LEVEL_CD, CAL_GAS_VALUE = EXCLUDED.CAL_GAS_VALUE, INJECTION_CYCLE_TIME = EXCLUDED.INJECTION_CYCLE_TIME, CALC_INJECTION_CYCLE_TIME = EXCLUDED.CALC_INJECTION_CYCLE_TIME, USERID = EXCLUDED.USERID, ADD_DATE = EXCLUDED.ADD_DATE, UPDATE_DATE = EXCLUDED.UPDATE_DATE;
/* ORIS:      3    Location: 6B        Test Type: CYCLE      Test Num: 2           SQL Ord:    7 */ insert into camdecmpswks.CYCLE_TIME_INJECTION ( CYCLE_TIME_INJ_ID, CYCLE_TIME_SUM_ID, BEGIN_MONITOR_VALUE, END_MONITOR_VALUE, BEGIN_DATE, BEGIN_HOUR, BEGIN_MIN, END_DATE, END_HOUR, END_MIN, GAS_LEVEL_CD, CAL_GAS_VALUE, INJECTION_CYCLE_TIME, CALC_INJECTION_CYCLE_TIME, USERID, ADD_DATE, UPDATE_DATE ) values ( 'TWCORNEL5-5A54C7581C124D3984A5BF1916AAE24A', 'TWCORNEL5-F1D329EEF08D4BFE891729ED5582B7CF', 2.292, 174.005, '2019-05-01', 8, 53, '2019-05-01', 8, 57, 'HIGH', 177.300, 4, 4, 'bvick', '2019-07-25 07:40:38', '2021-12-22 14:18:30' ) on conflict (CYCLE_TIME_INJ_ID) do update set CYCLE_TIME_SUM_ID = EXCLUDED.CYCLE_TIME_SUM_ID, BEGIN_MONITOR_VALUE = EXCLUDED.BEGIN_MONITOR_VALUE, END_MONITOR_VALUE = EXCLUDED.END_MONITOR_VALUE, BEGIN_DATE = EXCLUDED.BEGIN_DATE, BEGIN_HOUR = EXCLUDED.BEGIN_HOUR, BEGIN_MIN = EXCLUDED.BEGIN_MIN, END_DATE = EXCLUDED.END_DATE, END_HOUR = EXCLUDED.END_HOUR, END_MIN = EXCLUDED.END_MIN, GAS_LEVEL_CD = EXCLUDED.GAS_LEVEL_CD, CAL_GAS_VALUE = EXCLUDED.CAL_GAS_VALUE, INJECTION_CYCLE_TIME = EXCLUDED.INJECTION_CYCLE_TIME, CALC_INJECTION_CYCLE_TIME = EXCLUDED.CALC_INJECTION_CYCLE_TIME, USERID = EXCLUDED.USERID, ADD_DATE = EXCLUDED.ADD_DATE, UPDATE_DATE = EXCLUDED.UPDATE_DATE;
/* ORIS:      3    Location: 7A        Test Type: CYCLE      Test Num: 3           SQL Ord:    1 */ delete from camdecmpswks.TEST_SUMMARY where TEST_SUM_ID = 'TWCORNEL5-DC868473DE1F464489614D796D697E52';
/* ORIS:      3    Location: 7A        Test Type: CYCLE      Test Num: 3           SQL Ord:    2 */ insert into camdecmpswks.TEST_SUMMARY ( TEST_SUM_ID, MON_LOC_ID, TEST_TYPE_CD, TEST_NUM, MON_SYS_ID, COMPONENT_ID, GP_IND, TEST_REASON_CD, TEST_RESULT_CD, RPT_PERIOD_ID, BEGIN_DATE, BEGIN_HOUR, BEGIN_MIN, END_DATE, END_HOUR, END_MIN, SPAN_SCALE_CD, INJECTION_PROTOCOL_CD, TEST_COMMENT, TEST_DESCRIPTION, CALC_GP_IND, CALC_TEST_RESULT_CD, CALC_SPAN_VALUE, LAST_UPDATED, UPDATED_STATUS_FLG, NEEDS_EVAL_FLG, CHK_SESSION_ID, USERID, ADD_DATE, UPDATE_DATE ) values ( 'TWCORNEL5-DC868473DE1F464489614D796D697E52', '2708', 'CYCLE', '3', NULL, 'TWCORNEL5-4CD8E2AB49F2489BAAB91FE9559094AD', NULL, 'RECERT', 'PASSED', NULL, '2020-02-03', 12, 0, '2020-02-03', 13, 18, 'H', NULL, NULL, NULL, NULL, NULL, 10.000, '2021-12-22 14:22:50', 'Y', 'N', 'CHV-SABER-234EAEB909DC4058BAA542703896D19A', 'bvick', '2020-04-23 11:18:48', '2021-12-22 14:22:54' ) on conflict (TEST_SUM_ID) do update set MON_LOC_ID = EXCLUDED.MON_LOC_ID, TEST_TYPE_CD = EXCLUDED.TEST_TYPE_CD, TEST_NUM = EXCLUDED.TEST_NUM, MON_SYS_ID = EXCLUDED.MON_SYS_ID, COMPONENT_ID = EXCLUDED.COMPONENT_ID, GP_IND = EXCLUDED.GP_IND, TEST_REASON_CD = EXCLUDED.TEST_REASON_CD, TEST_RESULT_CD = EXCLUDED.TEST_RESULT_CD, RPT_PERIOD_ID = EXCLUDED.RPT_PERIOD_ID, BEGIN_DATE = EXCLUDED.BEGIN_DATE, BEGIN_HOUR = EXCLUDED.BEGIN_HOUR, BEGIN_MIN = EXCLUDED.BEGIN_MIN, END_DATE = EXCLUDED.END_DATE, END_HOUR = EXCLUDED.END_HOUR, END_MIN = EXCLUDED.END_MIN, SPAN_SCALE_CD = EXCLUDED.SPAN_SCALE_CD, INJECTION_PROTOCOL_CD = EXCLUDED.INJECTION_PROTOCOL_CD, TEST_COMMENT = EXCLUDED.TEST_COMMENT, TEST_DESCRIPTION = EXCLUDED.TEST_DESCRIPTION, CALC_GP_IND = EXCLUDED.CALC_GP_IND, CALC_TEST_RESULT_CD = EXCLUDED.CALC_TEST_RESULT_CD, CALC_SPAN_VALUE = EXCLUDED.CALC_SPAN_VALUE, LAST_UPDATED = EXCLUDED.LAST_UPDATED, UPDATED_STATUS_FLG = EXCLUDED.UPDATED_STATUS_FLG, NEEDS_EVAL_FLG = EXCLUDED.NEEDS_EVAL_FLG, CHK_SESSION_ID = EXCLUDED.CHK_SESSION_ID, USERID = EXCLUDED.USERID, ADD_DATE = EXCLUDED.ADD_DATE, UPDATE_DATE = EXCLUDED.UPDATE_DATE;
/* ORIS:      3    Location: 7A        Test Type: CYCLE      Test Num: 3           SQL Ord:    6 */ insert into camdecmpswks.CYCLE_TIME_SUMMARY ( CYCLE_TIME_SUM_ID, TEST_SUM_ID, TOTAL_TIME, CALC_TOTAL_TIME, USERID, ADD_DATE, UPDATE_DATE ) values ( 'TWCORNEL5-B82D97D709E64562ABB63D558C95DFA5', 'TWCORNEL5-DC868473DE1F464489614D796D697E52', 4, 4, 'bvick', '2020-04-23 11:18:49', '2021-12-22 14:22:54' ) on conflict (CYCLE_TIME_SUM_ID) do update set TEST_SUM_ID = EXCLUDED.TEST_SUM_ID, TOTAL_TIME = EXCLUDED.TOTAL_TIME, CALC_TOTAL_TIME = EXCLUDED.CALC_TOTAL_TIME, USERID = EXCLUDED.USERID, ADD_DATE = EXCLUDED.ADD_DATE, UPDATE_DATE = EXCLUDED.UPDATE_DATE;
/* ORIS:      3    Location: 7A        Test Type: CYCLE      Test Num: 3           SQL Ord:    6 */ insert into camdecmpswks.CYCLE_TIME_SUMMARY ( CYCLE_TIME_SUM_ID, TEST_SUM_ID, TOTAL_TIME, CALC_TOTAL_TIME, USERID, ADD_DATE, UPDATE_DATE ) values ( 'TWCORNEL5-B82D97D709E64562ABB63D558C95DFA5', 'TWCORNEL5-DC868473DE1F464489614D796D697E52', 4, 4, 'bvick', '2020-04-23 11:18:49', '2021-12-22 14:22:54' ) on conflict (CYCLE_TIME_SUM_ID) do update set TEST_SUM_ID = EXCLUDED.TEST_SUM_ID, TOTAL_TIME = EXCLUDED.TOTAL_TIME, CALC_TOTAL_TIME = EXCLUDED.CALC_TOTAL_TIME, USERID = EXCLUDED.USERID, ADD_DATE = EXCLUDED.ADD_DATE, UPDATE_DATE = EXCLUDED.UPDATE_DATE;
/* ORIS:      3    Location: 7A        Test Type: CYCLE      Test Num: 3           SQL Ord:    7 */ insert into camdecmpswks.CYCLE_TIME_INJECTION ( CYCLE_TIME_INJ_ID, CYCLE_TIME_SUM_ID, BEGIN_MONITOR_VALUE, END_MONITOR_VALUE, BEGIN_DATE, BEGIN_HOUR, BEGIN_MIN, END_DATE, END_HOUR, END_MIN, GAS_LEVEL_CD, CAL_GAS_VALUE, INJECTION_CYCLE_TIME, CALC_INJECTION_CYCLE_TIME, USERID, ADD_DATE, UPDATE_DATE ) values ( 'TWCORNEL5-63B9B22FF5FF4845AD96008106E5EFDF', 'TWCORNEL5-B82D97D709E64562ABB63D558C95DFA5', 4.772, 8.840, '2020-02-03', 13, 0, '2020-02-03', 13, 4, 'HIGH', 8.861, 4, 4, 'bvick', '2020-04-23 11:18:49', '2021-12-22 14:22:54' ) on conflict (CYCLE_TIME_INJ_ID) do update set CYCLE_TIME_SUM_ID = EXCLUDED.CYCLE_TIME_SUM_ID, BEGIN_MONITOR_VALUE = EXCLUDED.BEGIN_MONITOR_VALUE, END_MONITOR_VALUE = EXCLUDED.END_MONITOR_VALUE, BEGIN_DATE = EXCLUDED.BEGIN_DATE, BEGIN_HOUR = EXCLUDED.BEGIN_HOUR, BEGIN_MIN = EXCLUDED.BEGIN_MIN, END_DATE = EXCLUDED.END_DATE, END_HOUR = EXCLUDED.END_HOUR, END_MIN = EXCLUDED.END_MIN, GAS_LEVEL_CD = EXCLUDED.GAS_LEVEL_CD, CAL_GAS_VALUE = EXCLUDED.CAL_GAS_VALUE, INJECTION_CYCLE_TIME = EXCLUDED.INJECTION_CYCLE_TIME, CALC_INJECTION_CYCLE_TIME = EXCLUDED.CALC_INJECTION_CYCLE_TIME, USERID = EXCLUDED.USERID, ADD_DATE = EXCLUDED.ADD_DATE, UPDATE_DATE = EXCLUDED.UPDATE_DATE;
/* ORIS:      3    Location: 7A        Test Type: CYCLE      Test Num: 3           SQL Ord:    7 */ insert into camdecmpswks.CYCLE_TIME_INJECTION ( CYCLE_TIME_INJ_ID, CYCLE_TIME_SUM_ID, BEGIN_MONITOR_VALUE, END_MONITOR_VALUE, BEGIN_DATE, BEGIN_HOUR, BEGIN_MIN, END_DATE, END_HOUR, END_MIN, GAS_LEVEL_CD, CAL_GAS_VALUE, INJECTION_CYCLE_TIME, CALC_INJECTION_CYCLE_TIME, USERID, ADD_DATE, UPDATE_DATE ) values ( 'TWCORNEL5-B422DBDDFF0B403A869487D052A26417', 'TWCORNEL5-B82D97D709E64562ABB63D558C95DFA5', 3.283, 0.037, '2020-02-03', 13, 15, '2020-02-03', 13, 18, 'ZERO', 0.000, 3, 3, 'bvick', '2020-04-23 11:18:49', '2021-12-22 14:22:54' ) on conflict (CYCLE_TIME_INJ_ID) do update set CYCLE_TIME_SUM_ID = EXCLUDED.CYCLE_TIME_SUM_ID, BEGIN_MONITOR_VALUE = EXCLUDED.BEGIN_MONITOR_VALUE, END_MONITOR_VALUE = EXCLUDED.END_MONITOR_VALUE, BEGIN_DATE = EXCLUDED.BEGIN_DATE, BEGIN_HOUR = EXCLUDED.BEGIN_HOUR, BEGIN_MIN = EXCLUDED.BEGIN_MIN, END_DATE = EXCLUDED.END_DATE, END_HOUR = EXCLUDED.END_HOUR, END_MIN = EXCLUDED.END_MIN, GAS_LEVEL_CD = EXCLUDED.GAS_LEVEL_CD, CAL_GAS_VALUE = EXCLUDED.CAL_GAS_VALUE, INJECTION_CYCLE_TIME = EXCLUDED.INJECTION_CYCLE_TIME, CALC_INJECTION_CYCLE_TIME = EXCLUDED.CALC_INJECTION_CYCLE_TIME, USERID = EXCLUDED.USERID, ADD_DATE = EXCLUDED.ADD_DATE, UPDATE_DATE = EXCLUDED.UPDATE_DATE;
/* ORIS:      3    Location: 7A        Test Type: CYCLE      Test Num: 4           SQL Ord:    1 */ delete from camdecmpswks.TEST_SUMMARY where TEST_SUM_ID = 'TWCORNEL5-5D5CC452287E48BAA38234B7FB9553CC';
/* ORIS:      3    Location: 7A        Test Type: CYCLE      Test Num: 4           SQL Ord:    2 */ insert into camdecmpswks.TEST_SUMMARY ( TEST_SUM_ID, MON_LOC_ID, TEST_TYPE_CD, TEST_NUM, MON_SYS_ID, COMPONENT_ID, GP_IND, TEST_REASON_CD, TEST_RESULT_CD, RPT_PERIOD_ID, BEGIN_DATE, BEGIN_HOUR, BEGIN_MIN, END_DATE, END_HOUR, END_MIN, SPAN_SCALE_CD, INJECTION_PROTOCOL_CD, TEST_COMMENT, TEST_DESCRIPTION, CALC_GP_IND, CALC_TEST_RESULT_CD, CALC_SPAN_VALUE, LAST_UPDATED, UPDATED_STATUS_FLG, NEEDS_EVAL_FLG, CHK_SESSION_ID, USERID, ADD_DATE, UPDATE_DATE ) values ( 'TWCORNEL5-5D5CC452287E48BAA38234B7FB9553CC', '2708', 'CYCLE', '4', NULL, 'TWCORNEL5-9935A26FBBA04581AE155654309539D0', NULL, 'RECERT', 'PASSED', NULL, '2020-02-03', 13, 0, '2020-02-03', 14, 18, 'H', NULL, NULL, NULL, NULL, NULL, 200.000, '2021-12-22 14:25:34', 'Y', 'N', 'CHV-SABER-471E835214CC4D47866BF5CA9244E822', 'bvick', '2020-04-23 11:18:49', '2021-12-22 14:25:37' ) on conflict (TEST_SUM_ID) do update set MON_LOC_ID = EXCLUDED.MON_LOC_ID, TEST_TYPE_CD = EXCLUDED.TEST_TYPE_CD, TEST_NUM = EXCLUDED.TEST_NUM, MON_SYS_ID = EXCLUDED.MON_SYS_ID, COMPONENT_ID = EXCLUDED.COMPONENT_ID, GP_IND = EXCLUDED.GP_IND, TEST_REASON_CD = EXCLUDED.TEST_REASON_CD, TEST_RESULT_CD = EXCLUDED.TEST_RESULT_CD, RPT_PERIOD_ID = EXCLUDED.RPT_PERIOD_ID, BEGIN_DATE = EXCLUDED.BEGIN_DATE, BEGIN_HOUR = EXCLUDED.BEGIN_HOUR, BEGIN_MIN = EXCLUDED.BEGIN_MIN, END_DATE = EXCLUDED.END_DATE, END_HOUR = EXCLUDED.END_HOUR, END_MIN = EXCLUDED.END_MIN, SPAN_SCALE_CD = EXCLUDED.SPAN_SCALE_CD, INJECTION_PROTOCOL_CD = EXCLUDED.INJECTION_PROTOCOL_CD, TEST_COMMENT = EXCLUDED.TEST_COMMENT, TEST_DESCRIPTION = EXCLUDED.TEST_DESCRIPTION, CALC_GP_IND = EXCLUDED.CALC_GP_IND, CALC_TEST_RESULT_CD = EXCLUDED.CALC_TEST_RESULT_CD, CALC_SPAN_VALUE = EXCLUDED.CALC_SPAN_VALUE, LAST_UPDATED = EXCLUDED.LAST_UPDATED, UPDATED_STATUS_FLG = EXCLUDED.UPDATED_STATUS_FLG, NEEDS_EVAL_FLG = EXCLUDED.NEEDS_EVAL_FLG, CHK_SESSION_ID = EXCLUDED.CHK_SESSION_ID, USERID = EXCLUDED.USERID, ADD_DATE = EXCLUDED.ADD_DATE, UPDATE_DATE = EXCLUDED.UPDATE_DATE;
/* ORIS:      3    Location: 7A        Test Type: CYCLE      Test Num: 4           SQL Ord:    6 */ insert into camdecmpswks.CYCLE_TIME_SUMMARY ( CYCLE_TIME_SUM_ID, TEST_SUM_ID, TOTAL_TIME, CALC_TOTAL_TIME, USERID, ADD_DATE, UPDATE_DATE ) values ( 'TWCORNEL5-6C1F93A07DE24AA0938ACF121F4CB8DD', 'TWCORNEL5-5D5CC452287E48BAA38234B7FB9553CC', 4, 4, 'bvick', '2020-04-23 11:18:49', '2021-12-22 14:25:37' ) on conflict (CYCLE_TIME_SUM_ID) do update set TEST_SUM_ID = EXCLUDED.TEST_SUM_ID, TOTAL_TIME = EXCLUDED.TOTAL_TIME, CALC_TOTAL_TIME = EXCLUDED.CALC_TOTAL_TIME, USERID = EXCLUDED.USERID, ADD_DATE = EXCLUDED.ADD_DATE, UPDATE_DATE = EXCLUDED.UPDATE_DATE;
/* ORIS:      3    Location: 7A        Test Type: CYCLE      Test Num: 4           SQL Ord:    6 */ insert into camdecmpswks.CYCLE_TIME_SUMMARY ( CYCLE_TIME_SUM_ID, TEST_SUM_ID, TOTAL_TIME, CALC_TOTAL_TIME, USERID, ADD_DATE, UPDATE_DATE ) values ( 'TWCORNEL5-6C1F93A07DE24AA0938ACF121F4CB8DD', 'TWCORNEL5-5D5CC452287E48BAA38234B7FB9553CC', 4, 4, 'bvick', '2020-04-23 11:18:49', '2021-12-22 14:25:37' ) on conflict (CYCLE_TIME_SUM_ID) do update set TEST_SUM_ID = EXCLUDED.TEST_SUM_ID, TOTAL_TIME = EXCLUDED.TOTAL_TIME, CALC_TOTAL_TIME = EXCLUDED.CALC_TOTAL_TIME, USERID = EXCLUDED.USERID, ADD_DATE = EXCLUDED.ADD_DATE, UPDATE_DATE = EXCLUDED.UPDATE_DATE;
/* ORIS:      3    Location: 7A        Test Type: CYCLE      Test Num: 4           SQL Ord:    7 */ insert into camdecmpswks.CYCLE_TIME_INJECTION ( CYCLE_TIME_INJ_ID, CYCLE_TIME_SUM_ID, BEGIN_MONITOR_VALUE, END_MONITOR_VALUE, BEGIN_DATE, BEGIN_HOUR, BEGIN_MIN, END_DATE, END_HOUR, END_MIN, GAS_LEVEL_CD, CAL_GAS_VALUE, INJECTION_CYCLE_TIME, CALC_INJECTION_CYCLE_TIME, USERID, ADD_DATE, UPDATE_DATE ) values ( 'TWCORNEL5-460A3C3DCC0F46FDBBA2895642F10BA1', 'TWCORNEL5-6C1F93A07DE24AA0938ACF121F4CB8DD', 3.029, 172.814, '2020-02-03', 13, 0, '2020-02-03', 13, 4, 'HIGH', 177.600, 4, 4, 'bvick', '2020-04-23 11:18:49', '2021-12-22 14:25:37' ) on conflict (CYCLE_TIME_INJ_ID) do update set CYCLE_TIME_SUM_ID = EXCLUDED.CYCLE_TIME_SUM_ID, BEGIN_MONITOR_VALUE = EXCLUDED.BEGIN_MONITOR_VALUE, END_MONITOR_VALUE = EXCLUDED.END_MONITOR_VALUE, BEGIN_DATE = EXCLUDED.BEGIN_DATE, BEGIN_HOUR = EXCLUDED.BEGIN_HOUR, BEGIN_MIN = EXCLUDED.BEGIN_MIN, END_DATE = EXCLUDED.END_DATE, END_HOUR = EXCLUDED.END_HOUR, END_MIN = EXCLUDED.END_MIN, GAS_LEVEL_CD = EXCLUDED.GAS_LEVEL_CD, CAL_GAS_VALUE = EXCLUDED.CAL_GAS_VALUE, INJECTION_CYCLE_TIME = EXCLUDED.INJECTION_CYCLE_TIME, CALC_INJECTION_CYCLE_TIME = EXCLUDED.CALC_INJECTION_CYCLE_TIME, USERID = EXCLUDED.USERID, ADD_DATE = EXCLUDED.ADD_DATE, UPDATE_DATE = EXCLUDED.UPDATE_DATE;
/* ORIS:      3    Location: 7A        Test Type: CYCLE      Test Num: 4           SQL Ord:    7 */ insert into camdecmpswks.CYCLE_TIME_INJECTION ( CYCLE_TIME_INJ_ID, CYCLE_TIME_SUM_ID, BEGIN_MONITOR_VALUE, END_MONITOR_VALUE, BEGIN_DATE, BEGIN_HOUR, BEGIN_MIN, END_DATE, END_HOUR, END_MIN, GAS_LEVEL_CD, CAL_GAS_VALUE, INJECTION_CYCLE_TIME, CALC_INJECTION_CYCLE_TIME, USERID, ADD_DATE, UPDATE_DATE ) values ( 'TWCORNEL5-4A55AAF23A244C64BCA41F2BEDA939F7', 'TWCORNEL5-6C1F93A07DE24AA0938ACF121F4CB8DD', 3.894, 0.085, '2020-02-03', 13, 15, '2020-02-03', 13, 18, 'ZERO', 0.000, 3, 3, 'bvick', '2020-04-23 11:18:49', '2021-12-22 14:25:37' ) on conflict (CYCLE_TIME_INJ_ID) do update set CYCLE_TIME_SUM_ID = EXCLUDED.CYCLE_TIME_SUM_ID, BEGIN_MONITOR_VALUE = EXCLUDED.BEGIN_MONITOR_VALUE, END_MONITOR_VALUE = EXCLUDED.END_MONITOR_VALUE, BEGIN_DATE = EXCLUDED.BEGIN_DATE, BEGIN_HOUR = EXCLUDED.BEGIN_HOUR, BEGIN_MIN = EXCLUDED.BEGIN_MIN, END_DATE = EXCLUDED.END_DATE, END_HOUR = EXCLUDED.END_HOUR, END_MIN = EXCLUDED.END_MIN, GAS_LEVEL_CD = EXCLUDED.GAS_LEVEL_CD, CAL_GAS_VALUE = EXCLUDED.CAL_GAS_VALUE, INJECTION_CYCLE_TIME = EXCLUDED.INJECTION_CYCLE_TIME, CALC_INJECTION_CYCLE_TIME = EXCLUDED.CALC_INJECTION_CYCLE_TIME, USERID = EXCLUDED.USERID, ADD_DATE = EXCLUDED.ADD_DATE, UPDATE_DATE = EXCLUDED.UPDATE_DATE;
/* ORIS:      3    Location: 7B        Test Type: CYCLE      Test Num: 3           SQL Ord:    1 */ delete from camdecmpswks.TEST_SUMMARY where TEST_SUM_ID = 'TWCORNEL5-BD420EB899DC401DA6821525F58DB02B';
/* ORIS:      3    Location: 7B        Test Type: CYCLE      Test Num: 3           SQL Ord:    2 */ insert into camdecmpswks.TEST_SUMMARY ( TEST_SUM_ID, MON_LOC_ID, TEST_TYPE_CD, TEST_NUM, MON_SYS_ID, COMPONENT_ID, GP_IND, TEST_REASON_CD, TEST_RESULT_CD, RPT_PERIOD_ID, BEGIN_DATE, BEGIN_HOUR, BEGIN_MIN, END_DATE, END_HOUR, END_MIN, SPAN_SCALE_CD, INJECTION_PROTOCOL_CD, TEST_COMMENT, TEST_DESCRIPTION, CALC_GP_IND, CALC_TEST_RESULT_CD, CALC_SPAN_VALUE, LAST_UPDATED, UPDATED_STATUS_FLG, NEEDS_EVAL_FLG, CHK_SESSION_ID, USERID, ADD_DATE, UPDATE_DATE ) values ( 'TWCORNEL5-BD420EB899DC401DA6821525F58DB02B', '2709', 'CYCLE', '3', NULL, 'TWCORNEL5-DA49369A52194637B6D4619EBC4BD59A', NULL, 'RECERT', 'PASSED', NULL, '2020-02-03', 11, 55, '2020-02-03', 12, 11, 'H', NULL, NULL, NULL, NULL, NULL, 10.000, '2021-12-22 14:30:40', 'Y', 'N', 'CHV-SABER-0B68C70ACD7C4B0AB9EB4DF78EB2A983', 'bvick', '2020-04-23 11:19:37', '2021-12-22 14:30:44' ) on conflict (TEST_SUM_ID) do update set MON_LOC_ID = EXCLUDED.MON_LOC_ID, TEST_TYPE_CD = EXCLUDED.TEST_TYPE_CD, TEST_NUM = EXCLUDED.TEST_NUM, MON_SYS_ID = EXCLUDED.MON_SYS_ID, COMPONENT_ID = EXCLUDED.COMPONENT_ID, GP_IND = EXCLUDED.GP_IND, TEST_REASON_CD = EXCLUDED.TEST_REASON_CD, TEST_RESULT_CD = EXCLUDED.TEST_RESULT_CD, RPT_PERIOD_ID = EXCLUDED.RPT_PERIOD_ID, BEGIN_DATE = EXCLUDED.BEGIN_DATE, BEGIN_HOUR = EXCLUDED.BEGIN_HOUR, BEGIN_MIN = EXCLUDED.BEGIN_MIN, END_DATE = EXCLUDED.END_DATE, END_HOUR = EXCLUDED.END_HOUR, END_MIN = EXCLUDED.END_MIN, SPAN_SCALE_CD = EXCLUDED.SPAN_SCALE_CD, INJECTION_PROTOCOL_CD = EXCLUDED.INJECTION_PROTOCOL_CD, TEST_COMMENT = EXCLUDED.TEST_COMMENT, TEST_DESCRIPTION = EXCLUDED.TEST_DESCRIPTION, CALC_GP_IND = EXCLUDED.CALC_GP_IND, CALC_TEST_RESULT_CD = EXCLUDED.CALC_TEST_RESULT_CD, CALC_SPAN_VALUE = EXCLUDED.CALC_SPAN_VALUE, LAST_UPDATED = EXCLUDED.LAST_UPDATED, UPDATED_STATUS_FLG = EXCLUDED.UPDATED_STATUS_FLG, NEEDS_EVAL_FLG = EXCLUDED.NEEDS_EVAL_FLG, CHK_SESSION_ID = EXCLUDED.CHK_SESSION_ID, USERID = EXCLUDED.USERID, ADD_DATE = EXCLUDED.ADD_DATE, UPDATE_DATE = EXCLUDED.UPDATE_DATE;
/* ORIS:      3    Location: 7B        Test Type: CYCLE      Test Num: 3           SQL Ord:    6 */ insert into camdecmpswks.CYCLE_TIME_SUMMARY ( CYCLE_TIME_SUM_ID, TEST_SUM_ID, TOTAL_TIME, CALC_TOTAL_TIME, USERID, ADD_DATE, UPDATE_DATE ) values ( 'TWCORNEL5-CA3C2EFF10DC425F96C7D6A94B79608E', 'TWCORNEL5-BD420EB899DC401DA6821525F58DB02B', 4, NULL, 'bvick', '2020-04-23 11:19:37', '2021-12-22 14:30:44' ) on conflict (CYCLE_TIME_SUM_ID) do update set TEST_SUM_ID = EXCLUDED.TEST_SUM_ID, TOTAL_TIME = EXCLUDED.TOTAL_TIME, CALC_TOTAL_TIME = EXCLUDED.CALC_TOTAL_TIME, USERID = EXCLUDED.USERID, ADD_DATE = EXCLUDED.ADD_DATE, UPDATE_DATE = EXCLUDED.UPDATE_DATE;
/* ORIS:      3    Location: 7B        Test Type: CYCLE      Test Num: 3           SQL Ord:    6 */ insert into camdecmpswks.CYCLE_TIME_SUMMARY ( CYCLE_TIME_SUM_ID, TEST_SUM_ID, TOTAL_TIME, CALC_TOTAL_TIME, USERID, ADD_DATE, UPDATE_DATE ) values ( 'TWCORNEL5-CA3C2EFF10DC425F96C7D6A94B79608E', 'TWCORNEL5-BD420EB899DC401DA6821525F58DB02B', 4, NULL, 'bvick', '2020-04-23 11:19:37', '2021-12-22 14:30:44' ) on conflict (CYCLE_TIME_SUM_ID) do update set TEST_SUM_ID = EXCLUDED.TEST_SUM_ID, TOTAL_TIME = EXCLUDED.TOTAL_TIME, CALC_TOTAL_TIME = EXCLUDED.CALC_TOTAL_TIME, USERID = EXCLUDED.USERID, ADD_DATE = EXCLUDED.ADD_DATE, UPDATE_DATE = EXCLUDED.UPDATE_DATE;
/* ORIS:      3    Location: 7B        Test Type: CYCLE      Test Num: 3           SQL Ord:    7 */ insert into camdecmpswks.CYCLE_TIME_INJECTION ( CYCLE_TIME_INJ_ID, CYCLE_TIME_SUM_ID, BEGIN_MONITOR_VALUE, END_MONITOR_VALUE, BEGIN_DATE, BEGIN_HOUR, BEGIN_MIN, END_DATE, END_HOUR, END_MIN, GAS_LEVEL_CD, CAL_GAS_VALUE, INJECTION_CYCLE_TIME, CALC_INJECTION_CYCLE_TIME, USERID, ADD_DATE, UPDATE_DATE ) values ( 'TWCORNEL5-33F560297DF44A21B42FCFA978A6BDEC', 'TWCORNEL5-CA3C2EFF10DC425F96C7D6A94B79608E', 3.791, 8.612, '2020-02-03', 11, 55, '2020-02-03', 11, 58, 'HIGH', 9.020, 3, 3, 'bvick', '2020-04-23 11:19:37', '2021-12-22 14:30:44' ) on conflict (CYCLE_TIME_INJ_ID) do update set CYCLE_TIME_SUM_ID = EXCLUDED.CYCLE_TIME_SUM_ID, BEGIN_MONITOR_VALUE = EXCLUDED.BEGIN_MONITOR_VALUE, END_MONITOR_VALUE = EXCLUDED.END_MONITOR_VALUE, BEGIN_DATE = EXCLUDED.BEGIN_DATE, BEGIN_HOUR = EXCLUDED.BEGIN_HOUR, BEGIN_MIN = EXCLUDED.BEGIN_MIN, END_DATE = EXCLUDED.END_DATE, END_HOUR = EXCLUDED.END_HOUR, END_MIN = EXCLUDED.END_MIN, GAS_LEVEL_CD = EXCLUDED.GAS_LEVEL_CD, CAL_GAS_VALUE = EXCLUDED.CAL_GAS_VALUE, INJECTION_CYCLE_TIME = EXCLUDED.INJECTION_CYCLE_TIME, CALC_INJECTION_CYCLE_TIME = EXCLUDED.CALC_INJECTION_CYCLE_TIME, USERID = EXCLUDED.USERID, ADD_DATE = EXCLUDED.ADD_DATE, UPDATE_DATE = EXCLUDED.UPDATE_DATE;
/* ORIS:      3    Location: 7B        Test Type: CYCLE      Test Num: 3           SQL Ord:    7 */ insert into camdecmpswks.CYCLE_TIME_INJECTION ( CYCLE_TIME_INJ_ID, CYCLE_TIME_SUM_ID, BEGIN_MONITOR_VALUE, END_MONITOR_VALUE, BEGIN_DATE, BEGIN_HOUR, BEGIN_MIN, END_DATE, END_HOUR, END_MIN, GAS_LEVEL_CD, CAL_GAS_VALUE, INJECTION_CYCLE_TIME, CALC_INJECTION_CYCLE_TIME, USERID, ADD_DATE, UPDATE_DATE ) values ( 'TWCORNEL5-4583D940FAB340828548C16D65106425', 'TWCORNEL5-CA3C2EFF10DC425F96C7D6A94B79608E', 3.808, 0.055, '2020-02-03', 12, 7, '2020-02-03', 12, 11, 'ZERO', 9.030, 4, 4, 'bvick', '2020-04-23 11:19:37', '2021-12-22 14:30:44' ) on conflict (CYCLE_TIME_INJ_ID) do update set CYCLE_TIME_SUM_ID = EXCLUDED.CYCLE_TIME_SUM_ID, BEGIN_MONITOR_VALUE = EXCLUDED.BEGIN_MONITOR_VALUE, END_MONITOR_VALUE = EXCLUDED.END_MONITOR_VALUE, BEGIN_DATE = EXCLUDED.BEGIN_DATE, BEGIN_HOUR = EXCLUDED.BEGIN_HOUR, BEGIN_MIN = EXCLUDED.BEGIN_MIN, END_DATE = EXCLUDED.END_DATE, END_HOUR = EXCLUDED.END_HOUR, END_MIN = EXCLUDED.END_MIN, GAS_LEVEL_CD = EXCLUDED.GAS_LEVEL_CD, CAL_GAS_VALUE = EXCLUDED.CAL_GAS_VALUE, INJECTION_CYCLE_TIME = EXCLUDED.INJECTION_CYCLE_TIME, CALC_INJECTION_CYCLE_TIME = EXCLUDED.CALC_INJECTION_CYCLE_TIME, USERID = EXCLUDED.USERID, ADD_DATE = EXCLUDED.ADD_DATE, UPDATE_DATE = EXCLUDED.UPDATE_DATE;
/* ORIS:      3    Location: 7B        Test Type: CYCLE      Test Num: 4           SQL Ord:    1 */ delete from camdecmpswks.TEST_SUMMARY where TEST_SUM_ID = 'TWCORNEL5-AA25120980DC47E4B40B9DC9FB7EA590';
/* ORIS:      3    Location: 7B        Test Type: CYCLE      Test Num: 4           SQL Ord:    2 */ insert into camdecmpswks.TEST_SUMMARY ( TEST_SUM_ID, MON_LOC_ID, TEST_TYPE_CD, TEST_NUM, MON_SYS_ID, COMPONENT_ID, GP_IND, TEST_REASON_CD, TEST_RESULT_CD, RPT_PERIOD_ID, BEGIN_DATE, BEGIN_HOUR, BEGIN_MIN, END_DATE, END_HOUR, END_MIN, SPAN_SCALE_CD, INJECTION_PROTOCOL_CD, TEST_COMMENT, TEST_DESCRIPTION, CALC_GP_IND, CALC_TEST_RESULT_CD, CALC_SPAN_VALUE, LAST_UPDATED, UPDATED_STATUS_FLG, NEEDS_EVAL_FLG, CHK_SESSION_ID, USERID, ADD_DATE, UPDATE_DATE ) values ( 'TWCORNEL5-AA25120980DC47E4B40B9DC9FB7EA590', '2709', 'CYCLE', '4', NULL, 'TWCORNEL5-AEA5603D50B142F387DB61AB17C03521', NULL, 'RECERT', 'PASSED', NULL, '2020-02-03', 11, 55, '2020-02-03', 12, 11, 'H', NULL, NULL, NULL, NULL, NULL, 200.000, '2021-12-22 14:35:16', 'Y', 'N', 'CHV-SABER-DD699E4096E041D99DFD18CF8F29CB8B', 'bvick', '2020-04-23 11:19:38', '2021-12-22 14:35:24' ) on conflict (TEST_SUM_ID) do update set MON_LOC_ID = EXCLUDED.MON_LOC_ID, TEST_TYPE_CD = EXCLUDED.TEST_TYPE_CD, TEST_NUM = EXCLUDED.TEST_NUM, MON_SYS_ID = EXCLUDED.MON_SYS_ID, COMPONENT_ID = EXCLUDED.COMPONENT_ID, GP_IND = EXCLUDED.GP_IND, TEST_REASON_CD = EXCLUDED.TEST_REASON_CD, TEST_RESULT_CD = EXCLUDED.TEST_RESULT_CD, RPT_PERIOD_ID = EXCLUDED.RPT_PERIOD_ID, BEGIN_DATE = EXCLUDED.BEGIN_DATE, BEGIN_HOUR = EXCLUDED.BEGIN_HOUR, BEGIN_MIN = EXCLUDED.BEGIN_MIN, END_DATE = EXCLUDED.END_DATE, END_HOUR = EXCLUDED.END_HOUR, END_MIN = EXCLUDED.END_MIN, SPAN_SCALE_CD = EXCLUDED.SPAN_SCALE_CD, INJECTION_PROTOCOL_CD = EXCLUDED.INJECTION_PROTOCOL_CD, TEST_COMMENT = EXCLUDED.TEST_COMMENT, TEST_DESCRIPTION = EXCLUDED.TEST_DESCRIPTION, CALC_GP_IND = EXCLUDED.CALC_GP_IND, CALC_TEST_RESULT_CD = EXCLUDED.CALC_TEST_RESULT_CD, CALC_SPAN_VALUE = EXCLUDED.CALC_SPAN_VALUE, LAST_UPDATED = EXCLUDED.LAST_UPDATED, UPDATED_STATUS_FLG = EXCLUDED.UPDATED_STATUS_FLG, NEEDS_EVAL_FLG = EXCLUDED.NEEDS_EVAL_FLG, CHK_SESSION_ID = EXCLUDED.CHK_SESSION_ID, USERID = EXCLUDED.USERID, ADD_DATE = EXCLUDED.ADD_DATE, UPDATE_DATE = EXCLUDED.UPDATE_DATE;
/* ORIS:      3    Location: 7B        Test Type: CYCLE      Test Num: 4           SQL Ord:    6 */ insert into camdecmpswks.CYCLE_TIME_SUMMARY ( CYCLE_TIME_SUM_ID, TEST_SUM_ID, TOTAL_TIME, CALC_TOTAL_TIME, USERID, ADD_DATE, UPDATE_DATE ) values ( 'TWCORNEL5-3A5408937E42465B888F041708ABF3F3', 'TWCORNEL5-AA25120980DC47E4B40B9DC9FB7EA590', 4, NULL, 'bvick', '2020-04-23 11:19:38', '2021-12-22 14:35:24' ) on conflict (CYCLE_TIME_SUM_ID) do update set TEST_SUM_ID = EXCLUDED.TEST_SUM_ID, TOTAL_TIME = EXCLUDED.TOTAL_TIME, CALC_TOTAL_TIME = EXCLUDED.CALC_TOTAL_TIME, USERID = EXCLUDED.USERID, ADD_DATE = EXCLUDED.ADD_DATE, UPDATE_DATE = EXCLUDED.UPDATE_DATE;
/* ORIS:      3    Location: 7B        Test Type: CYCLE      Test Num: 4           SQL Ord:    6 */ insert into camdecmpswks.CYCLE_TIME_SUMMARY ( CYCLE_TIME_SUM_ID, TEST_SUM_ID, TOTAL_TIME, CALC_TOTAL_TIME, USERID, ADD_DATE, UPDATE_DATE ) values ( 'TWCORNEL5-3A5408937E42465B888F041708ABF3F3', 'TWCORNEL5-AA25120980DC47E4B40B9DC9FB7EA590', 4, NULL, 'bvick', '2020-04-23 11:19:38', '2021-12-22 14:35:24' ) on conflict (CYCLE_TIME_SUM_ID) do update set TEST_SUM_ID = EXCLUDED.TEST_SUM_ID, TOTAL_TIME = EXCLUDED.TOTAL_TIME, CALC_TOTAL_TIME = EXCLUDED.CALC_TOTAL_TIME, USERID = EXCLUDED.USERID, ADD_DATE = EXCLUDED.ADD_DATE, UPDATE_DATE = EXCLUDED.UPDATE_DATE;
/* ORIS:      3    Location: 7B        Test Type: CYCLE      Test Num: 4           SQL Ord:    7 */ insert into camdecmpswks.CYCLE_TIME_INJECTION ( CYCLE_TIME_INJ_ID, CYCLE_TIME_SUM_ID, BEGIN_MONITOR_VALUE, END_MONITOR_VALUE, BEGIN_DATE, BEGIN_HOUR, BEGIN_MIN, END_DATE, END_HOUR, END_MIN, GAS_LEVEL_CD, CAL_GAS_VALUE, INJECTION_CYCLE_TIME, CALC_INJECTION_CYCLE_TIME, USERID, ADD_DATE, UPDATE_DATE ) values ( 'TWCORNEL5-FD6233A985504735B4DA34FBF0106447', 'TWCORNEL5-3A5408937E42465B888F041708ABF3F3', 2.994, 0.125, '2020-02-03', 12, 7, '2020-02-03', 12, 11, 'ZERO', 0.000, 4, 4, 'bvick', '2020-04-23 11:19:38', '2021-12-22 14:35:24' ) on conflict (CYCLE_TIME_INJ_ID) do update set CYCLE_TIME_SUM_ID = EXCLUDED.CYCLE_TIME_SUM_ID, BEGIN_MONITOR_VALUE = EXCLUDED.BEGIN_MONITOR_VALUE, END_MONITOR_VALUE = EXCLUDED.END_MONITOR_VALUE, BEGIN_DATE = EXCLUDED.BEGIN_DATE, BEGIN_HOUR = EXCLUDED.BEGIN_HOUR, BEGIN_MIN = EXCLUDED.BEGIN_MIN, END_DATE = EXCLUDED.END_DATE, END_HOUR = EXCLUDED.END_HOUR, END_MIN = EXCLUDED.END_MIN, GAS_LEVEL_CD = EXCLUDED.GAS_LEVEL_CD, CAL_GAS_VALUE = EXCLUDED.CAL_GAS_VALUE, INJECTION_CYCLE_TIME = EXCLUDED.INJECTION_CYCLE_TIME, CALC_INJECTION_CYCLE_TIME = EXCLUDED.CALC_INJECTION_CYCLE_TIME, USERID = EXCLUDED.USERID, ADD_DATE = EXCLUDED.ADD_DATE, UPDATE_DATE = EXCLUDED.UPDATE_DATE;
/* ORIS:      3    Location: CS0AAN    Test Type: CYCLE      Test Num: 4           SQL Ord:    1 */ delete from camdecmpswks.TEST_SUMMARY where TEST_SUM_ID = 'TWCORNEL5-9F91E8D7505A41F1859DAE74BB1F7133';
/* ORIS:      3    Location: CS0AAN    Test Type: CYCLE      Test Num: 4           SQL Ord:    2 */ insert into camdecmpswks.TEST_SUMMARY ( TEST_SUM_ID, MON_LOC_ID, TEST_TYPE_CD, TEST_NUM, MON_SYS_ID, COMPONENT_ID, GP_IND, TEST_REASON_CD, TEST_RESULT_CD, RPT_PERIOD_ID, BEGIN_DATE, BEGIN_HOUR, BEGIN_MIN, END_DATE, END_HOUR, END_MIN, SPAN_SCALE_CD, INJECTION_PROTOCOL_CD, TEST_COMMENT, TEST_DESCRIPTION, CALC_GP_IND, CALC_TEST_RESULT_CD, CALC_SPAN_VALUE, LAST_UPDATED, UPDATED_STATUS_FLG, NEEDS_EVAL_FLG, CHK_SESSION_ID, USERID, ADD_DATE, UPDATE_DATE ) values ( 'TWCORNEL5-9F91E8D7505A41F1859DAE74BB1F7133', '5', 'CYCLE', '4', NULL, 'TWCORNEL5-C5D1BFB74DC6455DB2F7393D7E974411', NULL, 'RECERT', 'ABORTED', NULL, '2020-01-27', 12, 7, '2020-01-27', 12, 18, 'H', NULL, NULL, NULL, NULL, NULL, 10.000, '2021-12-10 12:51:31', 'Y', 'N', 'CHV-SABER-10668999602E47FBBA6432486B259E4A', 'bvick', '2020-04-23 11:20:32', '2021-12-10 12:51:35' ) on conflict (TEST_SUM_ID) do update set MON_LOC_ID = EXCLUDED.MON_LOC_ID, TEST_TYPE_CD = EXCLUDED.TEST_TYPE_CD, TEST_NUM = EXCLUDED.TEST_NUM, MON_SYS_ID = EXCLUDED.MON_SYS_ID, COMPONENT_ID = EXCLUDED.COMPONENT_ID, GP_IND = EXCLUDED.GP_IND, TEST_REASON_CD = EXCLUDED.TEST_REASON_CD, TEST_RESULT_CD = EXCLUDED.TEST_RESULT_CD, RPT_PERIOD_ID = EXCLUDED.RPT_PERIOD_ID, BEGIN_DATE = EXCLUDED.BEGIN_DATE, BEGIN_HOUR = EXCLUDED.BEGIN_HOUR, BEGIN_MIN = EXCLUDED.BEGIN_MIN, END_DATE = EXCLUDED.END_DATE, END_HOUR = EXCLUDED.END_HOUR, END_MIN = EXCLUDED.END_MIN, SPAN_SCALE_CD = EXCLUDED.SPAN_SCALE_CD, INJECTION_PROTOCOL_CD = EXCLUDED.INJECTION_PROTOCOL_CD, TEST_COMMENT = EXCLUDED.TEST_COMMENT, TEST_DESCRIPTION = EXCLUDED.TEST_DESCRIPTION, CALC_GP_IND = EXCLUDED.CALC_GP_IND, CALC_TEST_RESULT_CD = EXCLUDED.CALC_TEST_RESULT_CD, CALC_SPAN_VALUE = EXCLUDED.CALC_SPAN_VALUE, LAST_UPDATED = EXCLUDED.LAST_UPDATED, UPDATED_STATUS_FLG = EXCLUDED.UPDATED_STATUS_FLG, NEEDS_EVAL_FLG = EXCLUDED.NEEDS_EVAL_FLG, CHK_SESSION_ID = EXCLUDED.CHK_SESSION_ID, USERID = EXCLUDED.USERID, ADD_DATE = EXCLUDED.ADD_DATE, UPDATE_DATE = EXCLUDED.UPDATE_DATE;
/* ORIS:      3    Location: CS0AAN    Test Type: CYCLE      Test Num: 4           SQL Ord:    6 */ insert into camdecmpswks.CYCLE_TIME_SUMMARY ( CYCLE_TIME_SUM_ID, TEST_SUM_ID, TOTAL_TIME, CALC_TOTAL_TIME, USERID, ADD_DATE, UPDATE_DATE ) values ( 'TWCORNEL5-C8FF34D192164B0D9F7D203F14B89E2C', 'TWCORNEL5-9F91E8D7505A41F1859DAE74BB1F7133', 2, -1, 'bvick', '2020-04-23 11:20:32', '2021-12-10 12:51:35' ) on conflict (CYCLE_TIME_SUM_ID) do update set TEST_SUM_ID = EXCLUDED.TEST_SUM_ID, TOTAL_TIME = EXCLUDED.TOTAL_TIME, CALC_TOTAL_TIME = EXCLUDED.CALC_TOTAL_TIME, USERID = EXCLUDED.USERID, ADD_DATE = EXCLUDED.ADD_DATE, UPDATE_DATE = EXCLUDED.UPDATE_DATE;
/* ORIS:      3    Location: CS0AAN    Test Type: CYCLE      Test Num: 4           SQL Ord:    6 */ insert into camdecmpswks.CYCLE_TIME_SUMMARY ( CYCLE_TIME_SUM_ID, TEST_SUM_ID, TOTAL_TIME, CALC_TOTAL_TIME, USERID, ADD_DATE, UPDATE_DATE ) values ( 'TWCORNEL5-C8FF34D192164B0D9F7D203F14B89E2C', 'TWCORNEL5-9F91E8D7505A41F1859DAE74BB1F7133', 2, -1, 'bvick', '2020-04-23 11:20:32', '2021-12-10 12:51:35' ) on conflict (CYCLE_TIME_SUM_ID) do update set TEST_SUM_ID = EXCLUDED.TEST_SUM_ID, TOTAL_TIME = EXCLUDED.TOTAL_TIME, CALC_TOTAL_TIME = EXCLUDED.CALC_TOTAL_TIME, USERID = EXCLUDED.USERID, ADD_DATE = EXCLUDED.ADD_DATE, UPDATE_DATE = EXCLUDED.UPDATE_DATE;
/* ORIS:      3    Location: CS0AAN    Test Type: CYCLE      Test Num: 4           SQL Ord:    7 */ insert into camdecmpswks.CYCLE_TIME_INJECTION ( CYCLE_TIME_INJ_ID, CYCLE_TIME_SUM_ID, BEGIN_MONITOR_VALUE, END_MONITOR_VALUE, BEGIN_DATE, BEGIN_HOUR, BEGIN_MIN, END_DATE, END_HOUR, END_MIN, GAS_LEVEL_CD, CAL_GAS_VALUE, INJECTION_CYCLE_TIME, CALC_INJECTION_CYCLE_TIME, USERID, ADD_DATE, UPDATE_DATE ) values ( 'TWCORNEL5-11CFF77F1EF3460A80580EBB8B755593', 'TWCORNEL5-C8FF34D192164B0D9F7D203F14B89E2C', 2.502, 9.317, '2020-01-27', 12, 7, '2020-01-27', 12, 9, 'HIGH', 9.500, 2, NULL, 'bvick', '2020-04-23 11:20:32', '2021-12-10 12:51:35' ) on conflict (CYCLE_TIME_INJ_ID) do update set CYCLE_TIME_SUM_ID = EXCLUDED.CYCLE_TIME_SUM_ID, BEGIN_MONITOR_VALUE = EXCLUDED.BEGIN_MONITOR_VALUE, END_MONITOR_VALUE = EXCLUDED.END_MONITOR_VALUE, BEGIN_DATE = EXCLUDED.BEGIN_DATE, BEGIN_HOUR = EXCLUDED.BEGIN_HOUR, BEGIN_MIN = EXCLUDED.BEGIN_MIN, END_DATE = EXCLUDED.END_DATE, END_HOUR = EXCLUDED.END_HOUR, END_MIN = EXCLUDED.END_MIN, GAS_LEVEL_CD = EXCLUDED.GAS_LEVEL_CD, CAL_GAS_VALUE = EXCLUDED.CAL_GAS_VALUE, INJECTION_CYCLE_TIME = EXCLUDED.INJECTION_CYCLE_TIME, CALC_INJECTION_CYCLE_TIME = EXCLUDED.CALC_INJECTION_CYCLE_TIME, USERID = EXCLUDED.USERID, ADD_DATE = EXCLUDED.ADD_DATE, UPDATE_DATE = EXCLUDED.UPDATE_DATE;
/* ORIS:      3    Location: CS0AAN    Test Type: CYCLE      Test Num: 4           SQL Ord:    7 */ insert into camdecmpswks.CYCLE_TIME_INJECTION ( CYCLE_TIME_INJ_ID, CYCLE_TIME_SUM_ID, BEGIN_MONITOR_VALUE, END_MONITOR_VALUE, BEGIN_DATE, BEGIN_HOUR, BEGIN_MIN, END_DATE, END_HOUR, END_MIN, GAS_LEVEL_CD, CAL_GAS_VALUE, INJECTION_CYCLE_TIME, CALC_INJECTION_CYCLE_TIME, USERID, ADD_DATE, UPDATE_DATE ) values ( 'TWCORNEL5-9215705335C64322AFAD6A270981BF34', 'TWCORNEL5-C8FF34D192164B0D9F7D203F14B89E2C', 2.562, 0.031, '2020-01-27', 12, 16, '2020-01-27', 12, 18, 'ZERO', 0.000, 2, NULL, 'bvick', '2020-04-23 11:20:32', '2021-12-10 12:51:35' ) on conflict (CYCLE_TIME_INJ_ID) do update set CYCLE_TIME_SUM_ID = EXCLUDED.CYCLE_TIME_SUM_ID, BEGIN_MONITOR_VALUE = EXCLUDED.BEGIN_MONITOR_VALUE, END_MONITOR_VALUE = EXCLUDED.END_MONITOR_VALUE, BEGIN_DATE = EXCLUDED.BEGIN_DATE, BEGIN_HOUR = EXCLUDED.BEGIN_HOUR, BEGIN_MIN = EXCLUDED.BEGIN_MIN, END_DATE = EXCLUDED.END_DATE, END_HOUR = EXCLUDED.END_HOUR, END_MIN = EXCLUDED.END_MIN, GAS_LEVEL_CD = EXCLUDED.GAS_LEVEL_CD, CAL_GAS_VALUE = EXCLUDED.CAL_GAS_VALUE, INJECTION_CYCLE_TIME = EXCLUDED.INJECTION_CYCLE_TIME, CALC_INJECTION_CYCLE_TIME = EXCLUDED.CALC_INJECTION_CYCLE_TIME, USERID = EXCLUDED.USERID, ADD_DATE = EXCLUDED.ADD_DATE, UPDATE_DATE = EXCLUDED.UPDATE_DATE;
/* ORIS:      3    Location: CS0AAN    Test Type: CYCLE      Test Num: 5           SQL Ord:    1 */ delete from camdecmpswks.TEST_SUMMARY where TEST_SUM_ID = 'TWCORNEL5-2EEF1CDC3A5F4821B479847F4D24FB68';
/* ORIS:      3    Location: CS0AAN    Test Type: CYCLE      Test Num: 5           SQL Ord:    2 */ insert into camdecmpswks.TEST_SUMMARY ( TEST_SUM_ID, MON_LOC_ID, TEST_TYPE_CD, TEST_NUM, MON_SYS_ID, COMPONENT_ID, GP_IND, TEST_REASON_CD, TEST_RESULT_CD, RPT_PERIOD_ID, BEGIN_DATE, BEGIN_HOUR, BEGIN_MIN, END_DATE, END_HOUR, END_MIN, SPAN_SCALE_CD, INJECTION_PROTOCOL_CD, TEST_COMMENT, TEST_DESCRIPTION, CALC_GP_IND, CALC_TEST_RESULT_CD, CALC_SPAN_VALUE, LAST_UPDATED, UPDATED_STATUS_FLG, NEEDS_EVAL_FLG, CHK_SESSION_ID, USERID, ADD_DATE, UPDATE_DATE ) values ( 'TWCORNEL5-2EEF1CDC3A5F4821B479847F4D24FB68', '5', 'CYCLE', '5', NULL, 'TWCORNEL5-181E82999005439D966C636EF4BEF1AF', NULL, NULL, 'PASSED', NULL, '2020-01-27', 12, 7, '2020-01-27', 12, 18, 'H', NULL, NULL, NULL, NULL, NULL, 80.000, '2021-12-10 12:56:14', 'Y', 'N', 'CHV-SABER-C4E050E2D28946CE81CFFCCFC4F1B14D', 'bvick', '2020-04-23 11:20:32', '2021-12-10 12:56:18' ) on conflict (TEST_SUM_ID) do update set MON_LOC_ID = EXCLUDED.MON_LOC_ID, TEST_TYPE_CD = EXCLUDED.TEST_TYPE_CD, TEST_NUM = EXCLUDED.TEST_NUM, MON_SYS_ID = EXCLUDED.MON_SYS_ID, COMPONENT_ID = EXCLUDED.COMPONENT_ID, GP_IND = EXCLUDED.GP_IND, TEST_REASON_CD = EXCLUDED.TEST_REASON_CD, TEST_RESULT_CD = EXCLUDED.TEST_RESULT_CD, RPT_PERIOD_ID = EXCLUDED.RPT_PERIOD_ID, BEGIN_DATE = EXCLUDED.BEGIN_DATE, BEGIN_HOUR = EXCLUDED.BEGIN_HOUR, BEGIN_MIN = EXCLUDED.BEGIN_MIN, END_DATE = EXCLUDED.END_DATE, END_HOUR = EXCLUDED.END_HOUR, END_MIN = EXCLUDED.END_MIN, SPAN_SCALE_CD = EXCLUDED.SPAN_SCALE_CD, INJECTION_PROTOCOL_CD = EXCLUDED.INJECTION_PROTOCOL_CD, TEST_COMMENT = EXCLUDED.TEST_COMMENT, TEST_DESCRIPTION = EXCLUDED.TEST_DESCRIPTION, CALC_GP_IND = EXCLUDED.CALC_GP_IND, CALC_TEST_RESULT_CD = EXCLUDED.CALC_TEST_RESULT_CD, CALC_SPAN_VALUE = EXCLUDED.CALC_SPAN_VALUE, LAST_UPDATED = EXCLUDED.LAST_UPDATED, UPDATED_STATUS_FLG = EXCLUDED.UPDATED_STATUS_FLG, NEEDS_EVAL_FLG = EXCLUDED.NEEDS_EVAL_FLG, CHK_SESSION_ID = EXCLUDED.CHK_SESSION_ID, USERID = EXCLUDED.USERID, ADD_DATE = EXCLUDED.ADD_DATE, UPDATE_DATE = EXCLUDED.UPDATE_DATE;
/* ORIS:      3    Location: CS0AAN    Test Type: CYCLE      Test Num: 5           SQL Ord:    6 */ insert into camdecmpswks.CYCLE_TIME_SUMMARY ( CYCLE_TIME_SUM_ID, TEST_SUM_ID, TOTAL_TIME, CALC_TOTAL_TIME, USERID, ADD_DATE, UPDATE_DATE ) values ( 'TWCORNEL5-C36408D4C12345D5977CBE5D762ADBB9', 'TWCORNEL5-2EEF1CDC3A5F4821B479847F4D24FB68', 2, 2, 'bvick', '2020-04-23 11:20:32', '2021-12-10 12:56:18' ) on conflict (CYCLE_TIME_SUM_ID) do update set TEST_SUM_ID = EXCLUDED.TEST_SUM_ID, TOTAL_TIME = EXCLUDED.TOTAL_TIME, CALC_TOTAL_TIME = EXCLUDED.CALC_TOTAL_TIME, USERID = EXCLUDED.USERID, ADD_DATE = EXCLUDED.ADD_DATE, UPDATE_DATE = EXCLUDED.UPDATE_DATE;
/* ORIS:      3    Location: CS0AAN    Test Type: CYCLE      Test Num: 5           SQL Ord:    6 */ insert into camdecmpswks.CYCLE_TIME_SUMMARY ( CYCLE_TIME_SUM_ID, TEST_SUM_ID, TOTAL_TIME, CALC_TOTAL_TIME, USERID, ADD_DATE, UPDATE_DATE ) values ( 'TWCORNEL5-C36408D4C12345D5977CBE5D762ADBB9', 'TWCORNEL5-2EEF1CDC3A5F4821B479847F4D24FB68', 2, 2, 'bvick', '2020-04-23 11:20:32', '2021-12-10 12:56:18' ) on conflict (CYCLE_TIME_SUM_ID) do update set TEST_SUM_ID = EXCLUDED.TEST_SUM_ID, TOTAL_TIME = EXCLUDED.TOTAL_TIME, CALC_TOTAL_TIME = EXCLUDED.CALC_TOTAL_TIME, USERID = EXCLUDED.USERID, ADD_DATE = EXCLUDED.ADD_DATE, UPDATE_DATE = EXCLUDED.UPDATE_DATE;
/* ORIS:      3    Location: CS0AAN    Test Type: CYCLE      Test Num: 5           SQL Ord:    7 */ insert into camdecmpswks.CYCLE_TIME_INJECTION ( CYCLE_TIME_INJ_ID, CYCLE_TIME_SUM_ID, BEGIN_MONITOR_VALUE, END_MONITOR_VALUE, BEGIN_DATE, BEGIN_HOUR, BEGIN_MIN, END_DATE, END_HOUR, END_MIN, GAS_LEVEL_CD, CAL_GAS_VALUE, INJECTION_CYCLE_TIME, CALC_INJECTION_CYCLE_TIME, USERID, ADD_DATE, UPDATE_DATE ) values ( 'TWCORNEL5-024358A14433425DA3783D78D948640F', 'TWCORNEL5-C36408D4C12345D5977CBE5D762ADBB9', 27.706, 0.573, '2020-01-27', 12, 16, '2020-01-27', 12, 18, 'ZERO', 0.000, 2, 2, 'bvick', '2020-04-23 11:20:32', '2021-12-10 12:56:18' ) on conflict (CYCLE_TIME_INJ_ID) do update set CYCLE_TIME_SUM_ID = EXCLUDED.CYCLE_TIME_SUM_ID, BEGIN_MONITOR_VALUE = EXCLUDED.BEGIN_MONITOR_VALUE, END_MONITOR_VALUE = EXCLUDED.END_MONITOR_VALUE, BEGIN_DATE = EXCLUDED.BEGIN_DATE, BEGIN_HOUR = EXCLUDED.BEGIN_HOUR, BEGIN_MIN = EXCLUDED.BEGIN_MIN, END_DATE = EXCLUDED.END_DATE, END_HOUR = EXCLUDED.END_HOUR, END_MIN = EXCLUDED.END_MIN, GAS_LEVEL_CD = EXCLUDED.GAS_LEVEL_CD, CAL_GAS_VALUE = EXCLUDED.CAL_GAS_VALUE, INJECTION_CYCLE_TIME = EXCLUDED.INJECTION_CYCLE_TIME, CALC_INJECTION_CYCLE_TIME = EXCLUDED.CALC_INJECTION_CYCLE_TIME, USERID = EXCLUDED.USERID, ADD_DATE = EXCLUDED.ADD_DATE, UPDATE_DATE = EXCLUDED.UPDATE_DATE;
/* ORIS:      3    Location: CS0AAN    Test Type: CYCLE      Test Num: 5           SQL Ord:    7 */ insert into camdecmpswks.CYCLE_TIME_INJECTION ( CYCLE_TIME_INJ_ID, CYCLE_TIME_SUM_ID, BEGIN_MONITOR_VALUE, END_MONITOR_VALUE, BEGIN_DATE, BEGIN_HOUR, BEGIN_MIN, END_DATE, END_HOUR, END_MIN, GAS_LEVEL_CD, CAL_GAS_VALUE, INJECTION_CYCLE_TIME, CALC_INJECTION_CYCLE_TIME, USERID, ADD_DATE, UPDATE_DATE ) values ( 'TWCORNEL5-C51736DBF27F4F3594D96771CE58E293', 'TWCORNEL5-C36408D4C12345D5977CBE5D762ADBB9', 27.538, 78.220, '2020-01-27', 12, 7, '2020-01-27', 12, 9, 'HIGH', 79.900, 2, 2, 'bvick', '2020-04-23 11:20:32', '2021-12-10 12:56:18' ) on conflict (CYCLE_TIME_INJ_ID) do update set CYCLE_TIME_SUM_ID = EXCLUDED.CYCLE_TIME_SUM_ID, BEGIN_MONITOR_VALUE = EXCLUDED.BEGIN_MONITOR_VALUE, END_MONITOR_VALUE = EXCLUDED.END_MONITOR_VALUE, BEGIN_DATE = EXCLUDED.BEGIN_DATE, BEGIN_HOUR = EXCLUDED.BEGIN_HOUR, BEGIN_MIN = EXCLUDED.BEGIN_MIN, END_DATE = EXCLUDED.END_DATE, END_HOUR = EXCLUDED.END_HOUR, END_MIN = EXCLUDED.END_MIN, GAS_LEVEL_CD = EXCLUDED.GAS_LEVEL_CD, CAL_GAS_VALUE = EXCLUDED.CAL_GAS_VALUE, INJECTION_CYCLE_TIME = EXCLUDED.INJECTION_CYCLE_TIME, CALC_INJECTION_CYCLE_TIME = EXCLUDED.CALC_INJECTION_CYCLE_TIME, USERID = EXCLUDED.USERID, ADD_DATE = EXCLUDED.ADD_DATE, UPDATE_DATE = EXCLUDED.UPDATE_DATE;
/* ORIS:      3    Location: MS5C      Test Type: CYCLE      Test Num: HG1           SQL Ord:    1 */ delete from camdecmpswks.TEST_SUMMARY where TEST_SUM_ID = 'TWCORNEL5-A712F100C8034EA397888F3693F0DABB';
/* ORIS:      3    Location: MS5C      Test Type: CYCLE      Test Num: HG1           SQL Ord:    2 */ insert into camdecmpswks.TEST_SUMMARY ( TEST_SUM_ID, MON_LOC_ID, TEST_TYPE_CD, TEST_NUM, MON_SYS_ID, COMPONENT_ID, GP_IND, TEST_REASON_CD, TEST_RESULT_CD, RPT_PERIOD_ID, BEGIN_DATE, BEGIN_HOUR, BEGIN_MIN, END_DATE, END_HOUR, END_MIN, SPAN_SCALE_CD, INJECTION_PROTOCOL_CD, TEST_COMMENT, TEST_DESCRIPTION, CALC_GP_IND, CALC_TEST_RESULT_CD, CALC_SPAN_VALUE, LAST_UPDATED, UPDATED_STATUS_FLG, NEEDS_EVAL_FLG, CHK_SESSION_ID, USERID, ADD_DATE, UPDATE_DATE ) values ( 'TWCORNEL5-A712F100C8034EA397888F3693F0DABB', 'TWCORNEL5-08488F3863384A61A715848B8679208D', 'CYCLE', 'HG1', NULL, 'TWCORNEL5-F566F0F51F4745458B1D129A5E8AEFE5', NULL, 'INITIAL', 'PASSED', NULL, '2016-03-08', 10, 11, '2016-03-08', 10, 44, 'H', 'HGE', NULL, NULL, NULL, NULL, NULL, NULL, 'N', 'N', 'CHV-SABER-9B526E7C4D7E46B19256AD3DDA229B84', 'bvick', '2016-04-25 12:51:38', '2021-12-22 14:42:13' ) on conflict (TEST_SUM_ID) do update set MON_LOC_ID = EXCLUDED.MON_LOC_ID, TEST_TYPE_CD = EXCLUDED.TEST_TYPE_CD, TEST_NUM = EXCLUDED.TEST_NUM, MON_SYS_ID = EXCLUDED.MON_SYS_ID, COMPONENT_ID = EXCLUDED.COMPONENT_ID, GP_IND = EXCLUDED.GP_IND, TEST_REASON_CD = EXCLUDED.TEST_REASON_CD, TEST_RESULT_CD = EXCLUDED.TEST_RESULT_CD, RPT_PERIOD_ID = EXCLUDED.RPT_PERIOD_ID, BEGIN_DATE = EXCLUDED.BEGIN_DATE, BEGIN_HOUR = EXCLUDED.BEGIN_HOUR, BEGIN_MIN = EXCLUDED.BEGIN_MIN, END_DATE = EXCLUDED.END_DATE, END_HOUR = EXCLUDED.END_HOUR, END_MIN = EXCLUDED.END_MIN, SPAN_SCALE_CD = EXCLUDED.SPAN_SCALE_CD, INJECTION_PROTOCOL_CD = EXCLUDED.INJECTION_PROTOCOL_CD, TEST_COMMENT = EXCLUDED.TEST_COMMENT, TEST_DESCRIPTION = EXCLUDED.TEST_DESCRIPTION, CALC_GP_IND = EXCLUDED.CALC_GP_IND, CALC_TEST_RESULT_CD = EXCLUDED.CALC_TEST_RESULT_CD, CALC_SPAN_VALUE = EXCLUDED.CALC_SPAN_VALUE, LAST_UPDATED = EXCLUDED.LAST_UPDATED, UPDATED_STATUS_FLG = EXCLUDED.UPDATED_STATUS_FLG, NEEDS_EVAL_FLG = EXCLUDED.NEEDS_EVAL_FLG, CHK_SESSION_ID = EXCLUDED.CHK_SESSION_ID, USERID = EXCLUDED.USERID, ADD_DATE = EXCLUDED.ADD_DATE, UPDATE_DATE = EXCLUDED.UPDATE_DATE;
/* ORIS:      3    Location: MS5C      Test Type: CYCLE      Test Num: HG1           SQL Ord:    6 */ insert into camdecmpswks.CYCLE_TIME_SUMMARY ( CYCLE_TIME_SUM_ID, TEST_SUM_ID, TOTAL_TIME, CALC_TOTAL_TIME, USERID, ADD_DATE, UPDATE_DATE ) values ( 'TWCORNEL5-5E9E1129827A47F7B173EE6589B9C09E', 'TWCORNEL5-A712F100C8034EA397888F3693F0DABB', 11, NULL, 'bvick', '2016-04-25 12:51:38', '2021-12-22 14:42:13' ) on conflict (CYCLE_TIME_SUM_ID) do update set TEST_SUM_ID = EXCLUDED.TEST_SUM_ID, TOTAL_TIME = EXCLUDED.TOTAL_TIME, CALC_TOTAL_TIME = EXCLUDED.CALC_TOTAL_TIME, USERID = EXCLUDED.USERID, ADD_DATE = EXCLUDED.ADD_DATE, UPDATE_DATE = EXCLUDED.UPDATE_DATE;
/* ORIS:      3    Location: MS5C      Test Type: CYCLE      Test Num: HG1           SQL Ord:    6 */ insert into camdecmpswks.CYCLE_TIME_SUMMARY ( CYCLE_TIME_SUM_ID, TEST_SUM_ID, TOTAL_TIME, CALC_TOTAL_TIME, USERID, ADD_DATE, UPDATE_DATE ) values ( 'TWCORNEL5-5E9E1129827A47F7B173EE6589B9C09E', 'TWCORNEL5-A712F100C8034EA397888F3693F0DABB', 11, NULL, 'bvick', '2016-04-25 12:51:38', '2021-12-22 14:42:13' ) on conflict (CYCLE_TIME_SUM_ID) do update set TEST_SUM_ID = EXCLUDED.TEST_SUM_ID, TOTAL_TIME = EXCLUDED.TOTAL_TIME, CALC_TOTAL_TIME = EXCLUDED.CALC_TOTAL_TIME, USERID = EXCLUDED.USERID, ADD_DATE = EXCLUDED.ADD_DATE, UPDATE_DATE = EXCLUDED.UPDATE_DATE;
/* ORIS:      3    Location: MS5C      Test Type: CYCLE      Test Num: HG1           SQL Ord:    7 */ insert into camdecmpswks.CYCLE_TIME_INJECTION ( CYCLE_TIME_INJ_ID, CYCLE_TIME_SUM_ID, BEGIN_MONITOR_VALUE, END_MONITOR_VALUE, BEGIN_DATE, BEGIN_HOUR, BEGIN_MIN, END_DATE, END_HOUR, END_MIN, GAS_LEVEL_CD, CAL_GAS_VALUE, INJECTION_CYCLE_TIME, CALC_INJECTION_CYCLE_TIME, USERID, ADD_DATE, UPDATE_DATE ) values ( 'TWCORNEL5-CF33C7D7358743D68130AAF41F2A256A', 'TWCORNEL5-5E9E1129827A47F7B173EE6589B9C09E', 0.291, 0.072, '2016-03-08', 10, 11, '2016-03-08', 10, 19, 'ZERO', 0.000, 8, NULL, 'bvick', '2016-04-25 12:51:41', '2021-12-22 14:42:13' ) on conflict (CYCLE_TIME_INJ_ID) do update set CYCLE_TIME_SUM_ID = EXCLUDED.CYCLE_TIME_SUM_ID, BEGIN_MONITOR_VALUE = EXCLUDED.BEGIN_MONITOR_VALUE, END_MONITOR_VALUE = EXCLUDED.END_MONITOR_VALUE, BEGIN_DATE = EXCLUDED.BEGIN_DATE, BEGIN_HOUR = EXCLUDED.BEGIN_HOUR, BEGIN_MIN = EXCLUDED.BEGIN_MIN, END_DATE = EXCLUDED.END_DATE, END_HOUR = EXCLUDED.END_HOUR, END_MIN = EXCLUDED.END_MIN, GAS_LEVEL_CD = EXCLUDED.GAS_LEVEL_CD, CAL_GAS_VALUE = EXCLUDED.CAL_GAS_VALUE, INJECTION_CYCLE_TIME = EXCLUDED.INJECTION_CYCLE_TIME, CALC_INJECTION_CYCLE_TIME = EXCLUDED.CALC_INJECTION_CYCLE_TIME, USERID = EXCLUDED.USERID, ADD_DATE = EXCLUDED.ADD_DATE, UPDATE_DATE = EXCLUDED.UPDATE_DATE;
/* ORIS:      3    Location: MS5C      Test Type: CYCLE      Test Num: HG1           SQL Ord:    7 */ insert into camdecmpswks.CYCLE_TIME_INJECTION ( CYCLE_TIME_INJ_ID, CYCLE_TIME_SUM_ID, BEGIN_MONITOR_VALUE, END_MONITOR_VALUE, BEGIN_DATE, BEGIN_HOUR, BEGIN_MIN, END_DATE, END_HOUR, END_MIN, GAS_LEVEL_CD, CAL_GAS_VALUE, INJECTION_CYCLE_TIME, CALC_INJECTION_CYCLE_TIME, USERID, ADD_DATE, UPDATE_DATE ) values ( 'TWCORNEL5-FB3950EB4D15482E9836B82A82A3085F', 'TWCORNEL5-5E9E1129827A47F7B173EE6589B9C09E', 0.982, 9.142, '2016-03-08', 10, 33, '2016-03-08', 10, 44, 'HIGH', 9.210, 11, NULL, 'bvick', '2016-04-25 12:51:41', '2021-12-22 14:42:13' ) on conflict (CYCLE_TIME_INJ_ID) do update set CYCLE_TIME_SUM_ID = EXCLUDED.CYCLE_TIME_SUM_ID, BEGIN_MONITOR_VALUE = EXCLUDED.BEGIN_MONITOR_VALUE, END_MONITOR_VALUE = EXCLUDED.END_MONITOR_VALUE, BEGIN_DATE = EXCLUDED.BEGIN_DATE, BEGIN_HOUR = EXCLUDED.BEGIN_HOUR, BEGIN_MIN = EXCLUDED.BEGIN_MIN, END_DATE = EXCLUDED.END_DATE, END_HOUR = EXCLUDED.END_HOUR, END_MIN = EXCLUDED.END_MIN, GAS_LEVEL_CD = EXCLUDED.GAS_LEVEL_CD, CAL_GAS_VALUE = EXCLUDED.CAL_GAS_VALUE, INJECTION_CYCLE_TIME = EXCLUDED.INJECTION_CYCLE_TIME, CALC_INJECTION_CYCLE_TIME = EXCLUDED.CALC_INJECTION_CYCLE_TIME, USERID = EXCLUDED.USERID, ADD_DATE = EXCLUDED.ADD_DATE, UPDATE_DATE = EXCLUDED.UPDATE_DATE;
/* ORIS:      3    Location: MS5E      Test Type: CYCLE      Test Num: 1           SQL Ord:    1 */ delete from camdecmpswks.TEST_SUMMARY where TEST_SUM_ID = 'TWCORNEL5-5359DF4878344AC68FEEF24F2B231011';
/* ORIS:      3    Location: MS5E      Test Type: CYCLE      Test Num: 1           SQL Ord:    2 */ insert into camdecmpswks.TEST_SUMMARY ( TEST_SUM_ID, MON_LOC_ID, TEST_TYPE_CD, TEST_NUM, MON_SYS_ID, COMPONENT_ID, GP_IND, TEST_REASON_CD, TEST_RESULT_CD, RPT_PERIOD_ID, BEGIN_DATE, BEGIN_HOUR, BEGIN_MIN, END_DATE, END_HOUR, END_MIN, SPAN_SCALE_CD, INJECTION_PROTOCOL_CD, TEST_COMMENT, TEST_DESCRIPTION, CALC_GP_IND, CALC_TEST_RESULT_CD, CALC_SPAN_VALUE, LAST_UPDATED, UPDATED_STATUS_FLG, NEEDS_EVAL_FLG, CHK_SESSION_ID, USERID, ADD_DATE, UPDATE_DATE ) values ( 'TWCORNEL5-5359DF4878344AC68FEEF24F2B231011', 'TWCORNEL5-F53E1E91724B4226BBB7B57BA8152531', 'CYCLE', '1', NULL, 'TWCORNEL5-D6AC5D5CAF7048BC929B0129C227921D', NULL, 'INITIAL', 'PASSED', NULL, '2011-06-07', 8, 30, '2011-06-07', 8, 55, 'H', NULL, NULL, NULL, NULL, NULL, 20.000, '2021-12-22 14:38:41', 'Y', 'N', 'CHV-SABER-BD726364B4294071B39D27236AEA154B', 'bvick', '2011-07-08 17:30:02', '2021-12-22 14:43:31' ) on conflict (TEST_SUM_ID) do update set MON_LOC_ID = EXCLUDED.MON_LOC_ID, TEST_TYPE_CD = EXCLUDED.TEST_TYPE_CD, TEST_NUM = EXCLUDED.TEST_NUM, MON_SYS_ID = EXCLUDED.MON_SYS_ID, COMPONENT_ID = EXCLUDED.COMPONENT_ID, GP_IND = EXCLUDED.GP_IND, TEST_REASON_CD = EXCLUDED.TEST_REASON_CD, TEST_RESULT_CD = EXCLUDED.TEST_RESULT_CD, RPT_PERIOD_ID = EXCLUDED.RPT_PERIOD_ID, BEGIN_DATE = EXCLUDED.BEGIN_DATE, BEGIN_HOUR = EXCLUDED.BEGIN_HOUR, BEGIN_MIN = EXCLUDED.BEGIN_MIN, END_DATE = EXCLUDED.END_DATE, END_HOUR = EXCLUDED.END_HOUR, END_MIN = EXCLUDED.END_MIN, SPAN_SCALE_CD = EXCLUDED.SPAN_SCALE_CD, INJECTION_PROTOCOL_CD = EXCLUDED.INJECTION_PROTOCOL_CD, TEST_COMMENT = EXCLUDED.TEST_COMMENT, TEST_DESCRIPTION = EXCLUDED.TEST_DESCRIPTION, CALC_GP_IND = EXCLUDED.CALC_GP_IND, CALC_TEST_RESULT_CD = EXCLUDED.CALC_TEST_RESULT_CD, CALC_SPAN_VALUE = EXCLUDED.CALC_SPAN_VALUE, LAST_UPDATED = EXCLUDED.LAST_UPDATED, UPDATED_STATUS_FLG = EXCLUDED.UPDATED_STATUS_FLG, NEEDS_EVAL_FLG = EXCLUDED.NEEDS_EVAL_FLG, CHK_SESSION_ID = EXCLUDED.CHK_SESSION_ID, USERID = EXCLUDED.USERID, ADD_DATE = EXCLUDED.ADD_DATE, UPDATE_DATE = EXCLUDED.UPDATE_DATE;
/* ORIS:      3    Location: MS5E      Test Type: CYCLE      Test Num: 1           SQL Ord:    6 */ insert into camdecmpswks.CYCLE_TIME_SUMMARY ( CYCLE_TIME_SUM_ID, TEST_SUM_ID, TOTAL_TIME, CALC_TOTAL_TIME, USERID, ADD_DATE, UPDATE_DATE ) values ( 'TWCORNEL5-89FA1DCA26644071AC70B9034C26615A', 'TWCORNEL5-5359DF4878344AC68FEEF24F2B231011', NULL, 6, 'bvick', '2011-07-08 17:30:02', '2021-12-22 14:43:31' ) on conflict (CYCLE_TIME_SUM_ID) do update set TEST_SUM_ID = EXCLUDED.TEST_SUM_ID, TOTAL_TIME = EXCLUDED.TOTAL_TIME, CALC_TOTAL_TIME = EXCLUDED.CALC_TOTAL_TIME, USERID = EXCLUDED.USERID, ADD_DATE = EXCLUDED.ADD_DATE, UPDATE_DATE = EXCLUDED.UPDATE_DATE;
/* ORIS:      3    Location: MS5E      Test Type: CYCLE      Test Num: 1           SQL Ord:    6 */ insert into camdecmpswks.CYCLE_TIME_SUMMARY ( CYCLE_TIME_SUM_ID, TEST_SUM_ID, TOTAL_TIME, CALC_TOTAL_TIME, USERID, ADD_DATE, UPDATE_DATE ) values ( 'TWCORNEL5-89FA1DCA26644071AC70B9034C26615A', 'TWCORNEL5-5359DF4878344AC68FEEF24F2B231011', NULL, 6, 'bvick', '2011-07-08 17:30:02', '2021-12-22 14:43:31' ) on conflict (CYCLE_TIME_SUM_ID) do update set TEST_SUM_ID = EXCLUDED.TEST_SUM_ID, TOTAL_TIME = EXCLUDED.TOTAL_TIME, CALC_TOTAL_TIME = EXCLUDED.CALC_TOTAL_TIME, USERID = EXCLUDED.USERID, ADD_DATE = EXCLUDED.ADD_DATE, UPDATE_DATE = EXCLUDED.UPDATE_DATE;
/* ORIS:      3    Location: MS5E      Test Type: CYCLE      Test Num: 1           SQL Ord:    7 */ insert into camdecmpswks.CYCLE_TIME_INJECTION ( CYCLE_TIME_INJ_ID, CYCLE_TIME_SUM_ID, BEGIN_MONITOR_VALUE, END_MONITOR_VALUE, BEGIN_DATE, BEGIN_HOUR, BEGIN_MIN, END_DATE, END_HOUR, END_MIN, GAS_LEVEL_CD, CAL_GAS_VALUE, INJECTION_CYCLE_TIME, CALC_INJECTION_CYCLE_TIME, USERID, ADD_DATE, UPDATE_DATE ) values ( 'TWCORNEL5-3D09D7450CA34D1A876B1C39BAA5F401', 'TWCORNEL5-89FA1DCA26644071AC70B9034C26615A', 10.403, 18.777, '2011-06-07', 8, 30, '2011-06-07', 8, 36, 'HIGH', 19.280, 6, 6, 'bvick', '2011-07-08 17:30:02', '2021-12-22 14:43:31' ) on conflict (CYCLE_TIME_INJ_ID) do update set CYCLE_TIME_SUM_ID = EXCLUDED.CYCLE_TIME_SUM_ID, BEGIN_MONITOR_VALUE = EXCLUDED.BEGIN_MONITOR_VALUE, END_MONITOR_VALUE = EXCLUDED.END_MONITOR_VALUE, BEGIN_DATE = EXCLUDED.BEGIN_DATE, BEGIN_HOUR = EXCLUDED.BEGIN_HOUR, BEGIN_MIN = EXCLUDED.BEGIN_MIN, END_DATE = EXCLUDED.END_DATE, END_HOUR = EXCLUDED.END_HOUR, END_MIN = EXCLUDED.END_MIN, GAS_LEVEL_CD = EXCLUDED.GAS_LEVEL_CD, CAL_GAS_VALUE = EXCLUDED.CAL_GAS_VALUE, INJECTION_CYCLE_TIME = EXCLUDED.INJECTION_CYCLE_TIME, CALC_INJECTION_CYCLE_TIME = EXCLUDED.CALC_INJECTION_CYCLE_TIME, USERID = EXCLUDED.USERID, ADD_DATE = EXCLUDED.ADD_DATE, UPDATE_DATE = EXCLUDED.UPDATE_DATE;
/* ORIS:      3    Location: MS5E      Test Type: CYCLE      Test Num: 1           SQL Ord:    7 */ insert into camdecmpswks.CYCLE_TIME_INJECTION ( CYCLE_TIME_INJ_ID, CYCLE_TIME_SUM_ID, BEGIN_MONITOR_VALUE, END_MONITOR_VALUE, BEGIN_DATE, BEGIN_HOUR, BEGIN_MIN, END_DATE, END_HOUR, END_MIN, GAS_LEVEL_CD, CAL_GAS_VALUE, INJECTION_CYCLE_TIME, CALC_INJECTION_CYCLE_TIME, USERID, ADD_DATE, UPDATE_DATE ) values ( 'TWCORNEL5-FCB948874DA447388B240362F7189EA9', 'TWCORNEL5-89FA1DCA26644071AC70B9034C26615A', 10.040, 0.048, '2011-06-07', 8, 50, '2011-06-07', 8, 55, 'ZERO', 0.000, 6, 6, 'bvick', '2011-07-08 17:30:02', '2021-12-22 14:43:31' ) on conflict (CYCLE_TIME_INJ_ID) do update set CYCLE_TIME_SUM_ID = EXCLUDED.CYCLE_TIME_SUM_ID, BEGIN_MONITOR_VALUE = EXCLUDED.BEGIN_MONITOR_VALUE, END_MONITOR_VALUE = EXCLUDED.END_MONITOR_VALUE, BEGIN_DATE = EXCLUDED.BEGIN_DATE, BEGIN_HOUR = EXCLUDED.BEGIN_HOUR, BEGIN_MIN = EXCLUDED.BEGIN_MIN, END_DATE = EXCLUDED.END_DATE, END_HOUR = EXCLUDED.END_HOUR, END_MIN = EXCLUDED.END_MIN, GAS_LEVEL_CD = EXCLUDED.GAS_LEVEL_CD, CAL_GAS_VALUE = EXCLUDED.CAL_GAS_VALUE, INJECTION_CYCLE_TIME = EXCLUDED.INJECTION_CYCLE_TIME, CALC_INJECTION_CYCLE_TIME = EXCLUDED.CALC_INJECTION_CYCLE_TIME, USERID = EXCLUDED.USERID, ADD_DATE = EXCLUDED.ADD_DATE, UPDATE_DATE = EXCLUDED.UPDATE_DATE;
/* ORIS:      3    Location: MS5E      Test Type: CYCLE      Test Num: 2           SQL Ord:    1 */ delete from camdecmpswks.TEST_SUMMARY where TEST_SUM_ID = 'TWCORNEL5-AF14123D8D834836BE12BBEA580D9D4D';
/* ORIS:      3    Location: MS5E      Test Type: CYCLE      Test Num: 2           SQL Ord:    2 */ insert into camdecmpswks.TEST_SUMMARY ( TEST_SUM_ID, MON_LOC_ID, TEST_TYPE_CD, TEST_NUM, MON_SYS_ID, COMPONENT_ID, GP_IND, TEST_REASON_CD, TEST_RESULT_CD, RPT_PERIOD_ID, BEGIN_DATE, BEGIN_HOUR, BEGIN_MIN, END_DATE, END_HOUR, END_MIN, SPAN_SCALE_CD, INJECTION_PROTOCOL_CD, TEST_COMMENT, TEST_DESCRIPTION, CALC_GP_IND, CALC_TEST_RESULT_CD, CALC_SPAN_VALUE, LAST_UPDATED, UPDATED_STATUS_FLG, NEEDS_EVAL_FLG, CHK_SESSION_ID, USERID, ADD_DATE, UPDATE_DATE ) values ( 'TWCORNEL5-AF14123D8D834836BE12BBEA580D9D4D', 'TWCORNEL5-F53E1E91724B4226BBB7B57BA8152531', 'CYCLE', '2', NULL, 'TWCORNEL5-F991AB1E18674C0A9DCBBB4ABA061088', NULL, 'INITIAL', 'FAILED', NULL, '2011-06-07', 8, 30, '2011-06-07', 9, 18, 'H', NULL, NULL, NULL, NULL, NULL, 500.000, '2021-12-22 14:46:55', 'Y', 'N', 'CHV-SABER-C0204B3ED606409E9C16C6D0F6FF8B60', 'bvick', '2011-07-08 17:30:03', '2021-12-22 14:46:57' ) on conflict (TEST_SUM_ID) do update set MON_LOC_ID = EXCLUDED.MON_LOC_ID, TEST_TYPE_CD = EXCLUDED.TEST_TYPE_CD, TEST_NUM = EXCLUDED.TEST_NUM, MON_SYS_ID = EXCLUDED.MON_SYS_ID, COMPONENT_ID = EXCLUDED.COMPONENT_ID, GP_IND = EXCLUDED.GP_IND, TEST_REASON_CD = EXCLUDED.TEST_REASON_CD, TEST_RESULT_CD = EXCLUDED.TEST_RESULT_CD, RPT_PERIOD_ID = EXCLUDED.RPT_PERIOD_ID, BEGIN_DATE = EXCLUDED.BEGIN_DATE, BEGIN_HOUR = EXCLUDED.BEGIN_HOUR, BEGIN_MIN = EXCLUDED.BEGIN_MIN, END_DATE = EXCLUDED.END_DATE, END_HOUR = EXCLUDED.END_HOUR, END_MIN = EXCLUDED.END_MIN, SPAN_SCALE_CD = EXCLUDED.SPAN_SCALE_CD, INJECTION_PROTOCOL_CD = EXCLUDED.INJECTION_PROTOCOL_CD, TEST_COMMENT = EXCLUDED.TEST_COMMENT, TEST_DESCRIPTION = EXCLUDED.TEST_DESCRIPTION, CALC_GP_IND = EXCLUDED.CALC_GP_IND, CALC_TEST_RESULT_CD = EXCLUDED.CALC_TEST_RESULT_CD, CALC_SPAN_VALUE = EXCLUDED.CALC_SPAN_VALUE, LAST_UPDATED = EXCLUDED.LAST_UPDATED, UPDATED_STATUS_FLG = EXCLUDED.UPDATED_STATUS_FLG, NEEDS_EVAL_FLG = EXCLUDED.NEEDS_EVAL_FLG, CHK_SESSION_ID = EXCLUDED.CHK_SESSION_ID, USERID = EXCLUDED.USERID, ADD_DATE = EXCLUDED.ADD_DATE, UPDATE_DATE = EXCLUDED.UPDATE_DATE;
/* ORIS:      3    Location: MS5E      Test Type: CYCLE      Test Num: 2           SQL Ord:    6 */ insert into camdecmpswks.CYCLE_TIME_SUMMARY ( CYCLE_TIME_SUM_ID, TEST_SUM_ID, TOTAL_TIME, CALC_TOTAL_TIME, USERID, ADD_DATE, UPDATE_DATE ) values ( 'TWCORNEL5-2A4614018F08499D9EF0F4C56DE06226', 'TWCORNEL5-AF14123D8D834836BE12BBEA580D9D4D', 6, 6, 'bvick', '2011-07-08 17:30:03', '2021-12-22 14:46:57' ) on conflict (CYCLE_TIME_SUM_ID) do update set TEST_SUM_ID = EXCLUDED.TEST_SUM_ID, TOTAL_TIME = EXCLUDED.TOTAL_TIME, CALC_TOTAL_TIME = EXCLUDED.CALC_TOTAL_TIME, USERID = EXCLUDED.USERID, ADD_DATE = EXCLUDED.ADD_DATE, UPDATE_DATE = EXCLUDED.UPDATE_DATE;
/* ORIS:      3    Location: MS5E      Test Type: CYCLE      Test Num: 2           SQL Ord:    6 */ insert into camdecmpswks.CYCLE_TIME_SUMMARY ( CYCLE_TIME_SUM_ID, TEST_SUM_ID, TOTAL_TIME, CALC_TOTAL_TIME, USERID, ADD_DATE, UPDATE_DATE ) values ( 'TWCORNEL5-2A4614018F08499D9EF0F4C56DE06226', 'TWCORNEL5-AF14123D8D834836BE12BBEA580D9D4D', 6, 6, 'bvick', '2011-07-08 17:30:03', '2021-12-22 14:46:57' ) on conflict (CYCLE_TIME_SUM_ID) do update set TEST_SUM_ID = EXCLUDED.TEST_SUM_ID, TOTAL_TIME = EXCLUDED.TOTAL_TIME, CALC_TOTAL_TIME = EXCLUDED.CALC_TOTAL_TIME, USERID = EXCLUDED.USERID, ADD_DATE = EXCLUDED.ADD_DATE, UPDATE_DATE = EXCLUDED.UPDATE_DATE;
/* ORIS:      3    Location: MS5E      Test Type: CYCLE      Test Num: 2           SQL Ord:    7 */ insert into camdecmpswks.CYCLE_TIME_INJECTION ( CYCLE_TIME_INJ_ID, CYCLE_TIME_SUM_ID, BEGIN_MONITOR_VALUE, END_MONITOR_VALUE, BEGIN_DATE, BEGIN_HOUR, BEGIN_MIN, END_DATE, END_HOUR, END_MIN, GAS_LEVEL_CD, CAL_GAS_VALUE, INJECTION_CYCLE_TIME, CALC_INJECTION_CYCLE_TIME, USERID, ADD_DATE, UPDATE_DATE ) values ( 'TWCORNEL5-17EDAE8AC44E410DAC346A9D21DE9B78', 'TWCORNEL5-2A4614018F08499D9EF0F4C56DE06226', 28.828, 472.860, '2011-06-07', 8, 30, '2011-06-07', 8, 36, 'HIGH', 495.600, 6, 6, 'bvick', '2011-07-08 17:30:03', '2021-12-22 14:46:57' ) on conflict (CYCLE_TIME_INJ_ID) do update set CYCLE_TIME_SUM_ID = EXCLUDED.CYCLE_TIME_SUM_ID, BEGIN_MONITOR_VALUE = EXCLUDED.BEGIN_MONITOR_VALUE, END_MONITOR_VALUE = EXCLUDED.END_MONITOR_VALUE, BEGIN_DATE = EXCLUDED.BEGIN_DATE, BEGIN_HOUR = EXCLUDED.BEGIN_HOUR, BEGIN_MIN = EXCLUDED.BEGIN_MIN, END_DATE = EXCLUDED.END_DATE, END_HOUR = EXCLUDED.END_HOUR, END_MIN = EXCLUDED.END_MIN, GAS_LEVEL_CD = EXCLUDED.GAS_LEVEL_CD, CAL_GAS_VALUE = EXCLUDED.CAL_GAS_VALUE, INJECTION_CYCLE_TIME = EXCLUDED.INJECTION_CYCLE_TIME, CALC_INJECTION_CYCLE_TIME = EXCLUDED.CALC_INJECTION_CYCLE_TIME, USERID = EXCLUDED.USERID, ADD_DATE = EXCLUDED.ADD_DATE, UPDATE_DATE = EXCLUDED.UPDATE_DATE;
/* ORIS:      3    Location: MS5E      Test Type: CYCLE      Test Num: 2           SQL Ord:    7 */ insert into camdecmpswks.CYCLE_TIME_INJECTION ( CYCLE_TIME_INJ_ID, CYCLE_TIME_SUM_ID, BEGIN_MONITOR_VALUE, END_MONITOR_VALUE, BEGIN_DATE, BEGIN_HOUR, BEGIN_MIN, END_DATE, END_HOUR, END_MIN, GAS_LEVEL_CD, CAL_GAS_VALUE, INJECTION_CYCLE_TIME, CALC_INJECTION_CYCLE_TIME, USERID, ADD_DATE, UPDATE_DATE ) values ( 'TWCORNEL5-20ABA115826A42B5881CD6010F9B311F', 'TWCORNEL5-2A4614018F08499D9EF0F4C56DE06226', 28.226, 0.051, '2011-06-07', 9, 12, '2011-06-07', 9, 18, 'ZERO', 0.000, 6, 6, 'bvick', '2011-07-08 17:30:03', '2021-12-22 14:46:57' ) on conflict (CYCLE_TIME_INJ_ID) do update set CYCLE_TIME_SUM_ID = EXCLUDED.CYCLE_TIME_SUM_ID, BEGIN_MONITOR_VALUE = EXCLUDED.BEGIN_MONITOR_VALUE, END_MONITOR_VALUE = EXCLUDED.END_MONITOR_VALUE, BEGIN_DATE = EXCLUDED.BEGIN_DATE, BEGIN_HOUR = EXCLUDED.BEGIN_HOUR, BEGIN_MIN = EXCLUDED.BEGIN_MIN, END_DATE = EXCLUDED.END_DATE, END_HOUR = EXCLUDED.END_HOUR, END_MIN = EXCLUDED.END_MIN, GAS_LEVEL_CD = EXCLUDED.GAS_LEVEL_CD, CAL_GAS_VALUE = EXCLUDED.CAL_GAS_VALUE, INJECTION_CYCLE_TIME = EXCLUDED.INJECTION_CYCLE_TIME, CALC_INJECTION_CYCLE_TIME = EXCLUDED.CALC_INJECTION_CYCLE_TIME, USERID = EXCLUDED.USERID, ADD_DATE = EXCLUDED.ADD_DATE, UPDATE_DATE = EXCLUDED.UPDATE_DATE;
/* ORIS:    628    Location: 1GTA      Test Type: CYCLE      Test Num: CI1A-CHNOX-0119       SQL Ord:    1 */ delete from camdecmpswks.TEST_SUMMARY where TEST_SUM_ID = 'PEL-L3G357-175710BDFE5B4071B406B5F3FB8EC3CD';
/* ORIS:    628    Location: 1GTA      Test Type: CYCLE      Test Num: CI1A-CHNOX-0119       SQL Ord:    2 */ insert into camdecmpswks.TEST_SUMMARY ( TEST_SUM_ID, MON_LOC_ID, TEST_TYPE_CD, TEST_NUM, MON_SYS_ID, COMPONENT_ID, GP_IND, TEST_REASON_CD, TEST_RESULT_CD, RPT_PERIOD_ID, BEGIN_DATE, BEGIN_HOUR, BEGIN_MIN, END_DATE, END_HOUR, END_MIN, SPAN_SCALE_CD, INJECTION_PROTOCOL_CD, TEST_COMMENT, TEST_DESCRIPTION, CALC_GP_IND, CALC_TEST_RESULT_CD, CALC_SPAN_VALUE, LAST_UPDATED, UPDATED_STATUS_FLG, NEEDS_EVAL_FLG, CHK_SESSION_ID, USERID, ADD_DATE, UPDATE_DATE ) values ( 'PEL-L3G357-175710BDFE5B4071B406B5F3FB8EC3CD', '7074', 'CYCLE', 'CI1A-CHNOX-0119', NULL, 'PEL-L3G357-747374435FB54CE7BF302036DF5AA8C6', NULL, 'INITIAL', 'PASSED', NULL, '2019-01-23', 12, 10, '2019-01-23', 12, 27, 'H', NULL, NULL, NULL, NULL, NULL, NULL, NULL, 'N', 'N', 'CHV-SABER-984AA99D3B5C4515B0F61BC4D86FD131', 'bkimball', '2019-03-04 12:50:44', '2022-01-06 11:53:46' ) on conflict (TEST_SUM_ID) do update set MON_LOC_ID = EXCLUDED.MON_LOC_ID, TEST_TYPE_CD = EXCLUDED.TEST_TYPE_CD, TEST_NUM = EXCLUDED.TEST_NUM, MON_SYS_ID = EXCLUDED.MON_SYS_ID, COMPONENT_ID = EXCLUDED.COMPONENT_ID, GP_IND = EXCLUDED.GP_IND, TEST_REASON_CD = EXCLUDED.TEST_REASON_CD, TEST_RESULT_CD = EXCLUDED.TEST_RESULT_CD, RPT_PERIOD_ID = EXCLUDED.RPT_PERIOD_ID, BEGIN_DATE = EXCLUDED.BEGIN_DATE, BEGIN_HOUR = EXCLUDED.BEGIN_HOUR, BEGIN_MIN = EXCLUDED.BEGIN_MIN, END_DATE = EXCLUDED.END_DATE, END_HOUR = EXCLUDED.END_HOUR, END_MIN = EXCLUDED.END_MIN, SPAN_SCALE_CD = EXCLUDED.SPAN_SCALE_CD, INJECTION_PROTOCOL_CD = EXCLUDED.INJECTION_PROTOCOL_CD, TEST_COMMENT = EXCLUDED.TEST_COMMENT, TEST_DESCRIPTION = EXCLUDED.TEST_DESCRIPTION, CALC_GP_IND = EXCLUDED.CALC_GP_IND, CALC_TEST_RESULT_CD = EXCLUDED.CALC_TEST_RESULT_CD, CALC_SPAN_VALUE = EXCLUDED.CALC_SPAN_VALUE, LAST_UPDATED = EXCLUDED.LAST_UPDATED, UPDATED_STATUS_FLG = EXCLUDED.UPDATED_STATUS_FLG, NEEDS_EVAL_FLG = EXCLUDED.NEEDS_EVAL_FLG, CHK_SESSION_ID = EXCLUDED.CHK_SESSION_ID, USERID = EXCLUDED.USERID, ADD_DATE = EXCLUDED.ADD_DATE, UPDATE_DATE = EXCLUDED.UPDATE_DATE;
/* ORIS:    628    Location: 1GTA      Test Type: CYCLE      Test Num: CI1A-CHNOX-0119       SQL Ord:    6 */ insert into camdecmpswks.CYCLE_TIME_SUMMARY ( CYCLE_TIME_SUM_ID, TEST_SUM_ID, TOTAL_TIME, CALC_TOTAL_TIME, USERID, ADD_DATE, UPDATE_DATE ) values ( 'PEL-L3G357-9F76EF3E88584A1D9C9756FF5856D678', 'PEL-L3G357-175710BDFE5B4071B406B5F3FB8EC3CD', 2, NULL, 'bkimball', '2019-03-04 12:50:44', '2022-01-06 11:53:46' ) on conflict (CYCLE_TIME_SUM_ID) do update set TEST_SUM_ID = EXCLUDED.TEST_SUM_ID, TOTAL_TIME = EXCLUDED.TOTAL_TIME, CALC_TOTAL_TIME = EXCLUDED.CALC_TOTAL_TIME, USERID = EXCLUDED.USERID, ADD_DATE = EXCLUDED.ADD_DATE, UPDATE_DATE = EXCLUDED.UPDATE_DATE;
/* ORIS:    628    Location: 1GTA      Test Type: CYCLE      Test Num: CI1A-CHNOX-0119       SQL Ord:    6 */ insert into camdecmpswks.CYCLE_TIME_SUMMARY ( CYCLE_TIME_SUM_ID, TEST_SUM_ID, TOTAL_TIME, CALC_TOTAL_TIME, USERID, ADD_DATE, UPDATE_DATE ) values ( 'PEL-L3G357-9F76EF3E88584A1D9C9756FF5856D678', 'PEL-L3G357-175710BDFE5B4071B406B5F3FB8EC3CD', 2, NULL, 'bkimball', '2019-03-04 12:50:44', '2022-01-06 11:53:46' ) on conflict (CYCLE_TIME_SUM_ID) do update set TEST_SUM_ID = EXCLUDED.TEST_SUM_ID, TOTAL_TIME = EXCLUDED.TOTAL_TIME, CALC_TOTAL_TIME = EXCLUDED.CALC_TOTAL_TIME, USERID = EXCLUDED.USERID, ADD_DATE = EXCLUDED.ADD_DATE, UPDATE_DATE = EXCLUDED.UPDATE_DATE;
/* ORIS:    628    Location: 1GTA      Test Type: CYCLE      Test Num: CI1A-CHNOX-0119       SQL Ord:    7 */ insert into camdecmpswks.CYCLE_TIME_INJECTION ( CYCLE_TIME_INJ_ID, CYCLE_TIME_SUM_ID, BEGIN_MONITOR_VALUE, END_MONITOR_VALUE, BEGIN_DATE, BEGIN_HOUR, BEGIN_MIN, END_DATE, END_HOUR, END_MIN, GAS_LEVEL_CD, CAL_GAS_VALUE, INJECTION_CYCLE_TIME, CALC_INJECTION_CYCLE_TIME, USERID, ADD_DATE, UPDATE_DATE ) values ( 'PEL-L3G357-1D1DC498AA6D402F8C916BEEDE255581', 'PEL-L3G357-9F76EF3E88584A1D9C9756FF5856D678', 18.800, 179.200, '2019-01-23', 12, 10, '2019-01-23', 12, 12, 'HIGH', 181.100, 2, NULL, 'bkimball', '2019-03-04 12:50:44', '2022-01-06 11:53:46' ) on conflict (CYCLE_TIME_INJ_ID) do update set CYCLE_TIME_SUM_ID = EXCLUDED.CYCLE_TIME_SUM_ID, BEGIN_MONITOR_VALUE = EXCLUDED.BEGIN_MONITOR_VALUE, END_MONITOR_VALUE = EXCLUDED.END_MONITOR_VALUE, BEGIN_DATE = EXCLUDED.BEGIN_DATE, BEGIN_HOUR = EXCLUDED.BEGIN_HOUR, BEGIN_MIN = EXCLUDED.BEGIN_MIN, END_DATE = EXCLUDED.END_DATE, END_HOUR = EXCLUDED.END_HOUR, END_MIN = EXCLUDED.END_MIN, GAS_LEVEL_CD = EXCLUDED.GAS_LEVEL_CD, CAL_GAS_VALUE = EXCLUDED.CAL_GAS_VALUE, INJECTION_CYCLE_TIME = EXCLUDED.INJECTION_CYCLE_TIME, CALC_INJECTION_CYCLE_TIME = EXCLUDED.CALC_INJECTION_CYCLE_TIME, USERID = EXCLUDED.USERID, ADD_DATE = EXCLUDED.ADD_DATE, UPDATE_DATE = EXCLUDED.UPDATE_DATE;
/* ORIS:    628    Location: 1GTA      Test Type: CYCLE      Test Num: CI1A-CHNOX-0119       SQL Ord:    7 */ insert into camdecmpswks.CYCLE_TIME_INJECTION ( CYCLE_TIME_INJ_ID, CYCLE_TIME_SUM_ID, BEGIN_MONITOR_VALUE, END_MONITOR_VALUE, BEGIN_DATE, BEGIN_HOUR, BEGIN_MIN, END_DATE, END_HOUR, END_MIN, GAS_LEVEL_CD, CAL_GAS_VALUE, INJECTION_CYCLE_TIME, CALC_INJECTION_CYCLE_TIME, USERID, ADD_DATE, UPDATE_DATE ) values ( 'PEL-L3G357-C18CBED950BC4FA3AE87A62D7BECC7A5', 'PEL-L3G357-9F76EF3E88584A1D9C9756FF5856D678', 18.600, 0.000, '2019-01-23', 12, 25, '2019-01-23', 12, 27, 'ZERO', 0.000, 2, NULL, 'bkimball', '2019-03-04 12:50:44', '2022-01-06 11:53:46' ) on conflict (CYCLE_TIME_INJ_ID) do update set CYCLE_TIME_SUM_ID = EXCLUDED.CYCLE_TIME_SUM_ID, BEGIN_MONITOR_VALUE = EXCLUDED.BEGIN_MONITOR_VALUE, END_MONITOR_VALUE = EXCLUDED.END_MONITOR_VALUE, BEGIN_DATE = EXCLUDED.BEGIN_DATE, BEGIN_HOUR = EXCLUDED.BEGIN_HOUR, BEGIN_MIN = EXCLUDED.BEGIN_MIN, END_DATE = EXCLUDED.END_DATE, END_HOUR = EXCLUDED.END_HOUR, END_MIN = EXCLUDED.END_MIN, GAS_LEVEL_CD = EXCLUDED.GAS_LEVEL_CD, CAL_GAS_VALUE = EXCLUDED.CAL_GAS_VALUE, INJECTION_CYCLE_TIME = EXCLUDED.INJECTION_CYCLE_TIME, CALC_INJECTION_CYCLE_TIME = EXCLUDED.CALC_INJECTION_CYCLE_TIME, USERID = EXCLUDED.USERID, ADD_DATE = EXCLUDED.ADD_DATE, UPDATE_DATE = EXCLUDED.UPDATE_DATE;
/* ORIS:    628    Location: 1GTB      Test Type: CYCLE      Test Num: CI1B-CHNOX-0119       SQL Ord:    1 */ delete from camdecmpswks.TEST_SUMMARY where TEST_SUM_ID = 'PEL-L3G357-0309147CD7CD43B4A22E8992366609D3';
/* ORIS:    628    Location: 1GTB      Test Type: CYCLE      Test Num: CI1B-CHNOX-0119       SQL Ord:    2 */ insert into camdecmpswks.TEST_SUMMARY ( TEST_SUM_ID, MON_LOC_ID, TEST_TYPE_CD, TEST_NUM, MON_SYS_ID, COMPONENT_ID, GP_IND, TEST_REASON_CD, TEST_RESULT_CD, RPT_PERIOD_ID, BEGIN_DATE, BEGIN_HOUR, BEGIN_MIN, END_DATE, END_HOUR, END_MIN, SPAN_SCALE_CD, INJECTION_PROTOCOL_CD, TEST_COMMENT, TEST_DESCRIPTION, CALC_GP_IND, CALC_TEST_RESULT_CD, CALC_SPAN_VALUE, LAST_UPDATED, UPDATED_STATUS_FLG, NEEDS_EVAL_FLG, CHK_SESSION_ID, USERID, ADD_DATE, UPDATE_DATE ) values ( 'PEL-L3G357-0309147CD7CD43B4A22E8992366609D3', '7075', 'CYCLE', 'CI1B-CHNOX-0119', NULL, 'PEL-L3G357-CFE4F2EDE60B4CA187B7DF8357E44B56', NULL, 'INITIAL', 'FAILED', NULL, '2019-01-23', 9, 41, '2019-01-23', 10, 2, 'H', NULL, NULL, NULL, NULL, 'PASSED', 200.000, '2022-01-06 12:01:12', 'Y', 'N', 'CHV-SABER-0F84B1E274784154B82EEF9706709CDB', 'bkimball', '2019-03-04 12:51:01', '2022-01-06 12:01:16' ) on conflict (TEST_SUM_ID) do update set MON_LOC_ID = EXCLUDED.MON_LOC_ID, TEST_TYPE_CD = EXCLUDED.TEST_TYPE_CD, TEST_NUM = EXCLUDED.TEST_NUM, MON_SYS_ID = EXCLUDED.MON_SYS_ID, COMPONENT_ID = EXCLUDED.COMPONENT_ID, GP_IND = EXCLUDED.GP_IND, TEST_REASON_CD = EXCLUDED.TEST_REASON_CD, TEST_RESULT_CD = EXCLUDED.TEST_RESULT_CD, RPT_PERIOD_ID = EXCLUDED.RPT_PERIOD_ID, BEGIN_DATE = EXCLUDED.BEGIN_DATE, BEGIN_HOUR = EXCLUDED.BEGIN_HOUR, BEGIN_MIN = EXCLUDED.BEGIN_MIN, END_DATE = EXCLUDED.END_DATE, END_HOUR = EXCLUDED.END_HOUR, END_MIN = EXCLUDED.END_MIN, SPAN_SCALE_CD = EXCLUDED.SPAN_SCALE_CD, INJECTION_PROTOCOL_CD = EXCLUDED.INJECTION_PROTOCOL_CD, TEST_COMMENT = EXCLUDED.TEST_COMMENT, TEST_DESCRIPTION = EXCLUDED.TEST_DESCRIPTION, CALC_GP_IND = EXCLUDED.CALC_GP_IND, CALC_TEST_RESULT_CD = EXCLUDED.CALC_TEST_RESULT_CD, CALC_SPAN_VALUE = EXCLUDED.CALC_SPAN_VALUE, LAST_UPDATED = EXCLUDED.LAST_UPDATED, UPDATED_STATUS_FLG = EXCLUDED.UPDATED_STATUS_FLG, NEEDS_EVAL_FLG = EXCLUDED.NEEDS_EVAL_FLG, CHK_SESSION_ID = EXCLUDED.CHK_SESSION_ID, USERID = EXCLUDED.USERID, ADD_DATE = EXCLUDED.ADD_DATE, UPDATE_DATE = EXCLUDED.UPDATE_DATE;
/* ORIS:    628    Location: 1GTB      Test Type: CYCLE      Test Num: CI1B-CHNOX-0119       SQL Ord:    6 */ insert into camdecmpswks.CYCLE_TIME_SUMMARY ( CYCLE_TIME_SUM_ID, TEST_SUM_ID, TOTAL_TIME, CALC_TOTAL_TIME, USERID, ADD_DATE, UPDATE_DATE ) values ( 'PEL-L3G357-30611AB7B26942009D027257A7AA02C3', 'PEL-L3G357-0309147CD7CD43B4A22E8992366609D3', 2, 2, 'bkimball', '2019-03-04 12:51:01', '2022-01-06 12:01:16' ) on conflict (CYCLE_TIME_SUM_ID) do update set TEST_SUM_ID = EXCLUDED.TEST_SUM_ID, TOTAL_TIME = EXCLUDED.TOTAL_TIME, CALC_TOTAL_TIME = EXCLUDED.CALC_TOTAL_TIME, USERID = EXCLUDED.USERID, ADD_DATE = EXCLUDED.ADD_DATE, UPDATE_DATE = EXCLUDED.UPDATE_DATE;
/* ORIS:    628    Location: 1GTB      Test Type: CYCLE      Test Num: CI1B-CHNOX-0119       SQL Ord:    6 */ insert into camdecmpswks.CYCLE_TIME_SUMMARY ( CYCLE_TIME_SUM_ID, TEST_SUM_ID, TOTAL_TIME, CALC_TOTAL_TIME, USERID, ADD_DATE, UPDATE_DATE ) values ( 'PEL-L3G357-30611AB7B26942009D027257A7AA02C3', 'PEL-L3G357-0309147CD7CD43B4A22E8992366609D3', 2, 2, 'bkimball', '2019-03-04 12:51:01', '2022-01-06 12:01:16' ) on conflict (CYCLE_TIME_SUM_ID) do update set TEST_SUM_ID = EXCLUDED.TEST_SUM_ID, TOTAL_TIME = EXCLUDED.TOTAL_TIME, CALC_TOTAL_TIME = EXCLUDED.CALC_TOTAL_TIME, USERID = EXCLUDED.USERID, ADD_DATE = EXCLUDED.ADD_DATE, UPDATE_DATE = EXCLUDED.UPDATE_DATE;
/* ORIS:    628    Location: 1GTB      Test Type: CYCLE      Test Num: CI1B-CHNOX-0119       SQL Ord:    7 */ insert into camdecmpswks.CYCLE_TIME_INJECTION ( CYCLE_TIME_INJ_ID, CYCLE_TIME_SUM_ID, BEGIN_MONITOR_VALUE, END_MONITOR_VALUE, BEGIN_DATE, BEGIN_HOUR, BEGIN_MIN, END_DATE, END_HOUR, END_MIN, GAS_LEVEL_CD, CAL_GAS_VALUE, INJECTION_CYCLE_TIME, CALC_INJECTION_CYCLE_TIME, USERID, ADD_DATE, UPDATE_DATE ) values ( 'PEL-L3G357-6A08DB72BF264E578F0CD0099791F61C', 'PEL-L3G357-30611AB7B26942009D027257A7AA02C3', 17.600, 0.000, '2019-01-23', 10, 0, '2019-01-23', 10, 2, 'ZERO', 0.000, 2, 2, 'bkimball', '2019-03-04 12:51:01', '2022-01-06 12:01:16' ) on conflict (CYCLE_TIME_INJ_ID) do update set CYCLE_TIME_SUM_ID = EXCLUDED.CYCLE_TIME_SUM_ID, BEGIN_MONITOR_VALUE = EXCLUDED.BEGIN_MONITOR_VALUE, END_MONITOR_VALUE = EXCLUDED.END_MONITOR_VALUE, BEGIN_DATE = EXCLUDED.BEGIN_DATE, BEGIN_HOUR = EXCLUDED.BEGIN_HOUR, BEGIN_MIN = EXCLUDED.BEGIN_MIN, END_DATE = EXCLUDED.END_DATE, END_HOUR = EXCLUDED.END_HOUR, END_MIN = EXCLUDED.END_MIN, GAS_LEVEL_CD = EXCLUDED.GAS_LEVEL_CD, CAL_GAS_VALUE = EXCLUDED.CAL_GAS_VALUE, INJECTION_CYCLE_TIME = EXCLUDED.INJECTION_CYCLE_TIME, CALC_INJECTION_CYCLE_TIME = EXCLUDED.CALC_INJECTION_CYCLE_TIME, USERID = EXCLUDED.USERID, ADD_DATE = EXCLUDED.ADD_DATE, UPDATE_DATE = EXCLUDED.UPDATE_DATE;
/* ORIS:    628    Location: 1GTB      Test Type: CYCLE      Test Num: CI1B-CHNOX-0119       SQL Ord:    7 */ insert into camdecmpswks.CYCLE_TIME_INJECTION ( CYCLE_TIME_INJ_ID, CYCLE_TIME_SUM_ID, BEGIN_MONITOR_VALUE, END_MONITOR_VALUE, BEGIN_DATE, BEGIN_HOUR, BEGIN_MIN, END_DATE, END_HOUR, END_MIN, GAS_LEVEL_CD, CAL_GAS_VALUE, INJECTION_CYCLE_TIME, CALC_INJECTION_CYCLE_TIME, USERID, ADD_DATE, UPDATE_DATE ) values ( 'PEL-L3G357-E19C8BB56FF14BF1B1B51A5F6E2926DF', 'PEL-L3G357-30611AB7B26942009D027257A7AA02C3', 17.500, 179.300, '2019-01-23', 9, 41, '2019-01-23', 9, 43, 'HIGH', 181.400, 2, 2, 'bkimball', '2019-03-04 12:51:01', '2022-01-06 12:01:16' ) on conflict (CYCLE_TIME_INJ_ID) do update set CYCLE_TIME_SUM_ID = EXCLUDED.CYCLE_TIME_SUM_ID, BEGIN_MONITOR_VALUE = EXCLUDED.BEGIN_MONITOR_VALUE, END_MONITOR_VALUE = EXCLUDED.END_MONITOR_VALUE, BEGIN_DATE = EXCLUDED.BEGIN_DATE, BEGIN_HOUR = EXCLUDED.BEGIN_HOUR, BEGIN_MIN = EXCLUDED.BEGIN_MIN, END_DATE = EXCLUDED.END_DATE, END_HOUR = EXCLUDED.END_HOUR, END_MIN = EXCLUDED.END_MIN, GAS_LEVEL_CD = EXCLUDED.GAS_LEVEL_CD, CAL_GAS_VALUE = EXCLUDED.CAL_GAS_VALUE, INJECTION_CYCLE_TIME = EXCLUDED.INJECTION_CYCLE_TIME, CALC_INJECTION_CYCLE_TIME = EXCLUDED.CALC_INJECTION_CYCLE_TIME, USERID = EXCLUDED.USERID, ADD_DATE = EXCLUDED.ADD_DATE, UPDATE_DATE = EXCLUDED.UPDATE_DATE;
/* ORIS:    628    Location: 1GTB      Test Type: CYCLE      Test Num: CI1B-CLNOX-0119       SQL Ord:    1 */ delete from camdecmpswks.TEST_SUMMARY where TEST_SUM_ID = 'PEL-L3G357-3DC2D4E947C54F618BFADEFD19EFF422';
/* ORIS:    628    Location: 1GTB      Test Type: CYCLE      Test Num: CI1B-CLNOX-0119       SQL Ord:    2 */ insert into camdecmpswks.TEST_SUMMARY ( TEST_SUM_ID, MON_LOC_ID, TEST_TYPE_CD, TEST_NUM, MON_SYS_ID, COMPONENT_ID, GP_IND, TEST_REASON_CD, TEST_RESULT_CD, RPT_PERIOD_ID, BEGIN_DATE, BEGIN_HOUR, BEGIN_MIN, END_DATE, END_HOUR, END_MIN, SPAN_SCALE_CD, INJECTION_PROTOCOL_CD, TEST_COMMENT, TEST_DESCRIPTION, CALC_GP_IND, CALC_TEST_RESULT_CD, CALC_SPAN_VALUE, LAST_UPDATED, UPDATED_STATUS_FLG, NEEDS_EVAL_FLG, CHK_SESSION_ID, USERID, ADD_DATE, UPDATE_DATE ) values ( 'PEL-L3G357-3DC2D4E947C54F618BFADEFD19EFF422', '7075', 'CYCLE', 'CI1B-CLNOX-0119', NULL, 'PEL-L3G357-CFE4F2EDE60B4CA187B7DF8357E44B56', NULL, 'INITIAL', 'PASSED', NULL, '2019-01-23', 9, 28, '2019-01-23', 10, 2, 'L', NULL, NULL, NULL, NULL, NULL, 20.000, '2022-01-06 11:59:16', 'Y', 'N', 'CHV-SABER-F9E4ADDF9CE34234A0F722FAB97CC8FB', 'bkimball', '2019-03-04 12:51:01', '2022-01-06 11:59:19' ) on conflict (TEST_SUM_ID) do update set MON_LOC_ID = EXCLUDED.MON_LOC_ID, TEST_TYPE_CD = EXCLUDED.TEST_TYPE_CD, TEST_NUM = EXCLUDED.TEST_NUM, MON_SYS_ID = EXCLUDED.MON_SYS_ID, COMPONENT_ID = EXCLUDED.COMPONENT_ID, GP_IND = EXCLUDED.GP_IND, TEST_REASON_CD = EXCLUDED.TEST_REASON_CD, TEST_RESULT_CD = EXCLUDED.TEST_RESULT_CD, RPT_PERIOD_ID = EXCLUDED.RPT_PERIOD_ID, BEGIN_DATE = EXCLUDED.BEGIN_DATE, BEGIN_HOUR = EXCLUDED.BEGIN_HOUR, BEGIN_MIN = EXCLUDED.BEGIN_MIN, END_DATE = EXCLUDED.END_DATE, END_HOUR = EXCLUDED.END_HOUR, END_MIN = EXCLUDED.END_MIN, SPAN_SCALE_CD = EXCLUDED.SPAN_SCALE_CD, INJECTION_PROTOCOL_CD = EXCLUDED.INJECTION_PROTOCOL_CD, TEST_COMMENT = EXCLUDED.TEST_COMMENT, TEST_DESCRIPTION = EXCLUDED.TEST_DESCRIPTION, CALC_GP_IND = EXCLUDED.CALC_GP_IND, CALC_TEST_RESULT_CD = EXCLUDED.CALC_TEST_RESULT_CD, CALC_SPAN_VALUE = EXCLUDED.CALC_SPAN_VALUE, LAST_UPDATED = EXCLUDED.LAST_UPDATED, UPDATED_STATUS_FLG = EXCLUDED.UPDATED_STATUS_FLG, NEEDS_EVAL_FLG = EXCLUDED.NEEDS_EVAL_FLG, CHK_SESSION_ID = EXCLUDED.CHK_SESSION_ID, USERID = EXCLUDED.USERID, ADD_DATE = EXCLUDED.ADD_DATE, UPDATE_DATE = EXCLUDED.UPDATE_DATE;
/* ORIS:    628    Location: 1GTB      Test Type: CYCLE      Test Num: CI1B-CLNOX-0119       SQL Ord:    6 */ insert into camdecmpswks.CYCLE_TIME_SUMMARY ( CYCLE_TIME_SUM_ID, TEST_SUM_ID, TOTAL_TIME, CALC_TOTAL_TIME, USERID, ADD_DATE, UPDATE_DATE ) values ( 'PEL-L3G357-75310D146EBB4C0E95AF086936B3C14B', 'PEL-L3G357-3DC2D4E947C54F618BFADEFD19EFF422', NULL, 3, 'bkimball', '2019-03-04 12:51:01', '2022-01-06 11:59:19' ) on conflict (CYCLE_TIME_SUM_ID) do update set TEST_SUM_ID = EXCLUDED.TEST_SUM_ID, TOTAL_TIME = EXCLUDED.TOTAL_TIME, CALC_TOTAL_TIME = EXCLUDED.CALC_TOTAL_TIME, USERID = EXCLUDED.USERID, ADD_DATE = EXCLUDED.ADD_DATE, UPDATE_DATE = EXCLUDED.UPDATE_DATE;
/* ORIS:    628    Location: 1GTB      Test Type: CYCLE      Test Num: CI1B-CLNOX-0119       SQL Ord:    6 */ insert into camdecmpswks.CYCLE_TIME_SUMMARY ( CYCLE_TIME_SUM_ID, TEST_SUM_ID, TOTAL_TIME, CALC_TOTAL_TIME, USERID, ADD_DATE, UPDATE_DATE ) values ( 'PEL-L3G357-75310D146EBB4C0E95AF086936B3C14B', 'PEL-L3G357-3DC2D4E947C54F618BFADEFD19EFF422', NULL, 3, 'bkimball', '2019-03-04 12:51:01', '2022-01-06 11:59:19' ) on conflict (CYCLE_TIME_SUM_ID) do update set TEST_SUM_ID = EXCLUDED.TEST_SUM_ID, TOTAL_TIME = EXCLUDED.TOTAL_TIME, CALC_TOTAL_TIME = EXCLUDED.CALC_TOTAL_TIME, USERID = EXCLUDED.USERID, ADD_DATE = EXCLUDED.ADD_DATE, UPDATE_DATE = EXCLUDED.UPDATE_DATE;
/* ORIS:    628    Location: 1GTB      Test Type: CYCLE      Test Num: CI1B-CLNOX-0119       SQL Ord:    7 */ insert into camdecmpswks.CYCLE_TIME_INJECTION ( CYCLE_TIME_INJ_ID, CYCLE_TIME_SUM_ID, BEGIN_MONITOR_VALUE, END_MONITOR_VALUE, BEGIN_DATE, BEGIN_HOUR, BEGIN_MIN, END_DATE, END_HOUR, END_MIN, GAS_LEVEL_CD, CAL_GAS_VALUE, INJECTION_CYCLE_TIME, CALC_INJECTION_CYCLE_TIME, USERID, ADD_DATE, UPDATE_DATE ) values ( 'PEL-L3G357-4249E7D7F43D49B09177FF164F419D68', 'PEL-L3G357-75310D146EBB4C0E95AF086936B3C14B', 17.600, 18.500, '2019-01-23', 9, 28, '2019-01-23', 9, 31, 'HIGH', 18.080, 3, 3, 'bkimball', '2019-03-04 12:51:01', '2022-01-06 11:59:19' ) on conflict (CYCLE_TIME_INJ_ID) do update set CYCLE_TIME_SUM_ID = EXCLUDED.CYCLE_TIME_SUM_ID, BEGIN_MONITOR_VALUE = EXCLUDED.BEGIN_MONITOR_VALUE, END_MONITOR_VALUE = EXCLUDED.END_MONITOR_VALUE, BEGIN_DATE = EXCLUDED.BEGIN_DATE, BEGIN_HOUR = EXCLUDED.BEGIN_HOUR, BEGIN_MIN = EXCLUDED.BEGIN_MIN, END_DATE = EXCLUDED.END_DATE, END_HOUR = EXCLUDED.END_HOUR, END_MIN = EXCLUDED.END_MIN, GAS_LEVEL_CD = EXCLUDED.GAS_LEVEL_CD, CAL_GAS_VALUE = EXCLUDED.CAL_GAS_VALUE, INJECTION_CYCLE_TIME = EXCLUDED.INJECTION_CYCLE_TIME, CALC_INJECTION_CYCLE_TIME = EXCLUDED.CALC_INJECTION_CYCLE_TIME, USERID = EXCLUDED.USERID, ADD_DATE = EXCLUDED.ADD_DATE, UPDATE_DATE = EXCLUDED.UPDATE_DATE;
/* ORIS:    628    Location: 1GTB      Test Type: CYCLE      Test Num: CI1B-CLNOX-0119       SQL Ord:    7 */ insert into camdecmpswks.CYCLE_TIME_INJECTION ( CYCLE_TIME_INJ_ID, CYCLE_TIME_SUM_ID, BEGIN_MONITOR_VALUE, END_MONITOR_VALUE, BEGIN_DATE, BEGIN_HOUR, BEGIN_MIN, END_DATE, END_HOUR, END_MIN, GAS_LEVEL_CD, CAL_GAS_VALUE, INJECTION_CYCLE_TIME, CALC_INJECTION_CYCLE_TIME, USERID, ADD_DATE, UPDATE_DATE ) values ( 'PEL-L3G357-B8C21E2368CB412A8B826B0770D9DA25', 'PEL-L3G357-75310D146EBB4C0E95AF086936B3C14B', 17.600, 0.000, '2019-01-23', 10, 0, '2019-01-23', 10, 2, 'ZERO', 0.000, 2, 2, 'bkimball', '2019-03-04 12:51:01', '2022-01-06 11:59:19' ) on conflict (CYCLE_TIME_INJ_ID) do update set CYCLE_TIME_SUM_ID = EXCLUDED.CYCLE_TIME_SUM_ID, BEGIN_MONITOR_VALUE = EXCLUDED.BEGIN_MONITOR_VALUE, END_MONITOR_VALUE = EXCLUDED.END_MONITOR_VALUE, BEGIN_DATE = EXCLUDED.BEGIN_DATE, BEGIN_HOUR = EXCLUDED.BEGIN_HOUR, BEGIN_MIN = EXCLUDED.BEGIN_MIN, END_DATE = EXCLUDED.END_DATE, END_HOUR = EXCLUDED.END_HOUR, END_MIN = EXCLUDED.END_MIN, GAS_LEVEL_CD = EXCLUDED.GAS_LEVEL_CD, CAL_GAS_VALUE = EXCLUDED.CAL_GAS_VALUE, INJECTION_CYCLE_TIME = EXCLUDED.INJECTION_CYCLE_TIME, CALC_INJECTION_CYCLE_TIME = EXCLUDED.CALC_INJECTION_CYCLE_TIME, USERID = EXCLUDED.USERID, ADD_DATE = EXCLUDED.ADD_DATE, UPDATE_DATE = EXCLUDED.UPDATE_DATE;